{
  "Ph": {
    "advcl": 0.01863284319227747,
    "xcomp": 0.012889587308714034,
    "punct": 0.1388109402476896,
    "advmod": 0.08177124256369964,
    "root": 0.0738204811613724,
    "obl": 0.029183971265012907,
    "obj": 0.07728140083062073,
    "mark": 0.015246754218580462,
    "nsubj": 0.09065738766041831,
    "csubj": 0.002375874583754256,
    "mark:rel": 0.015995061174093612,
    "cop": 0.010214389942754518,
    "nmod": 0.048490290717252214,
    "case": 0.05187637969094923,
    "parataxis": 0.012459310809293972,
    "aux": 0.03097990795824447,
    "iobj": 0.0004302764994200621,
    "amod": 0.020896471732704754,
    "acl": 0.011336850376024245,
    "nmod:tmod": 0.013099090768993682,
    "discourse": 0.009204175552811764,
    "ccomp": 0.0172858906723538,
    "compound": 0.03423504321472668,
    "det": 0.014984846784150858,
    "clf": 0.019362442473902796,
    "acl:relcl": 0.008381037901747298,
    "nummod": 0.02929621730833988,
    "cc": 0.013787555655329816,
    "conj": 0.021794440079320538,
    "nsubj:pass": 0.0013843678676993302,
    "aux:pass": 0.0014779062371384742,
    "appos": 0.005780671231339096,
    "flat:name": 0.002656489692071688,
    "csubj:pass": 4.866535270214371e-05,
    "obl:patient": 0.0008605529988401242,
    "flat:foreign": 0.0026360399380327844,
    "dislocated": 0.0004115688255322333,
    "mark:adv": 0.000879260672727953,
    "compound:ext": 0.00018707673887828787,
    "discourse:sp": 0.01002731320387623,
    "reparandum": 7.483069555131515e-05,
    "vocative": 0.00024319976054177424,
    "orphan": 1.6221784234047903e-05,
    "obl:arg": 0.006117409361320014,
    "compound:vv": 0.004639503124181539,
    "dep": 0.01313278706925581,
    "obl:tmod": 0.014722939349721256,
    "flat": 0.006435439817413103,
    "compound:vo": 0.00046769184719571967,
    "case:loc": 0.008156545815093352,
    "compound:dir": 0.0005425225427470348,
    "nsubj:outer": 0.00022449208665394546,
    "obl:agent": 0.0005051071949713772,
    "advmod:df": 1.8707673887828788e-05,
    "mark:prt": 0.00632319377408613,
    "fixed": 5.6123021663486364e-05,
    "obl:lmod": 0.0009915067160549257,
    "compound:svc": 0.0020017211059976804
  },
  "E_H": 2.312014218204255
}