source	target	type
2017年《财富》全球论坛自宣布落户广州以来，《财富》杂志将目光聚焦在广州，以财富为媒，向世界展示一个充满底蕴又创新进取的广州。	2017年《财富》全球论坛自宣布落户广州以来，《财富》杂志将目光聚焦在广州，以财富为媒，向世界展示一个充满底蕴又创新进取的广州。	positive
它渐渐失去了青苍的颜色，变成嫩黄，变成柔绿，枝条变成细瘦，变成娇弱，好像病了的孩子。	它渐渐失去了青苍的颜色，变成嫩黄，变成柔绿，枝条变成细瘦，变成娇弱，好像病了的孩子。	positive
可是在从原棉制成纱线的过程，就不像穿着光滑舒适的衣服那样让人愉快了：纱厂工人终日面临着音响，尘埃和湿气的。	可是在从原棉制成纱线的过程，就不像穿着光滑舒适的衣服那样让人愉快了：纱厂工人终日面临着噪音，尘埃和湿气。	negative
热播剧《山海情》的故事发生在宁夏西海固地区。为了保护当地生态环境和群众生活，20世纪八十年代，当地政府组织6万余名西海固人陆续从大山深处搬迁扎根到宁夏平原的闽宁镇，走上了脱贫致富之路。	热播剧《山海情》的故事发生在宁夏西海固地区。为了保护当地生态环境和群众生活，20世纪八十年代，当地政府组织6万余名西海固人陆续从大山深处搬迁扎根到宁夏平原的闽宁镇，走上了脱贫致富之路。	positive
老同志不但关心我，就是和他一起入伍的新同志也经常帮助我，这使我非常感动。	老同志不但关心我，而且和他一起入伍的新同志也经常帮助我，这使我非常感动。	negative
这次羽毛球邀请赛在新建的贺家山体育馆举行，参赛选手通过小组赛和复赛、决赛的激烈角逐，最后张碧江、邓丹捷分别获得了冠亚军。	这次羽毛球邀请赛在新建的贺家山体育馆举行，参赛选手通过小组赛和复赛、决赛的激烈角逐，最后张碧江、邓丹捷分别获得了冠亚军。	positive
从争做中国好网民，才年汇聚网络正能量，占领主战场，让各种网络谣言、欺诈、色情信息没有立足之处，从而构建起无限生机与正义的中国网络正能量。	从争做中国好网民，才能汇聚网络正能量，占领主战场，让各种网络谣言、欺诈、色情信息没有立足之处，从而构建起无限生机与正义的中国网络正能量。	negative
首都师范大学教授周世斌认为，校园音乐教育不能缺少音乐实践，应该保证学生演唱或者演奏音乐的权利。	首都师范大学教授周世斌认为，校园音乐教育不能缺少音乐实践，应该保证学生演唱或者演奏音乐的权利。	positive
长征五号肩负着开展载人航天空间站建设、月球采样返回、火星探测等多项重大航天工程，是承载中华民族对浩瀚宇宙向往的“梦想之箭”。	长征五号肩负着开展载人航天空间站建设、月球采样返回、火星探测等多项重大航天工程，是承载中华民族对浩瀚宇宙向往的“梦想之箭”。	positive
莫言的作品充满着“怀乡”以及“怨乡”的复杂情感，建构了独特的主观感觉世界，带有明显的“先锋”色彩，被归类为“寻根文学”作家。	莫言的作品充满着“怀乡”以及“怨乡”的复杂情感，建构了独特的主观感觉世界，带有明显的“先锋”色彩，被归类为“寻根文学”作家。	positive
《中华人民共和国民法典》是一部利长远、固根本、稳预期的基础性法律，对推进全面依法治国、加快建设社会主义法治国家具有重大意义。	《中华人民共和国民法典》是一部利长远、固根本、稳预期的基础性法律，对推进全面依法治国、加快建设社会主义法治国家具有重大意义。	positive
瑞典学院关于2017年诺贝尔文学奖获得者日裔英国作家石黑一雄的创作母题归纳为“记忆、时间和自我欺骗”，称其“揭露了我们与世界联系的虚幻之下的深渊。”。	瑞典学院关于2017年诺贝尔文学奖获得者日裔英国作家石黑一雄的创作母题归纳为“记忆、时间和自我欺骗”，称其“揭露了我们与世界联系的虚幻之下的深渊。”	negative
首师大创客空间配备了先进实用的硬件设备，在帮助学生实现创意的同时，见识和体验到一些基本的加工技术，为创新奠定基础。	首师大创客空间配备了先进实用的硬件设备，在帮助学生实现创意的同时，见识和体验到一些基本的加工技术，为创新奠定基础。	positive
一些常常被人忽略的生活琐事，高明的作家却总能够慧眼独具，将之信手拈来，寻找其叙述的价值，成为小说中不可分割的组成部分。	一些常常被人忽略的生活琐事，高明的作家却总能够慧眼独具，将之信手拈来，寻找其叙述的价值，成为小说中不可分割的组成部分。	positive
我校导学案的构成主要是由“考点讲解”和“习题训练”两部分组成，“考点讲解”让学生知其然，“习题训练”提高学生解题能力。	我校导学案的构成主要是由“考点讲解”和“习题训练”两部分组成，“考点讲解”让学生知其然，“习题训练”提高学生解题能力。	positive
随着旅游业的快速发展，近年来旅游部门将开发新的旅游景点，推出新的旅游项目，以最大限度地满足市场需求。	随着旅游业的快速发展，近年来旅游部门将开发新的旅游景点，推出新的旅游项目，以最大限度地满足市场需求。	positive
住房公积金通过多渠道保障住有所居，异地互认互贷等新举措一方面将极大方便职工使用公积金，另一方面，公积金还不断加大对住房租赁的支持力度。	住房公积金通过多渠道保障住有所居，异地互认互贷等新举措一方面将极大方便职工使用公积金，另一方面，公积金还不断加大对住房租赁的支持力度。	positive
美国总统特朗普访日，不仅吸引了美日民众的关注，中国人民也同样密切关注。	美国总统特朗普访日，不仅吸引了美日民众的关注，中国人民也密切关注。	negative
“见字如面”“朗读者”等一系列文化节目的热播，表明传统文化的魅力始终在国民心中拥有无与伦比的影响力。	“见字如面”“朗读者”等一系列文化节目的热播，表明传统文化的魅力始终在国民心中拥有无与伦比的影响力。	positive
近年来，音量大、字体大、使用方便的老人手机大受市场欢迎，但质监部门调查表明，随机检查网售老人机一千台，合格率为零，其质量让人堪忧。	近年来，音量大、字体大、使用方便的老人手机大受市场欢迎，但质监部门调查表明，随机检查网售老人机一千台，合格率为零，其质量让人堪忧。	positive
深圳唯冠的代表李肃表示，香港法院的禁令前提是苹果公司承认商标归深圳唯冠，是双方转让商标谈判纠纷是否存在的关键。	深圳唯冠的代表李肃表示，香港法院的禁令前提是苹果公司承认商标归深圳唯冠，是双方转让商标谈判纠纷是否存在的关键。	positive
河道综合治理完成之后，将为两河周边生态环境的进一步提升打好基础，并将成为绵阳境内的又一个重要旅游景点。	河道综合治理完成之后，将为两河周边生态环境的进一步提升打好基础，并将成为绵阳境内的又一个重要旅游景点。	positive
员工们带着深深的关怀和祝福，为饱受疾病折磨的小博轩献爱心捐善款，帮助小博轩和他的家庭解决一些治疗费用，早日康复。	员工们带着深深的关怀和祝福，为饱受疾病折磨的小博轩献爱心捐善款，帮助小博轩和他的家庭解决一些治疗费用，早日康复。	positive
能否促进中部地区崛起，对推动新型工业化、信息化、城镇化和农业现代化协调发展，支撑经济中高速增长，具有重要意义。	能否促进中部地区崛起，对推动新型工业化、信息化、城镇化和农业现代化协调发展，支撑经济中高速增长，具有重要意义。	positive
现行体育中考的弊端已非常明显--在应试化的体育教学中，学生倾向于短期突击为主，学校也专攻考试项目，兴奋剂也开始大行其道。	现行体育中考的弊端已非常明显--在应试化的体育教学中，学生倾向于短期突击为主，学校也专攻考试项目，兴奋剂也开始大行其道。	positive
明年上海春季高考将探索一名考生同时被两所高校录取的招生，但考生必须在规定时间内到其中一所高校进行录取确认，这与传统意义上的平行志愿录取模式有所区别。	明年上海春季高考将探索一名考生同时被两所高校录取的招生，但考生必须在规定时间内到其中一所高校进行录取确认，这与传统意义上的平行志愿录取模式有所区别。	positive
喜欢苏东坡最先是由他的诗文开始的。对于我们，用什么样的溢美之词苏子诗文都不觉得有过。	喜欢苏东坡最先是由他的诗文开始。对于我们，用什么样的溢美之词赞美苏子的诗文都不觉得过分。	negative
《我和我的祖国》讲述了新中国成立70年间普通百姓与共和国息息相关的故事，以小人物见证大时代，献礼新中国成立70周年献礼片。	《我和我的祖国》讲述了新中国成立70年间普通百姓与共和国息息相关的故事，以小人物见证大时代，新中国成立70周年献礼片。	negative
紧急避险造成损害，是指行为人在遭到紧急危难的情况下，为避免或救护一个较大的合法权益使之不受损害，不得已面对某一较小的利益所致的损害。	紧急避险造成损害，是指行为人在遭到紧急危难的情况下，为避免或救护一个较大的合法权益使之不受损害，不得已面对某一较小的利益所致的损害。	positive
8月15日是日本战败投降纪念日，日本放送协会近日播放相关纪录片，破天荒地第一次公开731部队成员逾20小时的“认罪录音”。	8月15日是日本战败投降纪念日，日本放送协会近日播放相关纪录片，破天荒地第一次公开731部队成员逾20小时的“认罪录音”。	positive
制订目标是为了达到目标，目标制订好之后，就要付诸于行动去实现它，否则，所制订的目标就成了毫无意义的东西。	制定目标是为了达到目标，目标制定好之后，就要付诸行动去实现它，否则，所制定的目标就成了毫无意义的东西。	negative
中国万米级全海深潜水器，预计在2020年前往马丽亚纳海沟进行下潜，潜水器每平方厘米都将要承受1.1吨的压强，能否保证三位潜航员的安全，是潜水器控制系统的关键。	中国万米级全海深潜水器，预计在2020年前往马里亚纳海沟进行下潜，潜水器每平方厘米都将要承受1.1吨的压强，能否保证三位潜航员的安全，是潜水器控制系统的关键。	negative
各地纷纷采取追踪病源、隔离观察等措施，防止甲型H1N1流感不再扩散。	各地纷纷采取追踪病源、隔离观察等措施，防止甲型H1N1流感再次扩散。	negative
煨桑是一种既古老又普遍的藏俗，有着固定的仪式：先把柏树枝和香草堆在山头或河岸的空地上，中间放上糌粑或五谷，然后洒上几滴水，点燃以祭神灵。	煨桑是一种既古老又普遍的藏俗，有着固定的仪式：先把柏树枝和香草堆在山头或河岸的空地上，中间放上糌粑或五谷，然后洒上几滴水，点燃以祭神灵。	positive
班主任严肃处置了小明欺负班上弱小同学。	班主任严肃处理了小明欺负班上弱小同学。	negative
“加拿大一枝花”是典型的外来入侵物种，它正迅速在许多地区暴发、扩张、定居，危害我国生态安全。	“加拿大一枝花”是典型的外来入侵物种，它正迅速在许多地区暴发、扩张、定居，危害我国生态安全。	positive
不管是普及的程度还是比赛的数量和质量，同一些欧美国家相比，中国的盲人足球运动都还相去甚远。	不管是普及的程度还是比赛的数量和质量，同一些欧美国家相比，中国的盲人足球运动都还相去甚远。	positive
由于网络的互动性、网民的广泛参与性，使音乐的传播方式发生了革命性变化，任何人都可以通过网络创作、发布自己的音乐作品。	由于网络的互动性、网民的广泛参与性，使音乐的传播方式发生了革命性变化，任何人都可以通过网络创作、发布自己的音乐作品。	positive
“辽宁舰”的舰员在选拔时，年龄、任职时间、现实表现等方面都有着严格的规定，入选者还要经过一系列的理论和技术培训才能成为合格的舰员。	“辽宁舰”的舰员在选拔时，年龄、任职时间、现实表现等方面都有着严格的规定，入选者还要经过一系列的理论和技术培训才能成为合格的舰员。	positive
电视剧《人民的名义》受广大观众欢迎的原因，不仅因为剧情跌宕、演员表演精彩，更因为它反映了当前中国的反腐斗争。	电视剧《人民的名义》受广大观众欢迎的原因，不仅因为剧情跌宕、演员表演精彩，更因为它反映了当前中国的反腐斗争。	positive
在实施全面二孩政策之后，新生人口必然会增长，这一方面将会改变现有的家庭结构，另一方面也会减轻适龄劳动人口赡养老年人的负担和职责。	在实施全面二孩政策之后，新生人口必然会增长，这一方面将会改变现有的家庭结构，另一方面也会减轻适龄劳动人口赡养老年人的负担和职责。	positive
关于高考改革，有评论者认为，教育最大的价值在于公平与否，改革最应捍卫的目标也是公平。	关于高考改革，有评论者认为，教育最大的价值在于公平与否，改革最应捍卫的目标也是公平。	positive
不但《炼金术士》这部难得的优秀作品赢得了批评界专家们的称道，而且获得了文学市场的成功。	不但《炼金术士》这部难得的优秀作品赢得了批评界专家们的称道，而且获得了文学市场的成功。	positive
“致儿童时代”丛书首发式暨作家见面会将在8月份的书展上和读者见面，届时六位明星作家将亲临现场朗读经典作品，并和读者们互动。	“致儿童时代”丛书首发式暨作家见面会将在8月份的书展上和读者见面，届时六位明星作家将亲临现场朗读经典作品，并和读者们互动。	positive
作为一个新兴的又富有生命力的行业，不仅电子商务在一定程度上改变了人类的生活方式，也冲击了历史悠久的传统商业模式。	作为一个新兴的又富有生命力的行业，不仅电子商务在一定程度上改变了人类的生活方式，也冲击了历史悠久的传统商业模式。	positive
此次建筑人员坠亡事故调查结论表明，施工单位指挥不当和现场管理人员的违章操作，导致了这起事故的直接发生。	此次建筑人员坠亡事故调查结论表明，施工单位指挥不当和现场管理人员的违章操作，导致了这起事故的直接发生。	positive
我们的校长常常接待许多学生家长的来访和来信。	我们的校长常常接待许多学生家长的来访和来信。	positive
中俄关系已进入互相提供重要发展机遇、互为主要优先合作伙伴。在发展双边关系、处理重大国际和地区问题上，两国的契合点很多，合作共赢的机会很多。	中俄关系已进入互相提供重要发展机遇、互为主要和优先的合作伙伴。在发展双边关系、处理重大国际和地区问题上，两国的契合点很多，合作共赢的机会很多。	negative
据国际阿尔茨海默病协会报告，中国阿尔茨海默病患者超1000万左右。这个数据背后的原因值得每个人思考。	据国际阿尔茨海默病协会报告，中国阿尔茨海默病患者超1000万左右。这个数据背后的原因值得每个人思考。	positive
朱自清在漫步荷塘时感到的自由，在性质上是一种伦理的“自由”，是摆脱了作为丈夫、父亲、儿子潜在意识里的伦理，向往自由的流露，和政治性的自由是没有直接关系的。	朱自清在漫步荷塘时感到的自由，在性质上是一种伦理的“自由”，是摆脱了作为丈夫、父亲、儿子潜在意识里的伦理，向往自由的流露，和政治性的自由是没有直接关系的。	positive
十八大对未来几年的国家战略进行了调整，但改革开放政策是必须坚持的，因为中国自从实行了改革开放政策以后，综合国力和民族自信心都大大增强了。	十八大对未来几年的国家战略进行了调整，但改革开放政策是必须坚持的，因为中国自从实行了改革开放政策以后，综合国力和民族自信心都大大增强了。	positive
醉酒驾驶电动车比酒后驾驶机动车的危险性还要大，为了预防交通事故不再发生，交警部门将严查醉酒驾驶电动车的违法行为。	醉酒驾驶电动车比酒后驾驶机动车的危险性还要大，为了预防交通事故不再发生，交警部门将严查醉酒驾驶电动车的违法行为。	positive
南昌大学江风益教授带领的研究队伍，创造性地发展了新LED照明技术路线及完整的自主知识产权，改变了日、美等国垄断LED照明核心技术的局面。	南昌大学江风益教授带领的研究队伍，创造性地发展了新LED照明技术路线及完整的自主知识产权，改变了日、美等国垄断LED照明核心技术的局面。	positive
当今世界，大幅的电影海报随处可见，每日播出的电视连续剧成为街谈巷议，影枧明星提供者娱乐新闻，引领流行时尚。	当今世界，大幅的电影海报随处可见，每日播出的电视连续剧成为街谈巷议，影星明星提供娱乐新闻，引领流行时尚。	negative
为切实解决城镇中小学大班额问题，促进教育优质均衡发展，我市进一步聚焦突出问题和明显短板，加快学校建设和改革创新的力度。	为切实解决城镇中小学大班额问题，促进教育优质均衡发展，我市进一步聚焦突出问题和明显短板，加快学校建设和改革创新的力度。	positive
按照五中全会精神落实并制定好“十三五”规划，奋力弥补生态环境方面的短板，相信到2020年，小康“木桶”里盛满的甘甜之水，将提升人们的发展获得感和生活幸福感。	按照五中全会精神落实并制定好“十三五”规划，奋力弥补生态环境方面的短板，相信到2020年，小康“木桶”里盛满的甘甜之水，将提升人们的发展获得感和生活幸福感。	positive
某网站就居民关注的社会问题和收入分配、居民住房、社会治安等展开调查，结果显示，“收入分配”以82.48%的关注度高居榜首。	某网站就居民关注的社会问题和收入分配、居民住房、社会治安等展开调查，结果显示，“收入分配”以82.48%的关注度高居榜首。	positive
公安局长以自己的亲身经历为素材拍成的短片作为教材，供公安干警学习，要求他们从中学到识别和抓捕罪犯的技能以及自我保护的本领。	公安局长以自己的亲身经历为素材拍成的短片作为教材，供公安干警学习，要求他们从中学到识别和抓捕罪犯的技能以及自我保护的本领。	positive
即使在“说谎成风”的时期，人对自己也不会讲假话，何况在今天，我不怕大家嘲笑，我要说：我怀念包弟，我想向它表示道歉。	即使在“说谎成风”的时期，人对自己也不会讲假话，何况在今天，我不怕大家嘲笑，我要说：我怀念包弟，我想向它表示道歉。	positive
这次从重庆前往南极考察的共10人，他们都是重庆人，平均年龄近50岁左右，组织他们前往的是位于渝北的一家旅游机构。	这次从重庆前往南极考察的共10人，他们都是重庆人，平均年龄50岁左右，组织他们前往的是位于渝北的一家旅游机构。	negative
老丁大约六十岁上下，可是身体非常硬朗。	老丁大约六十岁上下，可是身体非常硬朗。	positive
美国惠普公司生产的超级计算机依旧最多，但已从上一期的127台降至112台．不过，如果算上该公司新近收购的硅图公司所生产的入榜超算，总数则达到一百四十多台。	美国惠普公司生产的超级计算机依旧最多，但已从上一期的127台降至112台。不过，如果算上该公司新近收购的硅图公司所生产的入榜超算，总数则达到一百四十多台。	negative
走到屋外，迎面吹来的寒风，不禁打个冷战，我的头脑也清醒了很多。	走到屋外，迎面吹来的寒风，我不禁打了个冷战，头脑也清醒了很多。	negative
在她的摄影生涯中，从对特定历史食物的关注，到对山水、民俗的喜爱，从单一的风光摄影，到具有探究性质的专题摄影，这一改变已跨越了普通审美的范畴。	在她的摄影生涯中，从对特定历史事物的关注，到对山水、民俗的喜爱，从单一的风光摄影，到具有探究性质的专题摄影，这一改变已跨越了普通审美的范畴。	negative
由于近几个月国际原油价格大跌，给美国的页岩油气公司带来了巨大的经营压力，最后导致美国石油工人发起了一场大规模的罢工运动。	由于近几个月国际原油价格大跌，给美国的页岩油气公司带来了巨大的经营压力，最后导致美国石油工人发起了一场大规模的罢工运动。	positive
只有紧紧把握产业变革带来的质量提升，我国才有望实现制造业跨越式发展，加快提升中国制造的内涵价值与国际声誉。	只有紧紧把握产业变革带来的质量提升，我国才有望实现制造业跨越式发展，加快提升中国制造的内涵价值与国际声誉。	positive
来这里聚会的无论老少，都被他清晰的思路、开朗的性格、乐观的情绪及坚定的信心深深地感染了。	来这里聚会的无论老少，都被他清晰的思路、开朗的性格、乐观的情绪及坚定的信心深深地感染了。	positive
北京、上海等一线城市，或许能暂时维持楼市繁荣；而那些二、三线城市，辐射能力有限，潜在的楼市风险是显而易见的。	北京、上海等一线城市，或许能暂时维持楼市繁荣；而那些二、三线城市，辐射能力有限，潜在的楼市风险是显而易见的。	positive
此次活动共举办主题讲座五场，听众达千余人左右，这对提高公众遵纪守法的自觉性，自觉抵制各种不良行为的侵害，起到了警示教育作用。	此次活动共举办主题讲座五场，听众达千余人左右，这对提高公众遵纪守法的自觉性，自觉抵制各种不良行为的侵害，起到了警示教育作用。	positive
整个村庄的人们在经过了近两年的等待以后，村前的柏油路才终于修通了。	整个村庄的人们在经过了近两年的等待以后，村前的柏油路才终于修通了。	positive
航天员陈冬的两个双胞胎儿子“给这个小朋友5颗星星、那个小朋友3颗星星，给老师月亮”的许诺让陈冬发愁了．陈冬说，“幸好后来想到我这次在太空拍了很多星星的照片，可以把这些照片作为礼物送给他们．”。	航天员陈冬的双胞胎儿子“给这个小朋友5颗星星、那个小朋友3颗星星，给老师月亮”的许诺让陈冬发愁了。陈冬说，“幸好后来想到我这次在太空拍了很多星星的照片，可以把这些照片作为礼物送给他们。”。	negative
自债务危机爆发以来，希腊已经将养老金削减近半，但由于制度建设不完善以及社会化程度不足等因素，导致养老金占财政支出比例至今仍居高不下。	自债务危机爆发以来，希腊已经将养老金削减近半，但由于制度建设不完善以及社会化程度不足等因素，导致养老金占财政支出比例至今仍居高不下。	positive
春节是合家团圆的节日，但对于入住养老院的老人看来，春节往往是情绪波动的敏感期，一些老人会因无法与家人团聚而闹情绪。	春节是合家团圆的节日，但对于入住养老院的老人看来，春节往往是情绪波动的敏感期，一些老人会因无法与家人团聚而闹情绪。	positive
由于规划周密、准备充分，2008年在北京举办的第29届奥运会成为奥运会中历届参赛国最多、开幕式演艺最精彩的一次盛会，好评如潮。	由于规划周密、准备充分，2008年在北京举办的第29届奥运会成为奥运会中历届参赛国最多、开幕式演艺最精彩的一次盛会，好评如潮。	positive
政府建成了城市书吧和农家书屋，为城乡百姓提供了丰富的读书体验。	政府建成了城市书吧和农家书屋，为城乡百姓提供了丰富的读书体验。	positive
在“一带一路”战略指导下，企业海外投资日渐频繁，这就给中国企业在海外不成为别人知识产权制度的牺牲品带来机遇。	在“一带一路”战略指导下，企业海外投资日渐频繁，这就给中国企业在海外避免成为其他国家知识产权制度的受害者带来机遇。	negative
李守镇委员说，要变成制造强国，建设高素质产业工人队伍、打造更多“大国工匠”是当务之急的工作。	李守镇委员说，要变成制造强国，建设高素质产业工人队伍、打造更多“大国工匠”是当务之急的工作。	positive
“抢红包”是“娱乐产移动互联网时代的一个品”，全民“抢红包”这一现象在某种程度上也体现了“社交革命”，不仅影响着人们的过节方式，也影响到了人们的生活。	“抢红包”是“娱乐产品，是移动互联网时代的一个产物”，全民“抢红包”这一现象在某种程度上也体现了“社交革命”，不仅影响着人们的过节方式，也影响到了人们的生活。	negative
球员在此次中荷对垒中的表现，不仅关系到个人的前途，而是关系到国家队的声誉。	球员在此次中荷对垒中的表现，不仅关系到个人的前途，而且关系到国家队的声誉。	negative
掺杂使假、农药残留、重金属超标等问题的出现，不仅成为困扰行业发展的难题，阻碍了中医药“走出去”，而且影响中医药疗效，降低公众对中医药的信任。	掺杂使假、农药残留、重金属超标等问题的出现，不仅成为困扰行业发展的难题，阻碍了中医药“走出去”，而且影响中医药疗效，降低公众对中医药的信任。	positive
小说是人生的“百科全书”。阅读小说，可以开阔视野或陶冶情操，提高我们的文化素养或者提高审美能力。	小说是人生的“百科全书”。阅读小说，可以开阔视野或陶冶情操，提高我们的文化素养或者提高审美能力。	positive
在“追风的孩子”微电影比赛中，通过学生们超乎想象的创意、丰富多彩的内容、极具特色的表演，带给全校师生极大的惊喜。	在“追风的孩子”微电影比赛中，凭借学生们超乎想象的创意、丰富多彩的内容、极具特色的表演，带给全校师生极大的惊喜。	negative
党中央提出一系列新理念新思想新战略，出台一系列重大方针政策，推进一系列重大举措，推出一系列重大工作，解决了许多长期想解决而没有解决的难题。	党中央提出一系列新理念新思想新战略，出台一系列重大方针政策，推进一系列重大举措，推出一系列重大工作，解决了许多长期想解决而没有解决的难题。	positive
不仅伟大奋斗精神在为中国发展注入持久动力，更是为世界文明进程提供一种深刻的中国启示。	不仅是伟大奋斗精神在为中国发展注入持久动力，更是为世界文明进程提供一种深刻的中国启示。	negative
“心想事成”是近年来使用频率最高的祝辞，它不仅普遍用于节日，而且被广泛用在书信里，还经常见诸于报端，成为一种“廉价礼品”。	“心想事成”是近年来使用频率最高的祝辞，它不仅普遍用于节日，而且被广泛用在书信里，还经常见诸于报端，成为一种“廉价礼品”。	positive
平等共容作为社会工作的目标价值，既体现在社会工作的精神层面，也体现在物质层面，是平等共享国家发展成果，践行社会主义核心价值体系的重要途径。	平等共容作为社会工作的目标价值，既体现在社会工作的精神层面，也体现在物质层面，是平等共享国家发展成果，践行社会主义核心价值体系的重要途径。	positive
制假售假、短斤缺两、强买强卖等行为损坏了消费者的利益，历来为人们所痛斥，清代对短斤缺两的惩处便极为严厉。	制假售假、短斤缺两、强买强卖等行为损坏了消费者的利益，历来为人们所痛斥，清代对短斤缺两的惩处便极为严厉。	positive
朱自清笔下的荷塘月色是美好的，他精雕细琢这一美景时，虽然文章的描写很细致，但没有丝毫的过分，把握得分毫不差。	朱自清笔下的荷塘月色是美好的，他精雕细琢这一美景时，虽然文章的描写很细致，但没有丝毫过分，把握得分毫不差。	negative
雄安新区建设要充分体现生态文明建设，成为生态标杆，坚持生态优先、绿色发展，要疏密有度、绿色低碳，自然生态要更好。	雄安新区建设要充分体现生态文明建设，成为生态标杆，坚持生态优先、绿色发展，要疏密有度、绿色低碳，自然生态要更好。	positive
林徽因是学建筑的，所以对文学的兴趣极其浓厚，她精于鉴赏。所写散文如《窃子以外》和小说如《九十九度中》风格清新，一时无二。	林徽因是学建筑的，所以对文学的兴趣极其浓厚，她精于鉴赏。所写散文如《窗子以外》和小说如《九十九度中》风格清新，一时无二。	negative
我们看到，博物馆正致力于观众进行深层次、多角度良性互动，如举办博物馆日主题论坛等活动，让更多人参与文物保护和利用。	我们看到，博物馆正致力于观众进行深层次、多角度良性互动，如举办博物馆日主题论坛等活动，让更多人参与文物保护和利用。	positive
生态教育涵盖各个教育层面，包含学校教育、社会教育、职业教育，教育对象包括决策者、企业家、科技工作者、普通公民。	生态教育涵盖各个教育层面，包含学校教育、社会教育、职业教育，教育对象包括决策者、企业家、科技工作者、普通公民。	positive
在《蜗居》这种现实题材小说里我们看到的更多的是无奈、压抑，而在“穿越小说”中表现的是一种美好的情怀，让人很有自信。	在《蜗居》这种现实题材小说里我们看到的更多的是无奈、压抑，而在“穿越小说”中表现的是一种美好的情怀，让人很有自信。	positive
地球是我们的家，我们的母亲，人类是在这里成长和诞生的，是在这里成熟起来的。	地球是我们的家，我们的母亲，人类是在这里成长和诞生的，是在这里成熟起来的。	positive
环保事件之所以经常性的频频发生，有专家分析认为，主要是由于一些地方政府单纯地依靠在规模投入获取经济增长速度，使得资源消耗惊人，环境污染日渐严重。	环保事件之所以频繁发生，有专家分析认为，主要是由于一些地方政府单纯地依靠在规模上的投入获取经济增长速度，使得资源消耗惊人，环境污染日渐严重。	negative
美国的战略思维就是要与对手在主要武器装备上拉开一到两代的距离，而“福特”号的研制就是希望保持其他国家两代以上的差距。	美国的战略思维就是要与对手在主要武器装备上拉开一到两代的距离，而“福特”号的研制就是希望保持其他国家两代以上的差距。	positive
一年来，省部级高官频频落马显示了新一届党中央的反腐决心，但“打几只老虎”仅仅是第一步，当务之急的工作是建立一整套行之有效的反腐机制。	一年来，省部级高官频频落马显示了新一届党中央的反腐决心，但“打几只老虎”仅仅是第一步，当务之急的工作是建立一整套行之有效的反腐机制。	positive
在奇瑞的焊装车间，记者看到，一台台机器人正在生产线上焊接、抓取、传递，井井有条。	在奇瑞的焊装车间，记者看到，一台台机器人正在生产线上焊接、抓取、传递，井井有条。	positive
一部分家长过分溺爱孩子，使许多学生缺乏自制力，生活上互相攀比。	一部分家长过分溺爱孩子，使许多学生缺乏自制力，生活上相互攀比。	negative
我们都知道，民主与法治是一个长期的过程，但在经济攻坚之后，现在确实已经到了向新目标攻坚的时候了。	我们都知道，民主与法治是一个长期的过程，但在经济攻坚之后，现在确实已经到了向新目标攻坚的时候了。	positive
“双十一”临近，商家打折促销，减价的标牌随处可见，三折、四折、甚至五折，平日里价格不菲的商品此时显得格外诱人。	“双十一”临近，商家打折促销，减价的标牌随处可见，三折、四折、甚至五折，平日里价格不菲的商品此时显得格外诱人。	positive
我们要动员社会各界广泛参与家庭文明建设，推动形成爱国爱家、相亲相爱、向上向善、共建共享的社会主义家庭。	我们要动员社会各界广泛参与家庭文明建设，推动形成爱国爱家、相亲相爱、向上向善、共建共享的社会主义家庭。	positive
奥运圣火登顶珠峰的瞬间，无论是参与登顶的勇士，还是全世界观看这一壮举的人们，无不毫无例外地感受到了心灵的震撼。	奥运圣火登顶珠峰的瞬间，无论是参与登顶的勇士，还是全世界观看这一壮举的人们，无不例外地感受到了心灵的震撼。	negative
人大代表提议，我国应加快铁路投资体制改革，修改铁路法、担保法等相关法律，制定详细的优惠政策，填补民间资本参与铁路建设的法律。	人大代表提议，我国应加快铁路投资体制改革，修改铁路法、担保法等相关法律，制定详细的优惠政策，填补民间资本参与铁路建设的法律空白。	negative
我国的“实践十三号卫星”首次应用Ka频段多波束宽带通信系统，其通信总容量约达20G以上。	我国的“实践十三号卫星”首次应用Ka频段多波束宽带通信系统，其通信总容量约达20G以上。	positive
南宁市邕宁区扶贫技术局负责人杨素琴介绍，通过发展中草药种植产业，屯了村实现脱贫111户，贫困发生率约为2.92%左右，实现了整村脱贫摘帽。	南宁市邕宁区扶贫技术局负责人杨素琴介绍，通过发展中草药种植产业，屯里村实现脱贫111户，贫困发生率约为2.92%左右，实现了整村脱贫摘帽。	negative
路遥的小说之所以有如此的魅力和境界的原因，是因为他所具有的超拔识见和文学智慧，以及对生活切实的体验感受和坚苦卓绝的创作精神。	路遥的小说之所以有如此的魅力和境界，是因为他所具有的超拔识见和文学智慧，以及对生活切实的体验感受和艰苦卓绝的创作精神。	negative
这支唱不完的歌声，一直在人们的耳际、心头荡漾着。	这支唱不完的歌声，一直在人们的耳际、心头荡漾着。	positive
我国传统的“二十四节气”被列入《人类非物质文化遗产代表作名录》，使得这一古老的文明再次吸引了世人的目光。	我国传统的“二十四节气”被列入《人类非物质文化遗产代表作名录》，使得这一古老的文明再次吸引了世人的目光。	positive
任何人类行为都会有局限性，成败往往并非取决于行为的理性程度，而是取决于趋利避害时所采取的行为得当。	任何人类行为都会有局限性，成败往往并非取决于行为的理性程度，而是取决于趋利避害时所采取的行为得当。	positive
唐、五代是中国古代诗歌的极盛时期，《全唐诗》记载的诗人达到2200多名，其中既有汉人，也有少数民族，还有来自高丽、日本的人士。	唐、五代是中国古代诗歌的极盛时期，《全唐诗》记载的诗人达到2200多名，其中既有汉人，也有少数民族，还有来自高丽、日本的人士。	positive
我们浏览本地的几个教育网站和学校网站，发现各个学校都在大兴博客工程，教研组博客、教师个人博客、班级博客、学生个人博客，应有尽有。	我们浏览本地的几个教育网站和学校网站，发现各个学校都在大兴博客工程，教研组博客、教师个人博客、班级博客、学生个人博客，应有尽有。	positive
密室逃脱类场所空间受限，火灾风险高，消防救援局要求消防救援机构加强密室逃脱类场所消防安全，落实火灾风险分级管控机制。	密室逃脱类场所空间受限，火灾风险高，消防救援局要求消防救援机构加强密室逃脱类场所消防安全，落实火灾风险分级管控机制。	positive
我国经济保持中高速增长，国内生产总值稳居世界第二，对世界经济增长贡献率超过百分之三十左右。	我国经济保持中高速增长，国内生产总值稳居世界第二，对世界经济增长贡献率超过百分之三十。	negative
日前国家发布司法解释，明确危害食品安全相关犯罪的定罪量刑标准，如将“地沟油”用作食用油等行为，根据刑法相关规定将被定罪。	日前国家发布司法解释，明确危害食品安全相关犯罪的定罪量刑标准，如将“地沟油”用作食用油等行为，根据刑法相关规定将被定罪。	positive
金砖合作契合五国发展的共同需要，其之所以得到快速发展，关键在于找准了互尊互助走适合本国发展道路的合作之道的结果。	金砖合作契合五国发展的共同需要，之所以得到快速发展，关键在于找准了互尊互助、走适合本国发展道路的合作之道。	negative
我国第一艘自航式浮船坞“华船一号”首航成功，这标志着解放军大型战舰修理从岸基定点保障向远海机动保障取得突破性一步。	我国第一艘自航式浮船坞“华船一号”首航成功，这标志着解放军大型战舰修理从岸基定点保障向远海机动保障迈出突破性一步。	negative
河南省图书馆新馆实行无门槛服务，只要有阅读需求，不需要出示任何证件为证明，读者就可以享受到“资料随手可得，咨询无处不在”的人性化服务。	河南省图书馆新馆实行无门槛服务，只要有阅读需求，不需要出示任何证件作为证明，读者就可以享受到“资料随手可得，咨询无处不在”的人性化服务。	negative
中国是个伟大的文明古国，中华民族的伟大复兴也是一场文明复兴，每个中国人都是文明的传播者践行者、传承者。	中国是个伟大的文明古国，中华民族的伟大复兴也是一场文明复兴，每个中国人都是文明的传播者践行者、传承者。	positive
在当今这个法治社会中，执法人员是为民保平安的，可是部分执法者法制观念淡薄，动辄就出手伤人，令人堪忧。	在当今这个法治社会中，执法人员是为民保平安的，可是部分执法者法治观念淡薄，动辄就出手伤人，令人堪忧。	negative
12月9日，韩国国会以234票比56票通过对总统朴槿惠的弹劾案．该弹劾议案进行了向议长提交弹劾动议案、在野党进行提案说明、议员5分钟自由发言等。	12月9日，韩国国会以234票比56票通过对总统朴槿惠的弹劾案。该弹劾议案向议长提交了弹劾动议案、在野党进行提案说明、议员5分钟自由发言等程序。	negative
在全球化和市场经济背景下的当代中国，加强和改进社会管理，提高对造假者的惩洽力度，才能更好地维护公平正义，为建设诚信社会奠定坚实基础。	在全球化和市场经济背景下的当代中国，加强和改进社会管理，提高对造假者的惩处力度，才能更好地维护公平正义，为建设诚信社会奠定坚实基础。	negative
伏尔泰聆听了牛顿的外甥女讲述苹果坠地的故事，通过他的著作迅速传遍世界，成为家喻户晓的科学佳话。	伏尔泰聆听了牛顿的外甥女讲述苹果坠地的故事，并通过他的著作迅速传遍世界，成为家喻户晓的科学佳话。	negative
电动自行车违法载人被交警拦停，驾驶员拒不接受处罚，同乘人还择拳打交警，涉事人员因妨害公务被警方依法拘留。	电动自行车违法载人被交警拦停，驾驶员拒不接受处罚，同乘人还直接拳打交警，涉事人员因妨害公务被警方依法拘留。	negative
4月12日至13日，2018中国“互联网+”数字经济峰会在重庆举行。本次峰会本着“助力新生态，共享新机遇”为主题，共吸引了4000余名政企学界人士参与。	4月12日至13日，2018中国“互联网+”数字经济峰会在重庆举行。本次峰会本着“助力新生态，共享新机遇”为主题，共吸引了4000余名政企学界人士参与。	positive
首都师范大学青牛创客空间配备了先进实用的硬件设备，在帮助学生实现创意的同时，见识和体验到一些基本的加工技术，激发他们的求知欲，为创新奠定基础。	首都师范大学青牛创客空间配备了先进实用的硬件设备，在帮助学生实现创意的同时，见识和体验到一些基本的加工技术，激发他们的求知欲，为创新奠定基础。	positive
在新形势下，我们应该树立新的文化发展观，推进和挖掘文化体制创新和特色文化内涵，着力开发富有时代精神和四川特色的文化产品。	在新形势下，我们应该树立新的文化发展观，推进和挖掘文化体制创新和特色文化内涵，着力开发富有时代精神和四川特色的文化产品。	positive
能否贯彻落实科学发展观，对构建和谐社会，促进经济可持续发展无疑具有重大的意义。	能否贯彻落实科学发展观，对构建和谐社会，促进经济可持续发展无疑具有重大的意义。	positive
中国网络游戏产业的出口额，去年超过了480亿人民币，其他的任何中国文化产业从未达到过这个高度，是整个创意产业的最强的主力军。	中国网络游戏产业的出口额，去年超过了480亿人民币，任何其他的中国文化产业从未达到过这个高度，是整个创意产业的最强主力军。	negative
重阳节上午，江西庐山西海风景区司马旅游码头发生了桥面塌陷事故，18名游客擦伤或落水，当地旅游部门表示，导致事故发生的原因主要是游客拥堵所致。	重阳节上午，江西庐山西海风景区司马旅游码头发生了桥面塌陷事故，18名游客擦伤或落水，当地旅游部门表示，导致事故发生的原因主要是游客拥堵所致。	positive
我们的祖国已是一个被帝国主义列强不再任意侮辱和掠夺的国家了。	我们的祖国已是一个被帝国主义列强不再任意侮辱和掠夺的国家了。	positive
媒介素养旨在帮助学生发展对大众媒介的本质有知晓和批评的理解力，懂得大众媒介所运用的技术以及这些技术所产生的影响为目的。	媒介素养旨在帮助学生发展对大众媒介的本质的知晓和批评能力，懂得大众媒介所运用的技术以及这些技术所产生的影响。	negative
秦淮灯会是流传于南京地区的民俗文化活动，也是首批国家级非物质文化遗产，有“天下第一灯会”和“秦淮灯彩甲天下”的美誉，是唯一一个中国集灯展、灯会和灯市为一体的大型综合型灯会。	秦淮灯会是流传于南京地区的民俗文化活动，也是首批国家级非物质文化遗产，有“天下第一灯会”和“秦淮灯彩甲天下”的美誉，是唯一一个中国集灯展、灯会和灯市为一体的大型综合型灯会。	positive
近两年来，蔬菜、肉类、服装、鸡蛋、食用油等农副产品普遍涨价，与之相关的消费品价格也开始提价。	近两年来，蔬菜、肉类、服装、鸡蛋、食用油等农副产品普遍涨价，与之相关的消费品价格也开始提价。	positive
在地面和地下交通都变得越来越拥堵的新形势下，对城市公共交通运输方式提出了更高的要求，“空铁”项目由此在成都应运而生。	在地面和地下交通都变得越来越拥堵的新形势下，对城市公共交通运输方式提出了更高的要求，“空铁”项目由此在成都应运而生。	positive
电影《流浪地球》是春节档8部新片里唯一一部豆瓣评分超过8分的电影，据猫眼数据显示来看，该片的票房已突破42亿元。	电影《流浪地球》是春节档8部新片里唯一一部豆瓣评分超过8分的电影，据猫眼数据显示来看，该片的票房已突破42亿元。	positive
《庄子》的出现，标志着我国在战国时代，哲学思想和文学语言已经发展到非常玄远、高深的水平，是我国古代典籍中的瑰宝。	《庄子》的出现，标志着我国在战国时代，哲学思想和文学语言发展已经发展到非常玄远、高深的水平，是我国古代典籍中的瑰宝。	negative
市政府决定配合奥运项目的实施，重点抓好地铁建设、危旧房改造、污水处理等工程工作，加快现代化大都市建设的进程。	市政府决定配合奥运项目的实施，重点抓好地铁建设、危旧房改造、污水处理等工程工作，加快现代化大都市建设的进程。	positive
社会的现实告诉我们，让乡村教师真正享受到职业的尊严与幸福，提高乡村教师待遇，改善乡村教师的工作生活条件，是留住乡村教师的必然选择。	社会的现实告诉我们，让乡村教师真正享受到职业的尊严与幸福，提高乡村教师待遇，改善乡村教师的工作生活条件，是留住乡村教师的必然选择。	positive
《红楼梦》中作者对贾府这个封建贵族家庭的饮食起居以及各方面的生活都做了真切细致的描写，表现了这个钟鸣鼎食的诗礼之家“树倒猢狲散”的没落过程。	《红楼梦》中作者对贾府这个封建贵族家庭的饮食起居以及各方面的生活都做了真切细致的描写，表现了这个钟鸣鼎食的诗礼之家“树倒猢狲散”的没落过程。	positive
关税的降低，让更多国外汽车品牌进入中国市场，市场竞争将更加激烈，同时也将激励国产汽车品牌的崛起和发展，倒逼产业加大转型升级。	关税的降低，让更多国外汽车品牌进入中国市场，市场竞争将更加激烈，同时也将激励国产汽车品牌的崛起和发展，倒逼产业加大转型升级。	positive
教育专家称，幼儿读物是启迪孩子心智的“心灵读本“，一些书商却盯上了幼儿园，大肆推销幼儿读物，不少读物质量令人堪忧。	教育专家称，幼儿读物是启迪孩子心智的“心灵读本”，一些书商却盯上了幼儿园，大肆推销幼儿读物，不少读物质量令人堪忧。	negative
2011年底，教育部发出通知，要求不得给幼儿布置家庭作业。因此，幼儿园该不该布置书面作业不是一个需要讨论的问题，而是必须严格执行的规定。	2011年底，教育部发出通知，要求不得给幼儿布置家庭作业。因此，幼儿园该不该布置书面作业不是一个需要讨论的问题，而是必须严格执行的规定。	positive
从《见字如面X中国诗词大会》到《经典咏流传》，这类将传统与现代相融合的文化节目，赞不绝口，圈粉无数。	从《见字如面X中国诗词大会》到《经典咏流传》，这类将传统与现代相融合的文化节目，备受好评，圈粉无数。	negative
自今年9月份以来，一、二线城市局部地区的PM2.5值有时爆表，如何有效遏制雾霾天气不频发已成为各地的热点话题。	自今年9月份以来，一、二线城市局部地区的PM2.5值有时爆表，如何有效遏制雾霾天气频发已成为各地的热点话题。	negative
本届青年文明号评选活动强调对集体的实施考察，一些地方团组织还组建社会监督队伍、第三方专业机构评价、差额票选等措施，调动集体的创建热情。	本届青年文明号评选活动强调对集体的实地考察，一些地方团组织还组建社会监督队伍、第三方专业机构评价、差额票选等措施，调动集体的创建热情。	negative
今年10月即将开通的杭黄铁路是一条名副其实的黄金走廊，沿途设置富阳、桐庐、建德、千岛湖等站点，个个都是知名的旅游景区。	今年10月即将开通的杭黄铁路是一条名副其实的黄金走廊，沿途设置富阳、桐庐、建德、千岛湖等站点，个个都是知名的旅游景区。	positive
消费者从不懂得何为权益到勇于维权，从假冒伪劣商品充斥市场到形成有序的消费环境，监管、营销、消费三方面都经历了巨大的变化。	消费者从不懂得何为权益到勇于维权，从假冒伪劣商品充斥市场到形成有序的消费环境，监管、营销、消费三方面都经历了巨大的变化。	positive
鉴于目前饮料市场山寨成风、广告宣传夸大其词等乱象，在今年的“3•15”晚会上，重点曝光了一批以假乱真、以次充好的饮料企业。	鉴于目前饮料市场山寨成风、广告宣传夸大其词等乱象，在今年的“3•15”晚会上，重点曝光了一批以假乱真、以次充好的饮料企业。	positive
博鳌亚洲论坛2018年年会是全球化和自由贸易面临挑战、未来走向面临不确定性的背景下举行的、值得全世界期待。	博鳌亚洲论坛2018年年会是全球化和自由贸易面临挑战、未来走向面临不确定性的背景下举行的，是值得全世界期待。	negative
申银万国12月10发布投资报告，认为2010年中国粮食价格稳中有升，预计平均升幅5%-10%左右。	申银万国12月10日发布投资报告，认为2010年中国粮食价格稳中有升，预计平均升幅5%-10%左右。	negative
在90后的青少年中，科幻迷越来越多，这显示了科幻文化正在崛起，是对长久以来孩子们缺失的想象力的呼唤。	在90后的青少年中，科幻迷越来越多，这显示了科幻文化正在崛起，是对长久以来孩子们缺失的想象力的呼唤。	positive
广元市组织机关干部深入贫困村、贫困户，面对面了解情况，解决和发现实际问题。	广元市组织机关干部深入贫困村、贫困户，面对面了解情况，解决和发现实际问题。	positive
热烈祝贺凤阳质监服务窗口再获“红旗窗口”殊荣称号。	热烈祝贺凤阳质监服务窗口再获“红旗窗口”殊荣称号。	positive
亲近文学，阅读优秀的文学作品，是一个文明人增长修养、提高知识、丰富情感的极为重要的途径。	亲近文学，阅读优秀的文学作品，是一个文明人增长修养、提高知识、丰富情感的极为重要的途径。	positive
继前两季掀起收视高潮之后，《我是歌手》第三季再度开播，韩红、孙楠、古巨基等歌星纷纷加盟。	继前两季掀起收视高潮之后，《我是歌手》第三季再度开播，韩红、孙楠、古巨基等歌星纷纷加盟。	positive
最近这段时间，《漠河舞厅》被不少人单曲循环。据统计，截至11月初，这首歌仅在某短视频平台的播放量就超过了23亿多次，衍生出了超过27万多个作品。	最近这段时间，《漠河舞厅》被不少人单曲循环。据统计，截至11月初，这首歌仅在某短视频平台的播放量就超过了23亿次，衍生出了超过27万多个作品。	negative
大力度推进生态文明建设，许多企业贯彻绿色发展理念的自觉性和主动性显著加大，忽视生态环境保护的状况明显改变。	大力度推进生态文明建设，许多企业贯彻绿色发展理念的自觉性和主动性显著增强，忽视生态环境保护的状况明显改变。	negative
“新交规”不仅让城市交通事故大幅减少，人们日益增强的交通法规意识也使得公路交通较以前更为畅通。	“新交规”不仅让城市交通事故大幅减少，人们日益增强的交通法规意识也使得公路交通较以前更为畅通。	positive
很多人利用长假出游，怎样才能避免合法权益不受侵害，有关部门对此作了相关提示。	很多人利用长假出游，怎样才能避免合法权益受到侵害，有关部门对此作了相关提示。	negative
对于打拼多年的贾玲而言，“花木兰事件”可能是个教训，也可以是个契机，她可以借此机会进行改进、反思，倒逼自己更上一层楼，创作出优秀作品。	对于打拼多年的贾玲而言，“花木兰事件”可能是个教训，也可以是个契机，她可以借此机会进行改进、反思，倒逼自己更上一层楼，创作出优秀作品。	positive
英国牛津大学菲舍尔•瓦伦丁教授领导的研究团队取得了一项研究成果，该成果显示，鱼龙灭绝很可能是因为气候不稳定和其演化速度减缓导致的。	英国牛津大学菲舍尔•瓦伦丁教授领导的研究团队取得了一项研究成果，该成果显示，鱼龙灭绝很可能是因为气候不稳定和其演化速度减缓导致的。	positive
我们这个行业需要年轻人，文化的保护、弘扬和传承，我们应该根据不同的年龄，用多种形式，把文化的内在精神、特点告诉年轻人，启发他们热爱我们的文化。	我们这个行业需要年轻人，文化的保护、弘扬和传承，我们应该根据不同的年龄，用多种形式，把文化的内在精神、特点告诉年轻人，启发他们热爱我们的文化。	positive
近期，全国各地频发骗取客户密码、实施网银盗窃案件。网络金融安全遭到破坏，一时间高度引发广大网民关注。	近期，全国各地频发骗取客户密码、实施网银盗窃案件。网络金融安全遭到破坏，一时间高度关注广大网民。	negative
与麦当劳不同，中式餐馆菜单品种不仅繁多，而且价格差别巨大．这就是就餐者消费反差显露无遗。	与麦当劳不同，中式餐馆菜单品种不仅繁多，而且价格差别巨大．使就餐者消费反差显露无遗。	negative
2018年平昌冬奥会花样滑冰男单自由滑比赛结束，卫冤冠军羽生结弦获得金牌、成为自1952年以来首位连续蝉联冬奥会男单冠军的选手。	2018年平昌冬奥会花样滑冰男单自由滑比赛结束，卫冕冠军羽生结弦获得金牌、成为自1952年以来首位连续蝉联冬奥会男单冠军的选手。	negative
今年以来，随着政府工作力度加大，全国住房价格过快上涨的势头虽然已得到初步遏制，但是部分大中城市住房价格仍然过高，调控房地产市场的工作依然繁重。	今年以来，随着政府工作力度加大，全国住房价格过快上涨的势头虽然已得到初步遏制，但是部分大中城市住房价格仍然过高，调控房地产市场的工作依然繁重。	positive
伦敦奥运会大约65%左右的日用品和纪念品都是“中国制造”，难怪有人惊呼伦敦奥运会几乎就是一个“MADEINCHINA”的盛会。	伦敦奥运会大约65%的日用品和纪念品都是“中国制造”，难怪有人惊呼伦敦奥运会几乎就是一个“MADEINCHINA”的盛会。	negative
近日热映的电影《长津湖》让无数中国人走进影院，通过大银幕回首那段惊心动魄的岁月，再现了71年前中国人民志愿军慷慨赴朝，与武装到牙齿的敌方王牌之师血战到底。	近日热映的电影《长津湖》让无数中国人走进影院，通过大银幕回首那段惊心动魄的岁月，再现了71年前中国人民志愿军慷慨赴朝，与武装到牙齿的敌方王牌之师血战到底。	positive
中国政府在优惠贷款和援助支持下，中国企业在中亚地区承揽了多个领域的基础设施建设项目，一批经济合作项目已成功启动并在积极落实之中。	中国政府在优惠贷款和援助支持下，中国企业在中亚地区承揽了多个领域的基础设施建设项目，一批经济合作项目已成功启动并在积极落实之中。	positive
这些深受学生喜爱的活动，使学生的主人翁意识得到了增强和培养。	这些深受学生喜爱的活动，使学生的主人翁意识得到了增强和培养。	positive
今年初刚建成的“幸福居”，每天都可接待游客数十桌，实现收入3000元以上，每年预计可为集体经济创收50多万元。	今年初刚建成的“幸福居”，每天都可接待游客数十桌，实现收入3000元以上，每年预计可为集体经济创收50多万元。	positive
为了提高垃圾处理的效率，我们需要促进政府有力主导、公民主动参与、市场发挥作用的模式。	为了提高垃圾处理的效率，我们需要促进政府有力主导、公民主动参与、市场发挥作用的模式。	positive
我之所以喜欢朱自清的散文的原因，一是他作品的语言优美，二是他独特的人格魅力。	我之所以喜欢朱自清的散文，一是他的作品语言优美，二是他独特的人格魅力。	negative
具备良好的心理素质，是我们中考能否取得好成绩的条件之一。	具备良好的心理素质，是我们中考能否取得好成绩的条件之一。	positive
江苏教育部门虽然对2010年等级要求还没有明确表态，但从目前清华大学招办反馈的信息看，清华认为2009年“AA+”这一等级要求比较合理。	江苏教育部门虽然对2010年等级要求还没有明确表态，但从目前清华大学招办反馈的信息看，清华认为2009年“AA+”这一等级要求比较合理。	positive
在APEC框架下，中国发起成立亚太示范电子口岸网络（APMEN），推动实现供应链系统数据互通、互用，大大增强了通关效率，降低了贸易成本。	在APEC框架下，中国发起成立亚太示范电子口岸网络（APMEN），推动实现供应链系统数据互通、互用，大大增强了通关效率，降低了贸易成本。	positive
我市今年将扩大新区的建设力度，把它建为一个集行政、办公、旅游、度假、教育科研于一体的现代化新城。	我市今年将扩大新区的建设力度，把它建为一个集行政、办公、旅游、度假、教育科研于一体的现代化新城。	positive
研究数据显示，如植物奶油、人造黄油等人造反式脂肪会对人体造成多种危害，尤其是显著提高罹患心血管疾病的危险。	研究数据显示，如植物奶油、人造黄油等人造反式脂肪会对人体造成多种危害，尤其是显著提高罹患心血管疾病的危险。	positive
敏捷的才思、广博的知识和充分的准备是辩论取胜的前提，而流畅的表达则是辩论胜败的关键。	敏捷的才思、广博的知识和充分的准备是辩论取胜的前提，而流畅的表达则是辩论胜败的关键。	positive
据调查，很多机构商家宣传大数据来自于教育部、考试院，但被相关部门否认。	据调查，很多机构商家宣传大数据来自于教育部、考试院，但被相关部门否认。	positive
济南森林公园是采取以鲜花为主题的休闲观光园，踏入森林古树般的景区大门，游客能感悟到各色花簇争奇斗艳的生态魅力。	济南森林公园是采取以鲜花为主题的休闲观光园，踏入古森林树般的景区大门，游客能感悟到各色花簇争奇斗艳的生态魅力。	negative
在本次比赛中，四川男排为了一举夺得冠军，尽谴全部主力队员上阵。	在本次比赛中，四川男排为了一举夺得冠军，尽遣全部主力队员上阵。	negative
各成员国强调，要发挥联合国在国际关系中起核心协调作用，维护世界和平，在国家平等关系的基础上，促进双边和多边合作不断发展。	各成员国强调，要发挥联合国在国际关系中起核心协调作用，维护世界和平，在国家平等关系的基础上，促进双边和多边合作不断发展。	positive
深圳文化是伴随着经济的快速起飞形成的，是一种以对外开放为现实背景，与深圳的现代化相适应，具有新颖性、多样性等特点的新都市。	深圳文化是伴随着经济的快速起飞形成的，是一种以对外开放为现实背景，与深圳的现代化相适应，具有新颖性、多样性等特点的新都市。	positive
依据国外研究人员的一项研究结果显示，闲时懒散不动的人在生物学意义上比闲时进行锻炼的人平均要衰老十岁。	依据国外研究人员的一项研究结果显示，闲时懒散不动的人在生物学意义上比闲时进行锻炼的人平均要衰老十岁。	positive
城镇化攸关到亿万人民的生活质量，它不是简单的城镇人口增加和城市面积扩张，而是在人居环境、社会保障、生活方式等方面实现由“乡”到“城”的转变。	城镇化攸关到亿万人民的生活质量，它不是简单的城镇人口增加和城市面积扩张，而是在人居环境、社会保障、生活方式等方面实现由“乡”到“城”的转变。	positive
红旗河沟站在30日下午4点半至晚上7点半期间迎来了返乡客流高峰，这一天全部客流超过17万多人次，而31日则锐减到11万人次。	红旗河沟站在30日下午4点半至晚上7点半期间迎来了返乡客流高峰，这一天全部客流超过17万多人次，而31日则锐减到11万人次。	positive
为了满足迎合中国游客的口味，美国不少连锁酒店针对中国游客的需要，煞费苦心，纷纷改进酒店服务，增加房间内设施，如提供有汉语频道的电视，提供电热水壶等。	为了满足迎合中国游客的口味，美国不少连锁酒店针对中国游客的需要，煞费苦心，纷纷改进酒店服务，增加房间内设施，如提供有汉语频道的电视，提供电热水壶等。	positive
杨绛先生一生钻研文学与翻译，精通多国语言，她翻译的《堂吉诃德》被公认为堪称典范的中译本。	杨绛先生一生钻研文学与翻译，精通多国语言，她翻译的《堂吉诃德》被公认为堪称典范的中译本。	positive
随着城市化进程，由征地拆迁引发的矛盾日益凸显，造成这一局面的重要原因在于城乡之间“同地不同权”、“同地不同价”。	随着城市化进程，由征地拆迁引发的矛盾日益凸显，造成这一局面的重要原因在于城乡之间“同地不同权”、“同地不同价”。	positive
由于种粮效应较低等原因，农民对发展农业生产兴趣不大，据统计，大相村今年全村耕地拓荒面积大约达到43%以上。	由于种粮效应较低等原因，农民对发展农业生产兴趣不大，据统计，大相村今年全村耕地拓荒面积大约达到43%以上。	positive
2016年7月份，山东省枣庄市市中区实施的城区灯光亮化工程，推进了枣庄市的环境综合整治，提高了城市的形象和品位。	2016年7月份，山东省枣庄市市中区实施的城区灯光亮化工程，推进了枣庄市的环境综合整治，提高了城市的形象和品位。	positive
电子科技大学宜宾研究院项目奠基仪式举行，标志着电子科大和宜宾的合作进入一个崭新阶段具有重大意义。	电子科技大学宜宾研究院项目奠基仪式举行，具有重大意义，标志着电子科大和宜宾的合作进入一个崭新阶段。	negative
果壳网的“谣言粉碎机”能够粉碎社公上流传的谣言，让科学和人众需求产生联系，日均浏览量超过375万次以上。	果壳网的“谣言粉碎机”能够粉碎社交上流传的谣言，让科学和公众需求产生联系，日均浏览量超过375万次。	negative
如果我们能够看准时机，把握机会，那么今天所投资百万元带来的效益，恐怕是五年后投资千万元也比不上的。	如果我们能够看准时机，把握机会，那么今天所投资百万元带来的效益，恐怕是五年后投资千万元也比不上的。	positive
调查表明，我们无论怎样压减燃煤、严格控车、调整产业、强化管理，雾霾天气的治理都将是长期的工作，不可一暴十寒。	调查表明，我们无论怎样压减燃煤、严格控车、调整产业、强化管理，雾霾天气的治理都将是长期的工作，不可一暴十寒。	positive
玉溪师院附中于2017年4月26日在玉溪师院图书馆举办了第三十八期玉溪市以“勤以敬业，仁而奉献”为主题的“道德讲堂”。	玉溪师院附中于2017年4月26日在玉溪师院图书馆举办了第三十八期玉溪师院以“勤以敬业，仁而奉献”为主题的“道德讲堂”。	negative
校庆活动期间，我校高度重视安全教育，采取多种措施做好安全工作，以防止出现校园踩踏事件的发生。	校庆活动期间，我校高度重视安全教育，采取多种措施做好安全工作，以防止出现校园踩踏事件发生。	negative
国家环保总局副局长表示，环保总局将重点研究如何利用绿色国民经济核算结果来制定相关的污染治理、环保税收、生态补偿等环境经济管理。	国家环保总局副局长表示，环保总局将重点研究如何利用绿色国民经济核算结果来制定相关的污染治理、环保税收、生态补偿等环境经济管理。	positive
《祝福》《项脊轩志》《素芭》等文章中的主人公如尘泥草芥，读者看不到奋起一击的英雄气概，感受不到深广强劲的英勇精神，这是否就表明这些人物不具备价值了呢？答案不用说就不言自明。	《祝福》《项脊轩志》《素芭》等文章中的主人公如尘泥草芥，读者看不到奋起一击的英雄气概，感受不到深广强劲的英勇精神，这是否就表明这些人物不具备价值了呢？答案不言自明。	negative
专家强调，公共场所戒烟规定远不能解决我国公共场所的烟害问题，国家控烟立法已经刻不容缓，劝阻青少年戒烟也显得尤为重要。	专家强调，公共场所戒烟规定远不能解决我国公共场所的烟害问题，国家控烟立法已经刻不容缓，劝阻青少年戒烟也显得尤为重要。	positive
熟悉美国法律的司法研究博士游天龙称，美国警方逮捕相关案件的证据标准很低，嫌疑人被逮捕不等于犯罪行为成立。	熟悉美国法律的司法研究博士游天龙称，美国警方逮捕相关案件的证据标准很低，嫌疑人被逮捕不等于犯罪行为成立。	positive
进入2008年1月份以来，济南二手房交易量持续下降的原因是2007年国家实行了一系列的宏观政策，让投资性购房成本加大所导致的。	进入2008年1月份以来，济南二手房交易量持续下降的原因是2007年国家实行了一系列的宏观政策，让投资性购房成本增加所导致的。	negative
该研究团队揭示了用化学方法制备干细胞的科学原理，开发了简单、高效制备干细胞的新技术，为优化制备途径提供了新的科学视角和解决方案。	该研究团队揭示了用化学方法制备干细胞的科学原理，开发了简单、高效制备干细胞的新技术，为优化制备途径提供了新的科学视角和解决方案。	positive
要帮助贫苦地区群众提高文化素质和就业能力，努力解决因病致贫问题，打开孩子们通过学习成长、青壮年通过多渠道就业改变命运，坚决解决贫困现象代际传递问题。	要帮助贫苦地区群众提高文化素质和就业能力，努力解决因病致贫问题，打开孩子们通过学习成长、青壮年通过多渠道就业改变命运，坚决解决贫困现象代际传递问题。	positive
大家在写文章时，一定要注意表达真情实感，切忌不要胡编乱造。	大家在写文章时，一定要注意表达真情实感，切忌胡编乱造。	negative
狄仁杰指着贪官污吏，喝道：“不是不报，时辰未到。今天是你们的死期到了！”。	狄仁杰指着贪官污吏，喝道：“不是不报，时辰未到。今天是你们的死期到了！”。	positive
当前，大江东正在全方位打造智造谷、智慧谷、科创谷、金融小镇等一批创业创新平台，同时创建特色小镇等项目正有序推进，将全面提升大江东产城融合的步伐。	当前，大江东正在全方位打造智造谷、智慧谷、科创谷、金融小镇等一批创业创新平台，同时创建特色小镇等项目正有序推进，将全面提升大江东产城融合的步伐。	positive
鲸的“歌声”能表达很复杂的意思，但远不能与人的语言相提并论，因为鲸的“歌声”里没有能够代表具体的或抽象的事物的名词。	鲸的“歌声”能表达很复杂的意思，但远不能与人的语言相提并论，因为鲸的“歌声”里没有能够代表具体的或抽象的事物的名词。	positive
法国尼斯的恐怖事件备受关注，事件发生几小时后，各个网络媒体关于这一事件报道的新闻的点击量都超过了6万次以上。	法国尼斯的恐怖事件备受关注，事件发生几小时后，各个网络媒体关于这一事件报道的新闻的点击量都超过了6万次。	negative
公益广告想关爱孤儿、帮扶贫弱到热爱自然、保护环境等多个方面已广泛发挥作用，艺术的力量已日益增强。	公益广告从关爱孤儿、帮扶贫弱到热爱自然、保护环境等多个方面已广泛发挥作用，艺术的力量已日益增强。	negative
印度电影《摔跤吧！爸爸》意外走红，不仅以超5亿元的高票房打破了印度电影在中国内地的票房纪录，还连续多日牢牢占据单日票房榜首。	印度电影《摔跤吧！爸爸》意外走红，不仅以超5亿元的高票房打破了印度电影在中国内地的票房纪录，还连续多日牢牢占据单日票房榜首。	positive
虽然精神看不见、摸不着，却是一个无比强大的现实存在，并真切地反映着时代的本质，影响着人们的生活。	虽然精神看不见、摸不着，却是一个无比强大的现实存在，并真切地反映着时代的本质，影响着人们的生活。	positive
在信息通信领域，量子中继器是个宽泛的概念，它就像信息高速公路上的“加油站”，通过纠缠交换、纠缠纯化和量子存储等技术达到对量子态的纠缠操纵。	在信息通信领域，量子中继器是个宽泛的概念，它就像信息高速公路上的“加油站”，通过纠缠交换、纠缠纯化和量子存储等技术达到对量子态的纠缠操纵。	positive
随着经济的快速发展，雾霾、酸雨、水污染等环境污染事件的强度和频率正在增加，环境污染问题已经变成中国必须面对的挑战。	随着经济的快速发展，雾霾、酸雨、水污染等环境污染事件的强度和频率正在增加，环境污染问题已经变成中国必须面对的挑战。	positive
网络售假行为愈演愈烈，会上专家分析网络售假行为的危害，引起人们的广泛关注。	网络售假行为愈演愈烈，会上专家分析网络售假行为的危害，引起人们的广泛关注。	positive
不少传销、金融诈骗案件中，老年人尤其是农村老年人都被列为“一级猎物”，因为他们对各种诈骗“套路”缺少认识和防备的弱点。	不少传销、金融诈骗案件中，老年人尤其是农村老年人都被列为“一级猎物”，因为缺少对各种诈骗“套路”的认识和防备。	negative
有网友认为，特普朗的对外经济政策是围绕贸易保护主义为核心的，他当选后，与美国有着大额贸易顺差的国家的贸易盈余将减少。	有网友认为，特朗普的对外经济政策是围绕贸易保护主义为核心的，他当选后，与美国有着大额贸易顺差的国家的贸易盈余将减少。	negative
浙江围绕“保障G20争先锋、担当有为谋新篇”为主题，在党员干部中开展攻坚克难“大比武大督查大考核”活动。	浙江围绕“保障G20争先锋、担当有为谋新篇”为主题，在党员干部中开展攻坚克难“大比武大督查大考核”活动。	positive
作为公益性的教育资源，博物馆应发挥“雅俗共赏”的社会服务职能，不仅要鼓励寻常百姓常来常往，更要供学者精英雅玩品鉴．这是当下博物馆建设需要明确的功能定位。	作为公益性的教育资源，博物馆应发挥“雅俗共赏”的社会服务职能，不仅要鼓励寻常百姓常来常往，更要供给学者精英雅玩品鉴。这是当下博物馆建设需要明确的功能定位。	negative
陈勋和林曦的成功经验证明，高效学习不是人人可以随便做到的，又是人人可以做到的，关键在于学习态度是否端正，学习方法是否正确。	陈勋和林曦的成功经验证明，高效学习不是人人可以随便做到的，而是人人可以做到的，关键在于学习态度是否端正，学习方法是否正确。	negative
电视综艺节目的公益模式，改变了传统综艺节目过分追求娱乐效果，成为主流媒体弘扬社会主义核心价值观的有效途径。	电视综艺节目的公益模式，改变了传统综艺节目过分追求娱乐效果，成为主流媒体弘扬社会主义核心价值观的有效途径。	positive
这个犯罪团伙气焰十分嚣张，骑着摩托在光天化日之下绑架人质，然后向人质家属索要赎金，声言如果报警或不按他们的要求交纳赎金，就撕票杀人。	这个犯罪团伙气焰十分嚣张，骑着摩托在光天化日之下绑架人质，然后向人质家属索要赎金，声言如果报警或不按他们的要求缴纳赎金，就撕票杀人。	negative
世博园开园以来，无论是风和日丽还是刮风下雨，参观的人流络绎不绝．截至5月9日17时30分，累计检票入园已达19.59万人次。	世博园开园以来，无论是风和日丽还是刮风下雨，参观的人流络绎不绝。截至5月9日17时30分，累计检票入园已达19.59万人次。	negative
“文化营销”是当前的一个潮流，但企业应该注重文化与产品的和谐共处，切忌不要只顾利益，而生硬地把文化嫁接到产品中。	“文化营销”是当前的一个潮流，但企业应该注重文化与产品的和谐共处，切忌只顾利益，而生硬地把文化嫁接到产品中。	negative
上海航天技术研究院的全体科技工作者，在相关部门的大力支持下，在全国人民的热切关注中，经过不懈努力，“天宫一号”和“神舟八号”先后两次完成了太空完美对接。	上海航天技术研究院的全体科技工作者，在相关部门的大力支持下，在全国人民的热切关注中，经过不懈努力，“天宫一号”和“神舟八号”先后两次完成了太空完美对接。	positive
马尔克斯的一生充满传奇色彩，他不仅是魔幻现实主义文学的集大成者以及拉美“大学爆炸“的先驱，还是记者、作家以及电影工作者。	马尔克斯的一生充满传奇色彩，他不仅是魔幻现实主义文学的集大成者以及拉美“文学爆炸“的先驱，还是记者、作家以及电影工作者。	negative
为提升高等教育综合实力和国际竞争力，中国启动高校“双一流”建设战略，高校将有序推进实施，重点建设一批世界一流大学和一流学科。	为提升高等教育综合实力和国际竞争力，中国启动高校“双一流”建设战略，高校将有序推进实施，重点建设一批世界一流大学和一流学科。	positive
湖南的水资源还存着供需缺口大、结构矛盾突出、污染严重、有效利用率低，需要大力落实这一政策。	湖南的水资源还存在供需缺口大、结构矛盾、污染严重、有效利用率低，需要大力落实这一政策。	negative
从北京、天津到石家庄，从郑州、南通到贵阳，空气污染指数纷纷“爆表”，70多个重点监测城市大约半数左右严重污染，石家庄城区PM2.5值一度超过1000。	从北京、天津到石家庄，从郑州、南通到贵阳，空气污染指数纷纷“爆表”，70多个重点监测城市大约半数左右严重污染，石家庄城区PM2.5值一度超过1000。	positive
中国共产党十九大召开后，各级党组织高举习近平新时代中国特色社会主义思想旗帜，开展了形式多样的学习热潮。	中国共产党十九大召开后，各级党组织高举习近平新时代中国特色社会主义思想旗帜，开展了形式多样的学习热潮。	positive
公开透明是法治政府的基本特征，政务公开是增强政府公信力和保障人民群众参与权、知情权、监督权的重要途径。	公开透明是法治政府的基本特征，政务公开是增强政府公信力和保障人民群众参与权、知情权、监督权的重要途径。	positive
能否推动两国之间的自由贸易，加强文明交流互鉴，密切双方在教育、旅游、体育等领域的联系，是引导中澳关系能够走向更为广阔前景的关键。	能否推动两国之间的自由贸易，加强文明交流互鉴，密切双方在教育、旅游、体育等领域的联系，是引导中澳关系能够走向更为广阔前景的关键。	positive
中国足协副主席于洪臣日前接受新华社等媒体采访时表示，与卡马乔签订的合同虽然没有规定硬指标，但亚洲杯预选赛出线是应当完成的任务。	中国足协副主席于洪臣日前接受新华社等媒体采访时表示，与卡马乔签订的合同虽然没有规定硬指标，但亚洲杯预选赛出线是应当完成的任务。	positive
奥兰多魔术队的球星霍华德逐渐成长为NBA第一中锋，其原因是他超强的身体素质和良好的意识分不开的。	奥兰多魔术队的球星霍华德逐渐成长为NBA第一中锋，其原因是他超强的身体素质和良好的意识分不开。	negative
原本遥不可及的宇宙太空和深邃海底，已被中国人用智慧和汗水化为咫尺。但中国人将不停地向着更深、更远、更高、更广的领域迈进。	原本遥不可及的宇宙太空和深邃海底，已被中国人用智慧和汗水化为咫尺。但中国人将不停地向着更深、更远、更高、更广的领域迈进。	positive
旷日持久的“脱欧”行动使英国航空、餐饮、制造、运输等多行业受到冲击，加深了民众的焦虑感，多方压力让英国政府进退两难。	旷日持久的“脱欧”行动使英国航空、餐饮、制造、运输等多行业受到冲击，加深了民众的焦虑感，多方压力让英国政府进退两难。	positive
涉嫌交通肇事罪的案件是公诉案件，应该按照正常的公诉案件流程来走：先移送审查起诉，再由公安机关立案，交检察机关提起公诉，法院判决。	涉嫌交通肇事罪的案件是公诉案件，应该按照正常的公诉案件流程来走：先移送审查起诉，再由公安机关立案，交检察机关提起公诉，法院判决。	positive
第二十五届阿姆斯特丹国际纪录片电影节12天里吸引了20多万名观众，来自40多个国家的近2500名电影人、300多部电影前来参与。	第二十五届阿姆斯特丹国际纪录片电影节12天里吸引了20多万名观众，来自40多个国家的近2500名电影人、300多部电影前来参与。	positive
刚开始，他们靠从家乡出发带来的食品和矿泉水、方便面、袋装牛肉等填肚子，后来因水土不服，许多队员出现拉肚子、感冒等发烧症状。	刚开始，他们靠从家乡出发带来的食品和矿泉水、方便面、袋装牛肉等填肚子，后来因水土不服，许多队员出现拉肚子、感冒等发烧症状。	positive
太多名实不符的驰名商标遍地开花，既在市场上快速稀释着驰名商标的市场价值，也在市场上弱化着企业自身品牌的信任度下降。	太多名不副实的驰名商标在市场上泛滥，既在市场上快速稀释着驰名商标的市场价值，也在市场上弱化着企业自身品牌的信任度。	negative
由于世界性水危机，地表水和地下水都遭到了不同程度的污染，水质日益恶化，于是人们把目光投向地层深处，千方百计地寻找没有污染的矿泉水。	由于世界性水危机，地表水和地下水都遭到了不同程度的污染，水质日益恶化，于是人们把目光投向地层深处，千方百计地寻找没有污染的矿泉水。	positive
我们应该发挥广大教师的充分的作用，让他们在落实新版课程标准的教学期间各显其能，使我们的课程改革顺利渡过深水区。	我们应该充分发挥广大教师的作用，让他们在落实新版课程标准的教学期间各显其能，使我们的课程改革顺利渡过深水区。	negative
人的才能的大小，完全是由于后天的学习和实践决定的。	人的才能的大小，完全是由后天的学习和实践决定的。	negative
有些橱柜商为了争一个橱柜品牌的好名次，不惜通过“假单”来制造假象，这显然违背了销售排行榜原来设立的初衷。	有些橱柜商为了争一个橱柜品牌的好名次，不惜通过“假单”来制造假象，这显然违背了销售排行榜原来设立的初衷。	positive
数字化时代，文字纪录方式发生了重大变化，很多人提笔忘字，长此以往，将影Ⅱ向到汉字文化的能否传承。	数字化时代，文字记录方式发生了重大变化，很多人提笔忘字，长此以往，将影响到汉字文化的是否传承。	negative
若遇到风和日暖的午后，你一个人肯上冬郊去走走，则青天碧落之下，不但你不感到岁时的肃杀，而且还可以饱觉着一种莫名其妙的含蓄在那里的生气。	若遇到风和日暖的午后，你一个人肯上冬郊去走走，则青天碧落之下，不但你不感到岁时的肃杀，而且还可以饱觉着一种莫名其妙的含蓄在那里的生气。	positive
甘肃省委党校副教授范鹏说长征精神是宝贵的精神财富，甘肃人民要从这部英雄史诗中砥砺品质、汲取营养。	甘肃省委党校副教授范鹏说长征精神是宝贵的精神财富，甘肃人民要从这部英雄史诗中砥砺品质、汲取营养。	positive
这次火灾造成的经济损失，据商家估计，直接损失至少在四百万元以上。	这次火灾造成的经济损失，据商家估计，直接损失至少在四百万元以上。	positive
G20杭州峰会LOGO用20根线条，描绘出一个桥形轮廓，同时辅以“G20、2016、CHINA”和篆刻隶书“中国”印章等元素组成。	G20杭州峰会LOGO用20根线条，描绘出一个桥形轮廓，同时辅以“G20、2016、CHINA”和篆刻隶书“中国”印章等元素组成。	positive
美国自单方面退出伊核协议，并宣布重启对伊朗制裁以来，伊朗最重要的经济支柱--石油行业便元气大伤。	美国自从单方面退出伊核协议，并宣布重启对伊朗制裁以来，伊朗最重要的经济支柱--石油行业便元气大伤。	negative
第五届“创新作文大赛”颁奖典礼，是设在颇具文艺范的市图书馆举行的，现场揭晓了“构思之星”“最佳团队”等获奖名单。	第五届“创新作文大赛”颁奖典礼，是设在颇具文艺范的市图书馆举行的，现场揭晓了“构思之星”“最佳团队”等获奖名单。	positive
据国务院联防联控机制新闻发布会消息，在目前全球疫情加速蔓延的形势下，我国面临的境外输入病例导致本地传播风险增强，冬季疫情将处于零星散发状态。	据国务院联防联控机制新闻发布会消息，在目前全球疫情加速蔓延的形势下，我国面临的境外输入病例导致本地传播风险增强，冬季疫情将处于零星散发状态。	positive
殷商时代出现了中国历法独有的二十四节气，几千年来对推动中国农牧业发展起了重要作用，是中华民族文化认同的重要载体。	殷商时代出现了中国历法独有的二十四节气，几千年来对推动中国农牧业发展起了重要作用，是中华民族文化认同的重要载体。	positive
新能源汽车产业能否朝着健康有序的方向发展，关键是要确保新能源汽车“断奶”不断电，打消消费者的“里程焦虑症”。	新能源汽车产业能否朝着健康有序的方向发展，关键是要确保新能源汽车“断奶”不断电，打消消费者的“里程焦虑症”。	positive
适度限制特大城市人口规模，引导外来人口向中小城市转移，有利于国家发展和人民幸福的理智选择，应当成为全社会的共识。	适度限制特大城市人口规模，引导外来人口向中小城市转移，有利于国家发展和人民幸福的理智选择，应当成为全社会的共识。	positive
一些逆全球化现象的出现，尽管在形式上为这一理论“喝着倒彩”，但虚拟技术的发展却正在为“历史向世界历史的转变”开辟着崭新空间。	一些逆全球化现象的出现，尽管在形式上为这一理论“喝倒彩”，但虚拟技术的发展却正在为“历史向世界历史的转变”开辟着崭新空间。	negative
神木县属陕北黄土丘陵区向内蒙古高原的过渡地带，境内煤矿资源主要分布在北部的风沙草滩区，生态环境非常脆弱，一旦破坏，短期内难以一时恢复。	神木县属陕北黄土丘陵区向内蒙古高原的过渡地带，境内煤矿资源主要分布在北部的风沙草滩区，生态环境非常脆弱，一旦破坏，短期内难以恢复。	negative
针对养老金缴费多少年更“划算”，人社部给出回应：我国正在健全多缴多得激励机制，会妥善处理好退休人员领取养老金的问题。	针对养老金缴费多少年更“划算”，人社部给出回应：我国正在健全多缴多得激励机制，会妥善处理好退休人员领取养老金的问题。	positive
他为了民族的兴亡和人民的利益奋斗了一生。	他为了民族的兴亡和人民的利益奋斗了一生。	positive
环境信息的立体化公开，恐怕是此次会议绕不开的重要议题．环境信息的公开透明，是决定政府和民众能否走向环境“共治”的重要前提。	环境信息的立体化公开，恐怕是此次会议绕不开的重要议题。环境信息的公开透明，是决定政府和民众能否走向环境“共治”的重要前提。	negative
前不久，北京一名年仅35岁的外企女白领突然猝死于北京地铁的台阶上的报道，引发了人们对职场白领健康状况的关注。	前不久，北京一名年仅35岁的外企女白领突然猝死于北京地铁的台阶上的报道，引发了人们对职场白领健康状况的关注。	positive
阿里巴巴集团CEO张勇说：“每年双11都是我们阿里技术的一次大练兵，让阿里的技术更上一层楼，双11成功的标志是创新，我们每年都会去想很多新主意，来做今年‘双11’的创新．”。	阿里巴巴集团CEO张勇说：“每年双11都是我们阿里技术的一次大练兵，让阿里的技术更上一层楼，双11成功的标志是创新，我们每年都会去想很多新主意，来做今年‘双11’的创新。”。	negative
网络谣言时有出现，误导了公共舆论，扰乱了人们的正常生活，影响了社会秩序，损害了网民的合法权益，对社会发展稳定产生了干扰。	网络谣言时有出现，误导了公共舆论，扰乱了人们的正常生活，影响了社会秩序，损害了网民的合法权益，对社会发展稳定产生了干扰。	positive
我国每年因商品过度包装造成的价值高达4000亿元的废弃物，人们不禁感慨：这铺张浪费的现象何其严重！	我国每年因商品过度包装造成的废弃物价值高达4000亿元，人们不禁感慨：这铺张浪费的现象何其严重！	negative
浙江国家紧急医学救援队是由浙江省人民医院承建的华东第一支国家级应急医学救援队，可承担突发公共卫生事件紧急医学救援、大型活动医疗保障、应急技能培训、实战演练等。	浙江国家紧急医学救援队是由浙江省人民医院承建的华东第一支国家级应急医学救援队，可承担突发公共卫生事件紧急医学救援、大型活动医疗保障、应急技能培训、实战演练等。	positive
巴黎气候协议“最终案文”显示，2020年后，各国将以“自主贡献”参与全球应对气候变化行动，发达国家将继续带头减排，并加强对发展中国家的支持。	巴黎气候协议“最终案文”显示，2020年后，各国将以“自主贡献”参与全球应对气候变化行动，发达国家将继续带头减排，并加强对发展中国家的支持。	positive
当前一些电视台、互联网和直播平台充斥着大量低俗媚俗的娱乐节目，盲目追求高收视率，误国误民，有关部门必须及时制止。	当前一些电视台、互联网和直播平台充斥着大量低俗媚俗的娱乐节目，盲目追求高收视率，误国误民，有关部门必须及时制止。	positive
随着打车软件“滴滴打车”通过微信支付车费优惠额度的增加，微信支付和支付宝的“撒钱”大战再次升级，造成的直接后果是导致微信支付系统暂时瘫痪。	随着打车软件“滴滴打车”通过微信支付车费优惠额度的增加，微信支付和支付宝的“撒钱”大战再次升级，造成的直接后果是导致微信支付系统暂时瘫痪。	positive
现在全社会关注通货膨胀，民众担心物价持续上涨．国家发改委多次表示，物价上涨的主要原因是游资炒作造成的。	现在全社会关注通货膨胀，民众担心物价持续上涨。国家发改委多次表示，物价上涨的主要原因是游资炒作造成的。	negative
“一带一路”理念的实施，需要加强数字经济、人工智能、纳米技术、量子计算机等前沿领域的合作，开发大数据、云计算和智慧城市建设。	“一带一路”理念的实施，需要加强数字经济、人工智能、纳米技术、量子计算机等前沿领域的合作，开发大数据、云计算和智慧城市建设。	positive
在刚刚过去的“双11”活动中，阿根廷姑娘德尔巴耶趁着中国网购促销活动之机，在“速卖通”上为一家老小购买了中国生产的毛衣、帽子和换季衣物。	在刚刚过去的“双11”活动中，阿根廷姑娘德尔巴耶趁着中国网购促销活动之机，在“速卖通”上为一家老小购买了中国生产的毛衣、帽子和换季衣物。	positive
朗读不仅是一种传递情感、传承精神的手段，更是一种学习语文的方式。央视《朗读者》以其精美的文字、丰富的文化内涵而好评如潮。	朗读不仅是一种传递情感、传承精神的手段，更是一种学习语文的方式。央视《朗读者》以其精美的文字、丰富的文化内涵而好评如潮。	positive
在胡雪岩故居修复后，成了一处“专家叫好，百姓叫座”的人文景观，为杭州的文化旅游业增添了活力；然而大部分免费开放的名人故居却少人问津。	在胡雪岩故居修复后，成了一处“专家叫好，百姓叫座”的人文景观，为杭州的文化旅游业增添了活力；然而大部分免费开放的名人故居却少人问津。	positive
《中共中央关于加强党的执政能力建设的决定》是我们党历史上第一个全面总结党的执政经验、指导全党更好地担当起执政兴国历史使命的纲举目张似的纲领性文件。	《中共中央关于加强党的执政能力建设的决定》是我们党历史上第一个全面总结党的执政经验、指导全党更好地担当起执政兴国历史使命的纲举目张式的纲领性文件。	negative
学习方法可能因人而异，但勤奋、努力等良好的学习态度和合理的时间安排却是每个想取得成功的学生所必须具备的。	学习方法可能因人而异，但勤奋、努力等良好的学习态度和合理的时间安排却是每个想取得成功的学生所必须具备的。	positive
戏曲进校园将为学生们架起文化上联通过去与未来的桥梁，自觉从民族优秀传统文化中汲取力量，获得思想涵养和价值支持，进而带动整个社会向善向上。	戏曲进校园将为学生们架起文化上联通今与未来的桥梁，自觉从民族优秀传统文化中汲取力量，获得思想涵养和价值支持，进而带动整个社会向善向上。	negative
为了积极响应宜昌市争创全国文明城市“三连冠”，我校谭子刚校长带领党员教师上街开展了文明劝导活动，田苹书记检查了我校师生对相关应知应会内容的掌握情况。	为了积极响应宜昌市争创全国文明城市“三连冠”，我校谭子刚校长带领党员教师上街开展了文明劝导活动，田苹书记检查了我校师生对相关应知应会内容的掌握情况。	positive
我们之所以能在多个前沿领域成功引进学科领军人物，并能快速取得重大科技成果，靠的就是以改革的热情吸引人，以创业的激情感动人。	我们之所以能在多个前沿领域成功引进学科领军人物，并能快速取得重大科技成果，靠的就是以改革的热情吸引人，以创业的激情感动人。	positive
日前，海马汽车内部人士也坦言，海马汽车销量的多少，在很大程度上是因为海马S5这主力车型是否受到顾客欢迎决定的。	日前，海马汽车内部人士也坦言，海马汽车销量的多少，在很大程度上是因为海马S5这主力车型是否受到顾客欢迎所决定的。	negative
关于深化公安执法规范化建设的意见》的通过，表明我国执法规范化的整体布局已经明晰，同时也是对各地先前试点工作所取得的成功经验的升华和认可。	关于深化公安执法规范化建设的《意见》的通过，表明我国执法规范化的整体布局已经明晰，同时也是对各地先前试点工作所取得的成功经验的升华和认可。	negative
紫禁城是最伟大的人类建筑史上的艺术奇葩，是世界历史文化遗产中的一颗璀璨的明珠，更是中华民族文化的标记。	紫禁城是最伟大的人类建筑史上的艺术奇葩，是世界历史文化遗产中的一颗璀璨的明珠，更是中华民族文化的标记。	positive
年轻人猝死的原因是高强度、高压力、高度紧张、持续过劳的工作状态而造成的。	年轻人猝死的原因是高强度、高压力、高度紧张、持续过劳的工作状态而造成的。	positive
历时三年的第六次全国人口普查是一次成功的国情大盘点，其数据将为我国社会经济发展规划的制定和政府的相关决策提供重要参考。	历时三年的第六次全国人口普查是一次成功的国情大盘点，其数据将为我国社会经济发展规划的制定和政府的相关决策提供重要参考。	positive
日前，国家主席习近平在北京出席“一带一路”国际合作高峰论坛开幕式，并将发表题为《携手推进“一带一路”建设》的演讲。	日前，国家主席习近平在北京出席“一带一路”国际合作高峰论坛开幕式，并将发表题为《携手推进“一带一路”建设》的演讲。	positive
本报《没有苗圃的园丁》一文，报道了宁夏海原县一位代课教师每月只拿50元工资、在没有校舍的情况下挤出自家-间房坚持办学的感人事迹。	本报《没有苗圃的园丁》一文，报道了宁夏海原县一位代课教师每月只拿50元工资、在没有校舍的情况下挤出自家一间房坚持办学的感人事迹。	negative
由省文化艺术研究院制作的大型历史剧目《长恨歌》近日在秦始皇兵马俑博物馆开播，该剧以气势恢弘的场景赢得了观众的一致好评。	由省文化艺术研究院制作的大型历史剧目《长恨歌》近日在秦始皇兵马俑博物馆开播，该剧以气势恢弘的场景赢得了观众的一致好评。	positive
现代医学一再证明，当一个人精力衰退，对事物缺乏好奇心与兴趣时，循环系统功能也会跟着退化。	现代医学一再证明，当一个人精力衰退，对事物缺乏好奇心与兴趣时，循环系统功能也会跟着退化。	positive
美国能源情报署（EIA）本周公布的报告尽管已经显示石油供应渐趋紧张，但美国能源部长朱棣文表示，用制裁抑制伊朗石油销售以确保该国不进展核武器十分重要。	美国能源情报署（EIA）本周公布的报告尽管已经显示石油供应渐趋紧张，但美国能源部长朱棣文表示，用制裁抑制伊朗石油销售以确保该国不发展核武器十分重要。	negative
史官史家用文字记载曾经发生过的历史事件之后，那些事件就随风而逝，谁也找不着、看不见它，只有史书留了下来。	史官史家用文字记载曾经发生过的历史事件之后，那些事件就随风而逝，谁也找不着、看不见它，只有史书留了下来。	positive
当强台风袭击这座日本海滨城市时，呼啸的狂风夹着密集的雨点哗哗地下了起来。一小时后，部分地段积水便深达60厘米，交通一度陷入瘫痪。	当强台风袭击这座日本海滨城市时，呼啸的狂风夹着密集的雨点哗哗地下了起来。一小时后，部分地段积水便深达60厘米，交通一度陷入瘫痪。	positive
目前，绿皮火车尽管速度不快，设施陈旧，但安全方便，票价低廉，依然受到很多偏远地区外出的农民工和群众欢迎。	目前，绿皮火车尽管速度不快，设施陈旧，但安全方便，票价低廉，依然受到很多偏远地区外出的农民工和群众欢迎。	positive
两年来，通过城乡学校结对帮扶、组建教育共同体等形式，扩大了优质教育资源覆盖面，提升了薄弱学校的办学水平和教育质量。	两年来，通过城乡学校结对帮扶、组建教育共同体等形式，扩大了优质教育资源覆盖面，提升了薄弱学校的办学水平和教育质量。	positive
近日国际黄金价格再次出现波动，截至上周末，国际黄金市场的价格上涨最高点已达290美元以上。	近日国际黄金价格再次出现波动，截至上周末，国际黄金市场的价格上涨最高点已达290美元以上。	positive
对生命的重视程度是人类社会文明发展的重要标志，保护公民的生命安全是政府的义务，当人民生命财产安全出现危险，是否不以民为本，是否不以生命至上关乎着政府的公信力。	对生命的重视程度是人类社会文明发展的重要标志，保护公民的生命安全是政府的义务，当人民生命财产安全出现危险，是否不以民为本，是否不以生命至上关乎着政府的公信力。	positive
多年来为中国科研工作者心驰神往的诺贝尔自然科学奖，终因本土科学家屠呦呦的“抗疟神药”青蒿素而花落中国。	多年来为中国科研工作者心驰神往的诺贝尔自然科学奖，终因本土科学家屠呦呦的“抗疟神药”青蒿素而花落中国。	positive
翟志刚、王亚平身着我国新一代“飞天”舱外航天服，先后从天河核心舱节点舱成功出舱，王亚平成为首位中国进行出舱活动的女航天员，迈出了中国女性舱外太空行走第一步。	翟志刚、王亚平身着我国新一代“飞天”舱外航天服，先后从天河核心舱节点舱成功出舱，王亚平成为首位中国进行出舱活动的女航天员，迈出了中国女性舱外太空行走第一步。	positive
在具体的工作上，更多的是要做好如何促进国内需求，特别是消费需求，做好消费需求的关键是注意收入分配政策。	在具体的工作上，更多的是要促进国内需求，特别是消费需求，做好消费需求的关键是注意收入分配政策。	negative
连南南岗千年瑶寨，距今大约一千年左右，被誉为中国乃至世界上最古老的瑶寨。	连南南岗千年瑶寨，距今大约一千年左右，被誉为中国乃至世界上最古老的瑶寨。	positive
现代作家郁达夫在不逢北国之秋将近十余年时，不远千里，从杭州赶上青岛，又从青岛赶上北平，只为饱尝故都的秋味。	现代作家郁达夫在不曾北国之秋将近十余年时，不远千里，从杭州赶到青岛，又从青岛赶到北平，只为饱尝故都的秋味。	negative
华北制药厂新药研发的重大成果，即以中医药替代西医抗生素从而减少抗生素的使用，已然备受关注，并进入临床实验阶段。	华北制药厂新药研发的重大成果，即以中医药替代西医抗生素从而减少抗生素的使用，已然备受关注，并进入临床实验阶段。	positive
这次燃油税费改革方案的重要目的是推进节能减排，提升节油意识，总体上不会增加社会负担，对于用油较少的车主负担还会有所减轻。	这次燃油税费改革方案的重要目的是推进节能减排，提升节油意识，总体上不会增加社会负担，对于用油较少的车主负担还会有所减轻。	positive
最难能可贵的是，《兰亭序》那“不激不厉”的风格，涵养着作者圆熟的笔墨技巧、深厚的传统艺术功力、广博的文化素养和高尚的艺术思想情操。	最难能可贵的是，《兰亭序》那“不激不厉”的风格，涵养着作者圆熟的笔墨技巧、深厚的传统艺术功力、广博的文化素养和高尚的艺术思想情操。	positive
对端午节的认识随着每年的讨论都会积累起一些知识，才知道端午节最初是人们祭祀天地的日子。	对端午节的认识随着每年的讨论都会积累起一些知识，才知道端午节最初是人们祭祀天地的日子。	positive
人才培养的质量是衡量一所大学办得好的重要因素，大力提升人才培养水平是高等教育改革发展的战略课题。	人才培养的质量是衡量一所大学办得好的重要因素，大力提升人才培养水平是高等教育改革发展的战略课题。	positive
虽然反对贸易保护主义的呼声一年高过一年，但是，某些国家的贸易保护仍旧时有发生，这些短视行为，最终只会阻碍世界经济的发展。	虽然反对贸易保护主义的呼声一年高过一年，但是，某些国家的贸易保护仍旧时有发生，这些短视行为，最终只会阻碍世界经济的发展。	positive
某文化局长因工作需要调任交通银行行长，收入提高了十几倍；后改任财政局长，收入又降到了行长任上的十几分之一。	某文化局长因工作需要调任交通银行行长，收入提高了十几倍；后改任财政局长，收入又降到了行长任上的十几分之一。	positive
江西丰城发电厂冷却塔坍塌，事故发生后，该省的主要领导赶赴事故现场，指导救援工作，召开现场会议和具体部署。	江西丰城发电厂冷却塔坍塌，事故发生后，该省的主要领导赶赴事故现场，指导救援工作，召开现场会议和具体部署。	positive
高中生的写作要有公民意识，不仅我们要关注社会上的重大事件，表现重大的社会问题，更要注意从身边的普通人和日常生活入手，关注社会，关注人生。	高中生的写作要有公民意识，不仅我们要关注社会上的重大事件，表现重大的社会问题，更要注意从身边的普通人和日常生活入手，关注社会，关注人生。	positive
通过瓜德尔港，中国船只与商品能够更快到达中东及波斯湾地区，为中国的能源运输提供了新的功能。	通过瓜德尔港，中国船只与商品能够更快到达中东及波斯湾地区，为中国的能源运输提供了新的路径。	negative
网络运用的自如开放，使得网络小说在语言、风格和结构等方面明显有别于传统小说，因此，网络小说越来越多地引起了年轻人的兴趣与共鸣。	网络运用的自如开放，使得网络小说在语言、风格和结构等方面明显有别于传统小说，因此，网络小说越来越多地引起了年轻人的兴趣与共鸣。	positive
国家层面第一个网约车监管法规出台，给予了网约车合法、规范发展。	国家层面第一个网约车监管法规出台，促进了网约车合法、规范发展。	negative
哺乳期妇女如果仅仅依靠服用补品中的含碘量，就有可能缺碘，若不及时添加含碘食品，则有可能导致婴儿脑神经损伤或智力低下。	哺乳期妇女如果仅仅依靠服用补品中的含碘量，就有可能缺碘，若不及时添加含碘食品，则有可能导致婴儿脑神经损伤或智力低下。	positive
国家语委和央视联合推出汉字听写大会、成语大会等系列节目，展现了中国语言文字的独特魅力，为增强文化自信做出了引领和示范。	国家语委和央视联合推出汉字听写大会、成语大会等系列节目，展现了中国语言文字的独特魅力，为增强文化自信做出了引领和示范。	positive
敦煌研究院名誉院长樊锦诗，就是一位超越孤独、甘于孤独、欣享宁静的强者。她数十年如一日扎根敦煌，研究文物，信奉“祖国的需要就是我的志愿”。	敦煌研究院名誉院长樊锦诗，就是一位超越孤独、甘于孤独、欣享宁静的强者。她数十年如一日扎根敦煌，研究文物，信奉“祖国的需要就是我的志愿”。	positive
“港独”议员郑松泰早前裁定侮辱国旗及区旗罪两项罪，他任教的香港理工大学决定在他6月约满后不再续约，将于18日公开详列不续约的理由。	“港独”议员郑松泰早前被裁定侮辱国旗及区旗两项罪，他任教的香港理工大学决定在他6月约满后不再续约，将于18日公开详列不续约的理由。	negative
雾霾会影响人的健康，医生提醒大家：雾霾严重时最好不要进行户外活动，若确需外出，请切忌不忘佩戴口罩。	雾霾会影响人的健康，医生提醒大家：雾霾严重时最好不要进行户外活动，若确需外出，请切记佩戴口罩。	negative
不仅张岱的书有中国文人需要读的文化常识，还囊括了传说、段子、神药偏方等荒诞不经的内容，它就像沃土，从中能孕育出有趣的灵魂。	不仅张岱的书有中国文人需要读的文化常识，还囊括了传说、段子、神药偏方等荒诞不经的内容，它就像沃土，从中能孕育出有趣的灵魂。	positive
宁波自2005年被授予首批“全国文明城市”称号，已连续五次蝉联该荣誉，第六轮全国文明城市创建复评工作即将展开，大美甬城能否再次摘得桂冠，我们拭目以待。	宁波自2005年被授予首批“全国文明城市”称号，已连续五次蝉联该荣誉，第六轮全国文明城市创建复评工作即将展开，大美甬城能否再次摘得桂冠，我们拭目以待。	positive
截至2017年12月，我国网民规模达7.72亿；去年，我国网民人均周上网时长约为27小时左右，比2016年提高0.6个小时。	截至2017年12月，我国网民规模达7.72亿；去年，我国网民人均周上网时长约为27小时左右，比2016年提高0.6个小时。	positive
中国经济正经历L型发展阶段，从2016年下半年数据来看，银行业不良资产有见底迹象，但是否已到拐点尚无定论，银行利润在短期内很难一时恢复高增长。	中国经济正经历L型发展阶段，从2016年下半年数据来看，银行业不良资产有见底迹象，但是否已到拐点尚无定论，银行利润在短期内很难一时恢复高增长。	positive
大气污染物的排放是产生雾霾的主要原因，静稳天气多、相对湿度大、吸湿作用明显等不利因素又扩大了雾霾的严重程度。	大气污染物的排放是产生雾霾的主要原因，静稳天气多、相对湿度大、吸湿作用明显等不利因素又扩大了雾霾的严重程度。	positive
今年9月开始推行的“部编本”教材，大大增加了传统文化篇目比重，古文体裁更加多样，编写从古风民歌，到诗词绝句，从两汉论文到明清小品均有收录。	今年9月开始推行的“部编本”教材，大大增加了传统文化篇目比重，古文体裁更加多样，从古风民歌，到诗词绝句，从两汉论文到明清小品均有收录。	negative
在这部作品中，并没有给人们多少正面的鼓励，而一些情节的负面作用倒是不少。	在这部作品中，并没有给人们多少正面的鼓励，而一些情节的负面作用倒是不少。	positive
二月河创作了《康熙大帝》《雍正皇帝》《乾隆皇帝》，成为历史小说中难以逾越的丰碑，被拍成各种影视剧广为流传，他也因此在作家富豪榜中名列前茅。	二月河创作了《康熙大帝》《雍正皇帝》《乾隆皇帝》，成为历史小说中难以逾越的丰碑，被拍成各种影视剧广为流传，他也因此在作家富豪榜中名列前茅。	positive
这最后一天的劳动是同学们最紧张、最愉快、最有意义的一天。	这最后一天的劳动是同学们最紧张、最愉快、最有意义的一天。	positive
事实证明，只有真正愿意与消费者进行精神沟通的品牌，只有真正坚守初心的品牌，更能获得消费者的青睐的目光。	事实证明，只有真正愿意与消费者进行精神沟通的品牌，只有真正坚守初心的品牌，更能获得消费者的青睐。	negative
马就是这样，它奔放有力却不任人随意欺凌，毫无凶暴之相；它优美柔顺却不让人畏惧，并不懦弱。	马就是这样，它奔放有力却不任人随意欺凌，毫无凶暴之相；它优美柔顺却不让人畏惧，并不懦弱。	positive
在当前“山寨”建筑、模仿风盛行的大背景下，使人们期待大学能够成为一股“清流”，能够耐得住寂寞，至少不加入“山寨者”之列。	在当前“山寨”建筑、模仿风盛行的大背景下，使人们期待大学能够成为一股“清流”，能够耐得住寂寞，至少不加入“山寨者”之列。	positive
我国将近百分之六十以上的青少年认为“诚实守信”“助人为乐”是传统美德。	我国百分之六十以上的青少年认为“诚实守信”“助人为乐”是传统美德。	negative
7月2日，美国“斯特西姆”号导弹驱逐舰擅自进入中国西沙群岛领海．严重侵犯中国主权和有关海域的和平、安全以及良好秩序，是严重的政治和军事挑衅行动。	7月2日，美国“斯特西姆”号导弹驱逐舰擅自进入中国西沙群岛领海。严重侵犯中国主权和有关海域的和平、安全以及良好秩序，是严重的政治和军事挑衅行动。	negative
期中考试结束后，一些成绩不够理想的同学暗下决心，要发愤图强，刻苦拼搏，力争在下一次考试中再创佳绩，不辜负老师的期望。	期中考试结束后，一些成绩不够理想的同学暗下决心，要发愤图强，刻苦拼搏，力争在下一次考试中再创佳绩，不辜负老师的期望。	positive
为进一步保障公众用药安全，国家食品药品监督管理总局决定对匹多莫德制剂说明书进行修订，降低了适应症范围，并明确指出3岁以下儿童禁用。	为进一步保障公众用药安全，国家食品药品监督管理总局决定对匹多莫德制剂说明书进行修订，降低了适应症范围，并明确指出3岁以下儿童禁用。	positive
在江苏省招生的清华大学负责人说，江苏教育部门虽然对等级要求还没有明确表态，但从目前清华大学招办反馈的信息看，学校认为2008年“AA+”这一等级要求比较合理。	在江苏省招生的清华大学负责人说，江苏教育部门虽然对等级要求还没有明确表态，但从目前清华大学招办反馈的信息看，学校认为2008年“AA+”这一等级要求比较合理。	positive
我国部分地区已开始建立医药产品的追溯体系，使用信息化技术采集留存生产过程、原料来源、购销记录等信息，保证药品可以追溯。	我国部分地区已开始建立医药产品的追溯体系，使用信息化技术采集留存生产过程、原料来源、购销记录等信息，保证药品可以追溯。	positive
在2017年度全省特色小镇考核和2017年度杭州特色小镇考核中，建德航空小镇均获得优秀，是唯一获得4A通航特色小镇称号。	在2017年度全省特色小镇考核和2017年度杭州特色小镇考核中，建德航空小镇均获得优秀，是唯一获得4A通航特色小镇称号。	positive
高中语文课标强调，课内必读书目中传统的经典作品必须应占1/2以上，因为高中孩子学习古诗文的能力毕竟增强了。	高中语文课标强调，课内必读书目中传统的经典作品应占1/2以上，因为高中孩子学习古诗文的能力毕竟增强了。	negative
咬文嚼字有时是一个不好的坏习惯，所以这个成语的含义通常不很好。	咬文嚼字有时是一个不好的习惯，所以这个成语的含义通常不好。	negative
每年的高考日都是一年中最令人关切的日子．与高考有关的每一次政策调整，不仅触动社会最为敏感的神经，也会关系到广大学子的切身利益。	每年的高考日都是一年中最令人关切的日子。与高考有关的每一次政策调整，不仅触动社会最为敏感的神经，也会关系到广大学子的切身利益。	negative
新能源空铁列车具有平衡舒适安全性高，节能环保噪音低，占地少适应性强，景象美观视野开阔，是一种现代化新型交通工具。	新能源空铁列车具有平衡舒适安全性高，节能环保噪音低，占地少适应性强，景色美观视野开阔，是一种现代化新型交通工具。	negative
有些全国人大代表提交议案，建议在《刑法》中增加浪费罪，一时把“公款吃喝定罪”话题推到风口浪尖。	有些全国人大代表提交议案，建议在《刑法》中增加浪费罪，一时把“公款吃喝定罪”话题推到风口浪尖。	positive
北京时间10月17日7时30分，搭载着神舟十一号载人飞船的长征二号F遥十一运载火箭在酒泉卫星发射中心成功点火升空。神舟十一号飞行员是由航天员景海鹏和陈冬组成，景海鹏担任指令长。	北京时间10月17日7时30分，搭载着神舟十一号载人飞船的长征二号F遥十一运载火箭在酒泉卫星发射中心成功点火升空。神舟十一号飞行乘组由航天员景海鹏和陈冬组成，景海鹏担任指令长。	negative
近日，我国利用性能最好的超级服务器曙光3000实现了关键的基因组测序和组装分析工作，率先完成了水稻基因组“工作框架图”和数据库。	近日，我国利用性能最好的超级服务器曙光3000实现了关键的基因组测序和组装分析工作，率先完成了水稻基因组“工作框架图”和数据库。	positive
云南普洱地震发生后，国家主席习近平作出重要指示，强调有关部门要全力以赴抢救受伤群众，要求驻地解放军和武警部队等有关方面妥善做好群众避险和安置。	云南普洱地震发生后，国家主席习近平作出重要指示，强调有关部门要全力以赴抢救受伤群众，要求驻地解放军和武警部队等有关方面妥善做好群众避险和安置。	positive
这秋蝉的嘶叫，在北平可和蟋蟀耗子一样，简直像是家家户户养在家里的家虫。	这秋蝉的嘶叫，在北平可和蟋蟀耗子一样，简直像是家家户户养在家里的家虫。	positive
有学者认为，当“网生代”的观众成为决定电影市场权力支配者的时候，应防止不要让大众娱乐走向低俗的偏向。	有学者认为，当“网生代”的观众成为决定电影市场权力支配者的时候，应防止让大众娱乐走向低俗的偏向。	negative
根据这份由中国火箭技术研究院和中国火箭运载研究院提供的研究报告显示，中国目前的火箭运载能力足够保证完成发射任务。	根据这份由中国火箭技术研究院和中国火箭运载研究院提供的研究报告显示，中国目前的火箭运载能力足够保证完成发射任务。	positive
经典的魅力在于经典作品以经典的方式触及、表达和思考了人类生存的基本问题，不仅指向现实，也指向未来。	经典的魅力在于经典作品以经典的方式触及、表达和思考了人类生存的基本问题，不仅指向现实，也指向未来。	positive
地球是一个家，无论哪一种生命灭绝，对地球都是伤害，一旦生态被人类破坏，所有的不好的恶果最后也将由人类承担。	地球是一个家，无论哪一种生命灭绝，对地球都是伤害，一旦生态被人类破坏，所有的不好的恶果最后也将由人类承担。	positive
狄仁杰指着作恶多端的贪官污吏，大声喝道：“不是不报，时辰未到．今天是你们的死期到了！”。	狄仁杰指着作恶多端的贪官污吏，大声喝道：“不是不报，时辰未到。今天是你们的死期到了！”	negative
尤瓦尔・赫拉利写作了《人类简史》一经上市就登上了以色列畅销书排行榜第一名，蝉联榜首长达100周，30多个国家争相购买版权。	尤瓦尔・赫拉利所著的《人类简史》一经上市就登上了以色列畅销书排行榜第一名，蝉联榜首长达100周，30多个国家争相购买版权。	negative
有时候，人们容易看到自己的长处和别人的短处，不容易看到别人的长处和自己的短处。	有时候，人们容易看到自己的长处和别人的短处，不容易看到别人的长处和自己的短处。	positive
王勃的文章能为江山增色，为天地增辉；正是他的文章，造就了滕王阁的美名，成为登临的名胜。	王勃的文章能为江山增色，为天地增辉；正是他的文章，造就了滕王阁的美名，成为登临的名胜。	positive
“双创特区”以围绕聚集青年大学生、高校和科研院所科技人才、海外人才、企事业人员四类人才为重点，创新创业。	“双创特区”以围绕和聚集青年大学生、高校和科研院所科技人才、海外人才、企事业人员四类人才为重点，创新创业。	negative
近年来世界艺术品拍卖价格屡创新高，许多有眼光的国际大商人纷纷购买、收藏有价值的艺术品，希望以这种投资方式实现资产保值和增值。	近年来世界艺术品拍卖价格屡创新高，许多有眼光的国际大商人纷纷购买、收藏有价值的艺术品，希望以这种投资方式实现资产保值和增值。	positive
现在，天山虽然并不是春天，但是没有哪一个春天的花园比得上这时天山的无边繁花，没有哪一个春天的草场比得上这时天山的盎然绿意。	现在，天山虽然并不是春天，但是没有哪一个春天的花园比得上这时天山的无边繁花，没有哪一个春天的草场比得上这时天山的盎然绿意。	positive
一到冬天，有的同学就借口交通拥堵、公共汽车又久等不来为名，常常迟到。	一到冬天，有的同学就借口交通拥堵、公共汽车迟迟不来为名，常常迟到。	negative
“人人车”顶峰时期覆盖90多个城市，如今剧减为30几个城市，这使新老员工慌乱起来，创始人李健“流血融资”，这实属是稳定军心的不得已做法。	“人人车”顶峰时期覆盖90多个城市，如今骤减为30多个城市，这使新老员工慌乱起来，创始人李健“流血融资”，这实属稳定军心的不得已做法。	negative
中小学老师职称评审将不以论文作为限制性条件，师德有问题者将被“一票否决”，此外将加大一线教师特别是农村教师倾斜的力度。	中小学老师职称评审将不以论文作为限制性条件，师德有问题者将被“一票否决”，此外将加大一线教师特别是农村教师倾斜的力度。	positive
微电影是在新媒体平台上播放，具有完整策划和系统制作过程、完整故事情节，可以单独成片，也可以系列成剧。	微电影是在新媒体平台上播放，具有完整策划和系统制作过程、完整故事情节，可以单独成片，也可以系列成剧。	positive
通过环境保护部18个督察组对京津冀等重点城市大气污染治理工作开展了专项督查，发现多地存在企业违法违规复产的现象。	通过环境保护部18个督察组对京津冀等重点城市大气污染治理工作开展了专项督查，发现多地存在企业违法违规复产的现象。	positive
根据气象资料分析，长江中下游近期基本无降雨过程，仅江苏和浙江的部分地区可能有短时小到中雨。	根据气象资料分析，长江中下游近期基本无降雨过程，仅江苏和浙江的部分地区可能有短时小到中雨。	positive
小品这种表演形式，每届春晚都会让观众抹几把感动的泪水，有时甚至达到让人欢喜让人忧、台上台下齐动情，但看多了，你就会觉得有点矫情、煽情。	小品这种表演形式，每届春晚都会让观众抹几把感动的泪水，有时甚至达到让人欢喜让人忧、台上台下齐动情，但看多了，你就会觉得有点矫情、煽情。	positive
美国医疗协会所出版的一份专门刊物中指出，一剂对人体无害的广泛使用的综合药物，在患者服用之后，会持续地破坏维生素C达3个星期以上。	美国医疗协会所出版的一份专门刊物中指出，一剂对人体无害的广泛使用的综合药物，在患者服用之后，会持续地破坏维生素C达3个星期以上。	positive
中国机动车数量高速增长，导致人的驾车文明程度不高，确实到了推动依法文明驾车，建立与中国机动车发展相适应的现代交通秩序的时候。	中国机动车数量高速增长，导致人的驾车文明程度不高，确实到了推动依法文明驾车，建立与中国机动车发展相适应的现代交通秩序的时候。	positive
德化位于福建中部，是与江西景德镇、湖南醴陵齐名的中国古代三大瓷都；宋代开始，德化瓷就源源不断销往世界各地。	德化位于福建中部，是与江西景德镇、湖南醴陵齐名的中国古代三大瓷都；宋代开始，德化瓷就源源不断销往世界各地。	positive
科学技术的发展，使人类获得了遨游太空的梦想，获得认识自然认识宇宙的新基点，新条件，这是人类文明史。	科学技术的发展，使人类实现了遨游太空的梦想，获得了认识自然和认识宇宙的新基点，新条件，这是人类文明史。	negative
武大官方微博开通了互动平台，将对不文明行为进行监督。对于行为恶劣的失信游客，武汉大学将在预约系统中标记其身份，今后预约将会拒绝。	武大官方微博开通了互动平台，将对不文明行为进行监督。对于行为恶劣的失信游客，武汉大学将在预约系统中标记其身份，今后预约将会拒绝。	positive
北京地铁新版手机客户端（APP）将更新上线，新版APP将为乘客提供线路搭乘及票价查询、周边地标查询、运营故障信息推送等功能。	北京地铁新版手机客户端（APP）将更新上线，新版APP将为乘客提供线路搭乘及票价查询、周边地标查询、运营故障信息推送等功能。	positive
针对近日央视《经济半小时》关于三维集团废水排放问题的报道，三维集团表示诚恳接受媒体监督，并向社会各界、沿途村庄百姓深表歉意。	针对近日央视《经济半小时》关于三维集团废水排放问题的报道，三维集团表示诚恳接受媒体监督，并向社会各界、沿途村庄百姓深表歉意。	positive
在2018年俄罗斯世界杯比赛中，姆巴佩虽然惊艳了世界，但法国队夺冠的关键人物却是保罗•博格巴和格列兹曼。	在2018年俄罗斯世界杯比赛中，姆巴佩虽然惊艳了世界，但法国队夺冠的关键人物却是保罗•博格巴和格列兹曼。	positive
记者5日从国家气象局获悉，3日以来我国北方出现了今年以来强度最大的一次沙尘暴天气过程，全国五分之一到六分之一的地区受到影响，多地PM10浓度爆表。	记者5日从国家气象局获悉，3日以来我国北方出现了今年以来强度最大的一次沙尘暴天气过程，全国五分之一到六分之一的地区受到影响，多地PM10浓度爆表。	positive
有效调控食品安全，既关系到人的身体健康，也有利于社会和谐稳定。	有效调控食品安全，既关系到人的身体健康，也有利于社会和谐稳定。	positive
借助各种金融工具投机炒房，不仅无益于中国经济持久健康地发展，也将给投机者自身带来巨大风险。	借助各种金融工具投机炒房，不仅无益于中国经济持久健康地发展，也将给投机者自身带来巨大风险。	positive
一个人是否拥有健康的体魄，关键在于持之以恒地参加体育锻炼。	一个人是否拥有健康的体魄，关键在于持之以恒地参加体育锻炼。	positive
“十三五”时期是全面建成小康社会的决胜阶段，必须切实践行和牢固树立创新、协调、绿色、开放、共享的发展理念。	“十三五”时期是全面建成小康社会的决胜阶段，必须切实践行和牢固树立创新、协调、绿色、开放、共享的发展理念。	positive
荆轲刺秦王对于大家都不陌生，大多数人认为荆轲是一位勇士，虽刺秦王失败，但也凸显了不怕牺牲的精神，但也有人认为荆轲刺秦王的失败，加速了燕国的灭亡。	荆轲刺秦王对于大家都不陌生，大多数人认为荆轲是一位勇士，虽刺秦王失败，但也凸显了不怕牺牲的精神，也有人认为荆轲刺秦王的失败，加速了燕国的灭亡。	negative
杭州G20峰会志愿服务活动是一次难忘的经历，服务过程中我看到了各位组织者、志愿者为此付出的心血。	杭州G20峰会志愿服务活动是一次难忘的经历，服务过程中我看到了各位组织者、志愿者为此付出的心血。	positive
今天我们学校来了大约一百多位参观者。	今天我们学校来了大约一百多位参观者。	positive
来了客人，许先生没有不下厨的。菜食很丰富，都是用大碗装着，起码四五碗，多则七八碗。	来了客人，许先生没有不下厨的。菜食很丰富，都是用大碗装着，起码四五碗，多则七八碗。	positive
以“和谐之旅”命名的北京奥运火炬全球传递活动，激发了我国各族人民的爱国热情、也吸引了世界各国人民的高度关注。	以“和谐之旅”命名的北京奥运火炬全球传递活动，激发了我国各族人民的爱国热情，也吸引了世界各国人民的高度关注。	negative
这次再版的长篇小说的作者都是很有名气的，如陈忠实的《白鹿原》，路遥的《平凡的世界》，莫言《透明的红萝卜》。	这次再版的长篇小说的作者都是很有名气的，如陈忠实的《白鹿原》，路遥的《平凡的世界》，莫言的《透明的红萝卜》。	negative
我们的报刊、杂志和一切出版物，更有责任做出表率，增强使用语言文字的规范意识。	我们的报刊、杂志和一切出版物，更有责任做出表率，增强使用语言文字的规范意识。	positive
云南普洱市计划建立一个占地约4000亩的“大象食堂”作为缓冲地带，野生大象有了芭蕉、玉米等食物，以缓解人象矛盾。	云南普洱市计划建立一个占地约4000亩的“大象食堂”作为缓冲地带，野生大象有了芭蕉、玉米等食物，以缓解人象矛盾。	positive
起源于中国的“石头、剪刀、布”游戏，随着亚欧贸易的不断开展，近百年来越来越多的欧洲人参与其中，玩得不亦乐乎。	起源于中国的“石头、剪刀、布”游戏，随着亚欧贸易的不断开展，近百年来越来越多的欧洲人参与其中，玩得不亦乐乎。	positive
在本报对102国道黑加油点乱象报道后，此事引起了政府的高度重视，政府经研究决定将在全县范围内深入开展了集中整治行动。	在本报对102国道黑加油点乱象报道后，此事引起了政府的高度重视，政府经研究决定将在全县范围内深入开展集中整治行动。	negative
举办这次手机博览会是为了让人民群众了解手机，从而达到人们能充分利用手机供自己更好地交流之便。	举办这次手机博览会是为了让人民群众了解手机，从而达到人们能够充分利用手机为自己更好地交流提供便利。	negative
受不利气象条件影响，京津冀及周边地区将发生今年入秋以来最严重的一次重污染天气过程，北京等20多个城市将同步启动红色预警。	受不利气象条件影响，京津冀及周边地区将发生今年入秋以来最严重的一次重污染天气过程，北京等20多个城市将同步启动红色预警。	positive
专家指点，扁豆的加工方法是要本着破坏这种有毒物质为原则，比如把扁豆均匀加热至100度，再小火煮10分钟。	专家指点，扁豆的加工方法是要以破坏这种有毒物质为原则，比如把扁豆均匀加热至100度，再小火煮10分钟。	negative
紫苏是一味中药，也是上好的调味菜蔬--生拌，或佐以咸菜，去毒，开胃，深受城市居民所喜爱。	紫苏是一味中药，也是上好的调味菜蔬--生拌，或佐以咸菜，去毒，开胃，深受城市居民所喜爱。	positive
这个国家的国防部开启了国防改革涉及兵力规模结构、国防运营、防卫事业、军营文化改革等四大领域，直指联合作战能力提升等重大问题。	这个国家的国防部开启了国防改革涉及兵力规模结构、国防运营、防卫事业、军营文化改革等四大领域，直指联合作战能力提升等重大问题。	positive
清河镇是一个新开发的旅游区，这里保留了明清时期的一些建筑，有独特价值，来这里旅游的人很多，日均游客每天在500人以上。	清河镇是一个新开发的旅游区，这里保留了明清时期的一些建筑，有独特价值，来这里旅游的人很多，日均游客在500人以上。	negative
“财政悬崖”问题只是表象，它的根源是美国长期积累的高债务、高赤字问题造成的，是美国式“经济结构”问题，它的化解也需要较长的过程。	“财政悬崖”问题只是表象，它的根源是美国长期积累的高债务、高赤字问题造成的，是美国式“经济结构”问题，它的化解也需要较长的过程。	positive
如果拇指和手腕活动频繁，长期玩手机、用电脑打字，控制拇指活动的肌腱桡骨茎突部的腱鞘内反复摩擦，就会产生炎症反应，局部水肿和纤维化。	如果拇指和手腕活动频繁，长期玩手机、用电脑打字，控制拇指活动的肌腱桡骨茎突部的腱鞘内反复摩擦，就会产生炎症反应，局部水肿和纤维化。	positive
“一带一路”是我国站在全球命运共同体，发起了共商规则、共建平台、共享资源、共同发展的联动发展倡议。	“一带一路”是我国站在全球命运共同体背景下，发起共商规则、共建平台、共享资源、共同发展的联动发展倡议。	negative
1949年9月，他的叔父出生于湖南湘潭的一个书香门第之家。	1949年9月，他的叔父出生于湖南湘潭的一个书香门第之家。	positive
在文学批评这个行当里，有所偏爱，是一件特别幸福的事儿，每逢谈论所钟爱的诗、人的作品，就如恋人絮语，不但自己陶醉其中，也最能感染读者。	在文学批评这个行当里，有所偏爱，是一件特别幸福的事儿，每逢谈论所钟爱的诗、人的作品，就如恋人絮语，不但自己陶醉其中，也最能感染读者。	positive
为切实解决社会反映强烈的热点问题，减轻车主负担，我市发改委通过“走出去，请进来、再规范”等多项举措，切实保障了高速公路车辆救援服务和收费规范。	为切实解决社会反映强烈的热点问题，减轻车主负担，我市发改委通过“走出去，请进来、再规范”等多项举措，切实保障了高速公路车辆救援服务和收费规范。	positive
盐通铁路项目的建成，将大大缩减盐城与上海的时空距离，真正融入上海“一小时经济圈”，对推动我市经济社会发展、加快建设新盐城具有重要意义。	盐通铁路项目的建成，将大大缩减盐城与上海的时空距离，真正融入上海“一小时经济圈”，对推动我市经济社会发展、加快建设新盐城具有重要意义。	positive
在中医药学和现代医药科学紧密结合的原则下，我的团队运用现代科学和技术，继承了中医药学的精髓，成功地从青蒿中提取出并发现青蒿素。	在中医药学和现代医药科学紧密结合的原则下，我的团队运用现代科学和技术，继承了中医药学的精髓，成功地从青蒿中提取并发现青蒿素。	negative
只有让每一个公安民警深刻地认识到拥有执法权意味着更多的责任和义务，才能避免过去一些执法不规范，不文明等突出问题的不再发生。	只有让每一个公安民警深刻地认识到拥有执法权意味着更多的责任和义务，才能避免过去一些执法不规范，不文明等突出问题的再次发生。	negative
他的父亲是位国学爱好者，他家藏书颇丰，诸子散文、诗歌小说，唐诗宋词元曲等经典著作摆满了书架。	他的父亲是位国学爱好者，他家藏书颇丰，诸子散文、诗歌小说，唐诗宋词元曲等经典著作摆满了书架。	positive
相关负责人表示，此次基准地价成果平均水平约为同区域公开出让地块成交价格的75%左右，市场成交价格与基准地价差异明显。	相关负责人表示，此次基准地价成果平均水平约为同区域公开出让地块成交价格的75%左右，市场成交价格与基准地价差异明显。	positive
山东旅游局就青岛大虾事件道歉，并设立公众投书受理中心，正式对外办公，声称坚决杜绝类似事件不再发生。	山东旅游局就青岛大虾事件道歉，并设立消费者投诉受理中心，正式对外办公，声称坚决杜绝类似事件不再发生。	negative
面对人工智能的新发展，复旦师生将不断寻求实现未来智能科技领域的重大原始突破，从而加快人工智能技术推动产业升级、促进城市发展、改善民生。	面对人工智能的新发展，复旦师生将不断寻求实现未来智能科技领域的重大原始突破，从而加快人工智能技术推动产业升级、促进城市发展、改善民生。	positive
网络这个社交平台，让尽可能多的普通用户参与到产品设计、制造、销售的过程中来，营造出“我的商品我做主”的体验境界。	网络这个社交平台，让尽可能多的普通用户参与到产品设计、制造、销售的过程中来，营造出“我的商品我做主”的体验境界。	positive
本次展览征集了近千幅家庭老照片，这些照片是家庭生活的瞬间定格，却无不刻有时代的痕迹，让人过目难忘。	本次展览征集了近千幅家庭老照片，这些照片是家庭生活的瞬间定格，却无不刻有时代的痕迹，让人过目难忘。	positive
主席了解人民群众最关心的就是教育、收入、医疗、养老、居住、民生等方面的事情。	主席了解人民群众最关心的就是教育、收入、医疗、养老、居住、民生等方面的事情。	positive
李克强表示，中国的太极拳和印度的瑜伽术是两个东方文明的结晶，也是两国古代文化的瑰宝，至今长盛不衰。	李克强表示，中国的太极拳和印度的瑜伽术是两个东方文明的结晶，也是两国古代文化的瑰宝，至今长盛不衰。	positive
贝母是一种多年生草本植物，因其鳞茎具有止咳化痰、清热散结的神奇功效，常常采集起来，加工成药材。	贝母是一种多年生草本植物，因其鳞茎具有止咳化痰、清热散结的神奇功效，常常采集起来，加工成药材。	positive
联合国第三委员会通过有关朝鲜人权问题的决议案，谴责朝鲜境内“长期持续存在有系统普遍和严重侵犯人权”，要求将此问题提交给国际刑事法庭处理，“审判朝鲜最高领导人金正恩”。	联合国第三委员会通过有关朝鲜人权问题的决议案，谴责朝鲜境内“长期持续存在系统普遍和严重侵犯人权”，要求将此问题提交给国际刑事法庭处理，“审判朝鲜最高领导人金正恩”。	negative
止咳祛痰片是我厂里新产品，它的主要成分是远志、桔梗、贝母、氯化铵等配置而成。	止咳祛痰片是我厂里新产品，它的主要成分是远志、桔梗、贝母、氯化铵等配制而成。	negative
考古工作者在发掘的大汶口文化遗物中，一幅太阳从山巅升起中间云烟缭绕的画格外引人注目，据说这是我国最古老的“旦”字的写法。	考古工作者在发掘的大汶口文化遗物中，一幅太阳从山巅升起云烟缭绕的中间的画格外引人注目，据说这是我国最古老的“旦”字的写法。	negative
今年，省上将新增20万亩林地，主要种植在受污染物影响较大的地方，如高速路或主干道的路边，对尾气削减和扬尘会有很好的作用。	今年，省上将新增20万亩林地，主要种植在受污染物影响较大的地方，如高速路或主干道的路边，对尾气削减和扬尘会有很好的作用。	positive
他的文章，往往于细微处见真情，比如这轻描淡写的一笔，在读者反复揣摩文意的过程中，品尝到一丝丝甜蜜。	他的文章，往往在细微处见真情，比如这轻描淡写的一笔，在读者反复揣摩文意的过程中，品尝到一丝丝甜蜜。	negative
经济学家李韬葵预测：房价飞涨、牟取暴利、大规模开发然后卖房的时代过去了，但是准二线城市，如徐州、菏泽临沂等人口超过1000多万的城市，房价可能还会上涨。	经济学家李韬葵预测：房价飞涨、牟取暴利、大规模开发然后卖房的时代过去了，但是准二线城市，如徐州、菏泽临沂等人口超过1000万的城市，房价可能还会上涨。	negative
在激烈的市场竞争中，很多企业所缺乏的，一是勇气不足，二是谋略不当。	在激烈的市场竞争中，很多企业所缺乏的，一是勇气不足，二是谋略不当。	positive
虽然蔡元培在担任北大校长时提出的“思想自由，兼容并包”的办学原则没有被明确定为校训，但是对之后北大较长时间的办学发展发挥了重要作用。	虽然蔡元培在担任北大校长时提出的“思想自由，兼容并包”的办学原则没有被明确定为校训，但是对之后北大较长时间的办学发展发挥了重要作用。	positive
皮影戏最早始于秦汉，作为其中的杰出代表，华县皮影戏凭借雕刻精美的艺术造型、奇妙精湛的演出技巧和婉转优美的唱腔在众多皮影戏流派中独树一帜，享有“中华一绝”的美誉。	皮影戏最早始于秦汉，作为其中的杰出代表，华县皮影戏凭借雕刻精美的艺术造型、奇妙精湛的演出技巧和婉转优美的唱腔在众多皮影戏流派中独树一帜，享有“中华一绝”的美誉。	positive
该报指出，这次会晤的主要意义，在于善意姿态、长远战略和历史方向，多于具体互惠措施的落实。	该报指出，这次会晤的主要意义，在于善意姿态、长远战略和历史方向，多于具体互惠措施的落实。	positive
当前，企业生产利润如何？投资方向会调整吗？记者日前在多省市展开调查，不少靠实业起家、仍依靠实业创新发展的企业家给出了肯定的答案。	当前，企业生产利润如何？投资方向会调整吗？记者日前在多省市展开调查，不少靠实业起家、仍依靠实业创新发展的企业家给出了肯定的答案。	positive
城市管理方面专家提出，共享自行车的发展空间要与市民短途出行需求、城市空间承受能力、道路资源和停放设施承载能力相匹配。	城市管理方面专家提出，共享自行车的发展空间要与市民短途出行需求、城市空间承受能力、道路资源和停放设施承载能力相匹配。	positive
吉林人民出版社出版的《沙乡年鉴》，作者是具有“近代环保之父”之称的美国作家、生态学家、土地伦理学家奥尔多•利奥波德作者之手。	吉林人民出版社出版的《沙乡年鉴》，作者是具有“近代环保之父”之称的美国作家、生态学家、土地伦理学家奥尔多•利奥波德。	negative
今年五一节前夕，发改委发出紧急通知，禁止空调厂商和经销商不得以价格战的手段进行不正当竞争。	今年五一节前夕，发改委发出紧急通知，禁止空调厂商和经销商以价格战的手段进行不正当竞争。	negative
只有不断激发更多青少年的科学热情，培养他们永不停息的探索精神，才能把中国建设成为科技强国、创新型国家打下重要的人才根基。	只有不断激发更多青少年的科学热情，培养他们永不停息的探索精神，才能为建设成为科技强国、创新型国家打下重要的人才根基。	negative
德州市退休教师杨老师退休后没有享受一天的安逸生活，而是倾尽他自己四十多年工作获得的所有积蓄，在自家创办了家庭课外辅导站，把家园变成了“校园”。	德州市退休教师杨老师退休后没有享受一天的安逸生活，而是倾尽他自己四十多年工作获得的所有积蓄，在自家创办了家庭课外辅导站，把家园变成了“校园”。	positive
奥斯卡金像奖设立以来，不仅对世界许多国家的电影艺术有着不可忽视的影响，而且反映美国电影艺术的发展进程，一直享有盛誉。	奥斯卡金像奖设立以来，不仅对世界许多国家的电影艺术有着不可忽视的影响，而且反映美国电影艺术的发展进程，一直享有盛誉。	positive
中国国家流感中心顺利通过了世卫组织评估，成为第五个世卫组织全球流感参与和研究合作中心，未来将在流感的控制和预防等方面发挥作用。	中国国家流感中心顺利通过了世卫组织评估，成为第五个世卫组织全球流感参与和研究合作中心，未来将在流感的控制和预防等方面发挥作用。	positive
校园欺凌已经成为青少年成长过程中面临的一大困境，青少年成长问题令人堪忧。	校园欺凌已经成为青少年成长过程中面临的一大困境，青少年成长问题令人堪忧。	positive
北京时间7月12日，凭借着曼朱基奇在加时赛的进球，克罗地亚2比1战胜英格兰。这是格子军团首次闯进世界杯决赛。短暂的休息后，克罗地亚将于7月15日与法国队争夺冠亚军。	北京时间7月12日，凭借着曼朱基奇在加时赛的进球，克罗地亚2比1战胜英格兰。这是格子军团首次闯进世界杯决赛。短暂的休息后，克罗地亚将于7月15日与法国队争夺冠亚军。	positive
由于工资分布是典型的偏态分布，即少数人工资水平较低，多数人工资水平较高，所以多数人的工资水平会低于平均工资。	由于工资分布是典型的偏态分布，即少数人工资水平较低，多数人工资水平较高，所以多数人的工资水平会低于平均工资。	positive
几个关系到能否顺利择业的硬性指标摆在了毕业生面前：外语必须达到四级以上水平，要有计算机二级证书，要有专业资格证书……。	几个关系到能否顺利择业的硬性指标摆在了毕业生面前：外语必须达到四级以上水平，要有计算机二级证书，要有专业资格证书……	negative
偏激是思想携带的同生菌；毒素是美味河豚身上固有的，享受美味，难免不遭遇毒素．对于病态利用思维所形成的认识结果而言，此话倒是说到了要害。	偏激是思想携带的同生菌；毒素是美味河豚身上固有的，享受美味，难免遭遇毒素。对于病态利用思维所形成的认识结果而言，此话倒是说到了要害。	negative
随着近年来到德国的中国游客不断增加，马克思故居门前的留言薄上的中文留言也越来越丰富，累计最少已达一万多条。	随着近年来到德国的中国游客不断增加，马克思故居门前的留言簿上的中文留言也越来越丰富，累计最少已达一万多条。	negative
今年各地高校艺考政策进一步收紧，部分学校不仅被取消“校考招生”资格，而且一些高校削减招生计划，调整专业设置，对文化课成绩的要求进一步提高。	今年各地高校艺考政策进一步收紧，部分学校不仅被取消“校考招生”资格，而且一些高校削减招生计划，调整专业设置，对文化课成绩的要求进一步提高。	positive
今年是中国人民抗日战争和世界反法西斯战争胜利70周年纪念日，中国及世界上许多国家都要开展多种形式的纪念活动，目的是牢记这一惨痛的历史。	今年是中国人民抗日战争和世界反法西斯战争胜利70周年纪念日，中国及世界上许多国家都要开展多种形式的纪念活动，目的是牢记这一惨痛的历史。	positive
学习完孟子的一篇文章后，同学们很快就能理解并读懂孟子的其他文章了。	学习完孟子的一篇文章后，同学们很快就能理解并读懂孟子的其他文章了。	positive
提出“读其书且知其人”，体现了陈垣先生对史料全面掌握、审慎考辨，他屡次提出，研究史学的人，不论撰述什么问题，在史料上都要尽量“竭泽而渔”。	陈垣先生提出“读其书且知其人”，体现了他对史料全面掌握、审慎考辨。他屡次提出，研究史学的人，不论撰述什么问题，在史料上都要尽量“竭泽而渔”。	negative
不但优秀的科普作品传播科学知识，弘扬科学精神，还能激发探求未知世界的兴趣。	不但优秀的科普作品传播科学知识，弘扬科学精神，还能激发探求未知世界的兴趣。	positive
中医师建议，失眠症的初期患者要及时治疗，不要忌讳用药，因为治疗早期失眠的药物大多数以中成药为主，缓解病症效果明显，副作用也很小。	中医师建议，失眠症的初期患者要及时治疗，不要忌讳用药，因为治疗早期失眠的药物大多数以中成药为主，缓解病症效果明显，副作用也很小。	positive
“xx事件”在一片质疑的喧嚣声中成为政府处理网络舆情的实验性标本，有专家认为，目前的当务之急是保证调查程序的公正性、信息的透明化，让人信服。	“xx事件”在一片质疑的喧嚣声中成为政府处理网络舆情的实验性标本，有专家认为，目前的当务之急是保证调查程序的公正性、信息的透明化，让人信服。	positive
8月26日凌晨，京珠高速韶关段发生一起特大车祸，一辆大客车从后撞上一辆停下维修的大货车，造成17人死亡．交警部门提醒司机规范操作，最大限度地消除潜在的隐患。	8月26日凌晨，京珠高速韶关段发生一起特大车祸，一辆大客车从后撞上一辆停下维修的大货车，造成17人死亡。交警部门提醒司机规范操作，最大限度地消除潜在的隐患。	negative
“五四”之际，团中央官方微博主持的“青年大学习”话题讨论，汇集了各级团组织推出的精品，总阅读量近5000余万次。	“五四”之际，团中央官方微博主持的“青年大学习”话题讨论，汇集了各级团组织推出的精品，总阅读量近5000余万次。	positive
7月5日晚到6日，武汉全城百余处被淹，交通瘫痪，部分地区电力、通讯中断的原因是城区再遭强降雨袭击造成的。	7月5日晚到6日，武汉全城百余处被淹，交通瘫痪，部分地区电力、通讯中断的原因是城区再遭强降雨袭击。	negative
山鸡椒的花、叶和果实均含芳香油，从油中提取的柠檬醛，为配制食用香精和化妆品香精的主要原料，都离不开它。	山鸡椒的花、叶和果实均含芳香油，从油中提取的柠檬醛，为配制食用香精和化妆品香精的主要原料，都离不开它。	positive
每周四发的薪水，往往在周五、周六两天里就被挥霍一空，有些上班族甚至连下周二、周三的伙食费都提前预支了。	每周四发的薪水，往往在周五、周六两天里就被挥霍一空，有些上班族甚至连下周二、周三的伙食费都提前预支了。	positive
由于青少年心智尚未成熟，好奇心又强，对事物缺乏分辨能力，容易被大众媒介中的不良信息诱导，从而产生思想上、行为上的偏差。	由于青少年心智尚未成熟，好奇心又强，对事物缺乏分辨能力，容易被大众媒介中的不良信息诱导，从而产生思想上、行为上的偏差。	positive
一个时代有一个时代的气质，我们的时代将以怎样的面貌被书写，取决于我们每个人的优异表现。	一个时代有一个时代的气质，我们的时代将以怎样的面貌被书写，取决于我们每个人的优异表现。	positive
艾滋病（AIDS）是一种传染病，其病毒通过性接触或血液、母婴等途径传播，侵入人体后，使人体丧失对病原体的免疫能力。	艾滋病（AIDS）是一种传染病，其病毒通过性接触或血液、母婴等途径传播，侵入人体后，使人体丧失对病原体的免疫能力。	positive
神舟十一号飞船发射以来，航天员景海鹏和陈冬不仅完成了手控指令发送、返回舱舱门开启等工作，而且地面工作人员也与他们进行了通话。	神舟十一号飞船发射以来，航天员景海鹏和陈冬不仅完成了手控指令发送、返回舱舱门开启等工作，还地面工作人员也与他们进行了通话。	negative
专家提醒我们，虽然用微波炉加热食品会致癌的说法没有科学的依据，但在使用微波炉时一定要按说明书操作，切忌不要盲目乱用。	专家提醒我们，虽然用微波炉加热食品会致癌的说法没有科学的依据，但在使用微波炉时一定要按说明书操作，切忌盲目乱用。	negative
竞聘考核上岗的人事制度改革，对那些不思进取、得过且过的干部，的确会感到压力很大。	竞聘考核上岗的人事制度改革，对那些不思进取、得过且过的干部，的确会觉得压力很大。	negative
溪洛渡水电站是世界第三大水电站，位于四川和云南交界的长江上游金沙江干流上，最大装机容量1386万千瓦，是中国西电东送的骨干工程。	溪洛渡水电站是世界第三大水电站，位于四川和云南交界的长江上游金沙江干流上，最大装机容量1386万千瓦，是中国西电东送的骨干工程。	positive
校园欺凌暴力事件频发，不仅削弱了学校的教育成果，也冲击了社会道德底线，更伤害了未成年人身心健康，应当引起家庭、学校、社会的高度重视。	校园欺凌暴力事件频发，不仅削弱了学校的教育成果，也冲击了社会道德底线，更伤害了未成年人身心健康，应当引起家庭、学校、社会的高度重视。	positive
如果学生看不到自身发展所具有的创造潜力，而一味盲目模仿“考场满分作文”，那么就会变成束缚写作能力发展的枷锁。	如果学生看不到自身发展所具有的创造潜力，而一味盲目模仿“考场满分作文”，那么就会变成束缚写作能力发展的枷锁。	positive
文艺是铸造灵魂的工程，承担着以文化人、以文育人，其作品应该用现实主义精神和浪漫主义情怀观照现实生活。	文艺是铸造灵魂的工程，承担着以文化人、以文育人，其作品应该用现实主义精神和浪漫主义情怀观照现实生活。	positive
“国庆”长假中，很多人都利用这个时间出游，怎样才能避免合法权益不受侵害，有关部门对此做了相关批示。	“国庆”长假中，很多人都利用这个时间出游，怎样才能确保合法权益不受侵害，有关部门对此做了相关批示。	negative
作为基层文艺工作者能参加“十九大”，我很荣幸，我们团队每年送戏下乡200场，受到群众热烈欢迎，还被列为国家艺术交流推广剧目。	作为基层文艺工作者能参加“十九大”，我很荣幸，我们团队每年送戏下乡200场，受到群众热烈欢迎，还被列为国家艺术交流推广剧目。	positive
在网络社交中，一个笑中带泪的表情符，表意既是清晰的又是暧昧的，因为在不同语境中，它能被解读成苦笑、笑哭了或者是无可奈何等等都可以。	在网络社交中，一个笑中带泪的表情符，表意既是清晰的又是暧昧的，因为在不同语境中，它能被解读成苦笑、笑哭或者是无可奈何等等。	negative
电视节目中主持人念错字的现象比比皆是，其主要原因是某些节目主持人文化素质不高造成的。	电视节目中主持人念错字的现象比比皆是，其主要原因是某些节目主持人文化素质不高造成的。	positive
各部门要采取有效举措，解决实际困难，通过政策保障、资金支持、志愿服务等落实关爱帮扶措施，引导人们关心、关爱道德模范的风气。	各部门要采取有效举措，解决实际困难，通过政策保障、资金支持、志愿服务等落实关爱帮扶措施，引导人们关心、关爱道德模范的风气。	positive
“有机更新”的整治理念和建造“类四合院”的住房体系构想，既能满足民众现代生活的需求，而且能很好地保护和传承老北京的建筑古韵。	“有机更新”的整治理念和建造“类四合院”的住房体系构想，既能满足民众现代生活的需求，而且能很好地保护和传承老北京的建筑古韵。	positive
一带一路倡议反映了人们的共同心愿，那就是把所有相关国家紧密联系起来，用互利共赢的合作弥散分歧、建立互信。	一带一路倡议反映了人们的共同心愿，那就是把所有相关国家紧密联系起来，用互利共赢的合作弥合分歧、建立互信。	negative
这么感人的一幕，不能不使我不掉下眼泪。	这么感人的一幕，使我掉下眼泪。	negative
纪录片《我在故宫修文物》真实记录了珍贵文物的修复过程，讲述了国家非物质文化遗产技艺传承人的日常工作和生活状态。	纪录片《我在故宫修文物》真实记录了珍贵文物的修复过程，讲述了国家非物质文化遗产技艺传承人的日常工作和生活状态。	positive
生命中的前29年，杨佳一路走来，全是鲜花和掌声．19岁时，她成为郑州大学最年轻的英语系教师；22岁时，她考入了中国科学院研究生院。	生命中的前29年，杨佳一路走来，全是鲜花和掌声。19岁时，她成为郑州大学最年轻的英语系教师；22岁时，她考入了中国科学院研究生院。	negative
铁凝的《哦，香雪》是一篇饱含诗情的小说，作品在时代变迁的大背景下，表现了在闭塞山村中生活的少女香雪对都市文明的向往，因而文笔清新自然，耐人咀嚼。	铁凝的《哦，香雪》是一篇饱含诗情的小说，作品在时代变迁的大背景下，表现了在闭塞山村中生活的少女香雪对都市文明的向往，因而文笔清新自然，耐人咀嚼。	positive
针对上海迪士尼乐园游客拥堵情况，网友推出了上海迪士尼乐园旅游攻略，内容涉及到个人时间表、注意事项、游玩详细介绍等。	针对上海迪士尼乐园游客拥堵情况，网友推出了上海迪士尼乐园旅游攻略，内容涉及到个人时间表、注意事项、游玩详细介绍等。	positive
对于南中国海的岛礁领属争端问题，奥巴马始终不认可美国没有有意遏制中国崛起，却一味强调中国应成为世界舞台上负责任的大国。	对于南中国海的岛礁领属争端问题，奥巴马始终不认可美国没有刻意遏制中国崛起，却一味强调中国应成为世界舞台上负责任的大国。	negative
《朗读者》开播后，许多广电名嘴、企业职工、机关干部、退休教师、留学生吟诵社等朗读爱好者，纷纷加入文化经典诵读的行列。	《朗读者》开播后，许多广电名嘴、企业职工、机关干部、退休教师、留学生吟诵社等朗读爱好者，纷纷加入文化经典诵读的行列。	positive
临沂市从今年起逐步建立健全小学、初中和高中三级足球联赛，通过专项资金扶持政策加大投入力度，培养优秀足球后备人才。	临沂市从今年起逐步建立健全小学、初中和高中三级足球联赛，通过专项资金扶持政策加大投入力度，培养优秀足球后备人才。	positive
一代又一代儒家学者以“返本开新”为宗旨，不断对《论语》进行创造性的诠释，由此形成了中国思想史上的经学传统。	一代又一代儒家学者以“返本开新”为宗旨，不断对《论语》进行创造性的诠释，由此形成了中国思想史上的经学传统。	positive
和平采茶戏与赣南采茶戏作为我国传统戏曲的一部分，体现出粤东地区和赣南地区客家人的耕读传家、崇文重教，具有较为特殊的地方特色及广泛的群众基础。	和平采茶戏与赣南采茶戏作为我国传统戏曲的一部分，体现出粤东地区和赣南地区客家人的耕读传家、崇文重教，具有较为特殊的地方特色及广泛的群众基础。	positive
不久前，一家网站的调查表明，我国约百分之六十左右的青年认为“诚实守信”是优秀的传统美德，是做人的基本准绳。	不久前，一家网站的调查表明，我国约百分之六十左右的青年认为“诚实守信”是优秀的传统美德，是做人的基本准绳。	positive
一百多位影视从业者联名发表了一封致媒体公开信，呼吁抵制此前已被法院判决剽窃他人作品而拒不道歉的个别艺人不应以节目导师身份出现在综艺节目中。	一百多位影视从业者联名发表了一封致媒体公开信，呼吁抵制此前已被法院判决剽窃他人作品而拒绝道歉的个别艺人不应以节目导师身份出现在综艺节目中。	negative
国家公祭日是缅怀过去、牢记历史，借以向全世界传递对于人权和文明的态度，表达热爱和平的决心的措施。	国家公祭日是缅怀过去、牢记历史，借以向全世界传递对于人权和文明的态度，表达热爱和平的决心的仪式。	negative
我在蒙胧中，又听到远处隐约的爆竹声连绵不断。	我在朦胧中，又听到远处隐约的爆竹声连绵不断。	negative
凭借低廉的劳动力成本，孟加拉的成衣业快速发展，吸引了大量知名时装品牌生产商的高度关注，孟加拉成为仅次于中国的世界第二大服装出口国。	凭借低廉的劳动力成本，孟加拉的成衣业快速发展，吸引了大量知名时装品牌生产商的高度关注，孟加拉成为仅次于中国的世界第二大服装出口国。	positive
这家乒乓球馆设施齐全，可为乒乓球爱好者提供不同档次的球台、球拍、球衣、球鞋等乒乓器材。	这家乒乓球馆设施齐全，可为乒乓球爱好者提供不同档次的球台、球拍、球衣、球鞋等乒乓器材。	positive
为方便广大学生及家长了解国家教育收费政策，接受广大群众对教育乱收费问题的投诉、举报，教育部日前开通了教育乱收费举报电话。	为方便广大学生及家长了解国家教育收费政策，接受广大群众对教育乱收费问题的投诉、举报，教育部日前开通了教育乱收费举报电话。	positive
暑假里，大家去旅游的时候一定要注意交通安全，防止不要发生意外事故。	暑假里，大家去旅游的时候一定要注意交通安全，防止发生意外事故。	negative
在我居留上海期间，这里的一切经验与我以往的日常生活和工作几乎形成了极大的反差，但当我找到具体的相似之处时，又受到震动。我对在这里体验到的中国书法、建筑、艺术和美食感到敬畏。	在我居留上海期间，这里的一切经验与我以往的日常生活和工作几乎形成了极大的反差，但当我找到具体的相似之处时，又受到震动。我对在这里体验到的中国书法、建筑、艺术和美食感到敬畏。	positive
有关统计调查显示，冬季空气质量下降，可吸入颗粒物浓度严重超标。环保专家分析认为，燃煤取暖和建筑工地扬尘是重要的污染源因素。	有关统计调查显示，冬季空气质量下降，可吸入颗粒物浓度严重超标。环保专家分析认为，燃煤取暖和建筑工地扬尘是重要的污染源因素。	positive
据实地调研显示，众多广告竟然以“打包”的方式公然“杀”进英语课本，并且一路顺风被送到了学生手中。某些人的严重失职被暴露无遗，而在这种失职背后，极有可能还藏有权钱交易的猫腻。	据实地调研显示，众多广告竟然以“打包”的方式公然“杀”进英语课本，并且一路顺风被送到了学生手中。某些人的严重失职被暴露无遗，而在这种失职背后，极有可能还藏有权钱交易的猫腻。	positive
这6份被点名的较差环评文件之所以引来如此关注，原因在于这些劣质报告问题较多，一句纰漏、失职恐怕很难说服公众。	这6份被点名的较差环评文件之所以引来如此关注，原因在于这些劣质报告问题较多，一旦纰漏、失职恐怕很难说服公众。	negative
现在，我又看到了那阔别多年的乡亲，那我从小就住惯了的山区所特有的石头茅草屋，那崎岖的街道，那熟悉的可爱的乡音。	现在，我又看到了那阔别多年的乡亲，那我从小就住惯了的山区所特有的石头茅草屋，那崎岖的街道，那熟悉的可爱的乡音。	positive
宁淮城际铁路为一条规划建设中的南京市至淮安市的高速铁路客运专线，设计时速将达到250公里/小时。	宁淮城际铁路为一条规划建设中的南京市至淮安市的高速铁路客运专线，设计时速将达到250公里/小时。	positive
至于此次事故的原因，记者今日上午从台湾第九公路警察大队了解到，初步判断系因事故游览车车速过快，具体调查结果还需准确核实后对外发布。	至于此次事故的原因，记者今日上午从台湾第九公路警察大队了解到，初步判断系因事故游览车车速过快，具体调查结果还需准确核实后对外发布。	positive
在网络公共言论平台日趋多样、日益扩展的情况下，公民举报官员的途径也大大增加，同时也增强了公民实现其权利的可能性。	在网络公共言论平台日趋多样、日益扩展的情况下，公民举报官员的途径也大大增加，同时也增强了公民实现其权利的可能性。	positive
网友揪出中国最忙的虚假医药广告代言人--刘洪滨，她以不同身份在多家电视台声称，只要糖尿病患者坚持服用此药三至六个疗程，就能彻底根治糖尿病。	网友揪出中国最忙的虚假医药广告代言人--刘洪滨，她以不同身份在多家电视台声称，只要糖尿病患者坚持服用此药三至六个疗程，就能彻底根治糖尿病。	positive
我们在这次辩论赛中，获得了第一名的好成绩，真是一件值得可喜可贺的事情。	我们在这次辩论赛中，获得了第一名的好成绩，真是一件值得庆祝的事情。	negative
手机异地销户难的根源主要是运营商总部和各地分公司因无利可图，自上而下都缺乏推进各地数据系统进行对接。	手机异地销户难的根源主要是运营商总部和各地分公司因无利可图，自上而下都缺乏推进各地数据系统进行对接。	positive
2017年，九江的房价已上涨到均价1万一平米。专家指出，未来的3到5年左右，九江的房价仍会持续上涨。	2017年，九江的房价已上涨到均价1万一平米。专家指出，未来的3到5年左右，九江的房价仍会持续上涨。	positive
十岁女童手持小刀扬言要与打伤爷爷且拒付赔偿的工商所长决斗，这“湖南最牛约架”，难道不能不说是“官民对立”的社会情绪的又一表现？	十岁女童手持小刀扬言要与打伤爷爷且拒付赔偿的工商所长决斗，这“湖南最牛约架”，难道不能说是“官民对立”的社会情绪的又一表现？	negative
2021年不仅是“十四五”的开局之年，也是两个百年目标交汇与转换之年。今年的中央经济工作会议，不仅将致力于推动长远的历史性变革，更会聚焦当下的热点经济问题。	2021年不仅是“十四五”的开局之年，也是两个百年目标交汇与转换之年。今年的中央经济工作会议，不仅将致力于推动长远的历史性变革，更会聚焦当下的热点经济问题。	positive
卫生部专家组根据临床表现以及实验室检查和流行病学调查结果，诊断该患者为传染性非典型肺炎疑似病例。	卫生部专家组根据临床表现以及实验室检查和流行病学调查结果，诊断该患者为传染性非典型肺炎疑似病例。	positive
2019年长沙马拉松在贺龙体育馆鸣锣开赛。本次大赛吸引了约2000余名来自世界各地的选手积极参赛。	2019年长沙马拉松在贺龙体育馆鸣锣开赛。本次大赛吸引了约2000余名来自世界各地的选手积极参赛。	positive
美国虽然目前仍是世界第一大经济体，但中国正在利用国企提升国内外影响力，稳步赶超美国。	美国虽然目前仍是世界第一大经济体，但中国正在利用国企提升国内外影响力，稳步赶超美国。	positive
这件事对我们大家当时震动很大。	这件事对我们大家当时的震动很大。	negative
在人类体重结构中，肌肉组织的比重约占体重的40%左右，是保持健康体魄的重要组成部分。	在人类体重结构中，肌肉组织的比重约占体重的40%左右，是保持健康体魄的重要组成部分。	positive
这种药物的主要成分是天然植物提取物配制而成的。	这种药物的主要成分是天然植物提取物配制而成的。	positive
最近这几天，《小幸运》被不少人单曲循环超过了2亿多次，衍生出了超过2万多个作品。	最近这几天，《小幸运》被不少人单曲循环超过了2亿多次，衍生出了超过2万多个作品。	positive
这次网络故障的原因是由服务器故障引起的，导致许多网站无法正常访问。	这次网络故障的原因是由服务器故障引起的，导致许多网站无法正常访问。	positive
在上海自贸区内，中国政府设立了优化营商环境的试点项目，大大增强了效率，吸引了大量国际企业设立分支机构。	在上海自贸区内，中国政府设立了优化营商环境的试点项目，大大增强了效率，吸引了大量国际企业设立分支机构。	positive
成千上万的莘莘学子面临着各种挑战和压力，但他们坚持不懈地前行。	成千上万的莘莘学子面临着各种挑战和压力，但他们坚持不懈地前行。	positive
阅读名著开拓了我的视野，也提高了我的写作。	阅读名著开拓了我的视野，也提高了我的写作。	positive
与其他欧美国家相比，中国的女子排球水平还有很大差距。	与其他欧美国家相比，中国的女子排球水平还有很大差距。	positive
这个项目的进展缓慢是因为我们团队人手不足，无法有效地分配任务等原因造成的。	这个项目的进展缓慢是因为我们团队人手不足，无法有效地分配任务原因造成的。	negative
《钢铁是怎样炼成的》这部小说完美地塑造了一个普通士兵的光辉事迹。	《钢铁是怎样炼成的》这部小说完美地塑造了一个普通士兵的光辉事迹。	positive
近几年来，我国领海不断被侵扰，为了应对复杂多变的海上变化，中国海监局调整了工作规划，加大了海上巡航密度和执法装备的质量。	近几年来，我国领海不断被侵扰，为了应对复杂多变的海上变化，中国海监局调整了工作规划，加大了海上巡航密度和执法装备的质量。	positive
我国重新修订《食品条例》，目的是用更严格的监管、更严厉的处罚、更严肃的问责，切实保障“舌尖上的安全”，被称为“最严食品条例”。	我国重新修订《食品条例》，目的是用更严格的监管、更严厉的处罚、更严肃的问责，切实保障“舌尖上的安全”，被称为“最严食品条例”。	positive
肥胖问题的主要原因是不健康的饮食习惯和缺乏运动造成的。	肥胖问题的主要原因是不健康的饮食习惯和缺乏运动引起的。	negative
《紫春之歌》这部小说出色地塑造了共产党员卢嘉川、江华、林红等人的英雄事迹。	《紫春之歌》这部小说出色地塑造了共产党员卢嘉川、江华、林红等人的英雄事迹。	positive
他终于完成了自己多年的夙愿，攀登了全世界最高峰。	他终于完成了自己多年的夙愿，攀登了全世界最高峰。	positive
广州、深圳等发达城市，暂时能维持楼市稳定，但潜在的风险是显而易见的。	广州、深圳等发达城市，暂时能维持楼市稳定，但潜在的风险是显而易见的。	positive
一个卫生城市的标志不仅在于环境的洁净，更是在于广大市民卫生素养、文明意识。	一个卫生城市的标志不仅在于环境的洁净，更是在于广大市民卫生素养和文明意识。	negative
网络反腐是新媒体时代的一大热点，特别是一批大案要案的查处，大大提振了民间反腐倡廉的信心，激发了民众网络反腐的热情。	网络反腐是新媒体时代的一大热点，特别是一批大案要案的查处，大大提振了民间反腐倡廉的信心，激发了民众网络反腐的热情。	positive
在这个地区，交通工具大多以电动车为主。	在这个地区，交通工具大多以电动车为主。	positive
在旅游业中，促进国际游客与当地社区的互动，可以加强国际间的文化交流。	在旅游业中，促进国际游客与当地社区的互动，可以加强国际间的文化交流。	positive
如唐代诗人苏轼，曾因《鹧鸪》一诗写得不同凡响，后被人赞誉为郑鹧鸪；又如诗人崔钰话也因赋鸳鸯诗而别具一格，获有崔鸳鸯的美称。	如唐代诗人郑谷，曾因《鹧鸪》一诗写得不同凡响，后被人赞誉为郑鹧鸪；又如诗人崔涯也因赋鸳鸯诗而别具一格，有崔鸳鸯的美称。	negative
近年来，在秀丽的容桂大地上，拔地而起的九州城、海南琼苑、风城大厦等一批多功能新型建筑物，令人流连忘返，构思奇特，巧夺天工。	近年来，在秀丽的容桂大地上，拔地而起的九州城、海南琼苑、风城大厦等一批多功能新型建筑物，令人流连忘返，构思奇特，巧夺天工。	positive
这次交通事故原因涉及司机疲劳驾驶造成的。	这次交通事故原因是由于司机疲劳驾驶造成的。	negative
这个重大新闻事件见诸于报刊，引起了广泛的关注和讨论。	这个重大新闻事件见诸于报刊，引起了广泛的关注和讨论。	positive
9月24日是济南市十八岁成人节，为了培养学生成人意识、公民意识和责任意识，学校团委开展了高三年级十八岁成人宣誓仪式。	9月24日是济南市十八岁成人节，为了培养学生成人意识、公民意识和责任意识，学校团委开展了高三年级十八岁成人宣誓仪式。	positive
在交融与冲突并存的文化环境中，能否用东方雕塑语言来表达这个精神，恰恰是我国当代雕塑所欠缺的。	在交融与冲突并存的文化环境中，能否用东方雕塑语言来表达这个精神，恰恰是我国当代雕塑所欠缺的。	positive
在“安全生产月”活动中,由于消防队通过加大宣传力度,让消防知识走进千家万户。	在“安全生产月”活动中，因为消防队通过加大宣传力度，让消防知识走进千家万户。	negative
最近一次的销售数据显示，该产品的销量下降了近15%左右，引起了公司的关注。	最近一次的销售数据显示，该产品的销量下降了近15%左右，引起了公司的关注。	positive
社会应该共同努力，加强德育教育，培养公民的良好道德素养。	社会应该共同努力，加强德育教育，培养公民的良好道德素养。	positive
这款手机新品的首次销售量预计在六七万部左右，显示了消费者对其的高度关注。	这款手机新品的首次销售量预计在六七万部左右，显示了消费者对其的高度关注。	positive
朋友给我介绍了一个人，但她过分的溢美之词让我怀疑她是否真的了解这个人的真实情况。	朋友给我介绍了一个人，但她过分的溢美之辞让我怀疑她是否真的了解这个人的真实情况。	negative
他的拖延行为透露出了无声的潜台词——他并不想完成这项任务。	他的拖延行为透露出了无声的潜台词——他并不想完成这项任务。	positive
一个卫生城市的标志不仅在于环境的洁净，更是在于广大市民卫生素养、现代文明意识。	一个卫生城市的标志不仅在于环境的洁净，更是在于广大市民卫生素养和现代文明意识。	negative
制定计划是为了实现目标，一定要付诸于行动去实现它，没有行动，计划只是一纸空文。	制定计划是为了实现目标，一定要付诸于行动去实现它，没有行动，计划只是一纸空文。	positive
经过长时间的等待，电影《复仇者联盟》第四部终于再度上映了，夜魔侠粉丝们纷纷涌向电影院。	经过长时间的等待，电影《复仇者联盟》第四部终于再度上映了，夜魔侠粉丝们纷纷涌向电影院。	positive
在家庭中，共同协商是建立和谐关系的基础，每个成员都应参与决策。	在家庭中，共同协商是建立和谐关系的基础，每个成员都应参与决策。	positive
世故的老西欧，天真的新美洲，一个拖着悠久高贵的历史和文艺腔，一个带着新鲜刺激的金钱和荷尔蒙，前者率真勇敢但粗糙，后者精致繁复却虚伪。	世故的老西欧，天真的新美洲，一个拖着悠久高贵的历史和文艺腔，一个带着新鲜刺激的金钱和荷尔蒙，前者率真勇敢但粗糙，后者精致繁复却虚伪。	positive
学校校长对学生欺负同学进行了严肃的处理。	学校校长对学生欺负同学进行了严肃的处理。	positive
只有密切接触社会，联系群众，才能对国家安危和人民忧乐提出具有真知灼见的意见。	只有密切接触社会，联系群众，才能对国家安危和人民忧乐提出具有真知灼见的意见。	positive
这种护肤品的成分是天然植物萃取物和维他命配制而成的。	这种护肤品的成分是天然植物萃取物和维他命配制而成的。	positive
9月24日是青岛市十八岁成人节，为了培养学生成人意识、公民意识和责任意识，学校团委开展了高三年级十八岁成人宣誓仪式。	9月24日是青岛市十八岁成人节，为了培养学生成人意识、公民意识和责任意识，学校团委开展了高三年级十八岁成人宣誓仪式。	positive
在铁路走向市场的过程中，要发挥转换机制的引擎的充分作用。在转换机制过程中，要把握好原则性和灵活性的关系。	在铁路走向市场的过程中，要发挥转换机制的引擎的充分作用。在转换机制过程中，要把握好原则性和灵活性的关系。	positive
这个问题，市政府引起了高度重视。	这个问题，市政府对高度重视。	negative
讨论环境问题时，涉及到气候变化、生物多样性和可持续发展等方面。	讨论环境问题时，涉及到气候变化、生物多样性和可持续发展等方面。	positive
通过互访和交流项目，不同国家的艺术家和文化人士可以加强国际间的文化交流。	通过互访和交流项目，不同国家的艺术家和文化人士可以加强国际间的文化交流。	positive
在这个灾难中，无辜的妇孺及孩童成为了最脆弱的群体，亟需救援和保护。	在这个灾难中，无辜的妇孺及孩童成为了最脆弱的群体，亟需救援和保护。	positive
今夏即将开放海南岛自由贸易港是新的经济增长点，吸引了无数投资者关注。	今夏即将开放海南岛自由贸易港，这是新的经济增长点，吸引了无数投资者关注。	negative
这位作家的新小说得到了出版社的认可，很快就会见诸于报刊，让读者们共同分享故事。	这位作家的新小说得到了出版社的认可，很快就会见诸于报刊，让读者们共同分享故事。	positive
在现代社会中，色彩鲜艳的广告牌无处不在，引人注目的户外广告成为街谈巷议。	在现代社会中，色彩鲜艳的广告牌无处不在，引人注目的户外广告成为街谈巷议。	positive
在韩国教练金昶佰的魔鬼训练下，中国队又在韩国的土地上继世界杯夺冠后战胜奥运会冠军东道主韩国队，夺得了女子曲棍球比赛的金牌。	在韩国教练金昶佰的魔鬼训练下，中国队又在韩国的土地上继世界杯夺冠后战胜奥运会冠军东道主韩国队，夺得了女子曲棍球比赛的金牌。	positive
这次交通堵塞的原因是由道路施工工程造成的，导致车辆无法通行。	这次交通堵塞的原因是由道路施工工程造成的，导致车辆无法通行。	positive
我们应该本着诚实为原则，与他人保持真实和正直的交往。	我们应该本着诚实的原则，与他人保持真实和正直的交往。	negative
在日本教练金昶佰的魔鬼训练下，中国队又在日本的土地上继世界杯夺冠后战胜奥运会冠军东道主日本队，夺得了女子曲棍球比赛的金牌。	在日本教练金昶佰的魔鬼训练下，中国队又在日本的土地上继世界杯夺冠后战胜奥运会冠军东道主日本队，夺得了女子曲棍球比赛的金牌。	positive
队友莱昂•奥斯曼把莱顿•巴恩斯没有选入自己的梦幻联赛阵容，莱顿•巴恩斯受到这个刺激之后，在比赛中连进两球。	队友莱昂•奥斯曼没有把莱顿•巴恩斯选入自己的梦幻联赛阵容，莱顿•巴恩斯受到这个刺激之后，在比赛中连进两球。	negative
吉林省长春市市中心区的路灯改造工程，改善了市区的照明环境，让城市更具现代感，提高了城市的品位和形象。	吉林省长春市市中心区的路灯改造工程，改善了市区的照明环境，让城市更具现代感，提高了城市的品位和形象。	positive
中国人民政治协商会议全国委员会将于明天召开，大会进行开幕式，主席发言等。	中国人民政治协商会议全国委员会将于明天召开，大会进行开幕式，主席发言等。	positive
她的艺术成就靠的是天赋和持之以恒的努力取得的。	她的艺术成就靠的是天赋和持之以恒地努力取得的。	negative
“2010我国沈阳世界园艺博览会”是世界园艺博览会历届占地面积最大、活动最丰富、演艺最精彩的一次盛会。	“2010年我国沈阳世界园艺博览会”是世界园艺博览会历届占地面积最大、活动最丰富、演艺最精彩的一次盛会。	negative
我们取消今晚的户外活动是出于安全考虑决定的。	我们取消今晚的户外活动是出于安全考虑。	negative
中国外交部发言人洪磊在28日的例行记者会上明确表示，中国的航天事业是人类航天事业的重要组成部分，它一直以来都是用于以和平为目的的。	中国外交部发言人洪磊在28日的例行记者会上明确表示，中国的航天事业是人类航天事业的重要组成部分，它一直以来都是用于和平目的的。	negative
北京植物园是一个采取以植物主题为核心的休闲游览区，入口处展现了各种树木的异彩纷呈。	北京植物园是一个以植物主题为核心的休闲游览区，入口处展现了各种树木的异彩纷呈。	negative
每当我看到客人总是高兴而来满意而归，心里总有说不出的满足和愉快。	每当我看到客人总是高兴而来满意而归，心里总有说不出的满足和愉快。	positive
网络澄清专家的科学澄清方法的浏览量超过375万次以上，有效遏制了谣言的传播，获得了广泛赞誉。	网络澄清专家的科学澄清方法的浏览量超过375万次，有效遏制了谣言的传播，获得了广泛赞誉。	negative
我不但相信他，而且以前反对过他的人，现在也信任他了。	我不但相信他，而且以前反对过他的人，现在也信任他了。	positive
沙沙的浪声和银光闪闪的海面构成一幅多么好看的画面。	沙沙的浪声和银光闪闪的海面构成了一幅多么好看的画面。	negative
我们无法前往旅行目的地是因为机场关闭了，导致航班取消等原因造成的。	我们无法前往旅行目的地是因为机场关闭了，导致航班取消所造成的。	negative
这个科研项目的创新性和成果可以堪称行业的重大突破。	这个科研项目的创新性和成果可以堪称行业的重大突破。	positive
英国发生的波士顿马拉松爆炸案震惊全球，许多网络媒体近一个月仍在持续报道，点击量超过了600万次以上。	美国发生的波士顿马拉松爆炸案震惊全球，许多网络媒体近一个月仍在持续报道，点击量超过了600万次。	negative
老板的沉默传达了无声的潜台词，意味着他并不满意我们的工作表现。	老板的沉默传达了无声的潜台词，意味着他并不满意我们的工作表现。	positive
在演出结束后，观众们热烈鼓掌，演员们凯旋而归，接受了掌声的赞许。	在演出结束后，观众们热烈鼓掌，演员们凯旋而归，接受了掌声的赞许。	positive
这座卫星城修建了一座大型公园，满足了市民们多年的夙愿。	这座卫星城修建了一座大型公园，满足了市民们多年的夙愿。	positive
工业化发展攸关到全国的经济发展，并且需要在保护环境的同时提高人民生活质量。	工业化发展攸关全国的经济发展，并且需要在保护环境的同时提高人民生活质量。	negative
在法律案件中，涉及到证据收集、调查和辩护等程序。	在法律案件中，涉及到证据收集、调查和辩护等程序。	positive
古老的中华文明历史悠久，自古以来就伟大辉煌，每个朝代都是历史的传播者、践行者、传承者。	古老的中华文明历史悠久，自古以来就伟大辉煌，每个朝代都是历史的传播者、践行者、传承者。	positive
我们的革命先辈，为了人民的利益，把革命进行到底，这些革命战士们流了多少鲜血，献出了多少有价值的生命！	我们的革命先辈，为了人民的利益，把革命进行到底，这些革命战士们流了多少鲜血，献出了多少有价值的生命！	positive
近几年来，上海的房价不断攀升的原因，是政府的调控政策也让房产投资成本逐渐增加导致的。	近几年来，上海的房价不断攀升的原因，是因为政府的调控政策让房产投资成本逐渐增加导致的。	negative
高失业率的原因是经济衰退造成的。	高失业率的原因是经济衰退造成的。	positive
在医疗领域，医生应本着患者至上为原则，始终将患者的健康放在首位。	在医疗领域，医生应以患者至上为原则，始终将患者的健康放在首位。	negative
假货销售、欺诈行为以及价格欺诈等都会损坏消费者的利益，应该得到追究责任。	假货销售、欺诈行为以及价格欺诈等都会损害消费者的利益，应该得到追究责任。	negative
社会应该共同努力，加强德育教育，培养公民的良好伦理素养。	社会应该共同努力，加强德育教育，培养公民的良好伦理素养。	positive
这个小城上不时发生出使人不安的怪事来，引起了居民的恐慌。	这个小城中不时发生出使人不安的怪事来，引起了居民的恐慌。	negative
王安石的诗歌之所以有如此的魅力和境界的原因，是因为他的深刻内涵和优美文笔。	王安石的诗歌之所以有如此的魅力和境界，是因为他的深刻内涵和优美文笔。	negative
我们向所有员工提供相同的培训机会是出于公平原则决定的。	我们向所有员工提供相同的培训机会是由公平原则决定的。	negative
我国的传统雕塑艺术已经被联合国教科文组织列入非物质文化遗产名录，让世界重新关注这一精美的艺术形式。	我国的传统雕塑艺术已经被联合国教科文组织列入非物质文化遗产名录，让世界重新关注这一精美的艺术形式。	positive
我们要扩大投资力度，建设一个集商业、文化、生活、休闲娱乐于一体的现代化城市。	我们要扩大投资力度，建设一个集商业、文化、生活、休闲娱乐于一体的现代化城市。	positive
这种护肤品的成分是天然植物萃取物和维生素配制而成的。	这种护肤品的成分是天然植物萃取物和维生素配制而成的。	positive
我们顺利地按照老高头画的那张简图找到了深山那位猎手。	我们顺利地按照老高头画的那张简图找到了深山那位猎手。	positive
这位著名演员被应邀在一部新电影中扮演主要角色。	这位著名演员被应邀在一部新电影中扮演主要角色。	positive
由于供应链问题下，产品的交付时间延迟，给客户带来了不便。	由于供应链问题，产品的交付时间延迟，给客户带来了不便。	negative
这场政治演讲的要点被报道并见诸于报刊，传达给了广大公众。	这场政治演讲的要点被报道并见诸于报刊，传达给了广大公众。	positive
在全球化的背景下，许多中国企业开始走向海外，这给中国企业在国内不成为炮灰带来机遇。	在全球化的背景下，许多中国企业开始走向海外，这给中国企业在国内避免成为炮灰带来机遇。	negative
某高中召开优良学风主题班会，通过模拟考试、案例分析等形式，提高了同学们的考试能力、答题技巧以及诚信考试意识。	某高中召开优良学风主题班会，通过模拟考试、案例分析等形式，提高了同学们的考试能力、答题技巧以及诚信考试意识。	positive
教育需要年轻人加入，我们应该保护、弘扬和传承优秀的教育文化，让年轻人了解教育的意义与价值，激发他们对教育事业的热衷。	教育需要年轻人加入，我们应该保护、弘扬和传承优秀的教育文化，让年轻人了解教育的意义与价值，激发他们对教育事业的热衷。	positive
这场事故发生是因为驾驶员操作不当的原因。	这场事故发生是因为驾驶员操作不当。	negative
做好生产救灾工作决定于干部作风是否深入。	做好生产救灾工作取决于干部作风是否深入。	negative
我国高铁建设已经取得巨大成就,但因市场规模巨大,还不能满足载客、物流货运。	我国高铁建设已经取得巨大成就,但因市场规模巨大,还不能满足客运、物流货运。	negative
高失业率是由于经济衰退和技术进步导致的工作岗位减少而造成的。	高失业率是由于经济衰退和技术进步导致的工作岗位减少而造成的。	positive
今天是项目报告的截止日期的最后一天，我必须尽快完成所有的任务。	今天是项目报告的截止日期的最后一天，我必须尽快完成所有的任务。	positive
公司高层过分溺爱某个员工，给予他特殊待遇和权力，却忽视了其他员工的努力和贡献。	公司高层过分溺爱某个员工，给予他特殊待遇和权力，却忽视了其他员工的努力和贡献。	positive
在学习外语时，积极练习口语是将知识付诸于实践的重要方式。	在学习外语时，积极练习口语是将知识付诸于实践的重要方式。	positive
随着智能手机的普及，使得我们周围出现了大量的“低头族”。	随着智能手机的普及，我们周围出现了大量的“低头族”。	negative
在经济发展中，现在的当务之急是促进就业增长和创造更多的机会，刺激市场信心和经济复苏。	在经济发展中，现在的当务之急是促进就业增长和创造更多的机会，刺激市场信心和经济复苏。	positive
一辆汽车有发动机、底盘、车身和车轮组成。	一辆汽车由发动机、底盘、车身和车轮组成。	negative
这个庭院的花儿也慢慢地失去了它们的鲜艳，变得嫩黄，变得柔绿，变得暗淡无光。	这个庭院的花儿也慢慢地失去了它们的鲜艳，变得嫩黄，变得柔绿，变得暗淡无光。	positive
中国电影产业在2019年创造了超过400亿人民币的票房收入，其他的任何中国文化产业从未达到过这个高度，是中国文化产业中最为成功的部分之一。	中国电影产业在2019年创造了超过400亿人民币的票房收入，其他的任何中国文化产业从未达到过这个高度，是中国文化产业中最为成功的部分之一。	positive
根据专家预测，这个新兴技术的成熟和商业化可能需要3到5年左右的时间。	根据专家预测，这个新兴技术的成熟和商业化可能需要3到5年左右的时间。	positive
我们要加强足球特长文化课教学管理和考试招生政策，激励学生长期积极参加足球学习和训练。	我们要加强足球特长文化课教学管理和考试招生政策，激励学生长期积极参加足球学习和训练。	positive
这家公司的年收入约十亿美元余，是行业内的领先企业之一。	这家公司的年收入约十余亿美元，是行业内的领先企业之一。	negative
我国人民正在为建设一个现代化的社会主义强国。	我国人民正在建设一个现代化的社会主义强国。	negative
北京文化是随着城市快速的发展崛起的，具有新时代的特色和魅力的新都市。	北京文化是随着城市快速的发展崛起的，具有新时代的特色和魅力的都市。	negative
中国台湾地区的经济发展保持中高速增长，GDP总量在亚洲地区居于前列，对全球经济的贡献率超过百分之二十左右。	中国台湾地区的经济发展保持中高速增长，GDP总量在亚洲地区居于前列，对全球经济的贡献率超过百分之二十。	negative
近些年来，蔬菜、房价、电动车、电器等大宗消费品价格节节攀升。	近些年来，蔬菜、房价、电动车、电器等大宗消费品价格节节攀升。	positive
上海迪士尼乐园有多名游客受伤，导致事故发生的原因主要是游客拥堵所致。	上海迪士尼乐园有多名游客受伤，导致事故发生的原因主要是游客拥堵所致。	positive
根据市场调研数据，该电影在首映周末票房可望达到六七万部左右，成为一部备受期待的热门影片。	根据市场调研数据，该电影在首映周末票房可望达到六七万部左右，成为一部备受期待的热门影片。	positive
随着智能手机的普及化，使得我们周围出现了大量的“低头族”。	随着智能手机的普及，使得我们周围出现了大量的“低头族”。	negative
飞机坠毁事故原因涉及恶劣天气条件造成的。	飞机坠毁事故原因涉及恶劣天气条件。	negative
由于网络的开通和飞速发展，使得媒体传播的方式有了彻底的变革。	由于网络的开通和飞速发展，做出媒体传播的方式有了彻底的变革。	negative
工厂爆炸事故原因涉及设备故障造成的。	工厂爆炸事故原因是由设备故障引起的。	negative
对于经历多年的胡歌而言，丑闻事件可能是个警醒，也可以是个机遇，他可以从中吸取教训，不断改进、反思自己，创造出更加优秀的作品。	对于经历多年的胡歌而言，丑闻事件可能是个警醒，也可以是个机遇，他可以从中吸取教训，不断改进、反思自己，创造出更加优秀的作品。	positive
一位学子怀揣着对美好未来的向往，追求着个人成长和社会进步。	一位学子怀揣着对美好未来的向往，追求着个人成长和社会进步。	positive
一些年轻人对工作的回报有着过高的奢望，希望马上拥有薪水和高地位，却不愿意经历努力和付出。	一些年轻人对工作的回报有着过高的奢望，希望马上拥有薪水和高地位，却不愿意经历努力和付出。	positive
北京的庙会是流传于中国北方地区的民俗文化活动，是唯一一个中国国家级非物质文化遗产。	北京的庙会是流传在中国北方地区的民俗文化活动，是唯一的中国国家级非物质文化遗产。	negative
他对阅读非常嗜好，每个月都会消费大量的书籍。	他对阅读非常爱好，每个月都会购买大量的书。	negative
关税的减免将促进更多外资流入中国市场，使得市场加大转型升级。	关税的减免将促进更多外资流入中国市场，使得市场加速转型升级。	negative
《阿凡达》是一部宏伟的科幻电影，讲述一个外星球的故事，现代特效技术的杰作。	《阿凡达》是一部宏伟的科幻电影，讲述一个外星球的故事，是现代特效技术的杰作。	negative
在这个城市的街头巷尾，充斥着大量乱丢垃圾和环境污染的现象，需要加强环保意识。	在这个城市的街头巷尾，充斥着大量乱丢垃圾和环境污染的现象，需要加强环保意识。	positive
美国发生的波士顿马拉松爆炸案震惊全球，许多网络媒体近一个月仍在持续报道，点击量超过了600万次以上。	美国发生的波士顿马拉松爆炸案震惊全球，许多网络媒体近一个月仍在持续报道，点击量超过了600万次。	negative
学生厌学是由于教育制度的僵化和教学方法的单一而造成的。	学生厌学是由于教育制度的僵化和教学方法的单一而造成的。	positive
在这部对话式作品中，作者阐明了对尊重生命、敬畏自然、坚持信仰、爱憎分明等被现代性所遮敝的人类理想精神的张扬。	在这部对话式作品中，作者阐明了对尊重生命、敬畏自然、坚持信仰、爱憎分明等被现代性所遮敝的人类理想精神的张扬。	positive
这次食物中毒事件的原因是由食品卫生问题造成的，引起了大量消费者的不适。	这次食物中毒事件的原因是由食品卫生问题造成的，引起了大量消费者的不适。	positive
有没有坚定的意志，是一个人在事业上能够取得成功的关键。	有没有坚定的意志，是一个人在事业上能够取得成功的关键。	positive
据行业分析，该产品的市场份额预计在未来几年内将稳定在不低于30%左右，展示了其在市场竞争中的优势地位。	据行业分析，该产品的市场份额预计在未来几年内将稳定在不低于30%左右，展示了其在市场竞争中的优势地位。	positive
在政治议题中，共同协商是建立稳定维护和平的社会秩序的重要手段。	在政治议题中，共同协商是建立并维护和平稳定的社会秩序的重要手段。	negative
犯罪率上升是因为社会不公正和经济困难所造成的。	犯罪率上升是因为社会不公正和经济困难所造成的。	positive
农民耕种的符合政策规定的自留地是一种正当的劳动。	农民耕种的符合政策规定的自留地是一种正当的劳动。	positive
医生以自己治愈的疾病经历记录记录成文件，供患者参考，帮助他们了解疾病的症状和治疗方法。	医生以自己治愈的疾病经历记录成文件，供患者参考，帮助他们了解疾病的症状和治疗方法。	negative
世界各地的人们都在关注我国航天科技突飞猛进的发展，这让人们无不毫无例外地感受到了强烈的自豪感。	世界各地的人们都在关注我国航天科技突飞猛进的发展，这让人们无不例外地感受到了强烈的自豪感。	negative
每当我看到顾客总是高兴而来满意而归，心里总有说不出的满足和愉快。	每当我看到顾客总是高兴而来满意而归，心里总有说不出的满足和愉快。	positive
是否坚持一个我国的原则，是维护两岸关系和平发展的关键。	是否坚持一个中国的原则，是维护两岸关系和平发展的关键。	negative
互相厮打的竞争对手让我更加努力，不断提升自己的技能和表现。	互相竞争的对手让我更加努力，不断提升自己的技能和表现。	negative
宠物的过分溺爱可能会导致它们养成不良习惯，影响它们的健康和行为表现。	宠物的过分溺爱可能会导致它们养成不良习惯，影响它们的健康和行为表现。	positive
“心连心”到来的消息传开后，街道里的老人、小孩许多都跑了出来。	“心连心”到来的消息传开后，街道里的老人、小孩都跑了出来。	negative
我们要正确贯彻和深刻理解江泽民同志关于教育问题的讲话精神。	我们要正确贯彻和深刻理解江泽民同志关于教育问题的讲话精神。	positive
上海市图书馆推出无门槛服务政策，只要愿意阅读，无需提供任何证件为证明，读者皆可畅享图书馆的服务。	上海市图书馆推出无门槛服务政策，只要愿意阅读，无需提供任何证件证明，读者皆可畅享图书馆的服务。	negative
我国首个正在开发的深海空间站将让工作人员在近1000米以下深海中工作生活两个月。该项目将加强我国在此前未能抵达的海床上勘探开采矿藏的实力，可能在2020年前完成。	我国首个正在开发的深海空间站将让工作人员在近1000米以下深海中工作生活两个月。该项目将加强我国在此前未能抵达的海床上勘探开采矿藏的实力，可能在2020年前完成。	positive
营养不良的原因是不均衡的饮食造成的。	营养不良的原因是不均衡的饮食造成的。	positive
城市交通拥堵是因为车辆过多和道路不畅所造成的。	城市交通拥堵是因为车辆过多和道路不畅所造成的。	positive
我们必须拿出自己的正版计算机软件，否则，拿不出新软件，就难于抵制不健康的盗版软件。	我们必须拿出自己的正版计算机软件，否则，拿不出新软件，就难于抵制不健康的盗版软件。	positive
针对全球气候变化，目前的当务之急是采取行动减少温室气体排放并推动可持续发展。	针对全球气候变化，目前的当务之急是采取行动减少温室气体排放并推动可持续发展。	positive
技术创新的浪潮正使我们以前所未有的方式存储、获得和处理有关我们星球的各种环境和文化现象的信息。	技术创新的浪潮正使我们以前所未有的方式存储、获得和处理有关我们星球的各种环境和文化现象的信息。	positive
交通拥堵的原因是道路建设不合理造成的	交通拥堵的原因是道路建设不合理造成的	positive
这个年龄段的人正处于青春期，面临许多身体和心理的变化，比如二十三四岁左右的年轻人。	这个年龄段的人正处于青春期，面临许多身体和心理的变化，比如十三四岁左右的年轻人。	negative
在战争的残酷中，数百万人民群众生灵涂炭，遭受破坏和伤害，渴望和平与安宁的到来。	在战争的残酷中，数百万人民群众生灵涂炭，遭受破坏和伤害，渴望和平与安宁的到来。	positive
国土规划计划的实施将为当地的生态环境带来积极的影响，并将成为深圳境内的又一个重要旅游景点。	国土规划计划的实施将为当地的生态环境带来积极的影响，并将成为深圳境内的又一个重要旅游景点。	positive
近年来，该国的女性就业率达到了近六成左右，呈现出较高的劳动参与率。	近年来，该国的女性就业率达到了近六成左右，呈现出较高的劳动参与率。	positive
不但《追风筝的人》在文学界获得高度赞扬，而且在市场上广受欢迎。	不但《追风筝的人》在文学界获得高度赞扬，而且在市场上广受欢迎。	positive
经过一场激烈的搏击比赛，他浑身遍体鳞伤，但却坚定地站在胜利的舞台上。	经过一场激烈的搏击比赛，他浑身遍体鳞伤，但却坚定地站在胜利的舞台上。	positive
爱因斯坦听取了他的朋友瓦特的电池发明的资讯，通过他的著作迅速在全世界传播开来。	爱因斯坦听取了他的朋友瓦特的电池发明的资讯，通过他的著作迅速在全世界传播开来。	positive
经过一番厮杀，他们最终得胜而归，取得了战斗的胜利。	经过一番厮杀，他们最终得胜而归，取得了战斗的胜利。	positive
赵薇执导的《致青春》对于中国青年是不陌生的。	赵薇执导的《致青春》对中国青年是不陌生的。	negative
从传记中，你可以了解一个人的生活经历，追寻一个人的情感世界，体悟一个人的思想转变的线索，剖析一个人的成败的缘由。	从传记中，你可以了解一个人的生活经历，追寻一个人的情感世界，体悟一个人的思想转变的线索，剖析一个人的成败的缘由。	positive
五一黄金周期间，南京火车站客流高峰期间每日超过10万多人次，但在节后客流锐减到5万人次左右。	五一黄金周期间，南京火车站客流高峰期间每日超过10万人次，但在节后客流锐减到5万人次左右。	negative
发达国家的大企业在信息技术革命的推动下，集中产业优势，逐步在全球形成了寡头垄断者，这有关全球经济的正常发展是不利的。	发达国家的大企业在信息技术革命的推动下，集中产业优势，逐步在全球形成了寡头垄断，这对全球经济的正常发展是不利的。	negative
近期的研究表明，这种新药的治愈率接近10%左右，对患者具有一定的帮助。	近期的研究表明，这种新药的治愈率接近10%左右，对患者具有一定的帮助。	positive
最近政府采取行动，加强打击造假行为，保障市场公平。	最近政府采取行动，加强打击造假行为，保障市场公平。	positive
他的辛勤劳动付诸于流水，为他人谋得了福祉。	他的辛勤劳动付诸东流，为他人谋得了福祉。	negative
他的辛勤付诸于流水，为他人谋得了福祉。	他的辛勤付诸东流，为他人谋得了福祉。	negative
据报道，有些公司标榜自己合作过教育部，数据也来自于教育部，但被教育部否认。	据报道，有些公司标榜自己合作过教育部，数据也来自于教育部，但被教育部否认。	positive
安理会报告指出，如果不采取措施缓和人口增长对水土资源构成的巨大负担，环境的恶化将会危及经济的可持续发展。	安理会报告指出，如果不采取措施缓和人口增长对水土资源构成的巨大负担，环境的恶化将会危及经济的可持续发展。	positive
交通拥堵是由于道路狭窄和车辆数量的增加而造成的。	交通拥堵是由于道路狭窄和车辆数量的增加而造成的。	positive
随着《成渝城市群发展规划》的公布，将助推南分站在新一轮发展的起跑线上。	随着《成渝城市群发展规划》的公布，将助推南方站在新一轮发展的起跑线上。	negative
我的体重增加是因为我吃得太多造成的。	我的体重增加是因为我吃得太多。	negative
只有争做一名优秀的中国公民，我们才能创造一个拥有积极能量的网络社区，打赢网络主战场，让传播虚假信息、欺诈和色情的行为无所遁形，构建一个充满生机和正义的中国网络正能量。	只有争做一名优秀的中国公民，我们才能创造一个拥有积极能量的网络社区，打赢网络主战，让传播虚假信息、欺诈和色情的行为无所遁形，构筑一个充满生机和正义的中国网络正能量。	negative
我们顺利地按照老高头画的那张简图找到了山中那位猎手。	我们顺利地按照老高头画的那张简图找到了山中那位猎手。	positive
据联合国教科文组织报告，中国文盲数量超5000万左右。	据联合国教科文组织报告，中国文盲数量超5000万左右。	positive
在现今的社交网络中，“送红包”已经成为了一种新颖的社交方式，这不仅影响着人们的过节方式，也影响到了人们的生活。	在现今的社交网络中，“送红包”已经成为了一种新颖的社交方式，这不仅影响着人们的过节方式，也影响到了人们的生活。	positive
最近政府采取措施，加强打击造假行为，保障市场公平。	最近政府采取措施，加强打击造假行为，保障市场公平。	positive
这套公寓的总面积接近30平方米左右，适合单身或小型家庭居住。	这套公寓的总面积接近30平方米，适合单身或小型家庭居住。	negative
他们还冠以这种过河方式一个很浪漫的名字——踩钢丝。	他们还冠以这种过河方式一个很浪漫的名字——踩钢丝。	positive
我们要扩大投资力度，建设一个集商业、文化、生活、休闲娱乐于一体的现代化卫星城。	我们要扩大投资力度，建设一个集商业、文化、生活、休闲娱乐于一体的现代化卫星城。	positive
这位艺术家终于有机会举办个人画展，实现了多年的夙愿。	这位艺术家终于有机会举办个人画展，实现了多年的夙愿。	positive
这是一个无疑贤明的决策。	这是一个无疑是贤明的决策。	negative
开放政策自从实施以来，中国一直在加速经济发展，成为全球关注的焦点。	开放政策实施以来，中国一直在加速经济发展，成为全球关注的焦点。	negative
人们的价值观和道德观只有付诸于实践，才能真正影响社会。	人们的价值观和道德观只有付诸于实践，才能真正影响社会。	positive
很多人都知道气候变暖主要源于老旧汽车和大型工业设施的废气排放造成的，却并不知道，饮食习惯也影响着气候变化。	很多人都知道气候变暖主要源于老旧汽车和大型工业设施的废气排放造成的，却并不知道，饮食习惯也影响着气候变化。	positive
教育质量下降是因为师资力量不足和教育资源匮乏所造成的。	教育质量下降是因为师资力量不足和教育资源匮乏造成的。	negative
卫星城交通拥堵是因为车辆过多和道路不畅所造成的。	卫星城交通拥堵是因为车辆过多和道路不畅所造成的。	positive
由于小李苦干加巧干，所以半年完成了全年的生产任务。	由于小李苦干加巧干，所以半年完成了全年的生产任务。	positive
北京大学王鑫教授领导的团队创造性地发展了新型癌症治疗路线及完整的自主知识产权，并打破了国外制药公司的垄断局面。	北京大学王鑫教授领导的团队创造性地发展了新型癌症治疗路线及完整的自主知识产权，并打破了国外制药公司的垄断局面。	positive
在汽车越来越多的形势下，对城市交通提出了新的需求，新的交通方式亟待推出。	在汽车越来越多的形势下，对城市交通提出了新的需求，新的交通方式亟待推出。	positive
气候变暖是由于大气中温室气体的增加而造成的。	气候变暖是由于大气中温室气体的增加而造成的。	positive
周公望愤怒地指着贪婪的官员和腐败的班子，宣称：「天网恢恢，疏而不漏，今日是你们的死期到了！	周公望愤怒地指着贪婪的官员和腐败的班子，宣称：「天网恢恢，疏而不漏，今日是你们的死期！」	negative
在新经济环境下，我们应当倡导新发展理念，推进和发掘产业创新和当地资源特长，致力打造符合时代需求且具有地方特色的产品。	在新经济环境下，我们应当倡导新发展理念，推进和发掘产业创新和当地资源特长，致力打造符合时代需求且具有地方特色的产品。	positive
公司的目的是为了满足客户的需求，提供高质量的产品和服务。	公司的目的是为了满足客户的需求，提供高质量的产品和服务。	positive
他对音乐非常嗜好，每天都会弹奏吉他或钢琴，尽情表达自己的情感。	他对音乐非常爱好，每天都会弹奏吉他或钢琴，尽情表达自己的情感。	negative
学校应该加强德育教育，培养学生的道德品质和社会责任感。	学校应该加强德育教育，培养学生的道德品质和社会责任感。	positive
在法律实施中，法官应本着公平司法为原则，对案件进行客观、公平的判决。	在法律实施中，法官应本着公平公正为原则，对案件进行客观、公平的判决。	negative
您的令爱像一束明亮的阳光，温暖着我的心灵，驱散了所有的阴霾。	您的令爱像一束明亮的阳光，温暖着我的心灵，驱散了所有的阴霾。	positive
格尔木这条穿越世界屋脊的“雪域天路”被人们描绘成“商贸金桥、藏旅坦途、文化通衢”。它为青藏高原架起了通往祖国各地的通道，也使得更多的百姓圆了前往青藏旅游的梦想。	格尔木这条穿越世界屋脊的“雪域天路”被人们描绘成“商贸金桥、藏旅坦途、文化通衢”。它为青藏高原架起了通往祖国各地的通道，也使得更多的百姓圆了前往青藏旅游的梦想。	positive
现在已经是时候向新目标挑战了，民主与法治是一个漫长的过程。	现在已经是时候向新目标挑战了，民主与法治是一个漫长的过程。	positive
这所学校的校园里不时发生出使人不安的怪事来，学生们开始传闻。	这所学校的校园里不时发生出使人不安的怪事来，学生们开始传言。	negative
森林保护计划的实施将为当地的生态环境带来积极的影响，并将成为深圳境内的又一个重要旅游景点。	森林保护计划的实施将为当地的生态环境带来积极的影响，并将成为深圳境内的又一个重要旅游景点。	positive
在艺术创作中，过分苛求完美可能限制创造力和自由表达的发展。	在艺术创作中，过分苛求完美可能限制创造力和自由表达的发展。	positive
我国国画，书法等传统艺术的发扬展示，说明了传统文化始终在国民心中拥有极大的影响力。	我国国画，书法等传统艺术的发扬展示，说明了传统文化始终在国民心中拥有极大的影响力。	positive
在成功的项目实施中，关键在于明确的目标设定是十分重要的。	在成功的项目实施中，关键在于明确的目标设定十分重要。	negative
由于管理有序、设备齐全，上海世博会成为世界博览会中历届规模最大、展品最丰富的一次盛会，吸引了数百万参观者。	由于管理有序、设备齐全，上海世博会成为世界博览会中历届规模最大、展品最丰富的一次盛会，吸引了数百万参观者。	positive
拥有健康的身心素质，是职场能否成功的重要保障之一。	拥有健康的身心素质，是职场能否成功的重要保障之一。	positive
中国首个正在开发的深海空间站将让工作人员在近1000米以下深海中工作生活两个月。该项目将加强中国在此前未能抵达的海床上勘探开采矿藏的实力，可能在2020年前完成。	中国首个正在开发的深海空间站将让工作人员在近1000米以下深海中工作生活两个月。该项目将加强中国在此前未能抵达的海床上勘探开采矿藏的实力，可能在2020年前完成。	positive
公司的战略决策围绕以客户满意率为中心，以提升市场份额。	公司的战略决策围绕客户满意率为中心，以提升市场份额。	negative
专家被应邀发表演讲，探讨最新的科学研究和发现。	专家被应邀发表演讲，探讨最新的科学研究和发现。	positive
教育部副部长表示，教育部将重点研究如何利用学生评价体系来制定相关的教育改革。	教育部副部长表示，教育部将重点研究如何利用学生评价体系来制定相关的教育改革。	positive
为了实现生态文明建设，我们必须积极推进绿色低碳发展。	为了实现生态文明建设，我们必须积极推进绿色低碳发展。	positive
学生们心系灾区，积极捐助物资和资金，为受灾的人们提供帮助，帮助他们解决一些治疗费用，早日康复。	学生们心系灾区，积极捐助物资和资金，为受灾的人们提供帮助，帮助他们解决一些治疗费用，早日康复。	positive
对于这一时期我国股市反复震荡的局势，有些业内人士把其归因于去年下半年，尤其是11月份以来IPO提速所致。	对于这一时期我国股市反复震荡的局势，有些业内人士把其归因于去年下半年，尤其是11月份以来IPO提速所致。	positive
通过持续不断的校园安全宣传教育活动，使全校师生的安全意识大幅提高。	通过持续不断的校园安全宣传教育活动，使全校师生的安全意识大幅提高。	positive
她过分溺爱孩子，不让他做任何家务或责任，结果导致他变得自私且不懂得珍惜他人的付出。	她过分溺爱孩子，不让他做任何家务或工作，结果导致他变得自私且不懂得珍惜他人的付出。	negative
这个团队的胜利靠的是团结合作和有效沟通取得的。	这个团队的胜利靠的是团结合作并且有效沟通取得的。	negative
这场比赛共有十支球队参赛，观众人数达两万余人左右，对于提高群众体育意识有着重要的意义。	这场比赛共有十支球队参赛，观众人数达两万余人左右，对于提高群众体育意识有着重要的意义。	positive
在社会经济迅猛发展的今天，国民阅读已经不仅关乎国家文化软实力与核心竞争力，而且关乎个人修养与素质。	在社会经济迅猛发展的今天，国民阅读已经不仅关乎国家文化软实力与核心竞争力，而且关乎个人修养与素质。	positive
他没能通过考试是因为缺乏充分的准备的原因。	他没能通过考试是因为缺乏充分的准备。	negative
这位厨师的烹饪技艺和味道可以堪称顶级餐厅的水准。	这位厨师的烹饪技艺和味道堪称顶级餐厅的水准。	negative
和西式餐厅不一样，韩国餐馆菜单种类很多，价格差异也很大，这就是消费者消费反差显露无遗。	和西式餐厅不一样，韩国餐馆菜单种类很多，价格差异也很大，这就是消费者消费差异显露无遗。	negative
游乐园意外事故原因涉及设备维护不当造成的。	游乐园意外事故原因涉及设备维护不当所造成的。	negative
根据设计方案，这个办公室的可用空间接近30平方米左右，提供了一个舒适的工作环境。	根据设计方案，这个办公室的可用空间接近30平方米左右，提供了一个舒适的工作环境。	positive
这场足球比赛在市中心体育场进行，通过两个小时的激烈比拼，最终张帆和李强分别打进了制胜球。	这场足球比赛在市中心体育场进行，通过两个小时的激烈比拼，最终张帆和李强分别打进了制胜球。	positive
在这个年龄段，人们通常会开始考虑婚姻和家庭的问题，包括二十三四岁左右的年轻人。	在这个年龄段，人们通常会开始考虑婚姻和家庭的问题，包括二十三四岁左右的年轻人。	positive
人生短暂，我们不应该白白虚度在琐碎的纷扰中，而是要追求有意义的事物。	人生短暂，我们不应该白白虚度在琐碎的纷扰中，而是要追求有意义的事物。	positive
据最新研究显示，长时间在工作岗位上坐不动的人会比常常运动的人更容易患病。	据最新研究显示，长时间在工作岗位上坐不动的人会比常常运动的人更容易患病。	positive
中华人民共和国外交部发言人洪磊在28日的例行记者会上明确表示，中国的航天事业是人类航天事业的重要组成部分，它一直以来都是用于以和平为目的的。	中华人民共和国外交部发言人洪磊在28日的例行记者会上明确表示，中国的航天事业是人类航天事业的重要组成部分，它一直以来都是用于和平目的。	negative
这座城市的人口估计超过一百万左右，是一个繁忙的都市。	这座城市的人口估计超过一百万，是一个繁忙的都市。	negative
家长到学校政教处为了弄清楚孩子为什么在学校打架这件事同政教处主任进行了一次认真的交谈。	家长到学校政教处，为了弄清楚孩子为什么在学校打架这件事，与政教处主任进行了一次认真的交谈。	negative
这篇报告列举了大量事实，控诉了人类破坏大自然，滥杀动物。	这篇报告列举了大量事实，控诉了人类破坏大自然，滥杀动物的行为。	negative
房地产市场的最新数据显示，某些卫星城的房价上涨了10%-30%左右，投资者积极参与。	房地产市场的最新数据显示，某些卫星城的房价上涨了10%-30%左右，投资者积极参与。	positive
如唐代诗人郑谷，曾因《鹧鸪》一诗写得不同凡响，后被人赞誉为郑鹧鸪；又如诗人崔钰话也因赋鸳鸯诗而别具一格，获有崔鸳鸯的美称。	如唐代诗人郑谷，曾因《鹧鸪》一诗写得不同凡响，后被人赞誉为郑鹧鸪；又如诗人崔钰也因赋鸳鸯诗而别具一格，获崔鸳鸯的美称。	negative
中国人民的解放在民族关系上起了基本的变化。	中国人民的解放在民族关系上起了基本的变化。	positive
这座卫星城的人口估计超过一百万左右，是一个繁忙的都市。	这座卫星城的人口估计超过一百万，是一个繁忙的城市。	negative
学校可以组织国际间的文化交流活动，增进学生对不同文化的理解和尊重。	学校可以组织国际间的文化交流活动，增进学生对不同文化的理解和尊重。	positive
根据最新的统计数据，某个地区的旅游业收入上涨了10%-30%左右，受到游客的热烈欢迎。	根据最新的统计数据，某个地区的旅游业收入上涨了10%-30%左右，受到游客的热烈欢迎。	positive
我们公司的新产品采用了先进的FDD-LTE通信技术，最大数据传输速率约达100G以上。	我们公司的新产品采用了先进的FDD-LTE通信技术，最大数据传输速率约达100Gbps以上。	negative
虚假评论在电商平台上充斥着过分的溢美之词，让消费者难以分辨产品的真实质量。	虚假评论在电商平台上充斥着过分的溢美之词，让消费者难以分辨产品的真实质量。	positive
今次从北京出发前往巴伦支海打捞的队伍共有12人，都是北京本地人，平均年龄近40岁左右，赞助他们的是一家当地的海洋科研机构。	今次从北京出发前往巴伦支海打捞的队伍共有12人，都是北京本地人，平均年龄近40岁左右，赞助他们的是一家当地的海洋科研机构。	positive
“网络水军”通过雇佣大批人手在互联网上集体炒作某个话题或人物，以达到宣传、推销或攻击某些人或产品的目的。	“网络水军”通过雇佣大批人手在互联网上集体炒作某个话题或人物，以达到宣传、推销或攻击某些人或产品的目的。	positive
整个城市的居民在经过了近三年的等待以后，地铁终于通车了。	整个城市的居民在经过了近三年的等待以后，地铁终于通车了。	positive
由于紫苑苦干加巧干，所以半年完成了全年的生产任务。	由于紫苑苦干加巧干，所以半年完成了全年的生产任务。	positive
北京迪士尼乐园有多名游客受伤，导致事故发生的原因主要是游客拥堵所致。	北京迪士尼乐园有多名游客受伤，事故发生的原因主要是游客拥堵所致。	negative
教育质量下降的主要原因是教师素质不高和教育资源不平衡造成的。	教育质量下降的主要原因是教师素质不高和教育资源不平衡造成的。	positive
我们应该从小培养诚实守信。	我们应该从小培养诚实守信的品质。	negative
记者从山西省工会部门了解到，近来工会部门的工作人员已提高了各地保障高温季节各项津贴落实的监督力度。	记者从山西省工会部门了解到，近来工会部门的工作人员已提高了各地保障高温季节各项津贴落实的监督力度。	positive
在工作场所，过分苛求员工可能导致压力和疲劳，影响工作效率。	在工作场所，过分苛求员工可能导致压力和疲劳，影响工作效率。	positive
很多家长过分溺爱孩子，导致许多学生无法控制自己，彼此攀比。	很多家长过分溺爱孩子，导致许多学生无法控制自己，彼此攀比。	positive
欢迎到此光临我们的展览会，体验最新科技和创新产品的魅力。	欢迎到此光临我们的展览会，体验最新科技和创新产品的魅力。	positive
随着城市化进程，引发的土地征收和拆迁问题越发凸显，造成这种现象的重要原因在于城乡地区的权利和价值观存在不同。	随着城市化进程，引发的土地征收和拆迁问题越发凸显，造成这种现象的重要原因在于城乡地区的权利和价值观存在不同。	positive
我们应该鼓励所有群体积极参与社会主义家庭建设，推动形成和谐、美满、共建共享的家庭。	我们应该鼓励所有群体积极参与社会主义家庭建设，推动形成和谐、美满、共建共享的家庭。	positive
只有密切接触社会，联系群众，才能对国家赴死和人民忧乐提出具有真知灼见的意见。	只有密切接触社会，联系群众，才能对国家富强和人民忧乐提出具有真知灼见的意见。	negative
学院多次召开教师会议，明确提出架起以教师为中心，政工干部和学生干部为两头的桥，由教师及时反映第一手掌握的情况。	学院多次召开教师会议，明确提出架起以教师为中心，政工干部和学生干部为两端的桥，由教师及时反映第一手掌握的情况。	negative
能否推动“金砖”战略，对推动贸易往来、文化交流、技术合作和人才交流协调发展，支撑国际合作具有重要意义。	能够推动“金砖”战略，对推动贸易往来、文化交流、技术合作和人才交流协调发展，支撑国际合作具有重要意义。	negative
面对生活的挑战，我们不能白白虚度机遇去实现自己的梦想。	面对生活的挑战，我们不能白白虚度机遇而不去实现自己的梦想。	negative
在人际关系中，过分苛求他人可能破坏和谐和互信的基础。	在人际关系中，过分苛求他人可能破坏和谐和互信的基础。	positive
为了提高同学们的语文素养，我市学校很多都在开展“读经典作品，建书香校园”的活动。	为了提高同学们的语文素养，我市学校很多都在开展“读经典作品，建书香校园”的活动。	positive
经过长时间的讨论和协商下，双方终于达成了一项和平协议。	经过长时间的讨论和协商，双方终于达成了一项和平协议。	negative
政府推进一系列重大举措，推出一系列重大工作，来不断改善人民生活水平。	政府推进一系列重大举措，推出一系列重大工作，来不断改善人民生活水平。	positive
长时间的订房后，他们终于完成了任务，凯旋而归。	长时间的订房后，他们终于完成了任务，凯旋而归。	positive
训练中身体失去的水分应及时补充，因长时间训练会使身体大量排汗，血浆量下降16%，所以应及时补水以增加血浆量，提高心脏的工作效率和运动持续时间。	训练中身体失去的水分应及时补充，因长时间训练会使身体大量排汗，血浆量下降16%，所以应及时补水以增加血浆量，提高心脏的工作效率和运动持续时间。	positive
根据统计数据，该地区的空气质量指数下降了近15%左右，需要加强环境保护措施。	根据统计数据，该地区的空气质量指数下降了近15%左右，需要加强环境保护措施。	positive
在近日公布的第二批国家非物质文化遗产项目代表性传承人中，使散落民间的普通艺人受到重视。	在近日公布的第二批国家非物质文化遗产项目代表性传承人中，散落民间的普通艺人受到重视。	negative
社交媒体的使用是为了与他人保持联系和分享生活为目的的。	社交媒体的使用是为了与他人保持联系和分享生活。	negative
那段珍贵的回忆已经付诸于流水，无法再回到过去。	那段珍贵的回忆已经付诸流水，无法再回到过去。	negative
为群众排忧解难，切忌不能停留在口头上，要有实际行动，让老百姓看得见、感受得到，从小事做起，比如了解群众需求，尽量方便群众。	为群众排忧解难，切忌不能停留在口头上，要有实际行动，让老百姓看得见、感受得到，从小事做起，比如了解群众需求，尽量方便群众。	positive
“万事如意”是大多数人喜欢使用的祝贺话语，经常见诸于新年、生日和结婚等场合。	“万事如意”是大多数人喜欢使用的祝贺话语，经常见诸于新年、生日和结婚等场合。	positive
这篇文章介绍了传统相声所用的押韵、谐音、摹声等方面的详细的语音技巧和表达效果，内容丰富，饶有趣味。	这篇文章介绍了传统相声所用的押韵、谐音、摹声等方面的详细的语音技巧和表达效果，内容丰富，饶有趣味。	positive
这个小镇上不时发生出使人不安的怪事来，引起了居民的恐慌。	这个小镇上不时发生使人不安的怪事来，引起了居民的恐慌。	negative
由于经济衰退下，公司被迫裁员，许多人失去了工作。	由于经济衰退，公司被迫裁员，许多人失去了工作。	negative
尽管许多梦想没有实现，但我曾真诚地向往过，为此努力过，付出过心血，自己对这样的经历来说，始终是宝贵的。	尽管许多梦想没有实现，但我曾真诚地向往过，为此努力过，付出过心血，对自己这样的经历来说，始终是宝贵的。	negative
下个学期某些大学将引入一名考生同时被两所高校录取的招生，给学生提供更多录取机会。	下个学期某些大学将实行一名考生同时被两所高校录取的招生，给学生提供更多录取机会。	negative
互联网技术的出现使得电商这个新兴的行业愈加充满活力，不仅电商改变了人类的生产生活，也冲击了历史悠久的传统商业模式。	互联网技术的出现使得电商这个新兴的行业愈加充满活力，不仅电商改变了人类的生产生活，也冲击了历史悠久的传统商业模式。	positive
这个城市的人口近百万余，是一个人口密集的地区。	这个城市的人口近百万，是一个人口密集的地区。	negative
2021年大阪奥运会女子篮球项目决赛结束，美国队以101比72大胜中国队，获得金牌，连续蝉联奥运会女篮冠军。	2021年东京奥运会女子篮球项目决赛结束，美国队以101比72大胜中国队，获得金牌，连续蝉联奥运会女篮冠军。	negative
在阶级社会里，为了适应一定的经济基础，作为教育的上层建筑也是为一定的阶级服务的。	在阶级社会里，为了适应一定的经济基础，作为教育的上层建筑也是为一定的阶级服务的。	positive
这位年轻导演的第一部处女作立刻引起了观众的热烈讨论，被赞为一部杰作。	这位年轻导演的第一部处女作立刻引起了观众的热烈讨论，被赞为一部杰作。	positive
只有紧紧把握信息技术革命所带来的质量提升，我国才能更好地推动数字经济发展，提升国际竞争力。	只有紧紧把握信息技术革命所带来的质量提升，我国才能更好地推动数字经济发展，提升国际竞争力。	positive
在比赛中，经过艰苦的努力，他们以优异的成绩得胜而归。	在比赛中，经过艰苦的努力，他们以优异的成绩得胜而归。	positive
“万事如意”是大多数人喜欢使用的祝福话语，经常见诸于新年、生日和结婚等场合。	“万事如意”是大多数人喜欢使用的祝福话语，经常见诸于新年、生日和结婚等场合。	positive
这个项目的目的是为了保护环境，减少碳排放，促进可持续发展。	这个项目的目的是为了保护环境，减少碳排放，促进可持续发展。	positive
终于实现了我多年的夙愿，拥有了自己的理想工作和职业发展。	终于实现了我多年的夙愿，拥有了自己的理想工作和职业发展。	positive
爸爸和哥哥两人挣来的钱还不够养活一家人的生活。	爸爸和哥哥两人挣来的钱还不够养活一家人。	negative
因为成绩好，她受到了老师和同学的表扬。	因为成绩好，她受到了老师和同学的表扬。	positive
我们应该遵守交通规则，以免不出现事故。	我们应该遵守交通规则，以免出现事故。	negative
旅行是为了探索新文化和放松心灵为目的的。	旅行是以探索新文化和放松心灵为目的的。	negative
维也纳马拉松上的大约80%左右饮用水都是“德国制造”，难怪马拉松赛事被形容为“MADEINGERMANY”展示的盛会。	维也纳马拉松上的大约80%饮用水都是“德国制造”，难怪马拉松赛事被形容为“MADEINGERMANY”展示的盛会。	negative
在最近的考试中，他的分数达到了90分左右，展现出了他的努力和才华。	在最近的考试中，他的分数达到了90分左右，展现出了他的努力和才华。	positive
个人对自己过分苛求可能导致心理压力和焦虑，影响健康和安全感。	个人对自己过分苛求可能导致心理压力和焦虑，影响健康和安全感。	positive
近年来，伴随手机、平板电脑等电子产品的普及以及KTV、酒吧等娱乐场所的增多，使少年因不当用耳机发生噪声性听力损伤的风险日益加大。	近年来，伴随手机、平板电脑等电子产品的普及以及KTV、酒吧等娱乐场所的增多，致使少年因不当用耳机发生噪声性听力损伤的风险日益加大。	negative
政府的不作为原因是环境污染造成的。	政府的不作为原因是环境污染造成的。	positive
龚自珍的字里行间描绘的山水画面是瑰美的，他在琢磨这一情景时，虽然作品中的细节描绘得很简洁，但表达得十分准确。	龚自珍的字里行间描绘的山水画面是瑰美的，他在琢磨这一情景时，虽然作品中的细节描绘得很简洁，但表达得十分准确。	positive
她对户外活动非常嗜好，喜欢徒步旅行和攀登山峰。	她对户外活动非常喜好，喜欢徒步旅行和攀登山峰。	negative
他是一个有着成熟思维和行动力的人，尽管只有二十三四岁左右的年纪。	他是一个有着成熟思维和行动力的人，尽管只有二十三四岁左右的年纪。	positive
如果我们能够捕捉到市场变化的时机，抓住商机，那么现在所投资的资产带来的利润会比未来的更高。	如果我们能够捕捉到市场变化的时机，抓住商机，那么现在所投资的资产带来的利润会比未来的更高。	positive
今年六月，政府颁布了法令，规定学校不得强制学生进行户外活动。因此学校该不该强制学生进行户外活动不是一个需要讨论的问题，而是必须严格执行的规定。	今年六月，政府颁布了法令，规定学校不得强制学生进行户外活动。因此学校该不该强制学生进行户外活动不是一个需要讨论的问题，而是必须严格执行的规定。	positive
在经济发展中，现在的当务之急是促进就业增长和创造更多的机会，提振市场信心和经济复苏。	在经济发展中，现在的当务之急是促进就业增长和创造更多的机会，提振市场信心和经济复苏。	positive
少年儿童犯罪问题的主要原因是家庭环境不稳定和社会压力过大造成的。	少年儿童犯罪问题的主要原因是家庭环境不稳定和社会压力过大造成的。	positive
根据市场分析，该公司的年度营收估计在数十亿美元左右，展示了其在行业中的强大实力。	根据市场分析，该公司的年度营收估计在数十亿美元左右，展示了其在行业中的强大实力。	positive
数字素养旨在帮助人们理解数字技术的运作原理和对社会的影响为目的。	数字素养旨在帮助人们理解数字技术的运作原理和对社会的影响，以此为目的。	negative
从《我国好声音》到《创造101》，这类音乐选秀节目，赞不绝口。	从《中国好声音》到《创造101》，这类音乐选秀节目，让人赞不绝口。	negative
随着我们工业的迅速发展，我们的祖国已是一个被其他国家不再任意嘲笑的国家了。	随着我们工业的迅速发展，我们的祖国已是一个被其他国家不再任意嘲笑的国家了。	positive
我们无论如何不能不承认，木星不是从东方升起西方落下的。	我们无论如何不能不承认，木星不是从东方升起西方落下的。	positive
您的令爱是我生活中最珍贵的财富，我会永远珍惜和呵护。	您的令爱是我生活中最珍贵的财富，我会永远珍惜和呵护。	positive
这个月的房租到期了，我必须在截止日期的最后一天之前付清。	这个月的房租到期了，我必须在截止日期的最后一天之前付清。	positive
落实并制定好国家发展战略，实施好乡村振兴战略，通过补短板促进农村经济发展，将提高农民获得感和生活安全感。	落实并制定好国家发展战略，实施好乡村振兴战略，通过补短板促进农村经济发展，将提高农民获得感和生活安全感。	positive
学生的学习能力和成绩之间存在悬殊很大的差异，需要针对不同的情况采取教育策略。	学生的学习能力和成绩之间存在很大的悬殊，需要针对不同的情况采取教育策略。	negative
他对自己的孩子过高的奢望，希望他们能在每个领域都取得顶尖成绩，给予了他们巨大的压力。	他对自己的孩子抱有过高的奢望，希望他们能在每个领域都取得顶尖成绩，给予了他们巨大的压力。	negative
本书的最后一课回到人类自身，提出面对物理学为我们展示的这个奇异全世界，我们应当如何反思自己的存在。	本书的最后一课回到人类自身，提出面对物理学为我们展示的这个奇异的世界，我们应当如何反思自己的存在。	negative
根据调查数据显示，该地区的失业率接近10%左右，需要采取行动促进就业。	根据调查数据显示，该地区的失业率接近10%左右，需要采取行动促进就业。	positive
通过加大对市场上各类食品安全的监管力度，使得许多不法商家纷纷被曝出。	通过加大对市场上各类食品安全的监管力度，使得许多不法商家纷纷被曝出。	positive
个人对自己过分苛求可能导致心理压力和焦虑，影响健康和幸福感。	个人对自己过分苛求可能导致心理压力和焦虑，影响健康和幸福感。	positive
下个学期某些大学将引入一名考生同时被两所院校录取的招生，给学生提供更多录取机会。	下个学期某些大学将引入一项考生同时被两所院校录取的政策，给学生提供更多录取机会。	negative
据characterization，该产品的市场份额预计在未来几年内将稳定在不低于30%左右，展示了其在市场竞争中的优势地位。	据特点，该产品的市场份额预计在未来几年内将稳定在不低于30%左右，展示了其在市场竞争中的优势地位。	negative
这个社交平台充斥着不少虚假信息和谣言，给用户带来了困惑和误导。	这个社交平台充斥着不少虚假信息和谣言，给用户带来了困惑和误导。	positive
固体在液体里是沉还是浮，取决于浮力比固体的重量是大还是小。	固体在液体里是沉还是浮，取决于浮力比固体的重量是大还是小。	positive
为了改善环境，我们需要将环境保护意识付诸于实践，采取具体行动。	为了改善环境，我们需要将环境保护意识付诸于实践，采取具体行动。	positive
不良的城市规划和环境污染造成的直接后果是导致城市居民患上呼吸道疾病和其他健康问题。	不良的城市规划和环境污染造成的直接后果是导致城市居民患上呼吸道疾病和其他健康问题。	positive
北京华林公司的代表王泽表示，上海法院的判决结果需要苹果公司先承认商标所有权由北京华林公司持有，这是纠纷是否解决的关键。	北京华林公司的代表王泽表示，上海法院的判决结果需要苹果公司先承认商标所有权由北京华林公司持有，这是纠纷是否解决的关键。	positive
这个社区建设了一个妇孺儿童活动中心，提供各种儿童和妇女相关的服务和支持。	这个社区建设了一个妇女儿童活动中心，提供各种儿童和妇女相关的服务和支持。	negative
政府的支持下，我国企业已经在非洲地区开始了多个基础设施建设项目，一批成功项目也已经启动。	在政府的支持下，我国企业已经在非洲地区开始了多个基础设施建设项目，一批成功项目也已经启动。	negative
这座大楼的高度至少在300米左右，成为卫星城的地标建筑。	这座大楼的高度至少在300米左右，成为卫星城的地标建筑。	positive
要是一篇作品里的思想有问题，那么文字即使很不错，也是要不得的。	要是一篇作品里的思想有问题，那么文字即使很不错，也是要不得的。	positive
在全球手机市场中，智能手机的销量约占总销量的80%左右，成为主流产品。	在全球手机市场中，智能手机的销量约占总销量的80%左右，成为主流产品。	positive
人民的生活水平正在不断地改善。	人民的生活水平正在不断地改善。	positive
经历了一段艰难的治疗，他终于战胜疾病，凯旋而归。	经历了一段艰难的治疗，他终于战胜疾病，凯旋而归。	positive
我们看了几个教育网站和学校网站，发现各个学校都在大力宣传环境保护理念，尝试减少印刷物。	我们看了几个教育网站和学校网站，发现各个学校都在大力宣传环境保护理念，尝试减少印刷物。	positive
鸟儿的鸣叫虽然婉转动人，但却没有人类语言的智能传递信息。	鸟儿的鸣叫虽然婉转动人，但却没有人类语言的智能传递信息。	positive
树立崇高理想，强化廉洁意识，倡导清正观念，不放纵欲望，不贪图享受，不沉迷逸乐，拒腐防变就会不断提升。	树立崇高理想，强化廉洁意识，倡导清正观念，不放纵欲望，不贪图享受，不沉迷逸乐，拒腐防变的能力就会不断提升。	negative
经过紧张而激烈的比赛下，他们最终获得了冠军的奖章。	经过紧张而激烈的比赛，他们最终获得了冠军的奖章。	negative
杜甫的诗歌充满着“游子情怀”以及“英雄气概”的情感，构成了独特的诗意世界，具有浪漫主义色彩，被归为“诗魂”作家。	杜甫的诗歌充满着“游子情怀”以及“英雄气概”的情感，构成了独特的诗意世界，具有浪漫主义色彩，被归为“诗魂”作家。	positive
我们向受灾地区捐赠物资和资金是出于道义责任决定的。	我们向受灾地区捐赠物资和资金是出于道义责任所决定的。	negative
您的令爱使我感到无比幸福和满足，我愿意为您付出一切。	您的令爱使我感到无比幸福和满足，我愿意为您付出一切。	positive
我国是我们的母亲国家，我们的家园，我们的文化瑰宝都在这里传承和诞生。	我国是我们的母亲国家，我们的家园，我们的文化瑰宝都在这里传承和诞生。	positive
在市场营销策划中，涉及到市场分析、竞争研究和目标定位等要素。	在市场营销策划中，涉及到市场分析、竞争研究和目标定位等要素。	positive
在他的艺术创作中，从对特定历史食物的关注，到对山水、民俗的喜爱，这种灵感的转变已经超越了常规的审美理念。	在他的艺术创作中，从对特定历史事物的关注，到对山水、民俗的喜爱，这种灵感的转变已经超越了常规的审美理念。	negative
这款新手机的续航时间可以达到一天左右，非常适合日常使用。	这款新手机的续航时间可以达到一天左右，非常适合日常使用。	positive
对于技术发展问题上，我们需要审慎考虑其对社会的影响和伦理问题。	在技术发展问题上，我们需要审慎考虑其对社会的影响和伦理问题。	negative
近年来，各地纪检监察机关相继查处了大批腐败分子，但治理腐败只是开始，当务之急的工作是制定更加完善的反腐体系。	近年来，各地纪检监察机关相继查处了大批腐败分子，但治理腐败只是开始，当务之急的工作是制定更加完善的反腐体系。	positive
经过全面的调查和分析下，专家们得出了结论，并提出了解决方案。	经过全面的调查和分析，专家们得出了结论，并提出了解决方案。	negative
于漪老师是中学语文教学改革的先行者，她在长期的语文教学实践中形成的独特而高超的授课艺术，为不少聆听过她讲课的师生所折服。	于漪老师是中学语文教学改革的先行者，她在长期的语文教学实践中形成的独特而高超的授课艺术，为不少聆听过她讲课的师生所折服。	positive
她被应邀出席了一场慈善晚宴，为筹款活动做出贡献。	她应邀出席了一场慈善晚宴，为筹款活动做出贡献。	negative
健身是为了保持身体健康和增强体能的目的。	健身是为了保持身体健康和增强体能。	negative
这次的企业环保评选强调对企业的实施考察，有些企业还主动邀请第三方机构对其环保情况进行评价的措施，积极提升自身的环保意识。	这次的企业环保评选强调对企业环保措施的实施考察，有些企业还主动邀请第三方机构对其环保情况进行评价，积极提升自身的环保意识。	negative
朱自清的《背影》是我开始喜欢他的原因。对于我们，用什么样的溢美之词《背景》都不觉得有过。	朱自清的《背影》是我开始喜欢他的原因。对于我们，用什么样的溢美之词《背影》都不觉得有过。	negative
在这个多元的社会中，众多芸芸众生展现着不同的天赋和追求。	在这个多元的社会中，众多芸芸展现着不同的天赋和追求。	negative
规规矩短的两条平行线始终是两条可望而不可及的端点。	规规矩矩的两条平行线始终是两条可望而不可及的端点。	negative
在领导团队时，应本着公平公平为原则，给予每个成员平等的机会和待遇。	在领导团队时，应本着公平为原则，给予每个成员平等的机会和待遇。	negative
虚拟不仅表明了诗、乐、舞三位一体的传统美学优势，更显示了戏曲形态的特征，这种特征和优势，已为现代戏曲所重视和集成。	虚拟不仅表明了诗、乐、舞三位一体的传统美学优势，更显示了戏曲形态的特征，这种特征和优势，已为现代戏曲所重视和集成。	positive
推行平等待遇和共容的价值观既体现在社会工作的精神层面，也体现在物质层面。	推行平等待遇和共融的价值观既体现在社会工作的精神层面，也体现在物质层面。	negative
这个研究小组揭示了一种新的制备过程，并开发出了简单有效的技术，成为了制备干细胞的一条新途径。	这个研究小组揭示了一种新的制备过程，并开发出了简单有效的技术，成为了制备干细胞的一条新途径。	positive
在这个城市的街头巷尾，充斥着大量乱丢垃圾和环境污染的现象，需要加强环保意识。	在这个城市的街头巷尾，充斥着大量乱丢垃圾和污染环境的现象，需要加强环保意识。	negative
阐明、发现大自然和人类社会的发展规律，关键不在于个人的身份，而在于以实事求是的态度和慎思明辨的求知方法去探索。	阐明、发现大自然和人类社会的发展规律，关键不在于个人的身份，而在于以实事求是的态度和慎思明辨的求知方法去探索。	positive
他的自信心靠的是自我肯定和积极心态取得的。	他的自信心靠的是自我肯定和积极心态建立的。	negative
李白在登高山时感到的自由，在性质上也是一种伦理的“自由”，是摆脱了身为诗人、父亲、儿子的伦理，渴望自由的表现。	李白在登高山时感到的自由，在性质上也是一种伦理的“自由”，是摆脱了身为诗人、父亲、儿子的伦理，渴望自由的表现。	positive
爱尔兰《自然》杂志援引多项研究指出，青少年近视的主要原因是户外活动时间严重不足造成的，这与我们之前的认知不太一样。	爱尔兰《自然》杂志援引多项研究指出，青少年近视的主要原因是户外活动时间严重不足造成的，这与我们之前的认知不太一样。	positive
破坏环境的原因是由人类过度开发和不负责任的行为造成的。	破坏环境的原因是由人类过度开发和不负责任的行为造成的。	positive
缺乏沟通的原因是误解和不信任造成的。	缺乏沟通的原因是误解和不信任造成的。	positive
在电动车越来越多的形势下，对城市交通提出了新的需求，新的交通方式亟待推出。	在电动车越来越多的形势下，对城市交通提出了新的需求，新的交通方式亟待推出。	positive
某世界知名航空公司采用这一突破性技术后，飞机的油耗不仅大大减少了，而且飞机的飞行速度也有了较明显的提高。	某世界知名航空公司采用这一突破性技术后，飞机的油耗不仅大大减少了，而且飞机的飞行速度也有了较明显的提高。	positive
在最近的考试中，他的分数达到了90分左右，展现出了他的努力和天赋。	在最近的考试中，他的分数达到了90分左右，展现出了他的努力和天赋。	positive
公司的战略决策围绕以客户满意度为中心，以提升市场份额。	公司的战略决策围绕客户满意度为中心，以提升市场份额。	negative
他总是借口工作繁忙为名，推辞与朋友们共度周末。	他总是借口工作繁忙，推辞与朋友们共度周末。	negative
成千上万的学子面临着各种挑战和压力，但他们坚持不懈地前行。	成千上万的学子面临着各种挑战和压力，但他们坚持不懈地前行。	positive
工业化发展关乎到全国的经济发展，并且需要在保护环境的同时提高人民生活质量。	工业化发展关乎全国的经济发展，并且需要在保护环境的同时提高人民生活质量。	negative
中国国画，书法等传统艺术的发扬展示，说明了传统文化始终在国民心中拥有极大的影响力。	中国国画，书法等传统艺术的发扬展示，说明了传统文化始终在国民心中拥有极大的影响力。	positive
某些人对于恋爱关系有着过高的奢望，期待完美无瑕的伴侣，而忽视了真实的人际关系的复杂性。	某些人对于恋爱关系有着过高的奢望，期待完美无瑕的伴侣，而忽视了真实的人际关系的复杂性。	positive
在领导团队中，关键在于有效的沟通是十分重要的。	在领导团队中，关键是有效的沟通是十分重要的。	negative
专家认为，仅依靠个人自觉戒烟难以解决整个社会的烟害问题，而劝阻未成年戒烟也显得尤为重要。	专家认为，仅依靠个人自觉戒烟难以解决整个社会的烟害问题，而劝阻未成年人戒烟也显得尤为重要。	negative
根据最新的数据，高速公路服务区的平均间隔大约为300公里左右，方便长途驾车的旅客休息。	根据最新的数据，高速公路服务区的平均间隔大约为300公里左右，方便长途驾车的旅客休息。	positive
健康专家说，食品安全是保护人民身体健康的重要措施，一些不法商家却忽视食品安全问题，不少产品质量令人堪忧。	健康专家说，食品安全是保护人民身体健康的重要措施，一些不法商家却忽视食品安全问题，不少产品质量令人堪忧。	positive
在徒步过程中，他遭遇了严峻的天气和艰难的路况，最终成功登顶，浑身遍体鳞伤却充满了成就感。	在徒步过程中，他遭遇了严峻的天气和艰难的路况，最终成功登顶，浑身遍体鳞伤却充满了成就感。	positive
三轮车闯红灯被交警逮捕，驾驶员拒不接受处罚，还举起拳头威胁警察，最终被拘留。	三轮车闯红灯被交警逮捕，驾驶员拒不接受处罚，还举起拳头威胁警察，最终被拘留。	positive
中国人民正在为建设一个现代化的社会主义强国。	中国人民正在为建设一个现代化的社会主义强国而努力。	negative
这两个国家的经济发展水平十分悬殊，造成了贫富差距的扩大。	这两个国家的经济发展水平十分悬殊，造成了贫富差距的扩大。	positive
放假期间旅游的人很多，有关机构提供了相关建议，避免旅游者的合法权益不受侵犯。	放假期间旅游的人很多，有关机构提供了相关建议，避免旅游者的合法权益受到侵犯。	negative
欢迎到此光临我们的婚礼现场，见证我们的爱情故事。	欢迎莅临此地光临我们的婚礼现场，见证我们的爱情故事。	negative
据报道，该产品的市场份额预计在大约7%左右，需要进一步的市场推广来提高竞争力。	据报道，该产品的市场份额预计在大约7%左右，需要进一步的市场推广来提高竞争力。	positive
在这个卫星城的街头巷尾，充斥着大量乱丢垃圾和环境污染的现象，需要加强环保意识。	在这个卫星城的街头巷尾，充斥着大量乱丢垃圾和环境污染的现象，需要加强环保意识。	positive
在这个卫星城的街头巷尾，充斥着大量乱丢垃圾和环境污染的现象，需要加强环保意识。	在这个卫星城的街头巷尾，存在大量乱丢垃圾和环境污染的现象，需要加强环保意识。	negative
对于英国法律的了解比较深入的法学专家黄敏表示，英国警方逮捕相关案件的证据标准很低，不得不排除通常情况下被认为是有效的证据。	对于英国法律的了解比较深入的法学专家黄敏表示，英国警方逮捕相关案件的证据标准很低，不得不排除通常情况下被认为是有效的证据。	positive
她被应邀参加了一场慈善晚宴，为筹款活动做出贡献。	她应邀参加了一场慈善晚宴，为筹款活动做出贡献。	negative
旅行是为了探索聚润和放松心灵为目的的。	旅行是为了探索聚集并且放松心灵。	negative
一支乐曲有旋律、节奏、和声和乐器组成。	一支乐曲由旋律、节奏、和声和乐器组成。	negative
他在大学毕业后的第一份工作中，担任了二十三四岁左右的项目经理职位。	他在大学毕业后的第一份工作中，担任了项目经理职位，当时他二十三四岁左右。	negative
即使在这个追求物质的时代，我依然不会卖弄财富，更不会放弃自己的原则，我要说：我怀念我的表弟，我想向它表示道歉。	即使在这个追求物质的时代，我依然不会卖弄财富，更不会放弃自己的原则，我要说：我怀念我的表弟，我想向他表示道歉。	negative
奥地利维也纳大学玛丽亚•施罗琳教授领导的研究团队研究发现，冬天的乌鸦比夏天的乌鸦更有可能得到感冒的原因是温度低导致的。	奥地利维也纳大学玛丽亚•施罗琳教授领导的研究团队研究发现，冬天的乌鸦比夏天的乌鸦更有可能感冒的原因是温度低导致的。	negative
菲律宾外长说黄岩岛是菲律宾的固有领土，他的言论充满了颠倒是非、隐瞒和歪曲黄岩岛历来是中国领土的一部分的事实。	菲律宾外长说黄岩岛是菲律宾的固有领土，他的言论充满了颠倒是非、隐瞒和歪曲，掩盖了黄岩岛历来是中国领土的一部分的事实。	negative
是否坚持一个中国的原则，是维护两岸关系和平发展的关键。	是否坚持一个中国的原则，是维护两岸关系和平发展的关键。	positive
2019年1月20日至21日，全球创新创业大赛在北京举行，本次大会本着“人人都可进行创新”为主题，吸引了超过5000名创新者和创业者参加。	2019年1月20日至21日，全球创新创业大赛在北京举行，本次大会本着“人人都可进行创新”为主题，吸引了超过5000名创新者和创业者参加。	positive
在全校大会上，几个学校的负责人都讲了话。	在全校大会上，几个学校的负责人都讲了话。	positive
健康教育应该贯穿小学到大学的教育层面，包含学校教育、社会教育、职业教育，为不同年龄段的学生提供全方位的知识和指导。	健康教育应该贯穿小学到大学的教育层面，包含学校教育、社会教育、职业教育，为不同年龄段的学生提供全方位的知识和指导。	positive
该产品的续航时间至少在10小时左右，满足用户长时间使用的需求。	该产品的续航时间至少在10小时左右，满足用户长时间使用的需求。	positive
我们并不完全否认这首诗没有透露出希望，而是说希望是非常渺茫的。	我们并不完全否认这首诗透露出希望，而是说希望是非常渺茫的。	negative
经过长时间的等待，电影《复仇者联盟》第四部终于再度上映了，漫威粉丝们纷纷涌向电影院。	经过长时间的等待，电影《复仇者联盟》第四部终于再度上映了，漫威粉丝们纷纷涌向电影院。	positive
教师肩负培养大批科技队伍的重任。	教师肩负培养大批科技队伍的重任。	positive
少年儿童过度使用电子产品和社交媒体造成的直接后果是导致他们的社交能力和学业表现下降。	少年儿童过度使用电子产品和社交媒体造成的直接后果是导致他们的社交能力和学业表现下降。	positive
点睛是传统的汉族习俗，它是一种喜庆活动，通常在新婚、装修、开业等场合举行。	点睛是传统的汉族习俗，它是一种喜庆活动，通常在新婚、装修、开业等场合举行。	positive
在进行投资时，切忌不要盲目跟风，应该谨慎分析和评估风险。	在进行投资时，切忌不要盲目跟风，应该谨慎分析和评估风险。	positive
《青春之歌》这部小说出色地塑造了共产党员卢嘉川、江华、林红等人的英雄事迹。	《青春之歌》这部小说出色地塑造了共产党员卢嘉川、江华、林红等人的英雄事迹。	positive
生态文明建设日益加强，越来越多的企业积极参与生态保护，贯彻绿色发展理念的自觉性和主动性显著加大。	生态文明建设日益加强，越来越多的企业积极参与生态保护，贯彻绿色发展理念的自觉性和主动性显著加大。	positive
在政治议题中，共同协商是建立稳定和平的社会秩序的重要手段。	在政治议题中，共同协商是建立稳定和平的社会秩序的重要手段。	positive
我们将生产线转移到低成本地区是出于经济考虑决定的。	我们将生产线转移到低成本地区是出于经济考虑作出的决定。	negative
脸色铁青的葡萄牙国家队主教练博斯克默默地在与荷兰队 13日的比赛结束前起身，走到自己的替补队员身前，轻轻地抚摸了一下每个人的脑袋，平复他们此时天塌地陷的心情。	脸色铁青的葡萄牙国家队主教练博斯克默默地在与荷兰队 13日的比赛结束前起身，走到自己的替补队员身前，轻轻地抚摸了一下每个人的脑袋，平复他们此时天塌地陷的心情。	positive
在她的眼神中，我读出了无声的潜台词，那是对我的支持和理解。	在她的眼神中，我读出了无声的潜台词，那是对我的支持和理解。	positive
北京合作组织加强成员国间的合作，其实现的关键在于找准了互利共赢的合作之道的结果。	北京合作组织加强成员国间的合作，其实现的关键在于找准了互利共赢的合作之道。	negative
我们采用可再生能源来供电是出于环保意识决定的。	我们采用可再生能源来供电是出于环保意识决定的。	positive
它们就像宇宙字母表里的字母，以无穷无尽的组合，讲述星系、月亮、山水、森林、田地等的漫长历史。	它们就像宇宙字母表里的字母，以无穷无尽的组合，讲述星系、月亮、山水、森林、田地等的漫长历史。	positive
"音乐盛典"演奏会将在12月份于音乐厅和观众见面，届时多位著名歌手将亲临现场唱响经典名曲，与现场观众互动互动。	"音乐盛典"演奏会将在12月份于音乐厅和观众见面，届时多位著名歌手将亲临现场唱响经典名曲，与现场观众互动。	negative
许多同学在教室里昨天都同他展开了激烈地辩论。	许多同学在教室里昨天都同他展开了激烈的辩论。	negative
我的烤鸡烧焦了是因为我忘记设置定时器造成的。	我的烤鸡烧焦了，因为我忘记设置定时器。	negative
他们的工作态度和效率之间存在悬殊很大的差距，导致工作结果不尽如人意。	他们的工作态度和效率之间存在悬殊很大的差距，导致工作结果不尽如人意。	positive
明、清时期是我国古代小说的发展高峰，著名作品达到2000多部，涵盖了历史、神话、武侠等多种题材。	明、清时期是我国古代小说的发展高峰，著名作品达到2000多部，涵盖了历史、神话、武侠等多种题材。	positive
这个国家的饮食习惯大多以米饭为主。	这个国家的饮食习惯大多以米饭为主。	positive
经过统计，这个地区的失业率大约在7%左右，显示了劳动市场的相对稳定。	经过统计，这个地区的失业率大约在7%左右，显示了劳动市场的相对稳定。	positive
这个计划推迟了，原因是因为资金不足，无法按计划进行。	这个计划推迟了，原因是资金不足，无法按计划进行。	negative
我们如果把这本书不认真读好，就谈不上读别的书了。	我们如果把这本书不认真读完，就谈不上读别的书了。	negative
《工程机械是怎样炼成的》这部小说完美地塑造了一个普通士兵的光辉事迹。	《工程机械是怎样炼成的》这部小说完美地塑造了一个普通士兵的光辉事迹。	positive
他被应邀参加了国际会议，分享他的研究成果和观点。	他应邀参加了国际会议，分享他的研究成果和观点。	negative
空气污染的主要原因是工厂排放和车辆尾气的大量排放造成的。	空气污染的主要原因是工厂排放和车辆尾气造成的。	negative
这首动人的曲子，时刻在人们的耳畔、心中荡漾着。	这首动人的曲子，时刻在人们的耳畔、心中荡漾着。	positive
教育改革的目标是围绕以学生的综合性发展为中心，培养全面的人才。	教育改革的目标是以学生的综合性发展为中心，培养全面的人才。	negative
现代卫生洁具设计注重节水和环保特性。	现代卫生洁具设计注重节水和环保特性。	positive
这个社区的发展计划将在公众会议上公诸于众，让居民参与和表达意见。	这个社区的发展计划将在公众会议上公诸于众，让居民参与和表达意见。	positive
这个社区的发展围绕以居民的需求为中心进行规划。	这个社区的发展围绕居民的需求为中心进行规划。	negative
清华大学王鑫教授领导的团队创造性地发展了新型癌症治疗路线及完整的自主知识产权，并打破了国外制药公司的垄断局面。	清华大学王鑫教授领导的团队创造性地发展了新型癌症治疗路线及完整的自主知识产权，并打破了国外制药公司的垄断局面。	positive
他的成功是由于不断努力和坚持的结果。	他的成功是由于不断努力和坚持的结果。	positive
经验丰富的投资者一般建议将投资持有期设定在3到5年左右，以获得更稳定的回报。	经验丰富的投资者一般建议将投资持有期设定在3到5年左右，以获得更稳定的回报。	positive
章子怡执导的《致青春》对于中国青年是不陌生的。	章子怡执导的《致青春》对于中国青年是熟悉的。	negative
今年六月，政府颁布了法令，规定学校不得强制学生进行体育锻炼。因此学校该不该强制学生进行体育锻炼不是一个需要讨论的问题，而是必须严格执行的规定。	今年六月，政府颁布了法令，规定学校不得强制学生进行体育锻炼。因此学校该不该强制学生进行体育锻炼不是一个需要讨论的问题，而是必须严格执行的规定。	positive
本书的最后一课回到人类自身，提出面对物理学为我们展示的这个奇异世界，我们应当如何反思自己的存在。	本书的最后一课回到人类自身，提出面对物理学为我们展示的这个奇异世界，我们应当如何反思自己的存在。	positive
每个立志成才的青年将来都希望自己成为一个对社会主义建设事业有贡献的人。	每个立志成才的青年将来都希望自己成为一个对社会主义建设事业有贡献的人。	positive
警察在选拔时，身高、体重、视力等方面都有着严格的规定，还需要经过一系列的体能和技能培训才能合格上岗。	警察在选拔时，身高、体重、视力等方面都有着严格的规定，还需要经过一系列的体能和技能培训才能合格上岗。	positive
落实并制定好国家发展战略，实施好乡村振兴战略，通过补短板促进农村经济发展，将提高农民获得感和生活幸福感。	落实并制定好国家发展战略，实施好乡村振兴战略，通过补短板促进农村经济发展，将提高农民获得感和生活幸福感。	positive
这场比赛的观众约五千余人，现场气氛热烈，充满了激情和期待。	这场比赛的观众约五千余人，现场气氛热烈，充满了激情和期待。	positive
这个项目的设计围绕以用户体验为中心，注重简洁和易用性。	这个项目的设计围绕用户体验为中心，注重简洁和易用性。	negative
您的令爱给予了我巨大的鼓励和支持，让我有勇气追求自己的梦想。	您的令爱给予了我巨大的鼓励和支持，让我有勇气追求自己的梦想。	positive
天津市怀柔区农业局局长王明介绍，通过发展果蔬种植业，使得本地区200户农民成功脱贫，贫困发生率约为4%左右，实现了较好的经济发展。	天津市怀柔区农业局局长王明介绍，通过发展果蔬种植业，使得本地区200户农民成功脱贫，贫困发生率约为4%左右，实现了较好的经济发展。	positive
卫星城图书馆提供了丰富的书籍和多媒体设备，在帮助大众获取知识的同时，见识和体验到科技的进步，激发他们阅读的欲望。	卫星城图书馆提供了丰富的书籍和多媒体设备，在帮助大众获取知识的同时，见识到科技的进步，激发他们阅读的欲望。	negative
音乐家们被应邀出席了一场音乐节，与观众分享他们的音乐才华。	音乐家们应邀出席了一场音乐节，与观众分享他们的音乐才华。	negative
经过紧张而激烈的比赛下，他们最终获得了冠军的荣誉。	经过紧张而激烈的比赛，他们最终获得了冠军的荣誉。	negative
经过一番厮杀，他们最终凯旋而归，取得了战斗的胜利。	经过一番厮杀，他们最终凯旋而归，取得了战斗的胜利。	positive
一位优秀的有20多年教学经验的佛山一中的语文教师。	一位优秀的有20多年教学经验的佛山一中的语文教师。	positive
城市图书馆提供了丰富的书籍和多媒体设备，在帮助大众获取知识的同时，见识和体验到科技的进步，激发他们阅读的欲望。	城市图书馆提供了丰富的书籍和多媒体设备，在帮助大众获取知识的同时，见识和体验科技的进步，激发他们阅读的欲望。	negative
“非洲蚊”是典型的外来入侵物种，它正迅速在许多地区爆发、扩张、定居，威胁我国公共卫生。	“非洲蚊”是典型的外来入侵物种，它正迅速在许多地区爆发、扩张、定居，威胁我国公共卫生。	positive
预计明天的气温将超过三十度左右，要记得带上防晒。	预计明天的气温将达到三十度左右，要记得带上防晒。	negative
电影、音乐和文学作品的跨国传播有助于加强国际间的文化交流。	电影、音乐和文学作品的跨国传播有助于加强国际间的文化交流。	positive
这本小说的销量近十万余册，受到读者们的广泛喜爱。	这本小说的销量十万余册，受到读者们的广泛喜爱。	negative
习主席此次访问非洲国家，不仅吸引了非中民众的关注，美国人民也密切关注。	习主席此次访问非洲国家，不仅吸引了非中民众的关注，美国人民也密切关注。	positive
她对摄影非常嗜好，经常到处寻找美丽的景色进行拍摄。	她对摄影非常爱好，经常到处寻找美丽的景色进行拍摄。	negative
电子工业能否迅速发展,并广泛渗透到各行各业中,关键在于要加速造就一批专门人才。	电子工业能否迅速发展,并广泛渗透到各行各业中,关键在于要加速造就一批专门人才。	positive
这位作家的第一部处女作一经问世，便登上了畅销书排行榜，赢得了读者们的喜爱。	这位作家的处女作一经问世，便登上了畅销书排行榜，赢得了读者们的喜爱。	negative
他非常酷爱摄影，通过镜头记录下美丽的风景和珍贵的瞬间。	他非常酷爱摄影，通过镜头记录下美丽的风景和珍贵的瞬间。	positive
如果趁现在不赶快检查一下代耕工作，眼前的地就锄不好。	如果趁现在不赶快检查一下代耕工作，眼前的地就锄不好。	positive
我们看了几个教育网站和学校网站，发现各个学校都在大力宣传环保理念，尝试减少印刷物。	我们看了几个教育网站和学校网站，发现各个学校都在大力宣传环保理念，尝试减少印刷物。	positive
在这个多元的社会中，众多芸芸众生展现着不同的才华和追求。	在这个多元的社会中，众多芸芸众生展现着不同的才华和追求。	positive
由于技术故障下，网络中断，影响了正常的在线活动。	由于技术故障，网络中断，影响了正常的在线活动。	negative
我们的旅行距离目的地仅剩近十公里余，就快要到达了。	我们的旅行距离目的地仅剩十公里，就快要到达了。	negative
他的心血和努力最终付诸于流水，无法实现他的梦想。	他的心血和努力最终付诸东流，无法实现他的梦想。	negative
对于社会不公问题上，我们应该呼吁更多的平等和正义。	在社会不公问题上，我们应该呼吁更多的平等和正义。	negative
经过多年的勤奋学习和实践下，他终于成为了一名资深的专业人士。	经过多年的勤奋学习和实践，他终于成为了一名资深的专业人士。	negative
这个国家的经济衰退是由于政策不当和市场波动的结果。	这个国家的经济衰退是由于政策不当和市场波动的结果。	positive
柯棣华这个名字对于中国人民是很熟悉的。	柯棣华这个名字对于中国人民很熟悉。	negative
在这部电影中，塑造了一个典型的女性知识分子。	在这部电影中，塑造了一个典型的女性知识分子。	positive
我们平时使用的调味品醋，含有蛋白质、钙、磷、铁、维生素B等成分，被皮肤吸收后，可以改善面部皮肤的营养不足。	我们平时使用的调味品醋，含有蛋白质、钙、磷、铁、维生素B等成分，被皮肤吸收后，可以改善面部皮肤的营养不足。	positive
这场足球比赛在市中心体育场进行，通过两个小时的激烈比拼，最终张健和李强分别打进了制胜球。	这场足球比赛在市中心体育场进行，通过两个小时的激烈比拼，最终张健和李强分别打进了制胜球。	positive
在教育领域，目前的当务之急是提高教育的质量和使用率，确保每个孩子都能获得良好的教育。	在教育领域，目前的当务之急是提高教育的质量和使用率，确保每个孩子都能获得良好的教育。	positive
卫生洁具的卫生状况直接影响家庭成员的健康和舒适度。	卫生洁具的卫生状况直接影响家庭成员的健康和舒适度。	positive
学生们应该充分利用学校资源，不要白白虚度学习的机会。	学生们应该充分利用学校资源，不要白白虚度学习的机会。	positive
热烈祝贺徐州市人民医院荣获“全国医院文明单位”殊荣称号。	热烈祝贺徐州市人民医院荣获“全国医院文明单位”殊荣称号。	positive
随着人口老龄化以及社会福利需求增加，中国政府也在加强养老保险制度建设，但由于人口基数大以及社会化程度不足等因素，导致养老金占很大一部分财政支出比例。	随着人口老龄化以及社会福利需求增加，中国政府也在加强养老保险制度建设，但由于人口基数大以及社会化程度不足等因素，导致养老金占很大一部分财政支出比例。	positive
广大学子是社会的未来，他们承载着希望和责任。	广大学子是社会的未来，他们承载着希望和责任。	positive
我们无论如何不能不承认，太阳不是从东方升起西方落下的。	我们无论如何不能不承认，太阳是从东方升起西方落下的。	negative
中国的军事战略思考是要在实际战斗力上超过周边国家，并保持其他国家一代以上的差距。	中国的军事战略思考是要在实际战斗力上超过周边国家，并保持其他国家一代以上的差距。	positive
这场火灾的原因是由电线短路引发的，造成了巨大的财产损失。	这场火灾的原因是由电线短路引发的，造成了巨大的财产损失。	positive
教育改革的目标是围绕以学生的综合发展为中心，培养全面的人才。	教育改革的目标是围绕以学生的综合发展为中心，培养全面的人才。	positive
毛建草是世界上没有的奇迹。	毛建草是世界上唯一的奇迹。	negative
在团队中，共同协商是取得成功的关键，每个成员都有机会发表意见。	在团队中，共同协商是取得成功的关键，每个成员都有机会发表意见。	positive
联合国报告指出，如果不采取措施缓和人口增长对水土资源构成的巨大负担，环境的恶化将会危及经济的可持续发展。	联合国报告指出，如果不采取措施缓和人口增长对水土资源构成的巨大负担，环境的恶化将会危及经济的可持续发展。	positive
广大莘莘学子是社会的未来，他们承载着希望和责任。	广大莘莘学子是社会的未来，他们承载着希望和责任。	positive
德育教育的加强需要家庭、学校和社区的紧密合作。	德育教育的加强需要家庭、学校和社区的紧密合作。	positive
对于这一时期中国股市反复震荡的局势，有些业内人士把其归因于去年下半年，尤其是11月份以来IPO提速所致。	对于这一时期中国股市反复震荡的局势，有些业内人士把其归因于去年下半年，尤其是11月份以来IPO提速所致。	positive
他们还冠以这种渡河方式一个很浪漫的名字——踩钢丝。	他们还冠以这种渡河方式一个很浪漫的名字——踩钢丝。	positive
在科技发展的道路上，科学工作者正发挥着他们每个人身上无穷的蕴藏着的科学精神。	在科技发展的道路上，科学工作者正发挥着他们每个人身上无穷的蕴藏的科学精神。	negative
我们的讨论会围绕以环境保护为中心，探讨可持续发展的方案。	我们的讨论会围绕环境保护为中心，探讨可持续发展的方案。	negative
根据调查数据显示，该地区的失业率接近10%左右，需要采取措施促进就业。	根据调查数据显示，该地区的失业率接近10%，需要采取措施促进就业。	negative
这种香水的成分是各种花香和果实的精油配制而成的。	这种香水的成分是各种花香和果实的精油配制而成。	negative
通过这次凉山州中学生知识竞赛，使她的自信心增强了。	这次凉山州中学生知识竞赛，使她的自信心增强了。	negative
妈妈问两个双胞胎女儿想要什么礼物，女儿说“给我的玩具熊10个星星、给弟弟5个星星、给妈妈一朵花。”	妈妈问两个双胞胎女儿想要什么礼物，女儿说“给我的玩具熊10个星星、给弟弟5个星星、给妈妈一朵花。”	positive
今天是选举注册的截止日期的最后一天，如果你还没有注册，现在是时候行动了。	今天是选举注册的截止日期的最后一天，如果你还没有注册，现在是时候行动了。	positive
在这场篮球比赛中，金州勇士队为了夺得总冠军，尽谴全部主力队员上场比赛。	在这场篮球比赛中，金州勇士队为了夺得总冠军，尽遣全部主力队员上场比赛。	negative
有些微不足道的日常细节，对于有天赋的作家来说却是极为重要的素材，成为小说中不可分割的组成部分。	有些微不足道的日常细节，对于有天赋的作家来说却是极为重要的素材，成为小说中不可分割的组成部分。	positive
公司虽然还没有确定工作地点，但从招聘广告上看，上海可能会是备选之一。	公司虽然还没有确定工作地点，但从招聘广告上看，上海可能会是备选之一。	positive
这座大楼的高度至少在300米左右，成为城市的地标建筑。	这座大楼的高度至少在300米左右，成为城市的地标建筑。	positive
车手在这场汽车大赛的表现，不仅关系到个人的荣誉，而是关系到车队的声誉。	车手在这场汽车大赛的表现，不仅关系到个人的荣誉，还关系到车队的声誉。	negative
我们的目的是为了提供优质的教育资源，帮助每个孩子实现自己的潜力。	我们的目的是为了提供优质的教育资源，帮助每个孩子实现自己的潜力。	positive
在激烈的市场竞争中，我们缺乏的是勇气不足，策略不当。	在激烈的市场竞争中，我们缺乏的是勇气，策略不当。	negative
由于近期国际黄金价格持续上涨，令巴基斯坦的珠宝业形势严峻，一些公司甚至被迫停业。	由于近期国际黄金价格持续上涨，令巴基斯坦的珠宝业形势严峻，一些公司甚至被迫停业。	positive
短短两年多，在楼台、粉墙黛瓦间，一个活力四射的创客生态圈已然形成，处处彰显着互联网革命带来的酷炫科技范儿。	短短两年多，在楼台、粉墙黛瓦间，一个活力四射的创客生态圈已然形成，处处彰显着互联网革命带来的酷炫科技范儿。	positive
不仅勤劳和创新的精神对于一个人的成长有促进作用，更是推动整个社会进步的关键。	不仅勤劳与创新的精神对于一个人的成长有促进作用，更是推动整个社会进步的关键。	negative
在商业合作中，共同协商是实现互惠互利的策略，双方通过协商达成共识。	在商业合作中，共同协商是实现互惠互利的策略，双方通过协商达成共识。	positive
这个花园里的花儿也慢慢地失去了它们的鲜艳，变得嫩黄，变得柔绿，变得暗淡无光。	这个花园里的花儿也慢慢地失去了它们的鲜艳，变得嫩黄，变得柔绿，变得暗淡无光。	positive
这家广告公司在推销产品时使用了过分的溢美之词，导致消费者对产品的期望过高。	这家广告公司在推销产品时使用了过分的溢美之词，导致消费者对产品的期望过高。	positive
今年的国际车展是电动车工业遭遇持续低迷的时期举办的，展现了产业转型的决心和努力。	今年的国际车展是电动车工业遭遇持续低迷的时期举办的，展现了产业转型的决心和努力。	positive
小说《活着》中描述了一个贫困农民的饮食起居以及各方面的生活，表现了贫穷的人们在封建社会的困境。	小说《活着》中描述了一个贫困农民的饮食起居以及各方面的生活，表现了贫穷的人们在封建社会的困境。	positive
由于近期国际黄金价格持续上涨，令印度的珠宝业形势严峻，一些公司甚至被迫停业。	由于近期国际黄金价格持续上涨，令印度的珠宝业形势严峻，一些公司甚至被迫停业。	positive
短短两年多，在小桥流水、粉墙黛瓦间，一个活力四射的创客生态圈已然形成，处处彰显着互联网革命带来的酷炫科技范儿。	短短两年多，在小桥流水、粉墙黛瓦间，一个活力四射的创客生态圈已然形成，处处彰显着互联网革命带来的酷炫科技范儿。	positive
这次“国学夏令营”的成员，除北京四中的之外，还有来自齐齐哈尔一中、黄冈中学等13所中学的师生也参加了学习。	这次“国学夏令营”的成员，除北京四中的师生之外，还有来自齐齐哈尔一中、黄冈中学等13所中学的师生也参加了学习。	negative
如果真的菩萨能保佑我们，还要我们努力学习干什么。	如果菩萨真的能保佑我们，还要我们努力学习干什么。	negative
为了改善环境，我们需要将环保意识付诸于实践，采取具体行动。	为了改善环境，我们需要将环保意识付诸于实践，采取具体行动。	positive
防止过度治疗，除了加强宣传教育外，还要靠制度保障医疗机构正常运转，调控盲目扩张的逐利行为。	防止过度治疗，除了加强宣传教育外，还要靠制度保障医疗机构正常运转，调控盲目扩张的逐利行为。	positive
全国政协委员建议，我国应加大金融市场改革力度，支持企业发展，推出新的金融政策，填补金融市场的法律。	全国政协委员建议，我国应加大金融市场改革力度，支持企业发展，推出新的金融政策，完善金融市场的法律。	negative
这本书的字数约六万余，形式多样而深入，适合各个年龄段的读者。	这本书的字数约六万余，形式多样而深入，适合各个年龄段的读者。	positive
这项研究的结果将会付诸于流水，为学术界和社会带来价值。	这项研究的结果将会付诸实施，为学术界和社会带来价值。	negative
家长们不应过分苛求孩子的成绩，要给予他们适当的成长空间。	家长们不应过分苛求孩子的成绩，要给予他们适当的成长空间。	positive
这次“国学训练营”的成员，除北京四中的之外，还有来自齐齐哈尔一中、黄冈中学等13所中学的师生也参加了学习。	这次“国学训练营”的成员，除北京四中之外，还有来自齐齐哈尔一中、黄冈中学等13所中学的师生也参加了学习。	negative
最近股票市场出现了波动，某些公司的股价上涨了10%-30%左右。	最近股票市场出现了波动，某些公司的股价上涨了10%-30%左右。	positive
近年来，伴随手机、平板电脑等电子产品的普及化以及KTV、酒吧等娱乐场所的增多，使少年因不当用耳机发生噪声性听力损伤的风险日益加大。	近年来，伴随手机、平板电脑等电子产品的普及化以及KTV、酒吧等娱乐场所的增多，使得少年因不当用耳机发生噪声性听力损伤的风险日益加大。	negative
这个村庄的教育项目专注于提供妇孺与年幼之人的教育机会，帮助他们实现理想。	这个村庄的教育项目专注于提供妇孺与年幼之人的教育机会，帮助他们实现理想。	positive
青少年过度使用电子产品和社交媒体造成的直接后果是导致他们的社交能力和学业表现下降。	青少年过度使用电子产品和社交媒体造成的直接后果是他们的社交能力和学业表现下降。	negative
那部深受观众们欢迎的电影《大闹天宫》，连续半个月放映了。	那部深受观众们欢迎的电影《大闹天宫》，放映了连续半个月。	negative
这位年轻画家非常酷爱绘画，他的作品展示了他对艺术的热爱和创造力。	这位年轻画家非常酷爱绘画，他的作品展示了他对艺术的热爱和创造力。	positive
在这个多姿多彩的全世界中，广大芸芸众生共同构成了人类的多样性和繁荣。	在这个多姿多彩的世界中，广大芸芸众生共同构成了人类的多样性和繁荣。	negative
他被解雇了，原因是因为他多次违反了公司的规章制度。	他被解雇了，原因是他多次违反了公司的规章制度。	negative
这家公司的市值预计超过一百亿美元左右，成为行业的领导者。	这家公司的市值预计超过一百亿美元，成为行业的领导者。	negative
今天，中国知识分子促进的启蒙运动，与以往的启蒙运动一样，是在全球化背景下进行的，同时，它还打上了互联网时代的烙印。	今天，中国知识分子促进的启蒙运动，与以往的启蒙运动一样，是在全球化背景下进行的，同时，它还打上了互联网时代的烙印。	positive
我国重新修订《食品安全法》，目的是用更严格的监管、更严厉的处罚、更严肃的问责，切实保障“舌尖上的安全”，被称为“最严食品安全法”。	我国重新修订《食品安全法》，目的是用更严格的监管、更严厉的处罚、更严肃的问责，切实保障“舌尖上的安全”，被称为“最严食品安全法”。	positive
粮食短缺是由于气候灾害和人口增长导致的农作物减产而造成的。	粮食短缺是由于气候灾害和人口增长导致的农作物减产而造成的。	positive
对于技术发展问题上，我们需要审慎考虑其对社会的影响和伦理道德问题。	在技术发展问题上，我们需要审慎考虑其对社会的影响和伦理道德问题。	negative
与其他欧美相比，中国的女子排球水平还有很大差距。	与其他欧美相比，中国的女子排球队水平还有很大差距。	negative
世界各地的人们都在关注中国航天科技突飞猛进的发展，这让人们无不毫无例外地感受到了强烈的自豪感。	世界各地的人们都在关注中国航天科技突飞猛进的发展，这让人们无不例外地感受到了强烈的自豪感。	negative
研究结果表明，食用过多的高糖高盐食品会显著提高患肥胖、高血压等多种身体疾病的危险。	研究结果表明，食用过多的高糖高盐食品会显著提高患肥胖、高血压等多种身体疾病的危险。	positive
这种清洁剂的成分是环保的洗涤剂和去污剂配制而成的。	这种清洁剂的成分是环保的洗涤剂和去污剂配制而成的。	positive
诚信缺失对社会道德是毁灭性的伤害，当前为公众深恶痛绝的那些恶性事件，每一件都深深地刻着背信弃义的烙印和丑恶心理。	诚信缺失对社会道德是毁灭性的伤害，当前为公众深恶痛绝的那些恶性事件，每一件都深深地刻着背信弃义的烙印和丑恶心理。	positive
能否切实减轻学生课业负担，让他们分快乐成长，是我国中小学教学工作的当务之急。	能否切实减轻学生课业负担，让他们分快乐成长，是我国中小学教学工作的当务之急。	positive
在自然灾害中，数百万人民群众生灵涂炭，失去家园和生命，迫切需要援助和支持。	在自然灾害中，数百万人民群众生灵涂炭，失去家园和生命，迫切需要援助和支持。	positive
我们不能不否认，黄金周集中休假的方式在拉动内需、增强国人休闲观念的同时，也给交通、旅游部门带来了巨大的压力。	我们不能否认，黄金周集中休假的方式在拉动内需、增强国人休闲观念的同时，也给交通、旅游部门带来了巨大的压力。	negative
鉴于《红楼梦词话》自身的缺陷，问世不久即被禁，只有少数批评家去研究，至今仍是不宜公开发行的书。	鉴于《红楼梦词话》自身的缺陷，问世不久即被禁，只有少数批评家去研究，至今仍是不宜公开发行的书。	positive
他终于完成了自己多年的夙愿，攀登了世界最高峰。	他终于完成了自己多年的夙愿，攀登了世界最高峰。	positive
在这座繁忙的城市里，三十个芸芸众生各有各的忙碌与奋斗。	在这座繁忙的城市里，三十个芸芸众生各有各的忙碌与奋斗。	positive
您的令爱是我前进的动力系统和勇气，我会为了您的幸福而努力奋斗。	您的宝贵是我前进的动力系统和勇气，我会为了您的幸福而努力奋斗。	negative
请确保你的护照在旅行日期的截止日期的最后一天之前有效。	请确保你的护照在旅行截止日期的最后一天之前有效。	negative
他们未能赢得比赛是因为队员之间的沟通不畅，缺乏协作精神等原因造成的。	他们未能赢得比赛是因为队员之间的沟通不畅和缺乏协作精神等原因造成的。	negative
在处理人际关系时，切忌不要过于嫉妒和攀比，要学会尊重和珍惜他人的成就。	在处理人际关系时，切忌过于嫉妒和攀比，要学会尊重和珍惜他人的成就。	negative
从《中国好声音》到《创造101》，这类音乐选秀节目，赞不绝口。	从《中国好声音》到《创造101》，这类音乐选秀节目，广受欢迎。	negative
针对医改方案，有人认为，医改最大的价值在于公平与否，医改方案最应该关注的是保障每个人的健康权利。	针对医改方案，有人认为，医改最大的价值在于公平与否，医改方案最应该关注的是保障每个人的健康权利。	positive
这就使他们将来能更好地、真正地为实现四个现代化贡献出自己的力量。	这就使他们将来能更好地、真正地为实现四个现代化贡献出自己的力量。	positive
众多莘莘学子对知识的渴望驱使着他们积极学习和探索。	众多莘莘学子对知识的渴望驱使着他们积极学习和探索。	positive
他来到我国后，曾看过250多部我国不同时期的影片。	他来到我国后，曾看过250多部我国不同时期的影片。	positive
鉴于目前现在很多食品企业虚假宣传，消费者需要提高警惕。	鉴于目前很多食品企业虚假宣传，消费者需要提高警惕。	negative
表示祝贺徐州市人民医院荣获“全国医院文明单位”殊荣称号。	表示祝贺徐州市人民医院荣获“全国医院文明单位”殊荣。	negative
在国际事务中，共同协商是解决争端和促进合作的重要途径。	在国际事务中，共同协商是解决争端和促进合作的重要途径。	positive
他对烹饪非常嗜好，经常尝试新的食谱和烹饪技巧。	他对烹饪非常爱好，经常尝试新的食谱和烹饪技巧。	negative
她对户外运动非常嗜好，喜欢徒步旅行和攀登山峰。	她对户外运动非常热爱，喜欢徒步旅行和攀登山峰。	negative
研究表明，我们无论如何强化垃圾分类、限制重工业、提高能源效率、加强环境保护，环境保护工作仍需长期发展，不能半途而废。	研究表明，我们无论如何强化垃圾分类、限制重工业、提高能源效率、加强环境保护，环境保护工作仍需长期发展，不能半途而废。	positive
现代卫生洁具设计注重节约用水和环保特性。	现代卫生洁具设计注重节约用水和环保特性。	positive
委内瑞拉一家舞厅发生了一起有多人丧命的踩踏惨案，警方称，原因是由于夜总会老板故意制造恐慌和紧急出口处受阻引起的。	委内瑞拉一家舞厅发生了一起有多人丧命的踩踏惨案，警方称，原因是夜总会老板故意制造恐慌和紧急出口处受阻引起的。	negative
在他的艺术创作中，从对特定历史食物的关注，到对山水画、民俗的喜爱，这种灵感的转变已经超越了常规的审美理念。	在他的艺术创作中，从对特定历史事物的关注，到对山水画、民俗的喜爱，这种灵感的转变已经超越了常规的审美理念。	negative
在交通安全上，切忌不要违反交通规则，要遵守交通法规和保护自己及他人的安全。	在交通安全上，切忌违反交通规则，要遵守交通法规和保护自己及他人的安全。	negative
在教育领域，目前的当务之急是提高教育的质量和普及率，确保每个孩子都能获得良好的教育。	在教育领域，目前的当务之急是提高教育的质量和普及率，确保每个孩子都能获得良好的教育。	positive
当他回避我的问题时，我感受到了无声的潜台词，他可能有什么难以启齿的事情。	当他回避我的问题时，我感受到了无声的潜台词，他可能有什么难以启齿的事情。	positive
今年的国际车展是汽车工业遭遇持续低迷的时期举办的，展现了产业转型的决心和努力。	今年的国际车展是汽车工业遭遇持续低迷的时期举办的，展现了产业转型的决心和努力。	positive
悠久的中华文明历史悠久，自古以来就伟大辉煌，每个朝代都是历史的传播者、践行者、传承者。	中华文明历史悠久，自古以来就伟大辉煌，每个朝代都是历史的传播者、践行者、传承者。	negative
在环保行动中，我们应本着可持续发展为原则，努力保护自然资源。	在环保行动中，我们应以可持续发展为原则，努力保护自然资源。	negative
我不同意购置这些高档红木家具，不仅因为这些东西对于我们不需要，更重要的是这样做不符合勤俭节约的原则。	我不同意购置这些高档红木家具，不仅因为这些东西我们不需要，更重要的是这样做不符合勤俭节约的原则。	negative
我国科学家厉呦呦荣获2015年诺贝尔生理学或医学奖得主。	我国科学家屠呦呦荣获2015年诺贝尔生理学或医学奖。	negative
每当我追求新的目标时，我无时无刻不忘感激那些支持和鼓励我的人们。	每当我追求新的目标时，我无时无刻不忘感激那些支持和鼓励我的人们。	positive
长期的土地过度开发和滥伐森林造成的直接后果是导致生态系统崩溃和物种灭绝。	长期的土地过度开发和滥伐森林造成的直接后果是生态系统崩溃和物种灭绝。	negative
这位80岁高龄的老教授，全国著名的眼科专家曾被剥夺了整整十年的科研、教学的机会。	这位80岁高龄的老教授，全国著名的眼科专家，曾被剥夺了整整十年的科研、教学机会。	negative
我们不知不觉地走了大约十英里的距离。	我们不知不觉地走了大约十英里的距离。	positive
互联网在我国民众的政治、经济和社会生活中扮演着日益重要的角色，成为我国公民行使表达权、监督权、知情权和参与权的重要渠道。	互联网在我国民众的政治、经济和社会生活中扮演着日益重要的角色，成为我国公民行使表达权、监督权、知情权和参与权的重要渠道。	positive
整个卫星城的居民在经过了近三年的等待以后，地铁终于通车了。	整个卫星城的居民经过了近三年的等待后，地铁终于通车了。	negative
杜甫在登高山时感到的自由，在性质上也是一种伦理的“自由”，是摆脱了身为诗人、父亲、儿子的伦理，渴望自由的表现。	杜甫在登高山时感到的自由，在性质上也是一种伦理的“自由”，是摆脱了身为诗人、父亲、儿子的伦理，渴望自由的表现。	positive
这家公司破产是因为管理层的错误决策的原因。	这家公司破产是因为管理层的错误决策。	negative
欢迎到此光临我们的旅游景点，领略壮丽的自然风光和历史遗迹。	欢迎到此光临我们的旅游景点，领略壮丽的自然风光和历史遗迹。	positive
她非常酷爱舞蹈，每天都投入时间和精力来练习和表演。	她非常酷爱舞蹈，每天都投入时间和精力来练习和表演。	positive
据世界遗产报告，中国文盲数量超5000万左右。	据世界遗产报告，中国文盲数量约5000万。	negative
这项大型基础设施项目的预算高达数十亿美元左右，将为卫星城的发展带来巨大的影响。	这项大型基础设施项目的预算高达数十亿美元，将为卫星城的发展带来巨大的影响。	negative
警察在选拔时，身高、体重、视力等方面都有着严格的规定，还需要经过一系列的体能和技能培训才能合格持证。	警察在选拔时，身高、体重、视力等方面都有着严格的规定，还需要经过一系列的体能和技能培训才能合格持证。	positive
一种观念只有被人们普遍接受、理解和掌握并转化为整个社会的整体意识，才能成为人们严格遵守和奉行的准则。	一种观念只有被人们普遍接受、理解和掌握并转化为整个社会的整体意识，才能成为人们严格遵守和奉行的准则。	positive
这项基金，是对公益林管理者发生的管理、抚育、保护和营造等支出给予一定补助的专项资金。	这项基金，是对公益林管理者发生的管理、抚育、保护和营造等支出给予一定补助的专项资金。	positive
在一个和平的社会中，警察应该保护人民的安全和利益，但有些警察动辄就滥用权力，使人民感到不安。	在一个和平的社会中，警察应该保护人民的安全和利益，但有些警察动辄就滥用权力，使人民感到不安。	positive
明、清时期是中国古代小说的发展高峰，著名作品达到2000多部，涵盖了历史、神话、武侠等多种题材。	明、清时期是中国古代小说的发展高峰，著名作品达到2000多部，涵盖了历史、神话、武侠等多种题材。	positive
林语堂是学习物理的，所以对文学的爱好也很深，她的作品如《红玫瑰与白玫瑰》和《金锁记》流传至今。	张爱玲是学习物理的，所以对文学的爱好也很深，她的作品如《红玫瑰与白玫瑰》和《金锁记》流传至今。	negative
这种清洁剂的成分是环境保护的洗涤剂和去污剂配制而成的。	这种清洁剂的成分是环境保护的洗涤剂和去污剂配制而成的。	positive
刘墉的字里行间描绘的山水画面是瑰美的，他在琢磨这一情景时，虽然作品中的细节描绘得很简洁，但表达得十分准确。	刘墉的字里行间描绘的山水画面是瑰美的，他在琢磨这一情景时，虽然作品中的细节描绘得很简洁，但表达得十分准确。	positive
可以预见，他们当中一定会有许多人将来会成为电视台出色的工作人员。	可以预见，他们当中一定会有许多人将来会成为电视台出色的工作人员。	positive
过分溺爱孩子可能会导致他们失去独立性和自主性，影响他们的成长和发展。	过分溺爱孩子可能会导致他们失去独立性和自主性，影响他们的成长和发展。	positive
这些莘莘学子正在为实现自己的梦想努力奋斗着。	这些莘莘学子正在为实现自己的梦想而努力奋斗。	negative
据猫眼数据显示来看，电影《哪吒之魔童降世》是暑期档9部新片里唯一一部豆瓣评分超过9分的电影。	据猫眼数据显示来看，电影《哪吒之魔童降世》是暑期档9部新片里唯一一部豆瓣评分超过9分的电影。	positive
在家庭纠纷中，我们应该寻求和平解决的方式，而不是诉诸于武力或暴力。	在家庭纠纷中，我们应该寻求和平解决的方式，而不是诉诸武力或暴力。	negative
中国长城是世界上没有的奇迹。	中国长城是世界上独一无二的奇迹。	negative
每一个有志气的青年将来都希望自己成为一个对四化建设有贡献的人。	每一个有志气的青年将来都希望自己成为一个对四化建设有贡献的人。	positive
政府要积极采取措施，提高农村地区的文化教育水平，减少贫困现象的不再发生。	政府要积极采取措施，提高农村地区的文化教育水平，减少贫困现象的发生。	negative
作为流行歌曲的通俗音乐，特别受到少年儿童的亲睐。	作为流行歌曲的通俗音乐，特别受到少年儿童的青睐。	negative
作为一名志愿者，我无时无刻不忘帮助那些需要帮助的人。	作为一名志愿者，我时刻不忘帮助那些需要帮助的人。	negative
教育改革涉及到课程设置、教学方法和评估体系等方面。	教育改革涉及到课程设置、教学方法和评估体系等方面。	positive
所有人的行为都有限制，失败的原因不仅仅是因为行为缺乏理性，还取决于时机把握得当。	所有人的行为都有限制，失败的原因不仅仅是因为行为缺乏理性，还取决于时机把握得当。	positive
为了应对老龄化社会的挑战，促进医疗卫生事业的发展，政府加快了医疗设施的建设和改造力度。	为了应对老龄化社会的挑战，促进医疗卫生事业的发展，政府加快了医疗设施的建设和改造力度。	positive
谈判成功的前提是具备敏捷的思维、充分的了解和全面的准备，而清晰的表达则是谈判胜负的关键。	谈判成功的前提是具备敏捷的思维、充分的了解和全面的准备，而清晰的表达则是谈判胜负的关键。	positive
这次比赛期间，组织方高度重视观众安全，加强反恐措施，防止出现踩踏事件的发生。	这次比赛期间，组织方高度重视观众安全，加强反恐措施，防止出现踩踏事件发生。	negative
在上海国际文化节上，通过各国各地的艺术家们展现了丰富多彩的文化特色和独特的表演艺术，让观众赞叹不已。	在上海国际文化节上，通过各国各地的艺术家们展现了丰富多彩的文化特色和独特的表演艺术，让观众赞叹不已。	positive
在职工代表大会上，我们向厂方提出了关于工资制度改革的明确意见。	在职工代表大会上，我们向厂方提出了关于工资制度改革的明确意见。	positive
我们要正确贯彻和深刻理解邓小平同志关于教育问题的讲话精神。	我们要正确贯彻和深刻理解邓小平同志关于教育问题的讲话精神。	positive
他的革命精神时刻浮现在我眼前。	他的革命精神时刻浮现在我眼前。	positive
他非常酷爱摄影，通过镜头记录下迷人的风景和珍贵的瞬间。	他非常酷爱摄影，通过镜头记录下迷人的风景和珍贵的瞬间。	positive
现代教育的弊端已经很明显——学生过度焦虑，并且学习重点偏向于知识点的记忆为主。	现代教育的弊端已经很明显——学生过度焦虑，并且学习重点偏向于知识点的记忆为主。	positive
这场火灾是由于电线短路的结果。	这场火灾是由于电线短路造成的。	negative
我们的目的是为了提高社区居民的生活质量，改善基础设施和公共服务。	我们的目的是为了提高社区居民的生活质量，改善基础设施和公共服务。	positive
经过一场激烈的格斗比赛，他浑身遍体鳞伤，但却坚定地站在胜利的舞台上。	经过一场激烈的格斗比赛，他浑身遍体鳞伤，但却坚定地站在胜利的舞台上。	positive
北京市图书馆推出无门槛服务政策，只要愿意阅读，无需提供任何证件为证明，读者皆可畅享图书馆的服务。	北京市图书馆推出无门槛服务政策，只要愿意阅读，无需提供任何证件作证明，读者皆可畅享图书馆的服务。	negative
通过这次灾后重建，使我们充分认识到团结一致、众志成城的重要性。	通过这次灾后重建，使我们充分认识到团结一致、众志成城的重要性。	positive
它们就像宇宙字母表里的字母，以无穷无尽的组合，讲述星系、月亮、山川、森林、田地等的漫长历史。	它们就像宇宙字母表里的字母，以无穷无尽的组合，讲述星系、月亮、山川、森林、田地等的漫长历史。	positive
音乐家们被应邀参加了一场音乐节，与观众分享他们的音乐才华。	音乐家们应邀参加了一场音乐节，与观众分享他们的音乐才华。	negative
大多数学生在二十三四岁左右完成他们的学业，获得学位后迎接新的职业生涯。	大多数学生在二十三四岁左右完成他们的学业，获得学位后迎接新的职业生涯。	positive
恶意炒作对文艺形成了一种整体矮化，甚至对致力于提高自身职业素质的艺人是不公平的，“贵圈真乱”几乎成为一种社会共识。	恶意炒作对文艺形成了一种整体矮化，甚至对致力于提高自身职业素质的艺人是不公平的，“贵圈真乱”几乎成为一种社会共识。	positive
这座城市修建了一座大型公园，满足了市民们多年的夙愿。	这座城市修建了一座大型公园，满足了市民们多年的夙愿。	positive
那位老者大约七十岁上下，但依然保持着健康的状态。	那位老者大约七十岁上下，但依然保持着健康的状态。	positive
这个时事新闻事件见诸于报刊，引起了广泛的关注和讨论。	这个时事新闻事件见诸于报刊，引起了广泛的关注和讨论。	positive
我们的新型潜艇“海龙号”顺利下水，这标志着我国潜艇技术取得突破性一步。	我们的新型潜艇“海龙号”顺利下水，这标志着我国潜艇技术取得突破性进展。	negative
这次的企业环境保护评选强调对企业的实施考察，有些企业还主动邀请第三方机构对其环境保护情况进行评价的措施，积极提升自身的环境保护意识。	这次的企业环境保护评选强调对企业的评估考察，有些企业还主动邀请第三方机构对其环境保护情况进行评价，积极提升自身的环境保护意识。	negative
近年来，便于操作、易于使用的智能手表在市场上大受欢迎，但是部分厂商在质量上存在问题，其质量让人堪忧。	近年来，便于操作、易于使用的智能手表在市场上大受欢迎，但是部分厂商在质量上存在问题，其质量让人堪忧。	positive
知识匮乏到认真学习，从过度消费到理性消费，现代消费者的观念发生了巨大转变。	从知识匮乏到认真学习，从过度消费到理性消费，现代消费者的观念发生了巨大转变。	negative
脸色铁青的西班牙国家队主教练博斯克默默地在与荷兰队 13日的比赛结束前起身，走到自己的替补队员身前，轻轻地抚摸了一下每个人的脑袋，平复他们此时天塌地陷的心情。	脸色铁青的西班牙国家队主教练博斯克默默地在13日与荷兰队的比赛结束前起身，走到自己的替补队员身前，轻轻地抚摸了一下每个人的脑袋，平复他们此时天塌地陷的心情。	negative
我的工作没有完成是因为电脑坏了造成的。	我的工作没有完成是因为电脑坏了。	negative
科学家指出，大量饮酒与癌症的发生有密切的关系。	科学家指出，大量饮酒与癌症的发生有密切的关系。	positive
污染严重问题之所以经常性的频频发生，是由于许多企业只顾图利，而忽略了环境保护的重要性。	污染严重问题之所以经常发生，是由于许多企业只顾图利，而忽略了环境保护的重要性。	negative
这次比赛期间，组织方高度重视观众安全，加强安保措施，防止出现踩踏事件的发生。	这次比赛期间，组织方高度重视观众安全，加强安保措施，防止出现踩踏事件。	negative
贫困问题存在是因为资源分配不均和经济不平等所造成的。	贫困问题存在是因为资源分配不均和经济不平等所造成的。	positive
环保活动是为了保护地球和可持续发展为目的的。	环保活动是为了保护地球以可持续发展为目的的。	negative
为了满足华人的口味，多家餐厅推出了中式菜单，并增加了供应时段。	为了满足华人的口味，多家餐厅推出了中式菜单，并增加了供应时段。	positive
和西式餐厅不一样，日本餐馆菜单种类很多，价格差异也很大，这就是消费者消费反差显露无遗。	和西式餐厅不一样，日本餐馆菜单种类很多，价格差异也很大，这使得消费者的消费反差显露无遗。	negative
很多家长过分溺爱孩子，导致许多学生无能为力自己，彼此攀比。	很多家长过分溺爱孩子，导致许多学生无法自理，相互攀比。	negative
有没有远大的抱负和顽强的意志，是一个人取得成功的关键。	有没有远大的抱负和顽强的意志，是一个人取得成功的关键。	positive
这艘邮轮的乘客容量至少载有150人左右，提供了豪华舒适的旅行体验。	这艘邮轮的乘客容量至少150人左右，提供了豪华舒适的旅行体验。	negative
关税的减免将促进更多外资流入我国市场，使得市场加大转型升级。	关税的减免将促进更多外资流入我国市场，使得市场加快转型升级。	negative
这位设计师的第一部处女作展示了她独特的风格和精湛的工艺，赢得了业界的广泛认可。	这位设计师的第一部处女作展示了她独特的风格和精湛的工艺，赢得了业界的广泛认可。	positive
我国鸟类工作者经过十八年的考察，已查清先后在贵州高原鸟类多达417种。	我国鸟类工作者经过十八年的考察，已查清共在贵州高原鸟类多达417种。	negative
在这家工厂的装配车间里，有一排排机器人正在快速地焊接、抓取、传递汽车部件，非常高效。	在这家工厂的装配车间里，有一排排机器人正在快速地焊接、抓取、传递汽车部件，非常高效。	positive
《草房子》中的主人公草主是个穷苦书生，没有英雄气概，这是否就表明这些人物不具备价值了呢？但他用自己的聪明才智，化解了村民们的争斗，答案不用说就不言自明。	《草房子》中的主人公桑桑是个穷苦书生，没有英雄气概，这是否就表明这些人物不具备价值了呢？但他用自己的聪明才智，化解了村民们的争斗，答案不用说就不言自明。	negative
我们坚信，有这么一天,中国的工业和农业会成为发达的国家。	我们坚信，有这么一天,中国的工业和农业会成为发达的。	negative
对于健康问题上，每个人都应该有平等的医疗保健机会。	在健康问题上，每个人都应该有平等的医疗保健机会。	negative
一部手机有屏幕、处理器、电池和摄像头组成。	一部手机由屏幕、处理器、电池和摄像头组成。	negative
专家认为，仅依靠个人自觉戒烟难以解决整个社会的烟害问题，而劝阻未成年戒烟也显得至关重要。	专家认为，仅依靠个人自觉戒烟难以解决整个社会的烟害问题，而劝阻未成年人戒烟也显得至关重要。	negative
我们的新型潜艇“益华号”顺利下水，这标志着我国潜艇技术取得突破性一步。	我们的新型潜艇“益华号”顺利下水，这标志着我国潜艇技术取得突破性进展。	negative
最新的科研成果显示，该实验室成功研发出一种新药，治愈率可以达到百分之九十左右。	最新的科研成果显示，该实验室成功研发出一种新药，治愈率可以达到百分之九十左右。	positive
在创业过程中，将创意和策略付诸于实践是取得成功的关键。	在创业过程中，将创意和策略付诸于实践是取得成功的关键。	positive
如何进行人事制度改革的问题在全校教职工中热烈地引起了讨论。	如何进行人事制度改革的问题在全校教职工中热烈地讨论。	negative
通过持续不断的校园安全法制宣传活动，使全校师生的安全意识大幅提高。	通过持续不断的校园安全法治宣传活动，使全校师生的安全意识大幅提高。	negative
漫步于迷人的会龙山公园，皎洁的月光和悠扬的歌声从远处传来。	漫步于迷人的会龙山公园，皎洁的月光和悠扬的歌声从远处传来。	positive
一项科学研究的结果被公诸于众，以促进学术交流和进一步的探索。	一项科学研究的结果被公诸于众，以促进学术交流和进一步的探索。	positive
写作时，要注意用心表达，切忌不要胡说八道。	写作时，要注意用心表达，切忌胡说八道。	negative
秋天的北京是美丽的季节。	秋天的北京是美丽的季节。	positive
她对摄影非常嗜好，经常到处寻找迷人的景色进行拍摄。	她对摄影非常喜爱，经常到处寻找迷人的景色进行拍摄。	negative
爱因斯坦是最杰出的20世纪科学家。	爱因斯坦是最杰出的20世纪科学家。	positive
长期的战争和冲突造成的直接后果是导致大量人口流离失所和人道主义危机的爆发。	长期的战争和冲突造成的直接后果是导致大量人口流离失所和人道主义危机的爆发。	positive
对于这种浪费人才的现象，为什么至今没有引起有关部门的重视呢？	对于这种浪费人才的现象，为什么至今没有引起有关部门的重视呢？	positive
随着人口老龄化以及社会福利需求增加，中华人民共和国政府也在加强养老保险制度建设，但由于人口基数大以及社会化程度不足等因素，导致养老金占很大一部分财政支出比例。	随着人口老龄化以及社会福利需求增加，中华人民共和国政府也在加强养老保险制度建设，但由于人口基数大以及社会化程度不足等因素，导致养老金占据了财政支出的大部分比例。	negative
经济学家预测，今年某国的GDP增长率将逾9.5%左右，显示出强劲的经济复苏势头。	经济学家预测，今年某国的GDP增长率将逾9.5%，显示出强劲的经济复苏势头。	negative
国际货币基金组织近日发布的报告显示，未来两年内中国经济增长将保持稳定增长，预计平均增速为6%-7%左右。	国际货币基金组织近日发布的报告显示，未来两年内中国经济增长将保持稳定增长，预计平均增速为6%-7%左右。	positive
今年冬末，我国湖南和湖北部分地区大雨不断，已造成一定程度的灾害。	今年冬末，我国湖南和湖北部分地区大雨不断，已造成一定程度的灾害。	positive
电影《流浪地球》在全球范围内取得了巨大的成功的原因，不仅因为特效惊人、故事情节紧凑，更因为它探讨了人类的生存价值。	电影《流浪地球》在全球范围内取得了巨大的成功，不仅因为特效惊人、故事情节紧凑，更因为它探讨了人类的生存价值。	negative
他借口其他人的错误为名，掩盖自己的过失。	他以其他人的错误为名，掩盖自己的过失。	negative
里面陈列室着各式各样过去所使用的东西。	里面陈列着各式各样过去所使用的东西。	negative
因为关爱，我们的社会无时无刻流淌着爱的暖流，处处播撒着爱的阳光，人人收获着爱的果实。	因为关爱，我们的社会无时无刻流淌着爱的暖流，处处播撒着爱的阳光，人人收获着爱的果实。	positive
这个村庄的教育项目专注于提供妇孺与年幼之人的教育机会，帮助他们改变命运。	这个村庄的教育项目专注于提供妇孺与年幼之人的教育机会，帮助他们改变命运。	positive
鸦片战争以来的中国近代史，对于大多数中学生是比较熟悉的，重大的历史事件都能说得一清二楚。	鸦片战争以来的中国近代史，对于大多数中学生是比较熟悉的，重大的历史事件都能说得一清二楚。	positive
把这个问题不搞清楚，提高语文总分恐怕难以实现。	如果不搞清楚这个问题，提高语文总分恐怕难以实现。	negative
因为关爱，我们的社会无时无刻流淌着爱的暖流，处处撒播着爱的阳光，人人收获着爱的果实。	因为关爱，我们的社会无时无刻流淌着爱的暖流，处处撒播着爱的阳光，人人收获着爱的果实。	positive
据猫眼数据显示来看，电影《哪吒之晓降世》是暑期档9部新片里唯一一部豆瓣评分超过9分的电影。	据猫眼数据显示来看，电影《哪吒之魔童降世》是暑期档9部新片里唯一一部豆瓣评分超过9分的电影。	negative
今年入冬以来，多个卫星城遭受到雾霾的困扰，如何有效遏制雾霾天气不频发引起人们的关注。	今年入冬以来，多个卫星城遭受雾霾的困扰，如何有效遏制雾霾天气频发引起人们的关注。	negative
车手在这场电动车大赛的表现，不仅关系到个人的荣誉，而是关系到车队的声誉。	车手在这场电动车大赛的表现，不仅关系到个人的荣誉，也关系到车队的声誉。	negative
从哲学上说，社会主义运动成败的根本原因就在于始终坚持恩格斯在哲学上所确立的社会实践的观点。	从哲学上说，社会主义运动成败的根本原因就在于始终坚持恩格斯在哲学上所确立的社会实践的观点。	positive
一些年轻人对工作的回报有着过高的奢望，希望马上拥有高薪和高地位，却不愿意经历努力和付出。	一些年轻人对工作的回报有着过高的奢望，希望马上拥有高薪和高地位，却不愿意经历努力和付出。	positive
由于疫情爆发下，学校暂时关闭，学生转为在线学习。	由于疫情爆发，学校暂时关闭，学生转为在线学习。	negative
中国的传统雕塑艺术已经被联合国教科文组织列入非物质文化遗产名录，让世界重新关注这一精美的艺术形式。	中国的传统雕塑艺术已经被联合国教科文组织列入非物质文化遗产名录，让世界重新关注这一精美的艺术形式。	positive
印尼外长说黄岩岛是印尼的固有领土，他的言论充满了颠倒是非、隐瞒和歪曲黄岩岛历来是中国领土的一部分的事实。	印尼外长说黄岩岛是印尼的固有领土，他的言论充满了颠倒是非、隐瞒和歪曲黄岩岛历来是中国领土的一部分的事实。	positive
在足球比赛中，两支队伍互相厮打，展现出激烈的竞争和技巧。	在足球比赛中，两支队伍互相比赛，展现出激烈的竞争和技巧。	negative
运用联词造句法来积累词汇，不仅能使学生充分发挥自己的想象和创新能力，而且能让他们在兴味盎然中复习词语的音形义，正确掌握词语。	运用联词造句法来积累词汇，不仅能使学生充分发挥自己的想象和创新能力，而且能让他们在兴味盎然中复习词语的音形义，正确掌握词语。	positive
公司虽然还没有确定工作地点，但从招聘启事上看，上海可能会是备选之一。	公司虽然还没有确定工作地点，但从招聘启事上看，上海可能会是备选之一。	positive
她失业是因为公司进行了大规模裁员的原因。	她失业是因为公司进行了大规模裁员。	negative
欢迎到此光临我们的艺术画廊，欣赏世界各地的艺术品。	欢迎到此光临我们的艺术画廊，欣赏世界各地的艺术品。	positive
墨西哥一家舞厅发生了一起有多人丧命的踩踏惨案，警方称，原因是由于夜总会老板故意制造恐慌和紧急出口处受阻引起的。	墨西哥一家舞厅发生了一起有多人丧命的踩踏惨案，警方称，原因是由于夜总会老板故意制造恐慌和紧急出口处受阻引起的。	positive
互联网技术的出现使得电子商务这个新兴的行业愈加充满活力，不仅电子商务改变了人类的生产生活，也冲击了历史悠久的传统商业模式。	互联网技术的出现使得电子商务这个新兴的行业愈加充满活力，不仅电子商务改变了人类的生产生活，也冲击了历史悠久的传统商业模式。	positive
自然灾害频发的主要原因是气候变化和环境破坏造成的。	自然灾害频发的主要原因是气候变化和环境破坏造成的。	positive
这个国家的领土面积约二十万平方公里余，拥有壮丽的自然风光和丰富的资源。	这个国家的领土面积约二十万平方公里，拥有壮丽的自然风光和丰富的资源。	negative
医疗保险通过多方面的手段保证人民健康，引进先进技术和设备一方面极大方便职工，另一方面提供基层医疗服务支持。	医疗保险通过多方面的手段保证人民健康，引进先进技术和设备一方面极大方便职工，另一方面提供基层医疗服务支持。	positive
在现代社会中，越来越多的人开始关注科技和未来，这反映出科技文化的兴起和人们对未来的关注，是对长期以来大家缺失的想象力的呐喊。	在现代社会中，越来越多的人开始关注科技和未来，这反映出科技文化的兴起和人们对未来的关注，是对长期以来大家缺失的想象力的呐喊。	positive
经过艰苦的训练和耐心的磨炼下，他成功地攀登了那座高峰期。	经过艰苦的训练和耐心的磨炼下，他成功地攀登了那座高峰。	negative
他的研究成果被发表在国际知名期刊上，见诸于报刊，为学术界带来了重要贡献。	他的研究成果被发表在国际知名期刊上，见诸报刊，为学术界带来了重要贡献。	negative
在现代社会和市场化经济的背景下，加强社会管理，提高对欺诈者的惩治力度，促进社会廉洁建设。	在现代社会和市场化经济的背景下，加强社会管理，提高对欺诈者的惩治力度，促进社会廉洁建设。	positive
所有成员国一致认为，要发挥联合国在全球事务上起关键作用，维护国际和平与安全，推动平等合作的发展。	所有成员国一致认为，要发挥联合国在全球事务上起关键作用，维护国际和平与安全，推动平等合作的发展。	positive
本世纪初，是我国实现进入WTO的目标。	本世纪初，是我国实现加入WTO的目标。	negative
新时代下，中美关系面临诸多挑战和机遇，在处理双边关系、应对风险挑战上，两国有着广泛合作的空间和机会。	新时代下，中美关系面临诸多挑战和机遇，在处理双边关系、应对风险挑战上，两国有着广泛合作的空间和机会。	positive
这个学校的课程设置大多以核心科目为主。	这个学校的课程设置大多以核心科目为主。	positive
英国爱普生公司的打印机在市场上的销售量最高，总数达到一百七十多台。	英国爱普生公司的打印机在市场上的销售量最高，总数达到一百七十多台。	positive
我国人民的解放在民族关系上起了基本的变化。	我国人民的解放在民族关系上起了基本的变化。	positive
青藏铁路这条穿越世界屋脊的“雪域天路”被人们描绘成“商贸金桥、藏旅坦途、文化通衢”。它为青藏高原架起了通往祖国各地的通道，也使得更多的百姓圆了前往青藏旅游的梦想。	青藏铁路这条穿越世界屋脊的“雪域天路”被人们描绘成“商贸金桥、藏旅坦途、文化通衢”。它为青藏高原架起了通往祖国各地的通道，也使得更多的百姓圆了前往青藏旅游的梦想。	positive
长时间的商务旅行后，他们终于完成了任务，凯旋而归。	长时间的商务旅行后，他们终于完成了任务，凯旋而归。	positive
这个经验值得中小学教师特别是艺文工作者重视。	这个经验值得中小学教师特别是艺文工作者重视。	positive
我市团市委开展与策划的“经典诵读”活动，有利于更多的人了解、研究国学经典。	我市团市委开展和策划的“经典诵读”活动，有利于更多的人了解、研究国学经典。	negative
这家慈善机构致力于改善妇孺及年幼的孩童的生活条件，提供食品、医疗和教育援助。	这家慈善机构致力于改善妇孺及年幼的孩童的生活条件，提供食品、医疗和教育援助。	positive
不但《追风筝的人》在文学界获得高度评价，而且在市场上广受欢迎。	不但《追风筝的人》在文学界获得高度评价，而且在市场上广受欢迎。	positive
我亲眼目睹那场车祸，双车相撞的瞬间，吓得我心都提到了嗓子眼。	我亲眼目睹那场车祸，双车相撞的瞬间，吓得我心都提到了嗓子眼。	positive
这个学科的学习时间至少在4年左右，需要付出持久的努力和学习。	这个学科的学习时间至少在4年左右，需要付出持久的努力和学习。	positive
在北京国际文化节上，通过各国各地的艺术家们展现了丰富多彩的文化特色和独特的表演艺术，让观众赞叹不已。	在北京国际文化节上，各国各地的艺术家们通过展现了丰富多彩的文化特色和独特的表演艺术，让观众赞叹不已。	negative
韩国开发的高速列车“新干线”，可在短短几小时之内穿梭于东京和大阪之间，能否保证较高速度，是高速列车关键。	日本开发的高速列车“新干线”，可在短短几小时之内穿梭于东京和大阪之间，能否保证较高速度，是高速列车关键。	negative
柏林马拉松上的大约80%左右饮用水都是“德国制造”，难怪马拉松赛事被形容为“MADEINGERMANY”展示的盛会。	柏林马拉松上的大约80%饮用水都是“德国制造”，难怪马拉松赛事被形容为“MADEINGERMANY”展示的盛会。	negative
房地产市场的最新数据显示，某些城市的房价上涨了10%-30%左右，投资者积极参与。	房地产市场的最新数据显示，某些城市的房价上涨了10%-30%左右，投资者积极参与。	positive
他的身高大约超过六英尺左右，是个篮球队的理想人选。	他的身高大约六英尺左右，是个篮球队的理想人选。	negative
通过举办文化节和艺术展览，可以加强国际间的文化交流。	通过举办文化节和艺术展览，可以加强国际间的文化交流。	positive
在学校师资不足的情况下，他主动挑起了为请假的老师代课的任务，获得了大家的一致好评。	在学校师资不足的情况下，他主动挑起了为请假的老师代课的任务，获得了大家的一致好评。	positive
这位编剧的第一部处女作在电影界引起轰动，被誉为年度最佳剧本之一。	这位编剧的第一部处女作在电影界引起轰动，被誉为年度最佳剧本之一。	positive
在政治冲突中，领导人应该寻求和平解决的途径，而不是诉诸于武力来解决分歧。	在政治冲突中，领导人应该寻求和平解决的途径，而不是诉诸武力来解决分歧。	negative
那位作家出版了自己的第一本小说，实现了多年的夙愿。	那位作家出版了自己的第一本小说，实现了多年的夙愿。	positive
无论工作多忙，我都无时无刻不忘照顾家人的需求和幸福。	无论工作多忙，我都无时无刻不照顾家人的需求和幸福。	negative
人们的价值观和道德观念只有付诸于实践，才能真正影响社会。	人们的价值观和道德观念只有付诸于实践，才能真正影响社会。	positive
匈牙利维也纳大学玛丽亚•施罗琳教授领导的研究团队研究发现，冬天的乌鸦比夏天的乌鸦更有可能得到感冒的原因是温度低导致的。	匈牙利维也纳大学玛丽亚•施罗琳教授领导的研究团队研究发现，冬天的乌鸦比夏天的乌鸦更有可能患上感冒的原因是温度低导致的。	negative
在比赛中，经过艰苦的努力，他们以优异的成绩凯旋而归。	在比赛中，经过艰苦的努力，他们以优异的成绩凯旋而归。	positive
政府要积极采取行动，提高农村地区的文化教育水平，减少贫困现象的不再发生。	政府要积极采取行动，提高农村地区的文化教育水平，减少贫困现象的再次发生。	negative
五一劳动节期间，南京火车站客流高峰期间每日超过10万多人次，但在节后客流锐减到5万人次左右。	五一劳动节期间，南京火车站客流高峰每日超过10万多人次，但在节后客流锐减到5万人次左右。	negative
一位优秀的有20多年教学经验的东莞一中的语文教师。	一位优秀、有20多年教学经验的东莞一中的语文教师。	negative
这个国家的土地面积约占亚洲地区大陆总面积的30%左右，是亚洲地区最大的国家之一。	这个国家的土地面积约占亚洲地区大陆总面积的30%左右，是亚洲地区最大的国家之一。	positive
这位画家的第一部处女作展览吸引了大批艺术爱好者，赞赏其独特的创意和技巧。	这位画家的第一部处女作展览吸引了大批艺术爱好者，赞赏其独特的创意和技巧。	positive
这个项目的预算至少在500万美元左右，需要充足的资金支持。	这个项目的预算至少在500万美元左右，需要充足的资金支持。	positive
领导们走进农村，实地调查了解情况，了解贫困户的实际困境，解决并发现问题。	领导们走进农村，实地调查了解情况，了解贫困户的实际困境，发现并解决问题。	negative
上海文化是随着城市快速的发展崛起的，具有新时代的特色和魅力的新都市。	上海文化是随着城市快速发展崛起的，具有新时代特色和魅力的现代都市。	negative
环境保护活动是为了保护地球和可持续发展为目的的。	环境保护活动是为了保护地球和促进可持续发展。	negative
她的伤病是由于过度训练和缺乏休息的结果。	她的伤病是由于过度训练和缺乏休息的结果。	positive
点睛是传统的回族习俗，它是一种喜庆活动，通常在新婚、装修、开业等场合举行。	点睛是传统的回族习俗，它是一种喜庆活动，通常在新婚、装修、开业等场合举行。	positive
电子零件工业能否迅速发展,并广泛渗透到各行各业中,关键在于要加速造就一批专门人才。	电子零件工业能否迅速发展,并广泛渗透到各行各业中,关键在于要加速造就一批专门人才。	positive
有些微不足道的日常细节，对于有才华的作家来说却是极为重要的素材，成为小说中不可分割的组成部分。	有些微不足道的日常细节，对于有才华的作家来说却是极为重要的素材，成为小说中不可分割的组成部分。	positive
政府的支持下，中国企业已经在非洲地区开始了多个基础设施建设项目，一批成功项目也已经启动。	在政府的支持下，中国企业已经在非洲地区开始了多个基础设施建设项目，一批成功项目也已经启动。	negative
在学习和工作中，切忌不要拖延和懒惰，要保持高效和自律的态度。	在学习和工作中，切忌拖延和懒惰，要保持高效和自律的态度。	negative
能否推动“一带一路”战略，对推动贸易往来、文化交流、技术合作和人才交流协调发展，支撑国际合作具有重要意义。	能否推动“一带一路”战略，对推动贸易往来、文化交流、技术合作和人才交流发展，支撑国际合作具有重要意义。	negative
这起车祸的调查结果表明，司机驾驶不当和超速行驶，导致了这起事故的直接发生。	这起车祸的调查结果表明，司机驾驶不当和超速行驶，导致了这起事故的发生。	negative
我们公司的年度审计文件必须在本月底之前提交，这是截止日期的最后一天。	我们公司的年度审计文件必须在本月底之前提交，这是截止日期的最后一天。	positive
这个项目涉及到多个部门的合作和资源整合。	这个项目涉及到多个部门的合作和资源整合。	positive
经过多年的努力学习和实践下，他终于成为了一名资深的专业人士。	经过多年的努力学习及实践，他终于成为了一名资深专业人士。	negative
我国高铁建设已经取得丰硕成果,但因市场规模巨大,还不能满足载客、物流货运。	我国高铁建设已经取得丰硕成果，但因市场规模巨大，还不能满足客运、货运。	negative
近年来，在秀丽的南粤大地上，拔地而起的九州城、海南琼苑、风城大厦等一批多功能新型建筑物，令人流连忘返，构思奇特，巧夺天工。	近年来，在秀丽的南粤大地上，拔地而起的九州城、海南琼苑、风城大厦等一批多功能新型建筑物，令人流连忘返，构思奇特，巧夺天工。	positive
在交融与冲突并存的文化环境中，能否用东方雕塑语言来表达这个精神，恰恰是中国当代雕塑所欠缺的。	在交融与冲突并存的文化环境中，能否用东方雕塑语言来表达这个精神，恰恰是中国当代雕塑所欠缺的。	positive
从哲学上说，社会主义运动成败的根本原因就在于始终坚持马克思在哲学上所确立的社会实践的观点。	从哲学上说，社会主义运动成败的根本原因就在于始终坚持马克思在哲学上所确立的社会实践的观点。	positive
我国的军事战略思考是要在实际战斗力上超过周边国家，并保持其他国家一代以上的差距。	我国的军事战略思考是要在实际战斗力上超过周边国家，并保持其他国家一代以上的差距。	positive
一项关于环保的研究报告在各大媒体上见诸于报刊，提醒人们关注环境保护的重要性。	一项关于环保的研究报告在各大媒体上见诸于报刊，提醒人们关注环境保护的重要性。	positive
妈妈问两个双胞胎女儿想要什么礼物，女儿说“给我的玩偶熊10个星星、给弟弟5个星星、给妈妈一朵花。”	妈妈问两个双胞胎女儿想要什么礼物，女儿说“给我的玩偶熊10个星星、给弟弟5个星星、给妈妈一朵花。”	positive
热爱音乐，欣赏高雅的音乐作品，是一个有品位的人增长修养、提高知识、丰富情感的重要方式。	热爱音乐，欣赏高雅的音乐作品，是一个有品位的人增长修养、提高知识、丰富情感的重要方式。	positive
第十三届我国西部国际博览会2012年9月25日在成都隆重开幕。资阳市以“绿色资阳、西部车城”为主题向世界展出了近年来所取得的建设成就和产业优势。	第十三届我国西部国际博览会2012年9月25日在成都隆重开幕。资阳市以“绿色资阳、西部车城”为主题向世界展出了近年来所取得的建设成就和产业优势。	positive
我国鸟类工作者经过十八年的考察，已查明先后在贵州高原鸟类多达417种。	我国鸟类工作者经过十八年的考察，已查明在贵州高原鸟类多达417种。	negative
在这场篮球比赛中，克里夫兰勇士队为了夺得总冠军，尽谴全部主力队员上场比赛。	在这场篮球比赛中，克里夫兰勇士队为了夺得总冠军，尽遣全部主力队员上场比赛。	negative
卫生洁具的质量和品牌选择对使用体验至关重要。	卫生洁具的质量和品牌选择对使用体验至关重要。	positive
学习成绩的好坏是三好生的重要条件。	学习成绩的好坏是三好生的重要条件。	positive
春天来了，校园中的花草。	春天来了，校园中的花草都开了。	negative
我们的革命先辈，为了人民的利益，把革命进行到底，这些革命战士们流了多少鲜血，献出了多少宝贵的生命！	我们的革命先辈，为了人民的利益，把革命进行到底，这些革命战士们流了多少鲜血，献出了多少宝贵的生命！	positive
这是一个无疑英明的决策。	这是一个毋庸置疑英明的决策。	negative
老师不仅关心我，就是和我一起学习的同学也经常给予帮助，让我非常感激。	老师不仅关心我，而且和我一起学习的同学也经常给予帮助，让我非常感激。	negative
在这部电影里我们看到的更多的是悲伤、痛苦，而在那部动画片表现的是一种幸福的理想，让人很有希望。	在这部电影里我们看到的更多的是悲伤、痛苦，而在那部动画片表现的是一种幸福的理想，让人很有希望。	positive
近几年，随着“全民摄影时代”、全媒体时代以及高清视频截图的出现，以生产静态照片为职业的摄影记者的生存空间受到多方面挤压。	近几年，随着“全民摄影时代”、全媒体时代以及高清视频截图的出现，以生产静态照片为职业的摄影记者的生存空间受到多方面挤压。	positive
“黑色星期五”快到了，商家大幅降价，三折、四折、甚至五折，平时价格高昂的商品也开始变得有价值了。	“黑色星期五”快到了，商家大幅降价，三折、四折、甚至五折，平时价格高昂的商品也开始变得有价值了。	positive
她的微笑背后隐藏着潜台词——她并不真正高兴。	她的微笑背后隐藏着潜台词——她并不真正高兴。	positive
我的电话费太高是因为我经常在外面打电话造成的。	我的电话费太高是因为我经常在外面打电话。	negative
民盟中央委员建议，我国应加大金融市场改革力度，支持企业发展，推出新的金融政策，填补金融市场的法律。	民盟中央委员建议，我国应加大金融市场改革力度，支持企业发展，推出新的金融政策，完善金融市场的法律。	negative
在紧急情况下，为了救援被困者，可能会造成一些损失，从而避免群众使之不受损害。	在紧急情况下，为了救援被困者，可能会造成一些损失，从而避免群众受到损害。	negative
据统计，该公司员工的平均年龄约占35岁左右，体现了年轻化的工作团队。	据统计，该公司员工的平均年龄约35岁左右，体现了年轻化的工作团队。	negative
遵义是个美丽的城市，夏日的遵义是人们避暑纳凉的好季节。	遵义是个美丽的城市，夏日的遵义是人们避暑纳凉的好季节。	positive
上海合作组织加强成员国间的合作，其实现的关键在于找准了互利共赢的合作之道的结果。	上海合作组织加强成员国间的合作，其实现的关键在于找准了互利共赢的合作之道。	negative
这座建筑的设计和工艺可以堪称当代建筑的杰作。	这座建筑的设计和工艺堪称当代建筑的杰作。	negative
迪拜世界公司宣布暂停偿还部分债务，引发全球金融市场振荡，我们可以从这一事件中反映一个问题，过度依赖房地产业容易导致金融危机。	迪拜世界公司宣布暂停偿还部分债务，引发全球金融市场震荡，我们可以从这一事件中反映一个问题，过度依赖房地产业容易导致金融危机。	negative
这种香氛的成分是各种花香和果实的精油配制而成的。	这种香氛的成分是各种花香和果实的精油配制而成的。	positive
圣诞节也是家人团聚的节日，可是对于无家可归的人看来，往往是孤单和无助的日子。	圣诞节也是家人团聚的节日，可是对于无家可归的人看来，往往是孤单和无助的日子。	positive
这个县的水稻生产，由于合理密植，加强管理，一般长势良好。	这个县的水稻生产，由于合理密植，加强管理，一般长势良好。	positive
《论语》的问世，代表了中国古代思想的高峰，是我国文化遗产中不可或缺的一部分。	《论语》的问世，代表了中国古代思想的高峰，是我国文化遗产中不可或缺的一部分。	positive
欢迎到此光临我们的新餐厅，品尝各种美味佳肴。	欢迎到此光临我们的新餐厅，品尝各种美味佳肴。	positive
由于市场竞争激烈，企业对推广新产品缺乏热情，据报道，公司今年的销售额仅有略微增长，增加率较去年大约达到4.3%以上。	由于市场竞争激烈，企业对推广新产品缺乏热情，据报道，公司今年的销售额仅有略微增长，较去年增长约4.3%。	negative
鉴于《金瓶梅词话》自身的缺陷，问世不久即被禁，只有少数批评家去研究，至今仍是不宜公开发行的书。	鉴于《金瓶梅词话》自身的缺陷，问世不久即被禁，只有少数批评家去研究，至今仍是不宜公开发行的书。	positive
网络辟谣专家的科学辟谣方法的浏览量超过375万次以上，有效遏制了谣言的传播，获得了广泛赞誉。	网络辟谣专家的科学辟谣方法的浏览量超过375万次，有效遏制了谣言的传播，获得了广泛赞誉。	negative
市场已经进入了一个相对平稳的发展阶段，互联网人口渗透率已超过50%左右，那么未来的机会在哪里呢？我认为，是在人工智能。	市场已经进入了一个相对平稳的发展阶段，互联网人口渗透率已超过50%，那么未来的机会在哪里呢？我认为，未来的机会是在人工智能。	negative
在人际关系中，关键在于互相尊重是十分重要的。	在人际关系中，互相尊重十分重要。	negative
新开张的“美食天地”餐厅，每天可接待上百位食客，实现收入超过5000元，年底预计可为商家创收100万以上。	新开张的“美食天地”餐厅，每天可接待上百位食客，实现收入超过5000元，年底预计可为商家创收100万以上。	positive
现代自然科学，不是单单研究一个个现象，一个个事物，而是研究事物、现象的变化。	现代自然科学，不是单单研究一个个现象，一个个事物，而是研究事物、现象的变化。	positive
一位莘莘学子怀揣着对美好未来的向往，追求着个人成长和社会进步。	一位莘莘学子怀揣着对美好未来的向往，追求着个人成长和社会进步。	positive
通过这次阿坝州中学生知识竞赛，使她的自信心增强了。	通过这次阿坝州中学生知识竞赛，她的自信心得到了增强。	negative
最新的财务报告显示，公司去年的利润增长逾9.5%左右，创下了历史新高。	最新的财务报告显示，公司去年的利润增长约9.5%左右，创下了历史新高。	negative
这个展览吸引了近1000人余，人潮涌动，场面非常热闹。	这个展览吸引了近1000余人，人潮涌动，场面非常热闹。	negative
走到山顶，吹来的凉风，不禁打个寒颤，我的思维也更加敏捷。	走到山顶，吹来的凉风，让我不禁打个寒颤，我的思维也更加敏捷。	negative
一些专家在会上指出，要遏制违法行为，不能光靠提高刑罚的力度，还要让人从心底里相信：违法就不可避免地会受到严惩。	一些专家在会上指出，要遏制违法行为，不能光靠提高刑罚的力度，还要让人从心底里相信：违法就不可避免地会受到严惩。	positive
这种新型 U盘不仅能够防范病毒，使电脑免受蠕虫、木马、钓鱼软件及间谍软件的侵扰，而且还能够存储文件。	这种新型 U盘不仅能够防范病毒，使电脑免受蠕虫、木马、钓鱼软件及间谍软件的侵扰，而且还能够存储文件。	positive
有无扎实的阅读基础，是少年儿童提高写作能力的前提。	有无扎实的阅读基础，是少年儿童提高写作能力的前提。	positive
作为流行歌曲的通俗音乐，特别受到青少年的亲睐。	作为流行歌曲的通俗音乐，特别受到青少年的青睐。	negative
这个月的房租到期了，我必须在截止日期的最后一天之前还清。	这个月的房租到期了，我必须在截止日期的最后一天之前还清。	positive
我们不能不否认，劳动节集中休假的方式在拉动内需、增强国人休闲观念的同时，也给交通、旅游部门带来了巨大的压力。	我们不能不否认，劳动节集中休假的方式在拉动内需、增强国人休闲观念的同时，也给交通、旅游部门带来了巨大的压力。	positive
这个国家的土地面积约占亚洲大陆总面积的30%左右，是亚洲最大的国家之一。	这个国家的土地面积约占亚洲大陆总面积的30%左右，是亚洲最大的国家之一。	positive
这些学子正在为实现自己的梦想努力奋斗着。	这些学子正在为实现自己的梦想努力奋斗着。	positive
黑龙江省长春市市中心区的路灯改造工程，改善了市区的照明环境，让城市更具现代感，提高了城市的品位和形象。	黑龙江省长春市市中心区的路灯改造工程，改善了市区的照明环境，让城市更具现代感，提高了城市的品位和形象。	positive
她非常酷爱冒险和探索，经常参加户外远足和探险活动。	她非常酷爱冒险和探索，经常参加户外远足和探险活动。	positive
春天来了，校园中的花草树木。	春天来了，校园中的花草树木都开了。	negative
您的令爱是我前进的动力和勇气，我会为了您的幸福而努力奋斗。	您的爱是我前进的动力和勇气，我会为了您的幸福而努力奋斗。	negative
这个研究小组揭示了一种新的制备过程，并开发出了简单有效的技术，成为了制备肿瘤的一条新途径。	这个研究小组揭示了一种新的制备过程，并开发出了简单有效的技术，成为了治疗肿瘤的一条新途径。	negative
一个故事有情节、人物、设置和冲突组成。	一个故事由情节、人物、设置和冲突组成。	negative
我们坚信，有这么一天,我国的工业和农业会成为发达的国家。	我们坚信，有这么一天，我国的工业和农业会达到发达国家水平。	negative
爸爸和弟弟两人挣来的钱还不够养活一家人的生活。	爸爸和弟弟两人挣来的钱还不够养活一家人。	negative
由于网络的开通和迅猛发展，使得媒体传播的方式有了彻底的变革。	由于网络的开通和迅猛发展，使得媒体传播的方式有了彻底的变革。	positive
李白的诗歌充满着“游子情怀”以及“英雄气概”的情感，构成了独特的诗意世界，具有浪漫主义色彩，被归为“诗魂”作家。	李白的诗歌充满着“游子情怀”以及“英雄气概”的情感，构成了独特的诗意世界，具有浪漫主义色彩，被归为“诗魂”作家。	positive
通过讨论，使我们的决心更大了。	通过讨论，这使我们的决心更大了。	negative
在工厂的流水线上操作机器，工人们经常都要忍受噪音和磨损的。	在工厂的流水线上操作机器，工人们经常都要忍受噪音和磨损。	negative
强调德育教育可以培养学生的自律能力和良好的人际关系技巧。	强调德育教育可以培养学生的自律能力和良好的人际关系技巧。	positive
在这个险恶的森林中，不时发生出使人不安的怪事来，吓坏了游客。	在这个险恶的森林中，不时发生使人不安的怪事来，吓坏了游客。	negative
现在，萧山区正在积极推进创新创业平台建设，涵盖了智慧谷、科创中心、金融小镇等项目，将全面提升区域产城融合发展的步伐。	现在，萧山区正在积极推进创新创业平台建设，涵盖了智慧谷、科创中心、金融小镇等项目，将全面提升区域产城融合发展的步伐。	positive
火灾事故原因涉及电线短路引发的电气故障造成的。	火灾事故原因是电线短路引发的电气故障造成的。	negative
他的睿智、随和和自信深深地感染了来参加聚会的所有人。	他的睿智、随和与自信深深地感染了来参加聚会的所有人。	negative
如果趁现在不赶快检查一下对源工作，眼前的地就锄不好。	如果趁现在不赶快检查一下队员工作，眼前的地就锄不好。	negative
醉酒驾驶自行车比酒后驾驶三轮车的危险性更高，为了预防交通事故不再发生，人们应该重视起来。	酒后驾驶自行车比酒后驾驶三轮车的危险性更高，为了预防交通事故不再发生，人们应该重视起来。	negative
青少年犯罪问题的主要原因是家庭环境不稳定和社会压力过大造成的。	青少年犯罪问题的主要原因是家庭环境不稳定和社会压力过大造成的。	positive
第一次鸦片战争以来的中国近代史，对于大多数中学生是比较熟悉的，重大的历史事件都能说得一清二楚。	第一次鸦片战争以来的中国近代史，对于大多数中学生是比较熟悉的，重大的历史事件都能说得一清二楚。	positive
她借口身体不适为名，拒绝参加学校的运动比赛。	她借口身体不适，拒绝参加学校的运动比赛。	negative
这位知名企业家的成功经验被公诸于众，以启发其他创业者和商业界人士。	这位知名企业家的成功经验被公诸于众，以启发其他创业者和商业界人士。	positive
在工作中，浪费时间意味着白白虚度了有价值的机会。	在工作中，浪费时间意味着白白虚度了有价值的机会。	positive
为迎接“读书月”活动，学校领导研究并听取了各班开展活动的意见。	为迎接“读书月”活动，学校领导研究并听取了各班开展活动的意见。	positive
由于管理有序、设备齐备，上海世博会成为世界博览会中历届规模最大、展品最丰富的一次盛会，吸引了数百万参观者。	由于管理有序、设备齐备，上海世博会成为世界博览会中历届规模最大、展品最丰富的一次盛会，吸引了数百万参观者。	positive
习主席此次访问西非国家，不仅吸引了非中民众的关注，美国人民也密切关注。	习主席此次访问西非国家，不仅吸引了非中民众的关注，美国人民也密切关注。	positive
某高中召开优良学风主题班会，通过模拟考试、案例分析等形式，提高了同学们的考试能力、答题技巧以及廉洁考试意识。	某高中召开优良学风主题班会，通过模拟考试、案例分析等形式，提高了同学们的考试能力、答题技巧以及廉洁考试意识。	positive
研究表明，我们无论如何强化垃圾分类、限制重工业、提高能源效率、加强环保，环境保护工作仍需长期发展，不能半途而废。	研究表明，我们无论如何强化垃圾分类、限制重工业、提高能源效率、加强环保，环境保护工作仍需长期发展，不能半途而废。	positive
我之所以喜欢李白的诗歌的原因，一是他的诗歌深富哲理，二是他优美的艺术表现。	我之所以喜欢李白的诗歌，一是他的诗歌深富哲理，二是他优美的艺术表现。	negative
在法律纠纷中，人们应该寻求司法途径和法律程序，而不是诉诸于武力或私刑。	在法律纠纷中，人们应该寻求司法途径和法律程序，而不是诉诸于武力或私刑。	positive
经过多轮筛选和面试，该公司决定将女性员工比例提高到不低于30%左右，以促进性别平等和多元化。	经过多轮筛选和面试，该公司决定将女性员工比例提高到不低于30%，以促进性别平等和多元化。	negative
“2010中国沈阳世界园艺博览会”是世界园艺博览会历届占地面积最大、活动最丰富、演艺最精彩的一次盛会。	“2010中国沈阳世界园艺博览会”是世界园艺博览会历届占地面积最大、活动最丰富、演艺最精彩的一次盛会。	positive
“西非蚊”是典型的外来入侵物种，它正迅速在许多地区爆发、扩张、定居，威胁我国公共卫生。	“西非蚊”是典型的外来入侵物种，它正迅速在许多地区爆发、扩张、定居，威胁我国公共卫生。	positive
漫步于美丽的会龙山公园，皎洁的月光和悠扬的歌声从远处传来。	漫步于美丽的会龙山公园，皎洁的月光和悠扬的歌声从远处传来。	positive
开放政策自从实施以来，我国一直在加速经济发展，成为全球关注的焦点。	自从开放政策实施以来，我国一直在加速经济发展，成为全球关注的焦点。	negative
廉洁缺失对社会道德是毁灭性的伤害，当前为公众深恶痛绝的那些恶性事件，每一件都深深地刻着背信弃义的烙印和丑恶心理。	廉洁缺失对社会道德是毁灭性的伤害，当前为公众深恶痛绝的那些恶性事件，每一件都深深地刻着背信弃义的烙印和丑恶心理。	positive
这个卫星城的人口近百万余，是一个人口密集的地区。	这个卫星城的人口近百万人，是一个人口密集的地区。	negative
假货销售、欺诈行为以及价格欺诈等都会损坏消费者的利益，应该得到严肃处理。	假货销售、欺诈行为以及价格欺诈等都会损坏消费者的利益，应该得到严肃处理。	positive
在这部对话式作品中，作者阐明了对尊重生命、崇敬自然、坚持信仰、爱憎分明等被现代性所遮敝的人类理想精神的张扬。	在这部对话式作品中，作者阐明了对尊重生命、崇敬自然、坚持信仰、爱憎分明等被现代性所遮蔽的人类理想精神的张扬。	negative
这个项目的设计围绕以用户体验为中心，注重简洁和可用性。	这个项目的设计围绕用户体验为中心，注重简洁和可用性。	negative
我之所以喜欢杜甫的诗歌的原因，一是他的诗歌深富哲理，二是他优美的艺术表现。	我之所以喜欢杜甫的诗歌，一是他的诗歌深富哲理，二是他优美的艺术表现。	negative
随着科技的不断进步，近年来公司将不断创新，推出新产品和服务，以满足客户需求。	随着科技的不断进步，近年来公司将不断创新，推出新产品和服务，以满足客户需求。	positive
他对音乐非常嗜好，每天都会弹奏电吉他或钢琴，尽情表达自己的情感。	他对音乐非常爱好，每天都会弹奏电吉他或钢琴，尽情表达自己的情感。	negative
阅读应该成为一种习惯，因为它不仅能改变人的思维方式，而且能开阔人的视野，开启人的智识发展进程。	阅读应该成为一种习惯，因为它不仅能改变人的思维方式，而且能开阔人的视野，开启人的智识发展进程。	positive
记者从大同市工会部门了解到，近来工会部门的工作人员已提高了各地保障高温季节各项津贴落实的监督力度。	记者从大同市工会部门了解到，近来工会部门的工作人员已提高了各地保障高温季节各项津贴落实的监督力度。	positive
他非常酷爱科幻小说，经常阅读并参加相关的讨论活动。	他非常酷爱科幻小说，经常阅读并参加相关的讨论活动。	positive
北京市怀柔区农业局局长王明介绍，通过发展果蔬种植业，使得本地区200户农民成功脱贫，贫困发生率约为4%左右，实现了较好的经济发展。	北京市怀柔区农业局局长王明介绍，通过发展果蔬种植业，使得本地区200户农民成功脱贫，贫困发生率约为4%，实现了较好的经济发展。	negative
在这座繁忙的卫星城里，三十个芸芸众生各有各的忙碌与奋斗。	在这座繁忙的卫星城里，芸芸众生各有各的忙碌与奋斗。	negative
图书馆致力于读者进行深入沟通，通过在线社区和移动应用软件，使读者和图书馆更加互动。	图书馆致力于读者进行深入沟通，通过在线社区和移动应用软件，使读者和图书馆更加互动。	positive
电影院的观众大多以年轻人为主。	电影院的观众大多主要是年轻人。	negative
对于难度大的知识点，可以老师多讲一些。	对于难度大的知识点，可以让老师多讲一些。	negative
由于暴雨下，道路被淹，交通瘫痪。	由于暴雨下了，道路被淹，交通瘫痪。	negative
里面陈列着各式各样过去所使用的东西。	里面陈列着各式各样过去所使用的东西。	positive
近几年来，北京的房价不断攀升的原因，是政府的调控政策也让房产投资成本逐渐增加导致的。	近几年来，北京的房价不断攀升的原因是政府的调控政策导致的，同时房产投资成本的逐渐增加也起到了推动作用。	negative
我的手机电池没有电了是因为我忘记带充电器，无法及时充电等原因造成的。	我的手机电池没有电是因为我忘记带充电器，无法及时充电等原因造成的。	negative
今年夏天即将开放海南岛自由贸易港是新的经济增长点，吸引了无数投资者关注。	今年夏天即将海南岛自由贸易港的开放将成为新的经济增长点，吸引了无数投资者关注。	negative
加强德育教育有助于学生塑造正确的价值观和行为准则。	加强德育教育有助于学生塑造正确的价值观和行为准则。	positive
2019年1月20日至21日，全球创新创业大赛在上海举行，本次大会本着“人人都可进行创新”为主题，吸引了超过5000名创新者和创业者参加。	2019年1月20日至21日，全球创新创业大赛在上海举行，本次大会本着“人人都可进行创新”为主题，吸引了超过5000名创新者和创业者参加。	positive
2021年东京奥运会女子篮球项目决赛结束，美国队以101比72大胜中国队，获得金牌，连续蝉联奥运会女篮冠军。	2021年东京奥运会女子篮球项目决赛结束，美国队以101比72大胜中国队，获得金牌，连续蝉联奥运会女篮冠军。	positive
他借口家庭紧急情况为名，请求请假一天。	他借口家庭紧急情况为，请求请假一天。	negative
在环境保护行动中，我们应本着可持续发展为原则，努力保护自然资源。	在环境保护行动中，我们应本着可持续发展的原则，努力保护自然资源。	negative
在战争的残酷中，数百万人民群众生灵涂炭，遭受破坏和伤害，渴望维护和平与安宁的到来。	在战争的残酷中，数百万人民群众生灵涂炭，遭受破坏和伤害，渴望和平与安宁的到来。	negative
今年春末，我国湖南和湖北部分地区大雨不断，已造成一定程度的灾害。	今年春末，我国湖南和湖北部分地区大雨不断，已造成一定程度的灾害。	positive
门是危险的地方，家长一要防止孩子玩门，二要防止孩子在门附近玩，三要防止家中不要有强烈的穿堂风，以免门在被强力关闭的瞬间挤伤孩子。	门是危险的地方，家长一要防止孩子玩门，二要防止孩子在门附近玩，三要防止家中有强烈的穿堂风，以免门在被强力关闭的瞬间挤伤孩子。	negative
队友莱昂•奥斯曼帝国把莱顿•巴恩斯没有选入自己的梦幻联赛阵容，莱顿•巴恩斯受到这个刺激之后，在比赛中连进两球。	队友莱昂•奥斯曼帝国没有把莱顿•巴恩斯选入自己的梦幻联赛阵容，莱顿•巴恩斯受到这个刺激之后，在比赛中连进两球。	negative
这是一本好书，它能催人进取，促人警醒，引人深思。	这是一本好书，它能催人进取，促人警醒，引人深思。	positive
健康教育应该贯穿幼儿园到大学的教育层面，包含学校教育、社会教育、职业教育，为不同年龄段的学生提供全方位的知识和指导。	健康教育应该贯穿幼儿园到大学的教育层面，包含学校教育、社会教育、职业教育，为不同年龄段的学生提供全方位的知识和指导。	positive
北京大学和上海市政府合作建设的新校区落成典礼将在下周举行，标志着两者的合作进入新的阶段具有重大意义。	北京大学和上海市政府合作建设的新校区落成典礼将在下周举行，标志着两者的合作进入了新的阶段，这具有重大意义。	negative
这部电影的票房收入预计超过一亿美元左右，成为夏季最热门的影片之一。	这部电影的票房收入预计超过一亿美元，成为夏季最热门的影片之一。	negative
这项大型基础设施项目的预算高达数十亿美元左右，将为城市的发展带来巨大的影响。	这项大型基础设施项目的预算高达数十亿美元，将为城市的发展带来巨大的影响。	negative
经过长时间的讨论和协商下，双方终于达成了一项维护和平协议。	经过长时间的讨论和协商，双方终于达成了一项维护和平协议。	negative
三位学生虽然都是外校的学生，但他们的表演对我校的学生并不陌生。	三位学生虽然都是外校的学生，但他们的表演对我校的学生并不陌生。	positive
深圳、深圳等发达城市，暂时能维持楼市稳定，但潜在的风险是显而易见的。	深圳、广州等发达城市，暂时能维持楼市稳定，但潜在的风险是显而易见的。	negative
近年来，各地纪检机关相继查处了大批腐败分子，但治理腐败只是开始，当务之急的工作是制定更加完善的反腐体系。	近年来，各地纪检机关相继查处了大批腐败分子，但治理腐败只是开始，当务之急的工作是制定更加完善的反腐体系。	positive
有数据显示，随着生态持续优化，空气质量不断改进，宜昌的蓝天成了常态。	有数据显示，随着生态持续优化，空气质量不断改善，宜昌的蓝天成了常态。	negative
在领导团队时，应本着公平公正为原则，给予每个成员平等的机会和待遇。	在领导团队时，应本着公平公正的原则，给予每个成员平等的机会和待遇。	negative
在健康生活中，关键在于均衡的饮食是十分重要的。	在健康生活中，关键在于均衡的饮食，这十分重要。	negative
近几年来，我国领海不断被侵扰，为了应对复杂多变的海上变化，东海监局调整了工作规划，加大了海上巡航密度和执法装备的质量。	近几年来，我国领海不断被侵扰，为了应对复杂多变的海上变化，东海监局调整了工作规划，加大了海上巡航密度和执法装备的质量。	positive
随着国家加强环境保护措施，大气污染虽然有所缓解，但在一些地区仍然存在空气质量不佳的情况。	随着国家加强环境保护措施，大气污染虽然有所缓解，但在一些地区仍然存在空气质量不佳的情况。	positive
法院可以查封、扣压、冻结被执行人占有的动产，登记在被执行人名下的不动产、特定动产及其他财产权。	法院可以查封、扣压、冻结被执行人占有的动产，登记在被执行人名下的不动产、特定动产及其他财产权。	positive
政府近期决定加强建设工作，加快现代化建设的的进程。	政府近期决定加强建设工作，加快现代化建设的进程。	negative
世故的老欧洲，天真的新美洲，一个拖着悠久高贵的历史和文艺腔，一个带着新鲜刺激的金钱和荷尔蒙，前者率真勇敢但粗糙，后者精致繁复却虚伪。	世故的老欧洲，天真的新美洲，一个拖着悠久高贵的历史和文艺腔，一个带着新鲜刺激的金钱和荷尔蒙，前者率真勇敢但粗糙，后者精致繁复却虚伪。	positive
一杯咖啡有咖啡豆、水、糖和牛奶组成。	一杯咖啡由咖啡豆、水、糖和牛奶组成。	negative
随着《宜宾城市群发展规划》的公布，将助推南分站在新一轮发展的起跑线上。	随着《宜宾城市群发展规划》的公布，将助推南充站在新一轮发展的起跑线上。	negative
上海华林公司的代表王泽表示，上海法院的判决结果需要苹果公司先承认商标所有权由上海华林公司持有，这是纠纷是否解决的关键。	上海华林公司的代表王泽表示，上海法院的判决结果需要苹果公司先承认商标所有权由上海华林公司持有，这是纠纷是否解决的关键。	positive
面对当前的疫情，眼前的当务之急是加强疫苗接种和防控措施，保护人民的健康和安全。	面对当前的疫情，眼前的当务之急是加强疫苗接种和防控措施，保护人民的健康和安全。	positive
近些年来，蔬菜、房价、汽车、电器等大宗消费品价格节节攀升。	近些年来，蔬菜、房价、汽车、电器等大宗消费品价格节节攀升。	positive
在那个偏远的村庄中，不时发生出使人不安的怪事来，居民们开始祈求保佑。	在那个偏远的村庄中，不时发生出使人不安的怪事来，居民们开始祈求保佑。	positive
这家公司的竞争优势靠的是创新和高质量产品取得的。	这家公司的竞争优势靠的是创新和高质量产品取得的。	positive
这款iPhone4的续航时间可以达到一天左右，非常适合日常使用。	这款iPhone4的续航时间可以达到一天左右，非常适合日常使用。	positive
理论知识只有付诸于实践，才能真正发挥作用。	理论知识只有付诸于实践，才能真正发挥作用。	positive
在这个地区，交通工具大多以汽车为主。	在这个地区，交通工具大多以汽车为主。	positive
卫生洁具包括马桶、洗手盆和浴缸等设备。	卫生洁具包括马桶、洗手盆和浴缸等设备。	positive
这个项目失败了，原因是因为团队之间缺乏有效的沟通与合作。	这个项目失败了，原因是团队之间缺乏有效的沟通与合作。	negative
在这场比赛中，双方实力悬殊相差很远，结果几乎可以预见。	在这场比赛中，双方实力悬殊，结果几乎可以预见。	negative
我国棉花的生产，过去不能自给。	我国棉花的生产，过去不能自给。	positive
我迟到是因为交通堵塞造成的。	我迟到是因为交通堵塞造成的。	positive
白求恩这个名字对于中国人民是很熟悉的。	白求恩这个名字对于中国人民是很熟悉的。	positive
高度竞争和压力导致的工作过劳现象造成的直接后果是导致员工身心健康问题。	高度竞争和压力导致的工作过劳现象的直接后果是员工身心健康问题。	negative
《我和我的父辈》讲述了讲述了几代父辈和各时期的代表性群体们不忘初心，传承民族精神的奋斗历程，献礼新中国砥砺前行献礼片。	《我和我的父辈》讲述了几代父辈和各时期的代表性群体们不忘初心，传承民族精神的奋斗历程，献礼新中国砥砺前行献礼片。	negative
第十三届中国西部国际博览会2012年9月25日在成都隆重开幕。资阳市以“绿色资阳、西部车城”为主题向世界展出了近年来所取得的建设成就和产业优势。	第十三届中国西部国际博览会2012年9月25日在成都隆重开幕。资阳市以“绿色资阳、西部车城”为主题向世界展出了近年来所取得的建设成就和产业优势。	positive
这个社交平台充斥着不少虚假信息和谣言，给用户带来了困惑和误导。	这个社交平台充斥着不少虚假信息和谣言，给用户带来了困惑和误导。	positive
所有成员国一致认为，要发挥安理会在全球事务上起关键作用，维护国际和平与安全，推动平等合作的发展。	所有成员国一致认为，要发挥安理会在全球事务上起关键作用，维护国际和平与安全，推动平等合作的发展。	positive
秋天的上海是美丽的季节。	秋天的上海是美丽的季节。	positive
这个国家的海岸线宽度至少在2000公里左右，拥有丰富的海洋资源。	这个国家的海岸线长度至少在2000公里左右，拥有丰富的海洋资源。	negative
今天，我国知识分子促进的启蒙运动，与以往的启蒙运动一样，是在全球化背景下进行的，同时，它还打上了互联网时代的烙印。	今天，我国知识分子促进的启蒙运动，与以往的启蒙运动一样，是在全球化背景下进行的，同时，它还打上了互联网时代的烙印。	positive
在全球能源消耗中，可再生能源约占20%左右，逐渐成为重要的能源来源。	在全球能源消耗中，可再生能源约占20%左右，逐渐成为重要的能源来源。	positive
您的令爱像一束明亮的日光，温暖着我的心灵，驱散了所有的阴霾。	您的令爱像一束明亮的日光，温暖着我的心灵，驱散了所有的阴霾。	positive
杜绝过度治疗，除了加强宣传教育外，还要靠制度保障医疗机构正常运转，调控盲目扩张的逐利行为。	杜绝过度治疗，除了加强宣传教育外，还要靠制度保障医疗机构正常运转，调控盲目扩张的逐利行为。	positive
那人大约二十五六岁左右。	那人二十五六岁。	negative
我想这应该是不必叙述的，没有谁不会想象不出来。	我想这应该是不必叙述的，没有谁想象不出来。	negative
在体育比赛中，运动员们应该遵守规则和公平竞争，而不是诉诸于武力或非法手段。	在体育比赛中，运动员们应该遵守规则和公平竞争，而不是诉诸于武力或非法手段。	positive
教育需要年轻人加入，我们应该保护、发扬和传承优秀的教育文化，让年轻人了解教育的意义与价值，激发他们对教育事业的热衷。	教育需要年轻人加入，我们应该保护、发扬和传承优秀的教育文化，让年轻人了解教育的意义与价值，激发他们对教育事业的热衷。	positive
我国神舟飞船肩负着执行载人航天任何任务、拓展太空探索、推进国家科技发展等多项重大航天工程，代表着我国对太空探索的向往和探寻。	我国神舟飞船肩负着执行载人航天任务、拓展太空探索、推进国家科技发展等多项重大航天工程，代表着我国对太空探索的向往和探寻。	negative
一项关于环境保护的研究报告在各大媒体上见诸于报刊，提醒人们关注环境保护的重要性。	一项关于环境保护的研究报告在各大媒体上见诸报刊，提醒人们关注环境保护的重要性。	negative
有数据显示，随着生态持续优化，空气质量不断改进，十堰的蓝天成了常态。	有数据显示，随着生态持续优化，空气质量不断改进，十堰的蓝天成了常态。	positive
在那个悠久的废弃建筑里，不时发生出使人不安的怪事来。	在那个悠久的废弃建筑里，不时发生使人不安的怪事来。	negative
市场已经进入了一个相对平稳的发展阶段，互联网人口渗透率已超过50%左右，那么未来的机会在哪里呢？我认为，是在人工智慧。	市场已经进入了一个相对平稳的发展阶段，互联网人口渗透率已超过50%左右，那么未来的机会在哪里呢？我认为，是在人工智能。	negative
我们的学习计划的构成主要包括理论知识和实践能力两部分，理论知识可以让我们知道为什么，实践能力可以提高我们的实操能力。	我们的学习计划的构成主要包括理论知识和实践能力两部分，理论知识可以让我们知道为什么，实践能力可以提高我们的实操能力。	positive
社区服务的重要目的是使我们服务社会、增长才干的主要途径。	社区服务的重要目的是我们服务社会、增长才干的主要途径。	negative
大家就工资问题交换了广泛的意见。	大家就工资问题交换了广泛的意见。	positive
9岁的女儿刘某某，娇嫩的皮肤上不仅有一块块青紫的血肿，胳膊、大腿及后背处还有结着痴淌着脓的烫伤面。	9岁的女儿刘某某，娇嫩的皮肤上不仅有一块块青紫的血肿，胳膊、大腿及后背处还有结着痂淌着脓的烫伤面。	negative
我市文明办开展与策划的“经典诵读”活动，有利于更多的人了解、研究国学经典。	我市文明办开展策划的“经典诵读”活动，有利于更多的人了解、研究国学经典。	negative
由于技术故障下，网络受阻，影响了正常的在线活动。	由于技术故障，网络受阻，影响了正常的在线活动。	negative
在法律实施中，法官应本着公正司法为原则，对案件进行客观、公正的判决。	在法律实施中，法官应本着公正司法为原则，对案件进行客观、公正的判决。	positive
北京大学教授林志玲认为，校园体育教育不能缺少体育锻炼，应该保证学生运动或者健身的权利。	北京大学教授林志玲认为，校园体育教育不能缺少体育锻炼，应该保证学生运动或者健身的权利。	positive
在一个维护和平的社会中，警察应该保护人民的安全和利益，但有些警察动辄就滥用权力，使人民感到不安。	在一个维护和平的社会中，警察应该保护人民的安全和利益，但有些警察动辄就滥用权力，使人民感到不安。	positive
对于爱尔兰法律的了解比较深入的法学专家黄敏表示，爱尔兰警方逮捕相关案件的证据标准很低，不得不排除通常情况下被认为是有效的证据。	对于爱尔兰法律的了解比较深入的法学专家黄敏表示，爱尔兰警方逮捕相关案件的证据标准很低，不得不排除通常情况下被认为是有效的证据。	positive
三位学生虽然都是外校的学生，但他们的表演对我校的师生并不陌生。	三位学生虽然都是外校的学生，但他们的表演对我校的师生并不陌生。	positive
这位艺术家的创作被付诸于流水，成为了流行文化的一部分。	这位艺术家的创作被付诸流水，成为了流行文化的一部分。	negative
最近这段时间，《小幸运》被不少人单曲循环超过了2亿多次，衍生出了超过2万多个作品。	最近这段时间，《小幸运》被不少人单曲循环超过2亿次，衍生出了超过2万多个作品。	negative
在全球化的背景下，许多我国企业开始走向海外，这给我国企业在国内不成为炮灰带来机遇。	在全球化的背景下，许多我国企业开始走向海外，这给我国企业在国内不成为仅仅具备低端竞争力的企业带来机遇。	negative
诗歌是文学的艺术精髓，阅读诗歌，可以提升我们的文学鉴赏能力或者提高审美能力。	诗歌是文学的艺术精髓，阅读诗歌，可以提升我们的文学鉴赏能力或者提高审美能力。	positive
他总是用过分的溢美之词来形容自己的作品，但实际上质量并不如他所夸大的那样出色。	他总是用过分的溢美之词来形容自己的作品，但实际上质量并不如他所夸大的那样出色。	positive
根据报道，这次飞机失事事件中，飞机上至少载有150人左右，造成了巨大的人员伤亡。	根据报道，这次飞机失事事件中，飞机上至少载有150人左右，造成了巨大的人员伤亡。	positive
犯罪率上升是因为社会不公平和经济困难所造成的。	犯罪率上升是因为社会不公平和经济困难所造成的。	positive
气候变化加剧是因为人类活动和大规模的温室气体排放所造成的。	气候变化加剧是因为人类活动和大规模的温室气体排放所造成的。	positive
那部深受广大观众欢迎的电影《大闹天宫》，连续半个月放映了。	那部深受广大观众欢迎的电影《大闹天宫》，连续放映了半个月。	negative
这个卫星城的人口约三百万余，是一个繁忙而多元化的都市。	这个卫星城的人口约三百万余，是一个繁忙而多元化的都市。	positive
这篇文章介绍了传统相声所用的押韵、谐音、摹声等方面的详细的语音技巧和表达效果，形式多样，饶有趣味。	这篇文章介绍了传统相声所用的押韵、谐音、摹声等方面的详细的语音技巧和表达效果，形式多样，饶有趣味。	positive
她借口头痛为名，逃避参加那个无聊的聚会。	她以头痛为借口，逃避参加那个无聊的聚会。	negative
学习是为了获取知识和提升个人能力为目的的。	学习是为了获取知识和提升个人能力。	negative
认为这样做就有可能防止改善学生书写质量差的状况。	认为这样做就有可能改善学生书写质量差的状况。	negative
爱因斯坦提出的相对论立刻获得了一片赞誉，但它与我们所了解的引力，也就是自由落体的认知产生了矛盾。	爱因斯坦提出的相对论立刻获得了一片赞誉，但它与我们所了解的引力，也就是自由落体的认知产生了矛盾。	positive
经过长时间的努力和训练，运动员的速度已经达到每小时20英里左右。	经过长时间的努力和训练，运动员的速度已经达到每小时20英里左右。	positive
世界银行近日发布的报告显示，未来两年内中国经济增长将保持稳定增长，预计平均增速为6%-7%左右。	世界银行近日发布的报告显示，未来两年内中国经济增长将保持稳定增长，预计平均增速为6%-7%左右。	positive
尽管许多梦想没有实现，但我曾真诚地向往过，为此努力过，付出过心血，自己对这样的经历来说，始终是有价值的。	尽管许多梦想没有实现，但我曾真诚地向往过，为此努力过，付出过心血，对自己这样的经历来说，始终是有价值的。	negative
“黑色星期五”快到了，商家大幅降价，三折、四折、甚至五折，平时价格低廉的商品也开始变得有价值了。	“黑色星期五”快到了，商家大幅降价，三折、四折、甚至五折，平时价格低廉的商品也开始变得有价值了。	positive
在现代社会和市场化经济的背景下，加强社会管理，提高对欺诈者的惩治力度，促进社会诚信建设。	在现代社会和市场化经济的背景下，加强社会管理，提高对欺诈者的惩治力度，促进社会诚信建设。	positive
为了提高教育质量，我们需要促进学校和家长共同合作，学生积极参与的模式。	为了提高教育质量，我们需要促进学校和家长共同合作，学生积极参与的模式下。	negative
我们采用可再生能源来供电是出于环境保护意识决定的。	我们采用可再生能源来供电是出于环境保护意识决定的。	positive
《孟子》的问世，代表了中国古代思想的高峰，是我国文化遗产中不可或缺的一部分。	《孟子》的问世，代表了中国古代思想的高峰，是我国文化遗产中不可或缺的一部分。	positive
中国是我们的母亲国家，我们的家园，我们的文化瑰宝都在这里传承和诞生。	中国是我们的母亲国家，我们的家园，我们的文化瑰宝都在这里传承和诞生。	positive
据统计，近六成左右的学生选择继续深造，追求更高的学历和专业知识。	据统计，近六成左右的学生选择继续深造，追求更高的学历和专业知识。	positive
这位年轻音乐家的演奏技巧和表现力可以堪称天才级别。	这位年轻音乐家的演奏技巧和表现力可以堪称天才级别。	positive
这个国家的海岸线长度至少在2000公里左右，拥有丰富的海洋资源。	这个国家的海岸线长度至少在2000公里左右，拥有丰富的海洋资源。	positive
北京市第一中学在2018年9月18日举办了第一期北京市“热爱学习，做好自己”主题的校园讲座。	北京市第一中学在2018年9月18日举办了第一期北京市“热爱学习，做好自己”主题的校园讲座。	positive
阿布扎比世界公司宣布暂停偿还部分债务，引发全球金融市场振荡，我们可以从这一事件中反映一个问题，过度依赖房地产业容易导致金融危机。	阿布扎比世界公司宣布暂停偿还部分债务，引发全球金融市场震荡，我们可以从这一事件中反映一个问题，过度依赖房地产业容易导致金融危机。	negative
众多学子对知识的渴望驱使着他们积极学习和探索。	众多学子对知识的渴望驱使着他们积极学习和探索。	positive
如果真的菩萨能保佑我们，还要我们勤奋学习干什么。	如果菩萨真的能保佑我们，还要我们勤奋学习干什么？	negative
他的成功靠的是刻苦努力和不断学习取得的。	他的成功靠的是刻苦努力和不断学习。	negative
安顺是个美丽的城市，夏日的安顺是人们避暑纳凉的好季节。	安顺是个美丽的城市，夏日的安顺是人们避暑纳凉的好季节。	positive
该产品的续航力时间至少在10小时左右，满足用户长时间使用的需求。	该产品的续航时间至少在10小时左右，满足用户长时间使用的需求。	negative
一辆电动车有发动机、底盘、车身和车轮组成。	一辆电动车由发动机、底盘、车身和车轮组成。	negative
在登山过程中，他遭遇了严峻的天气和艰难的路况，最终成功登顶，浑身遍体鳞伤却充满了成就感。	在登山过程中，他遭遇了严峻的天气和艰难的路况，最终成功登顶，浑身遍体鳞伤却充满了成就感。	positive
热爱音乐，欣赏优雅的音乐作品，是一个有品位的人增长修养、提高知识、丰富情感的重要方式。	热爱音乐，欣赏优雅的音乐作品，是一个有品位的人增长修养、提高知识、丰富情感的重要方式。	positive
我不同意购置这些高档家具，不仅因为这些东西对于我们不需要，更重要的是这样做不符合勤俭节约的原则。	我不同意购置这些高档家具，不仅因为这些东西我们不需要，更重要的是这样做不符合勤俭节约的原则。	negative
中国人民政治协商会议将于明天召开，大会进行开幕式，主席发言等。	中国人民政治协商会议将于明天召开，大会进行开幕式，主席发言等。	positive
他迟到了，原因是因为他在交通堵塞中被困住了。	他迟到了，因为他在交通堵塞中被困住了。	negative
在国际关系中，应该避免诉诸于武力，而是通过对话和外交手段解决争端。	在国际关系中，应该避免诉诸于武力，而是通过对话和外交手段解决争端。	positive
醉酒驾驶自行车比酒后驾驶摩托车的危险性更高，为了预防交通事故不再发生，人们应该重视起来。	醉酒驾驶自行车比酒后驾驶摩托车的危险性更高，为了预防交通事故不再发生，人们应该重视起来。	positive
公司董事会经过认真研究，最终还是采纳了两个普通工人的建议。	公司董事会经过认真研究，最终还是采纳了两个普通工人的建议。	positive
只有争做一名优秀的我国公民，我们才能创造一个拥有积极能量的网络社区，打赢网络主战场，让传播虚假信息、欺诈和色情的行为无所遁形，构建一个充满生机和正义的我国网络正能量。	只有争做一名优秀的我国公民，我们才能创造一个拥有积极能量的网络社区，打赢网络主战场，让传播虚假信息、欺诈和色情的行为无所遁形，构建一个充满生机和正义的我国网络正能量。	positive
在“安全生产月”活动中,由于消防安全队通过加大宣传力度,让消防安全知识走进千家万户。	在“安全生产月”活动中,通过消防安全队加大宣传力度,让消防安全知识走进千家万户。	negative
在商业合作中，共同协商是实现双赢的策略，双方通过协商达成共识。	在商业合作中，共同协商是实现双赢的策略，双方通过协商达成共识。	positive
在学习中，关键在于良好的时间管理是十分重要的。	在学习中，良好的时间管理是关键。	negative
某个地区的充电桩密度平均间隔500公里左右，方便电动车主进行长途充电。	某个地区的充电桩密度平均间隔为500公里左右，方便电动车主进行长途充电。	negative
经济报告表明，某些行业的销售额上涨了10%-30%左右，显示出良好的增长势头。	经济报告表明，某些行业的销售额上涨了10%-30%左右，显示出良好的增长势头。	positive
我们没能出发是因为天气恶劣导致航班取消的原因。	我们没能出发是因为天气恶劣导致航班取消。	negative
这本书的字数约六万余，内容丰富而深入，适合各个年龄段的读者。	这本书的字数约六万余，内容丰富而深入，适合各个年龄段的读者。	positive
在现代社会中，越来越多的人开始关注科技和未来，这反映出科技文化的兴起和人们对未来的关注，是对长期以来大家缺失的想象力的呼唤。	在现代社会中，越来越多的人开始关注科技和未来，这反映出科技文化的兴起和人们对未来的关注，是对长期以来大家缺失的想象力的呼唤。	positive
北京动物园是一个采取以植物主题为核心的休闲游览区，入口处展现了各种树木的异彩纷呈。	北京动物园是一个以植物主题为核心的休闲游览区，入口处展现了各种树木的异彩纷呈。	negative
摩托车闯红灯被交警逮捕，驾驶员拒不接受处罚，还举起拳头威胁警察，最终被拘留。	摩托车闯红灯被交警逮捕，驾驶员拒不接受处罚，还举起拳头威胁警察，最终被拘留。	positive
每个家庭都应该定期清洁和消毒卫生洁具。	每个家庭都应该定期清洁和消毒卫生洁具。	positive
这些备受欢迎的游戏，能增强和培养游戏者的掌控力。	这些备受欢迎的游戏，能增强和培养游戏者的掌控力。	positive
今次从上海出发前往巴伦支海打捞的队伍共有12人，都是上海本地人，平均年龄近40岁左右，赞助他们的是一家当地的海洋科研机构。	今次从上海出发前往巴伦支海打捞的队伍共有12人，都是上海本地人，平均年龄近40岁左右，赞助他们的是一家当地的海洋科研机构。	positive
这个项目的失败是由于管理不善和资源不足的结果。	这个项目的失败是由于管理不善和资源不足。	negative
对于教育问题上，我们需要关注教育资源的公平分配。	在教育问题上，我们需要关注教育资源的公平分配。	negative
能否推进生态文明建设，为建设美丽中国和实现可持续发展提供了有力支撑。	能推进生态文明建设，为建设美丽中国和实现可持续发展提供了有力支撑。	negative
公众有权知道政府的决策和行为，这些信息应该公诸于众。	公众有权知道政府的决策和行为，这些信息应该公诸于众。	positive
最近某种商品的需求量上涨了10%到30%左右，供应商需要增加产能来满足市场需求。	最近某种商品的需求量上涨了10%到30%左右，供应商需要增加产能来满足市场需求。	positive
"音乐盛典"音乐会将在12月份于音乐厅和观众见面，届时多位著名歌手将亲临现场唱响经典名曲，与现场观众互动互动。	"音乐盛典"音乐会将在12月份于音乐厅和观众见面，届时多位著名歌手将亲临现场唱响经典名曲，与现场观众互动。	negative
复旦大学和上海市政府合作建设的新校区落成典礼将在下周举行，标志着两者的合作进入新的阶段具有重大意义。	复旦大学和上海市政府合作建设的新校区落成典礼将在下周举行，标志着两者的合作进入新的阶段，这具有重大意义。	negative
张爱玲是学习物理的，所以对文学的爱好也很深，她的作品如《红玫瑰与白玫瑰》和《金锁记》流传至今。	张爱玲是学习物理的，所以对文学的爱好也很深，她的作品如《红玫瑰与白玫瑰》和《金锁记》流传至今。	positive
欧阳修的诗歌之所以有如此的魅力和境界的原因，是因为他的深刻内涵和优美文笔。	欧阳修的诗歌如此有魅力和境界，是因为他的深刻内涵和优美文笔。	negative
对于环境问题上，我们应该采取更多的可持续发展措施。	在环境问题上，我们应该采取更多的可持续发展措施。	negative
现在，西湖区正在积极推进创新创业平台建设，涵盖了智慧谷、科创中心、金融小镇等项目，将全面提升区域产城融合发展的步伐。	现在，西湖区正在积极推进创新创业平台建设，涵盖了智慧谷、科创中心、金融小镇等项目，将全面提升区域产城融合发展的步伐。	positive
他在运动会结束后正式退出了运动员生涯。	他在运动会结束后正式退出了运动员生涯。	positive
我们的领导经常接待来自不同国家的外宾的来访和来信。	我们的领导经常接待来自不同国家的外宾的来访或来信。	negative
经过艰苦的训练和耐心的磨炼下，他成功地攀登了那座高峰。	在艰苦的训练和耐心的磨炼下，他成功地攀登了那座高峰。	negative
在这个行业，会议和研讨会大多以线上形式为主。	在这个行业，会议和研讨会大多以线上形式为主。	positive
有无扎实的阅读基础，是青少年提高写作能力的前提。	有无扎实的阅读基础，是青少年提高写作能力的前提。	positive
张先生是一位多才多艺的艺术家，他的一些著作被公认为堪称典范。	张先生是一位多才多艺的艺术家，他的一些著作被公认为堪称典范。	positive
教育行政部门提出，要制定进城务工人员随迁子女义务教育后在当地参加升学考试。	教育行政部门提出，要制定进城务工人员随迁子女在接受义务教育后在当地参加升学考试。	negative
正因为阻力极其微弱，空气极其稀薄，所以这里是运载火箭和人造卫星活动的好场所。	正因为阻力极其微弱，空气极其稀薄，所以这里是运载火箭和人造卫星活动的好场所。	positive
上海市第一中学在2018年9月18日举办了第一期上海市“热爱学习，做好自己”主题的校园讲座。	上海市第一中学在2018年9月18日举办了第一期上海市“热爱学习，做好自己”主题的校园讲座。	positive
这个城市的人口约三百万余，是一个繁忙而多元化的都市。	这个城市的人口约三百万，是一个繁忙而多元化的城市。	negative
经过长时间的努力和训练，运动员的速度已经达到每小时20英哩左右。	经过长时间的努力和训练，运动员的速度已经达到每小时20英里左右。	negative
9岁的女儿郭某某，娇嫩的皮肤上不仅有一块块青紫的血肿，胳膊、大腿及后背处还有结着痴淌着脓的烫伤面。	9岁的女儿郭某某，娇嫩的皮肤上不仅有一块块青紫的血肿，胳膊、大腿及后背处还有结着痂淌着脓的烫伤面。	negative
在饮食习惯上，切忌不要过度依赖加工食品，应该选择健康的自然食物。	在饮食习惯上，切忌不要过度依赖加工食品，应该选择健康的自然食物。	positive
他的无畏精神时刻浮现在我的眼前。	他的无畏精神时刻浮现在我的眼前。	positive
卫生洁具包括马桶、橱柜和浴缸等设备。	卫生洁具包括马桶、橱柜和浴缸等设备。	positive
科学家指出，大量饮酒与肺癌的发生有密切的关系。	科学家指出，大量饮酒与肺癌的发生有密切的关系。	positive
建筑物通道狭窄，容易引发火灾，防火部门要求加强楼道消防安全，实施火灾风险分类监管。	建筑物通道狭窄，容易引发火灾，防火部门要求加强楼道消防安全，实施火灾风险分类监管。	positive
很多人都知道气候变暖主要源于韦尔博汽车和大型工业设施的废气排放造成的，却并不知道，饮食习惯也影响着气候变化。	很多人都知道气候变暖主要源于机动车和大型工业设施的废气排放造成的，却并不知道，饮食习惯也影响着气候变化。	negative
今年入冬以来，多个城市遭受到雾霾的困扰，如何有效遏制雾霾天气不频发引起人们的关注。	今年入冬以来，多个城市遭受雾霾的困扰，如何有效遏制雾霾天气的频发引起人们的关注。	negative
这场比赛的观众近万人余，现场气氛热烈，引人入胜。	这场比赛的观众近万人，现场气氛热烈，引人入胜。	negative
随着国家加强环保措施，大气污染虽然有所缓解，但在一些地区仍然存在空气质量不佳的情况。	随着国家加强环保措施，大气污染虽然有所缓解，但在一些地区仍然存在空气质量不佳的情况。	positive
由于价值链问题下，产品的交付时间延迟，给客户带来了不便。	由于价值链问题，产品的交付时间延迟，给客户带来了不便。	negative
互联网在中国民众的政治、经济和社会生活中扮演着日益重要的角色，成为中国公民行使表达权、监督权、知情权和参与权的重要渠道。	互联网在中国民众的政治、经济和社会生活中扮演着日益重要的角色，成为中国公民行使表达权、监督权、知情权和参与权的重要渠道。	positive
这项研究的目的是为了深入了解人类行为模式，为心理学领域做出贡献。	这项研究的目的是为了深入了解人类行为模式，为心理学领域做出贡献。	positive
为了遏制新冠病毒的传播，各国都实施了隔离措施，防止新冠病毒不再扩散。	为了遏制新冠病毒的传播，各国都实施了隔离措施，防止新冠病毒进一步扩散。	negative
这个经验值得中小学教师特别是文教工作者重视。	这个经验值得中小学教师，特别是文教工作者重视。	negative
中国神舟飞船肩负着执行载人航天任何任务、拓展太空探索、推进国家科技发展等多项重大航天工程，代表着中国对太空探索的向往和探寻。	中国神舟飞船肩负着执行载人航天任务、拓展太空探索、推进国家科技发展等多项重大航天工程，代表着中国对太空探索的向往和探寻。	negative
在工作中，浪费时间意味着白白虚度了宝贵的机会。	在工作中，浪费时间意味着白白虚度了宝贵的机会。	positive
香港电影产业在2019年创造了超过400亿人民币的票房收入，其他的任何中国文化产业从未达到过这个高度，是中国文化产业中最为成功的部分之一。	香港电影产业在2019年创造了超过400亿人民币的票房收入，其他的任何中国文化产业从未达到过这个高度，是中国文化产业中最为成功的部分之一。	positive
有些人对社会变革持有过高的奢望，期待一夜之间实现全面的公平和正义，而忽视了现实的复杂性和漫长的过程。	有些人对社会变革持有过高的奢望，期待一夜之间实现全面的公平和正义，而忽视了现实的复杂性和漫长的过程。	positive
这位艺术家将他的作品公诸于众，让更多人欣赏和品味。	这位艺术家将他的作品公诸于众，让更多人欣赏和品味。	positive
不幸的是，这部在他脑海中酝酿已久、即将成熟的杰作，还没完成就过早地离开了我们。	不幸的是，这部在他脑海中酝酿已久、即将成熟的杰作，还没完成就过早地离开了我们。	positive
同志们认真克服并随时发现工作中的缺点。	同志们认真随时发现并克服工作中的缺点。	negative
日本开发的高速列车“新干线”，可在短短几小时之内穿梭于东京和大阪之间，能否保证较高速度，是高速列车关键。	日本开发的高速列车“新干线”，可在短短几小时之内穿梭于东京和大阪之间，保证较高速度是高速列车的关键。	negative
在这个广阔的网络空间中，成千上万的芸芸众生连接着彼此的心灵与思想。	在这个广阔的网络空间中，成千上万的芸芸众生连接着彼此的心灵与思想。	positive
据报道，某个国家的电动车销量已经达到每年50万辆左右，推动了可持续交通的发展。	据报道，某个国家的电动车销量已经达到每年50万辆左右，推动了可持续交通的发展。	positive
批评和自我批评是有效的改正错误提高思想认识的方法。	批评和自我批评是有效的提高思想认识和改正错误的方法。	negative
圆萼的经济发展保持中高速增长，GDP总量在亚洲地区居于前列，对全球经济的贡献率超过百分之二十左右。	中国的经济发展保持中高速增长，GDP总量在亚洲地区居于前列，对全球经济的贡献率超过百分之二十。	negative
在这个珍贵的生命旅程中，普通芸芸众生经历着各自的喜怒哀乐。	在这个珍贵的生命旅程中，普通芸芸众生经历着各自的喜怒哀乐。	positive
英国《自然》杂志援引多项研究指出，青少年近视的主要原因是户外活动时间严重不足造成的，这与我们之前的认知不太一样。	英国《自然》杂志援引多项研究指出，青少年近视的主要原因是户外活动时间严重不足造成的，这与我们之前的认知不太一样。	positive
这种食品的主要成分是新鲜蔬菜和高质量的蛋白质配制而成的。	这种食品的主要成分是新鲜蔬菜和高质量的蛋白质配制而成。	negative
最近，各地都有不少客户密码被骗走，甚至发生了网银盗窃事件，一时间高度引发广大网民关注。	最近，各地都有不少客户密码被骗走，甚至发生了网银盗窃事件，一时间高度引起广大网民关注。	negative
清华大学教授林志玲认为，校园体育教育不能缺少体育锻炼，应该保证学生运动或者健身的权利。	清华大学教授林志玲认为，校园体育教育不能缺少体育锻炼，应该保证学生运动或者健身的权利。	positive
这两个公司的市值有非常大的悬殊，反映出它们在行业竞争中的不同地位。	这两个公司的市值有非常大的悬殊，反映出它们在行业竞争中的不同地位。	positive
预计明天的气温将超过三十度左右，要记得带上防晒霜。	预计明天的气温将超过三十度，要记得带上防晒霜。	negative
我国科学家屠呦呦荣获2015年诺贝尔生理学或医学奖得主。	我国科学家屠呦呦荣获2015年诺贝尔生理学或医学奖。	negative
这个极具个性的观点，媒体上提出了一些共议，我以为是正确的。	这个极具个性的观点，媒体上提出了一些共识，我以为是正确的。	negative
某全世界知名航空公司采用这一突破性技术后，飞机的油耗不仅大大减少了，而且飞机的飞行速度也有了较明显的提高。	某全世界知名航空公司采用这一突破性技术后，飞机的油耗不仅大大减少了，而且飞机的飞行速度也有了较明显的提高。	positive
在野外露营时，我亲眼目睹了一只熊从树上下来，顿时感受到了野生动物的威严和力量。	在野外露营时，我亲眼目睹了一只熊从树上下来，顿时感受到了野生动物的威严和力量。	positive
在那个古老的废弃建筑里，不时发生出使人不安的怪事来。	在那个古老的废弃建筑里，不时发生使人不安的怪事来。	negative
我的体重减轻是因为我吃得太多造成的。	我的体重减轻是因为我吃得太少造成的。	negative
第一次全国可移动文物普查取得重要阶段性成果，包括一大批甘肃省在内的8个省区的具有一定价值的文物得到认定和发现。	第一次全国可移动文物普查取得重要阶段性成果，包括一大批甘肃省在内的8个省区的具有一定价值的文物得到认定和发现。	positive
爱尔兰爱普生公司的打印机在市场上的销售量最高，总数达到一百七十多台。	爱尔兰爱普生公司的打印机在市场上的销售量最高，总数达到一百七十多台。	positive
在社会经济飞速发展的今天，国民阅读已经不仅关乎国家文化软实力与核心竞争力，而且关乎个人修养与素质。	在社会经济飞速发展的今天，国民阅读已经不仅关乎国家文化软实力与核心竞争力，而且关乎个人修养与素质。	positive
年轻人应该珍惜时间，不要白白虚度青春年华。	年轻人应该珍惜时间，不要白白虚度青春年华。	positive
张总经理说，要提升企业核心竞争力，注重技能人才培养是当务之急的工作。	张总经理说，要提升企业核心竞争力，注重技能人才培养是当务之急。	negative
他被应邀出席了国际会议，分享他的研究成果和观点。	他应邀出席了国际会议，分享他的研究成果和观点。	negative
某些政客在竞选期间常常使用过分的溢美之词，以获取选民的支持，但实际上承诺很难兑现。	某些政客在竞选期间常常使用过分的溢美之词，以获取选民的支持，但实际上承诺很难兑现。	positive
政府兴建了社区阅读室和学校图书馆，为居民和学生提供了丰富的读书体验。	政府兴建了社区阅读室和学校图书馆，为居民和学生提供了丰富的读书体验。	positive
她没有参加聚会，原因是因为她生病了，无法出门。	她没有参加聚会，因为她生病了，无法出门。	negative
通过加大对市场上各类食品安全的监管力度，使得许多不法商家纷纷被曝光。	通过加大对市场上各类食品安全的监管力度，许多不法商家纷纷被曝光。	negative
上海的庙会是流传于中国北方地区的民俗文化活动，是唯一一个中国国家级非物质文化遗产。	上海的庙会是流传于中国北方地区的民俗文化活动，是唯一一个中国国家级非物质文化遗产。	positive
在这个多姿多彩的世界中，广大芸芸众生共同构成了人类的多样性和繁荣。	在这个多姿多彩的世界中，广大芸芸众生共同构成了人类的多样性和繁荣。	positive
通过学习，使我提高了认识。	通过学习，我提高了认识。	negative
这本小说的情节和文笔可以堪称现代文学的经典之作。	这本小说的情节和文笔可以堪称现代文学的经典之作。	positive
过高的奢望会给自己带来巨大的压力和失望，因为现实往往与理想有很大的差距。	过高的奢望会给自己带来巨大的压力和失望，因为现实往往与理想有很大的差距。	positive
