source	target	type
开车去新疆途径嘉峪关,晚上吃回锅肉鱼香肉丝麻婆豆腐土豆丝28元	开车去新疆途经嘉峪关,晚上吃回锅肉鱼香肉丝麻婆豆腐土豆丝28元	negative
美国收走北斗密码?中科院给出回应:伪码序列被清华女博士破解	美国收走北斗密码?中科院给出回应:代码序列被清华女博士破解	negative
晓龙845+三星ufs2.1,性能爆表的坚果r1拆机	骁龙845+三星ufs2.1,性能爆表的坚果r1拆机	negative
这首歌是小学生的噩梦,听了都想吐《迷你世界》出现神曲	这首歌是小学生的噩梦,听了都想吐《迷你世界》出现神曲	positive
在我们当地糁是最有名的小吃,也有它的又来!	在我们当地糁是最有名的小吃,也有它的由来!	negative
鲜为人知的1987年对印自卫反击战,全面开战命令在最后一分钟撤销	鲜为人知的1987年对印自卫反击战,全面开战命令在最后一分钟撤销	positive
九旬老人为证明自己还活着被抬上楼参加社保年审	九旬老人为证明自己还活着被抬上楼参加社保年审	positive
重亲邮过来的火锅底料,越煮越香辣,全家围着一起吃火锅,过瘾	重庆邮过来的火锅底料,越煮越香辣,全家围着一起吃火锅,过瘾	negative
媳妇怀孕是的过分要求?看看网友们评论,哪个比较惨	媳妇怀孕时的过分要求?看看网友们评论,哪个比较惨	negative
埼玉说钉锤头的战斗服不禁设计上有漏洞,功能方面不过就是蛮力啊	埼玉说钉锤头的战斗服不仅设计上有漏洞,功能方面不过就是蛮力啊	negative
舍尖上的汉中城固热米皮	舌尖上的汉中城固热米皮	negative
日本曾扬言四步走计划,先干苏联,在灭美国,真是大言不惭	日本曾扬言四步走计划,先干苏联,再灭美国,真是大言不惭	negative
买了个抖音最火的“发光棒”,姑娘拆开后傻了,只能向求救妹妹!	买了个抖音最火的“发光棒”,姑娘拆开后傻了,只能向妹妹求救!	negative
即日起,严查闯“红黄绿灯”行为,查到一律扣分罚款!	即日起,严查闯“红黄绿灯”行为,查到一律扣分罚款!	positive
张作霖就任丰田督军兼省长职,张辅臣似乎已经看到了新政策	张作霖就任丰田督军兼省长职,张辅臣似乎已经看到了新政策	positive
34岁大叔用磁性嗓音演唱《不必在乎我是谁》,获得一致好评	34岁大叔用磁性嗓音演唱《不必在乎我是谁》,获得一致好评	positive
周黑鸭:处理临其产品店员“有绝招”	周黑鸭:处理临期产品店员“有绝招”	negative
宋max推出混动版,百公里油耗只需要1.4个友,售价15万左右	宋max推出混动版,百公里油耗只需要1.4个油,售价15万左右	negative
马蓉疑与新欢约会?男方竟然长的为瓜劣枣!王宝强都要哭了?	马蓉疑与新欢约会?男方竟然长的歪瓜裂枣!王宝强都要哭了?	negative
教练:你别太狠了让人赢一局每局嬴4个左右就行,张怡宁:行!	教练:你别太狠了让人赢一局每局赢4个左右就行,张怡宁:行!	negative
湖北还有这么一个地方,没的像仙境	湖北还有这么一个地方,美的像仙境	negative
央行报告:一季度89.7%居民认为收入“增加”或“基本不变”	央行报告:一季度89.7%居民认为收入“增加”或“基本不变”	positive
东方通信翻了几倍,散户大军该跑步进场了?	东方通信翻了几倍,散户大军该跑步进场了?	positive
dnf:技能叫月虫之陨?枪剑士四职业帅气2觉全技能一览	dnf:技能叫月虫之陨?枪剑士四职业帅气2觉全技能一览	positive
“台独”求美国保护?统派:若解放军登台阵前起义	“台独”求美国保护?统派:若解放军登台阵前起义	positive
黄猄坑之战:他带领着弟兄们杀掉上千名日军,战后收获颇丰	黄猄坑之战:他带领着弟兄们杀掉上千名日军,战后收获颇丰	positive
华为研发投入897亿元,手机利润却不足60亿美元,这是为什么?	华为研发投入897亿元,手机利润却不足60亿美元,这是为什么?	positive
皆大欢喜?理综单选题ab都给分,高考岂容儿戏!	皆大欢喜?理综单选题ab都给分,高考岂容儿戏!	positive
这个小岛有点牛,大半都是中国人,却不是中国领土	这个小岛有点牛,大半都是中国人,却不是中国领土	positive
大仙王者荣耀,阿珂9人头的快餐局,21技能在交大很关键	大仙王者荣耀,阿珂9人头的快餐局,21技能再交大很关键	negative
法前总理欲竞选巴塞罗那市长生于加泰发对加独	法国总理欲竞选巴塞罗那市长生于加泰反对加独	negative
梅长苏被逼吞下悬镜司独门毒药,被迫说出真想,为何选靖王	梅长苏被逼吞下悬镜司独门毒药,被迫说出真相,为何选靖王	negative
全年24小时不断电?我们习以为常的事情,竟让4亿印度人惊呆!	全年24小时不断电?我们习以为常的事情,竟让4亿印度人惊呆!	positive
姑娘,你一无所有,别人凭啥爱你了?	姑娘,你一无所有,别人凭啥爱你了?	positive
小游戏01:开启起床战争,打了五个人	小游戏01:开启起床战争,打了五个人	positive
中国股市能永远赚钱只有这一种人:一遍值得反复阅读的文章!	中国股市能永远赚钱只有这一种人:一篇值得反复阅读的文章!	negative
为什么饭店的鱼香肉丝这么想,大厨的诀窍在这,步骤清晰详细	为什么饭店的鱼香肉丝这么香,大厨的诀窍在这,步骤清晰详细	negative
卷土从来的农村骗局,第四种最可恶!	卷土重来的农村骗局,第四种最可恶!	negative
21岁的蔡少芬,21岁的朱菌,21岁的林心如,网友:差距明显	21岁的蔡少芬,21岁的朱茵,21岁的林心如,网友:差距明显	negative
滁州多云转雨夹雪周末最底气温跌至零下	滁州多云转雨夹雪周末最低气温跌至零下	negative
不是,我说你真的确定这是防行李箱的啊,是这样吗	不是,我说你真的确定这是放行李箱的啊,是这样吗	negative
新式红绿灯一出,不用在担心误闯红灯了,网友:新红绿灯长什么样	新式红绿灯一出,不用再担心误闯红灯了,网友:新红绿灯长什么样	negative
饮茶一辈子,长寿!喝茶80多年的院士的七大建议!	饮茶一辈子,长寿!喝茶80多年的院士的七大建议!	positive
摩托车开到水泥搅拌车前面摔倒,至少有2个人再劫难逃了	摩托车开到水泥搅拌车前面摔倒,至少有2个人在劫难逃了	negative
世界上拥有百年历史的汽车,在中国陷入瓶劲,大甩卖也无人问津	世界上拥有百年历史的汽车,在中国陷入瓶颈,大甩卖也无人问津	negative
长征5发射失败原因曝光:我们花15年才解决!俄罗斯捡了大便宜	长征5发射失败原因曝光:我们花15年才解决!俄罗斯捡了大便宜	positive
木字傍!	木字旁!	negative
为官从政必须把党纪国法举过头顶	为官从政必须把党纪国法举过头顶	positive
国足负泰国赛后董路走心点评一阵见血听听他怎么说	国足负泰国赛后董路走心点评一针见血听听他怎么说	negative
朱婷会回国打球能跟李盈莹张常宁这些名将抗衡吗	朱婷会回国打球能跟李盈莹张常宁这些名将抗衡吗	positive
少数名族特色美食系列——保安族	少数民族特色美食系列——保安族	negative
沈万三即将被斩首示众,朱元璋后悔让神箭手将圣旨射向发场	沈万三即将被斩首示众,朱元璋后悔让神箭手将圣旨射向法场	negative
康有为70大寿,章太炎撰写的寿联把康圣人的脸都气到绿,太绝了!	康有为70大寿,章太炎撰写的寿联把康圣人的脸都气到绿,太绝了!	positive
几个经典的看图猜成语,很孩子卡在第三个,快让你家孩子试试……	几个经典的看图猜成语,把孩子卡在第三个,快让你家孩子试试……	negative
北京通过涮肉的来历	北京铜锅涮肉的来历	negative
江一燕一进门就对李晨放闪电,戏精上身拉都拉不住	江一燕一进门就对李晨放闪电,戏精上身拉都拉不住	positive
曾经昙花一现,中国第二代主站坦克奠基者wz122,探索中寻求突破	曾经昙花一现,中国第二代主战坦克奠基者wz122,探索中寻求突破	negative
撒盐哥位美女服务就是卖力气,切牛肉刀工一流	撒盐哥为美女服务就是卖力气,切牛肉刀工一流	negative
火车是通过什么方式掉头的?做过这么久的火车,很多人都不知!	火车是通过什么方式掉头的?坐过这么久的火车,很多人都不知!	negative
暴雨来得触不及防,其实车的渗水深度不能保证你能通过这么深的水	暴雨来得猝不及防,其实车的渗水深度不能保证你能通过这么深的水	negative
农民院士袁隆平,一位让明星戏子羞愧的人	农民院士袁隆平,一位让明星戏子羞愧的人	positive
又来了明间咏春大师vs现代功夫,差距在哪看的出来吗?	又来了民间咏春大师vs现代功夫,差距在哪看的出来吗?	negative
黄浦军校的首任校长是谁?	黄埔军校的首任校长是谁?	negative
多地农产品频现滞销,最应该反思的是疯狂扩种!总算找到了原因!	多地农产品频现滞销,最应该反思的是疯狂扩种!总算找到了原因!	positive
嘬一口印第安老斑鸠的烟斗斧,一起见证印第安名族的死亡与变迁	嘬一口印第安老斑鸠的烟斗斧,一起见证印第安民族的死亡与变迁	negative
交了11完定金后,发现户型与样板房不一样,飘窗变“小阳台”?	交了11万定金后,发现户型与样板房不一样,飘窗变“小阳台”?	negative
余承东:华为mate20降至,你们攒好钱了吗	余承东:华为mate20将至,你们攒好钱了吗	negative
下克上!四大先发均为打过季后赛,一射手到了季后赛就成“铁”手	下克上!四大先发均未打过季后赛,一射手到了季后赛就成“铁”手	negative
全球债务总规模惊人,美国中国是最大债务国!美国却恃宠而骄?	全球债务总规模惊人,美国中国是最大债务国!美国却恃宠而骄?	positive
为什么国际上对姚明赞誉有加,国内却喷子成群?出力咋就不讨好?	为什么国际上对姚明赞誉有加,国内却喷子成群?出力咋就不讨好?	positive
车友评出5-10万小气车最省油车型,上榜的都有哪些车型?	车友评出5-10万小汽车最省油车型,上榜的都有哪些车型?	negative
盘点最好看的liunx操作系统	盘点最好看的liunx操作系统	positive
小沈回东北老家,坐三轮车,山里赶羊,完全没有明星架子,接地气	小沈回东北老家,坐三轮车,山里赶羊,完全没有明星架子,接地气	positive
詹姆斯加盟湖人这个决定,也做成为他生涯最不明智的决定	詹姆斯加盟湖人这个决定,也将成为他生涯最不明智的决定	negative
苏联时期实力强国美国吗?如果没有解体现在哪有美国什么事!	苏联时期实力强过美国吗?如果没有解体现在哪有美国什么事!	negative
陈冲出席电影节,网友:这是当年的小花	陈冲出席电影节,网友:这是当年的小花	positive
lol:苏宁奇葩四保“零”阵容学虐京东,rng学会了吗?	lol:苏宁奇葩四保“零”阵容血虐京东,rng学会了吗?	negative
中国台协史上最终罚单!于德陆被终身禁赛	中国台协史上最重罚单!于德陆被终身禁赛	negative
潘岳:以复兴中华诗词滋养民族复兴	潘岳:以复兴中华诗词滋养民族复兴	positive
又换女友?王思聪疑似与新女友出游三亚,网友:比我换衣服都勤快!	又换女友?王思聪疑似与新女友出游三亚,网友:比我换衣服都勤快!	positive
中国唯一因疆域太大,而烦恼的国家,长城都不知修在哪	中国唯一因疆域太大,而烦恼的国家,长城都不知修在哪	positive
特朗普:我们没有和中国打贸易战多年前就打输了	特朗普:我们没有和中国打贸易战多年前就打输了	positive
党建工作收藏:入党积极分子培养教育登记薄填写样本	党建工作收藏:入党积极分子培养教育登记簿填写样本	negative
世界上最惊险的景区:16年后从新开放,要签生死状才能够进去	世界上最惊险的景区:16年后重新开放,要签生死状才能够进去	negative
农村小维:40年历史的老物件,大家看看值多少钱?有没有认识的?	农村小维:40年历史的老物件,大家看看值多少钱?有没有认识的?	positive
卓一航练成达魔百零八式中八式,武当长老们迫不及待想领教一下!	卓一航练成达摩百零八式中八式,武当长老们迫不及待想领教一下!	negative
上海市民为什么素质高?	上海市民为什么素质高?	positive
中国台湾网总经理刘晓辉参加海峡论坛十年故事汇并致辞	中国台湾网总经理刘晓辉参加海峡论坛十年故事汇并致辞	positive
吉利推出全新7座suv,定位高于博越竞争传祺gs8	吉利推出全新7座suv,定位高于博越竞争传祺gs8	positive
中国男篮的希望,小学的篮球比赛,不必高中生差?	中国男篮的希望,小学的篮球比赛,不比高中生差?	negative
不愧是江湖第一大帮,梅长苏的出现把双刹帮帮助吓得差点叫娘	不愧是江湖第一大帮,梅长苏的出现把双刹帮帮主吓得差点叫娘	negative
俄罗期姑娘排队来中国相亲,不要房和车,只要中国男人做到这一点	俄罗斯姑娘排队来中国相亲,不要房和车,只要中国男人做到这一点	negative
双流渣土车侧翻现场视频曝光被压小车疑似直行道右转	双流渣土车侧翻现场视频曝光被压小车疑似直行道右转	positive
世界杯关于日本队感悟:他们的校园在战斗,中国孩子在作秀	世界杯关于日本队感悟:他们的校园在战斗,中国孩子在作秀	positive
还在有手一个个的包饺子?现在都用新式工具,一分钟随便60个	还在用手一个个的包饺子?现在都用新式工具,一分钟随便60个	negative
丈夫去世妻子失踪大哥照顾侄子十多年如今回来就想要会孩子	丈夫去世妻子失踪大哥照顾侄子十多年如今回来就想要回孩子	negative
一名刚入行的滴滴司机:我真想冲有些乘客大吼,装什么模样	一名刚入行的滴滴司机:我真想冲有些乘客大吼,装什么模样	positive
国际油价大涨难阻国内成品油降价	国际油价大涨难阻国内成品油降价	positive
火影:鸣人击败佩恩回来之后,触动最大的人确实他	火影:鸣人击败佩恩回来之后,触动最大的人却是他	negative
华为将推4k电视板上钉钉京东方代工荣耀先推	华为将推4k电视板上钉钉京东方代工荣耀先推	positive
跑妇产的费用大概要多少?	剖腹产的费用大概要多少?	negative
农村干部很重要:他们应给是能人、强人,大家公认的人!	农村干部很重要:他们应该是能人、强人,大家公认的人!	negative
业主物业起纠纷开车堵门,还阻碍民警执行职务!被拘留	业主物业起纠纷开车堵门,还阻碍民警执行职务!被拘留	positive
两局仅得9分,李宗伟血洗对手晋级8强	两局仅得9分,李宗伟血洗对手晋级8强	positive
宁伟怒打小混混,撞见钟跃民张海洋,在度重逢	宁伟怒打小混混,撞见钟跃民张海洋,再度重逢	negative
无人机拍到不该看的一幕(完整版)	无人机拍到不该看的一幕(完整版)	positive
j联赛神户胜利船发言人:坚决否热伊涅斯塔转会加盟	j联赛神户胜利船发言人:坚决否定伊涅斯塔转会加盟	negative
《后来的我们》搬起了石头砸了自己的脚,一锅老鼠屎坏了一锅汤	《后来的我们》搬起了石头砸了自己的脚,一颗老鼠屎坏了一锅汤	negative
外媒评出6月份价格低于500美元既3200rmb元排名前5的中国智能手机	外媒评出6月份价格低于500美元即3200rmb元排名前5的中国智能手机	negative
秋妹今天在加做串串吃,隔壁阿姨吃辣太厉害,秋妹表示吃不赢	秋妹今天在家做串串吃,隔壁阿姨吃辣太厉害,秋妹表示吃不赢	negative
红通嫌犯13天辗转6国因玩电脑游戏暴露	红通嫌犯13天辗转6国因玩电脑游戏暴露	positive
接了婚婆婆催着要宝宝现在一下来三个看你怎么招架!@头条号	结了婚婆婆催着要宝宝现在一下来三个看你怎么招架!@头条号	negative
《轩辕剑》系列格局最大的一部作品,主角是外国人,横款亚欧大陆	《轩辕剑》系列格局最大的一部作品,主角是外国人,横跨亚欧大陆	negative
为什么崖山十万军民宁愿蹈海自杀也不跟敌军拼命?	为什么崖山十万军民宁愿跳海自杀也不跟敌军拼命?	negative
《我不是药神》为何还为上映,就好评不断	《我不是药神》为何还未上映,就好评不断	negative
复原的军官为了大姨子的工作去送礼,结果对方是当年自己的部下	复员的军官为了大姨子的工作去送礼,结果对方是当年自己的部下	negative
盘点9张明明很普通,看起来却很吓人的图片!	盘点9张明明很普通,看起来却很吓人的图片!	positive
哈弗h6可以退休了!全新h10比宝马还漂亮,国产suv再添劲敌	哈弗h6可以退休了!全新h10比宝马还漂亮,国产suv再添劲敌	positive
白俄罗斯总统卢卡申科会见魏凤和	白俄罗斯总统卢卡申科会见魏凤和	positive
谁是幕后黑手?刚刚,大批无人机袭击俄军基地,所有目标被摧毁	谁是幕后黑手?刚刚,大批无人机袭击俄军基地,所有目标被摧毁	positive
医院收停车费和适吗?	医院收停车费合适吗?	negative
为什么青岛人吃海鲜、喝啤酒却不得痛风?	为什么青岛人吃海鲜、喝啤酒却不得痛风?	positive
这花是这男人的。这几个学生从这里到商场里去卖。一份70元没人要飞要这年轻男士买。	这花是这男人的。这几个学生从这里到商场里去卖。一份70元没人要非要这年轻男士买。	negative
知否:明兰最忠心的丫头,为救明兰被大火烧伤,出嫁被墨兰还风光	知否:明兰最忠心的丫头,为救明兰被大火烧伤,出嫁比墨兰还风光	negative
热烈庆祝农行山东省分行各项存款突破1万亿元	热烈庆祝农行山东省分行各项存款突破1万亿元	positive
每天6.5次!cnn:特朗普上任后说了3000多次谎话	每天6.5次!cnn:特朗普上任后说了3000多次谎话	positive
为什么现在很多男的不愿取大龄剩女呢,是什么原因呢	为什么现在很多男的不愿娶大龄剩女呢,是什么原因呢	negative
27岁因《金粉世界》名声大噪,销声匿迹的几年里,陈坤在做什么?	27岁因《金粉世家》名声大噪,销声匿迹的几年里,陈坤在做什么?	negative
特朗普金正恩将在朝韩边境非军事区进行	特朗普金正恩将在朝韩边境非军事区进行	positive
天煞攻打熊猫村,被阿宝认出来后非常开心,居然想绕阿宝一命!	天煞攻打熊猫村,被阿宝认出来后非常开心,居然想饶阿宝一命!	negative
她遭国乒开出后拒绝出国!称:只为国乒效力!马琳自嘲晒表情包?	她遭国乒开除后拒绝出国!称:只为国乒效力!马琳自嘲晒表情包?	negative
十万元这款全新雪铁龙,配置很普通,难道是在作死的路上吗?	十万元这款全新雪铁龙,配置很普通,难道是在作死的路上吗?	positive
武汉大学美女博士的发言惊艳全场	武汉大学美女博士的发言惊艳全场	positive
靠着导航躲避摄像头?这种隐形交警专制违章,老司机无处可藏	靠着导航躲避摄像头?这种隐形交警专治违章,老司机无处可藏	negative
花费11万只为追忆经典痴迷买家心碎马自达rx8转子梦	花费11万只为追忆经典痴迷买家心碎马自达rx8转子梦	positive
这女孩骂起人来不用打草稿,满嘴喷刀子下坏主持人,涂磊:稀有!	这女孩骂起人来不用打草稿,满嘴喷刀子吓坏主持人,涂磊:稀有!	negative
实拍莫扎特出生地阿尔茨堡,满城都是莫扎特,和他最喜欢的咖啡厅	实拍莫扎特出生地阿尔茨堡,满城都是莫扎特,和他最喜欢的咖啡厅	positive
官方辟谣:“潍坊柴沟爆发猪温”信息不实,请勿谣传!	官方辟谣:“潍坊柴沟爆发猪瘟”信息不实,请勿谣传!	negative
农村媳妇的猪蹄是咋做的?能让老公吃完还添手指	农村媳妇的猪蹄是咋做的?能让老公吃完还舔手指	negative
司机错把刹车当油门连撞四车酿惨祸	司机错把刹车当油门连撞四车酿惨祸	positive
28界菏泽国际牡丹花会在4月份召开,现诚邀八方来客共赏国花风采!	28届菏泽国际牡丹花会在4月份召开,现诚邀八方来客共赏国花风采!	negative
哈里夫妇献花悼念新西兰枪击案遇难者梅根挺孕肚附身献花	哈里夫妇献花悼念新西兰枪击案遇难者梅根挺孕肚俯身献花	negative
是不是法系车只有雪铁龙的好?还是一样好?	是不是法系车只有雪铁龙的好?还是一样好?	positive
曾仕强:一个人面相就能看出跟多东西来,那么如何看人,很关键!	曾仕强:一个人面相就能看出更多东西来,那么如何看人,很关键!	negative
鬣狗破坏进食规矩这是它自己应该承受的带价	鬣狗破坏进食规矩这是它自己应该承受的代价	negative
怎么回事?27岁小伙暴减60斤后,竟精神分裂	怎么回事?27岁小伙暴减60斤后,竟精神分裂	positive
淘了一幅梅花	淘了一幅梅花	positive
重燃希望!一场3-0让无大联赛再升悬念,半个英超都要全力帮穆帅	重燃希望!一场3-0让五大联赛再生悬念,半个英超都要全力帮穆帅	negative
横店群众演员一个月能挣多少片酬?工资单靠诉你真相	横店群众演员一个月能挣多少片酬?工资单告诉你真相	negative
7500元!oppofindx发布:无暇一体机身+全隐藏3d摄像头	7500元!oppofindx发布:无瑕一体机身+全隐藏3d摄像头	negative
叙利亚的孩子世界欠他们一个童年	叙利亚的孩子世界欠他们一个童年	positive
突然叙利亚gps信号被切断!俄罗斯也无耐终于明白北斗的重要性	突然叙利亚gps信号被切断!俄罗斯也无奈终于明白北斗的重要性	negative
各种被打脸的经历,鄙视未婚先孕,结果自已就是	各种被打脸的经历,鄙视未婚先孕,结果自己就是	negative
中国人喜欢去日本旅游,是明星效应还是国内旅游太黑	中国人喜欢去日本旅游,是明星效应还是国内旅游太黑	positive
当今中国海上防御由消极防御转向积极防御	当今中国海上防御由消极防御转向积极防御	positive
从校服到婚纱研究生学霸情侣说:最浪漫的事是一起科研	从校服到婚纱研究生学霸情侣说:最浪漫的事是一起科研	positive
希丁克:韩国队的战术无法理解,英超顶级前锋被用成了后卫	希丁克:韩国队的战术无法理解,英超顶级前锋被用成了后卫	positive
小学一二年级,写好汉子是关键	小学一二年级,写好汉字是关键	negative
西安蜡汁肉夹膜制作配方	西安腊汁肉夹馍制作配方	negative
不相信?北京人儿化音加吞音一起说时,外地人真不知道他说啥	不相信?北京人儿化音加吞音一起说时,外地人真不知道他说啥	positive
站在2018回望十年前那场惊心动魄的楼市下跌!忘记历史就等于背判	站在2018回望十年前那场惊心动魄的楼市下跌!忘记历史就等于背叛	negative
是全款买车好,还是货款买车好?	是全款买车好,还是贷款买车好?	negative
安阳传说“能走南北二京不走神庙豆公”	安阳传说“能走南北二京不走神庙豆公”	positive
再穷也别借高利贷,坑	再穷也别借高利贷,坑	positive
女嘉宾在美国以为自己是数学神通,回到中国后才知道,自己是学渣	女嘉宾在美国以为自己是数学神童,回到中国后才知道,自己是学渣	negative
老子智慧:人过40,拼的不是能力、金钱,做好字2个字,时来运转	老子智慧:人过40,拼的不是能力、金钱,做好这2个字,时来运转	negative
俄罗斯一直是欧洲强国,为何近代在海外没有占领任何的殖民地?	俄罗斯一直是欧洲强国,为何近代在海外没有占领任何的殖民地?	positive
两艘轮船在南海沉没,50名中国人失踪,海军海警紧急营救	两艘轮船在南海沉没,50名中国人失踪,海军海警紧急营救	positive
穿越火线,飞虎赶来就玫瑰,一击中国铁拳看的我是热血澎湃!	穿越火线,飞虎赶来救玫瑰,一击中国铁拳看的我是热血澎湃!	negative
直男癌晚期一开口就被灭灯,讲出来的话连主持人都听不下去!	直男癌晚期一开口就被灭灯,讲出来的话连主持人都听不下去!	positive
肖占武请战打敌机,一号首长很给力:打,出了问题我上中央检讨!	肖占武请战打敌机,一号首长很给力:打,出了问题我上中央检讨!	positive
大师对钱不敢兴趣!	大师对钱不感兴趣!	negative
欧洲最“不忠诚”的国家,“出轨率”世界第二近50%当地居民太开放	欧洲最“不忠诚”的国家,“出轨率”世界第二近50%当地居民太开放	positive
同样是拍花,这个女摄影师却把花拍成了画!	同样是拍花,这个女摄影师却把花拍成了画!	positive
再坚持两天,西安上空的这轮阴雨天气就要走了	再坚持两天,西安上空的这轮阴雨天气就要走了	positive
chloegoodman最新海边赏析:大长腿太吸睛!	chloegoodman最新海边赏析:大长腿太吸睛!	positive
漫威超级英雄之剑的较量	漫威超级英雄之间的较量	negative
一个车牌号引起的风波,山外有山,认外有人	一个车牌号引起的风波,山外有山,人外有人	negative
票房7.54亿的《无问西东》,被剪掉的10大精彩镜头,观众直呼过瘾	票房7.54亿的《无问西东》,被剪掉的10大精彩镜头,观众直呼过瘾	positive
寻沾高速加快建设昆明至曲靖将实现”双高速“	寻沾高速加快建设昆明至曲靖将实现”双高速“	positive
天行九歌终极大决战黑白玄翦被击退,血衣侯被杀死	天行九歌终极大决战黑白玄翦被击退,血衣侯被杀死	positive
男子婚内爱上她人消费4万元用照片威胁女子开房女子哭诉很后悔	男子婚内爱上她人消费4万元用照片威胁女子开房女子哭诉很后悔	positive
京东挺近深水区	京东挺进深水区	negative
国家教育部整改校外补习班乱象,严查超纲教学无证办学!	国家教育部整改校外补习班乱象,严查超纲教学无证办学!	positive
特斯拉ceo很郁闷,涨价了怎么每人来补差价	特斯拉ceo很郁闷,涨价了怎么没人来补差价	negative
猪价持续低迷,养殖户叫苦不跌,但养猪业的惨远比不上这个行业!	猪价持续低迷,养殖户叫苦不迭,但养猪业的惨远比不上这个行业!	negative
十八岁少年独自一人创天涯,从广州来到世界屋脊拉萨!你敢吗?	十八岁少年独自一人闯天涯,从广州来到世界屋脊拉萨!你敢吗?	negative
王贵到菜市场买排骨,一毛五一斤还嫌贵,怕菜贩子缺斤少两	王贵到菜市场买排骨,一毛五一斤还嫌贵,怕菜贩子缺斤少两	positive
这四支球队都进世界杯了,泱泱大国真是令国足真是汗颜	这四支球队都进世界杯了,泱泱大国真是令国足真是汗颜	positive
最难背、最常考的5首古诗词,看看你家孩子会几个?	最难背、最常考的5首古诗词,看看你家孩子会几个?	positive
张曼玉:妈妈很严厉小时候警察挨打,打我有用	张曼玉:妈妈很严厉小时候经常挨打,打我有用	negative
熊孩子闯了大货,为买手机自导自演被绑架要妈妈拿5万“赎金”	熊孩子闯了大祸,为买手机自导自演被绑架要妈妈拿5万“赎金”	negative
释延觉和徐晓冬约架泡汤,于是网上互撕,直接暴漏出真正伪君子!	释延觉和徐晓冬约架泡汤,于是网上互撕,直接暴露出真正伪君子!	negative
如果把国足阵容里的吴磊换成梅西,亚洲杯能夺冠吗?	如果把国足阵容里的武磊换成梅西,亚洲杯能夺冠吗?	negative
电视台记录片曝光国际大牌成本不到售价1%	电视台纪录片曝光国际大牌成本不到售价1%	negative
都说真功夫吴京都不大过星爷,看了这个视频我算是见识了!	都说真功夫吴京都不打过星爷,看了这个视频我算是见识了!	negative
中国摩托车这么便宜,为什么越南人打死也不肯买?看完我愤怒了	中国摩托车这么便宜,为什么越南人打死也不肯买?看完我愤怒了	positive
妖神记:凝儿被绑架,还好紫芸及时出现,拯救叶紫芸	妖神记:凝儿被绑架,还好紫芸及时出现,拯救了紫芸	negative
王境泽到底有多火?吃饭真像这个梗,连日本人都在用	王境泽到底有多火?吃饭真香这个梗,连日本人都在用	negative
巴沙尔:对叙动武是侵略叙重建工作禁止西方参与油气资源开发	巴沙尔:对叙动武是侵略叙重建工作禁止西方参与油气资源开发	positive
木子加一笔,能写出5个字送一摞鸡蛋,没想美女却写出7个,太逗了	木子加一笔,能写出5个字送一摞鸡蛋,没想美女却写出7个,太逗了	positive
咆哮版歼15战机将成双航母撒手锏?同型机曾“击落”隐身战机	咆哮版歼15战机将成双航母杀手锏?同型机曾“击落”隐身战机	negative
男子买东西耍无赖,给50块非得说自己给的是100块,老板怒了	男子买东西耍无赖,给50块非得说自己给的是100块,老板怒了	positive
摄像机记录半夜猫咪都干什么了!最后3秒主人下出一身冷汗	摄像机记录半夜猫咪都干什么了!最后3秒主人吓出一身冷汗	negative
官员们这在争吵,但在广播里听到周总理去世后,都热不住哭了起来	官员们正在争吵,但在广播里听到周总理去世后,都忍不住哭了起来	negative
「在不疯狂」如果你在移动扶梯上被别人摸手,你会有什么反应?	「再不疯狂」如果你在移动扶梯上被别人摸手,你会有什么反应?	negative
女子做出不雅行为是否有什么隐情?原来是女贼!	女子做出不雅行为是否有什么隐情?原来是女贼!	positive
中国足球若为了世界杯选择规划球员,有哪些人才可用?	中国足球若为了世界杯选择归化球员,有哪些人才可用?	negative
张其翼:学画画没有捷径可走,就是一个“练”子	张其翼:学画画没有捷径可走,就是一个“练”字	negative
新加坡一男子不满隔壁桌食客抽烟,纹身光头男用锯子抗对方头部!	新加坡一男子不满隔壁桌食客抽烟,纹身光头男用锯子砍对方头部!	negative
湖北方言喜剧:上陈父子兵,打虎亲兄弟,真是太搞笑了!	湖北方言喜剧:上阵父子兵,打虎亲兄弟,真是太搞笑了!	negative
恶毒女人的真面目被揭穿,竟想把爷爷推下楼,还好爷爷防了一手!	恶毒女人的真面目被揭穿,竟想把爷爷推下楼,还好爷爷防了一手!	positive
标志菲亚特探索建立合作关系共同投资欧洲汽车生产	标致菲亚特探索建立合作关系共同投资欧洲汽车生产	negative
大型两栖攻击键未来出现在我国海军舰队中	大型两栖攻击舰未来出现在我国海军舰队中	negative
农村儿媳不想动,喝个茶都得公婆伺候,水倒满儿媳还说着说那	农村儿媳不想动,喝个茶都得公婆伺候,水倒满儿媳还说这说那	negative
李斌采访现场,特斯拉用户现场吐槽特斯拉,有很多糟心地方!	李斌采访现场,特斯拉用户现场吐槽特斯拉,有很多糟心地方!	positive
狙击手射击巴勒斯坦人视频曝光,已军公布初步调查结果	狙击手射击巴勒斯坦人视频曝光,以军公布初步调查结果	negative
日本接到为啥那么干净,中国游客日本旅游,发现其实是逼出来的	日本街道为啥那么干净,中国游客日本旅游,发现其实是逼出来的	negative
《我的世界》竟说mc画质太假,看完这个视频后准备把头磕破吧!	《我的世界》竟说mc画质太假,看完这个视频后准备把头磕破吧!	positive
探访香港甘牌烧鹅店,为何能够连续四联蝉联米其林一星?	探访香港甘牌烧鹅店,为何能够连续四年蝉联米其林一星?	negative
呼吁/做宽容而有度的老师,是教育的需要!	呼吁/做宽容而有度的老师,是教育的需要!	positive
几十个鸡爪这么吃有试过吗?3为大厨首次会面,能秘制出啥美味?	几十个鸡爪这么吃有试过吗?3位大厨首次会面,能秘制出啥美味?	negative
“老艺术家”侯耀华收徒十余人名气大的就这4个但是都不说相声	“老艺术家”侯耀华收徒十余人名气大的就这4个但是都不说相声	positive
妻子发长文爆刘欢曾被封杀的前程往事,网友纷纷点赞支持	妻子发长文爆刘欢曾被封杀的前程往事,网友纷纷点赞支持	positive
准婆婆待我如亲闺女,可知道她的如意算盘后,我选择毁婚	准婆婆待我如亲闺女,可知道她的如意算盘后,我选择离婚	negative
令人啼笑皆非的世界“头号强国”冈比亚	令人啼笑皆非的世界“头号强国”冈比亚	positive
获刑24年后朴槿惠又吃新官司!被判8年	获刑24年后朴槿惠又吃新官司!被判8年	positive
男子暴打环卫工被拘留当地纪委介入调查!	男子暴打环卫工被拘留当地纪委介入调查!	positive
湖人逆转独行侠!英格拉姆对飚东契奇,比斯利表现感到球迷	湖人逆转独行侠!英格拉姆对飚东契奇,比斯利表现感动球迷	negative
中国篮协调整台湾球员使用政策逼林志杰离队37岁他明年仍能打cba	中国篮协调整台湾球员使用政策逼林志杰离队37岁他明年仍能打cba	positive
隆多:我会告诉队友,第四场是最难打的	隆多:我会告诉队友,第四场是最难打的	positive
兰州又遇浮沉天气,小伙伴们!	兰州又遇浮尘天气,小伙伴们!	negative
被人打到家门口,队友都准备投降了,被想到对面水晶被小兵偷了	被人打到家门口,队友都准备投降了,没想到对面水晶被小兵偷了	negative
“正义联盟”到来,黑海海域出现大量北约军舰,俄罗斯腹背受敌	“正义联盟”到来,黑海海域出现大量北约军舰,俄罗斯腹背受敌	positive
我们只需要准备半瓶清水加3盖白酒加2盖白酒加2盖小苏打(盖子就用平时的饮料盖就行)学会的双击关注	我们只需要准备半瓶清水加3盖白酒加2盖白酒加2盖小苏打(盖子就用平时的饮料盖就行)学会的双击关注	positive
都是骁龙710屏下指纹手机,魅族x8、vivoz3谁才是你的菜?	都是骁龙710屏下指纹手机,魅族x8、vivoz3谁才是你的菜?	positive
男子背着发小与其妻子乱搞被丈夫捉奸在床一气之下将其砍死下	男子背着发小与其妻子乱搞被丈夫捉奸在床一气之下将其砍死了	negative
美军千枚导弹直指叙利亚,中方首次表态,俄罗斯送了一口气!	美军千枚导弹直指叙利亚,中方首次表态,俄罗斯松了一口气!	negative
包念念为了追到林思齐,在电梯制造偶遇,谁知出了意外!	包念念为了追到林思齐,在电梯制造偶遇,谁知出了意外!	positive
医院院长贪腐百般抵赖拒不承认:怎会拿前途开玩笑	医院院长贪腐百般抵赖拒不承认:怎会拿前途开玩笑	positive
为梦想睡广场的梦想哥1千买的音响用一不到一星期6百买了大家信吗	为梦想睡广场的梦想哥1千买的音响用一不到一星期6百卖了大家信吗	negative
看了这段才知道为什么郭靖会一生守襄阳,阻止蒙古大军功大宋!	看了这段才知道为什么郭靖会一生守襄阳,阻止蒙古大军攻大宋!	negative
全国卷i理综命题出现争议,教育部门该如何处理?	全国卷i理综命题出现争议,教育部门该如何处理?	positive
令满清头疼的明末传奇女将秦良玉和她的白杆兵	令满清头疼的明末传奇女将秦良玉和她的白杆兵	positive
新抚区已清理违法刀匾近70处将扩大整治范围发现一处拆除一处	新抚区已清理违法刀匾近70处将扩大整治范围发现一处拆除一处	positive
马刺之子莱昂纳德终与结束闹剧	马刺之子莱昂纳德终于结束闹剧	negative
有一聪明人应聘年薪只要1元,第二年2年,第三年4元每年两倍以此类推,签约30年,他三十年后会怎么样呢	有一聪明人应聘年薪只要1元,第二年2元,第三年4元每年两倍以此类推,签约30年,他三十年后会怎么样呢	negative
最高射速每分钟射7200多发的加特林机枪威力多大?坦克扛得住吗	最高射速每分钟射7200多发的加特林机枪威力多大?坦克扛得住吗	positive
世界杯8份之一赛程,收下不谢!	世界杯8分之一赛程,收下不谢!	negative
苏鲁交界的一个村子,是山东人却说徐州话,村大历史悠久!	苏鲁交界的一个村子,是山东人却说徐州话,村名历史悠久!	negative
中超-王大雷助攻佩莱读秒扳平鲁能1-1客平权健	中超-王大雷助攻佩莱读秒扳平鲁能1-1客平权健	positive
淄博中心城区又一架医院开工建设	淄博中心城区又一家医院开工建设	negative
漫威中最憋屈的反派,实力逆天仅此于灭霸,却被星爵尬舞轻松秒杀	漫威中最憋屈的反派,实力逆天仅次于灭霸,却被星爵尬舞轻松秒杀	negative
成飞再创辉煌,新式战机年内首飞,多个国家提钱报道!	成飞再创辉煌,新式战机年内首飞,多个国家提前报道!	negative
牛人自制发明的这个工具,可以轻松一栋物品,真是天才发明!厉害	牛人自制发明的这个工具,可以轻松移动物品,真是天才发明!厉害	negative
世界最长寿人瑞田岛娜美在日本去世享年117岁	世界最长寿人物田岛娜美在日本去世享年117岁	negative
写了二十年的港了,如果不是今天被学生指出错误,我压根还不知道。想知道有没有同款的。#抖音小助手	写了二十年的纲了,如果不是今天被学生指出错误,我压根还不知道。想知道有没有同款的。#抖音小助手	negative
房价连续十年上涨的秘密是什么?土地收入暴涨4倍!	房价连续十年上涨的秘密是什么?土地收入暴涨4倍!	positive
盛大《热血传奇》百区:16级小号这套装备也算是旷世了吧?	盛大《热血传奇》百区:16级小号这套装备也算是旷世了吧?	positive
最美模特黄蓉参加水上大闯关,救生员眼睛都看直了!	最美模特黄蓉参加水上大闯关,救生员眼睛都看直了!	positive
胁持空姐男子被抓瞬间:4人正背面突击	挟持空姐男子被抓瞬间:4人正背面突击	negative
恒大去年核心净利料同比增90%折射企业深厚功底和管理智慧	恒大去年核心净利率同比增90%折射企业深厚功底和管理智慧	negative
在深圳交了25年的最低社保,退休后可拿多少退休金?	在深圳交了25年的最低社保,退休后可拿多少退休金?	positive
藏篷车车身性能设计,了解一下?	敞篷车车身性能设计,了解一下?	negative
超厉害!三星s9月出货量近千万部,华为p20可能要忙乎一年才行	超厉害!三星s9月出货量近千万部,华为p20可能要忙活一年才行	negative
奶奶非要我用小车给她拉牛草	奶奶非要我用小车给她拉牛草	positive
2个美国洋妞过年吃中国杂酱面,感叹中国真是面条的祖先	2个美国洋妞过年吃中国炸酱面,感叹中国真是面条的祖先	negative
十代雅阁总算来了,仅16万!凯美瑞一看“我回去在改改就来”	十代雅阁总算来了,仅16万!凯美瑞一看“我回去再改改就来”	negative
新加坡的官方汉字是简体而不是繁体?	新加坡的官方汉字是简体而不是繁体?	positive
《战神3》推性能、4k两种模式请各取所需	《战神3》推性能、4k两种模式请各取所需	positive
峡北发掘揭开了一个惊天之谜	陕北发掘揭开了一个惊天之谜	negative
阿伟培训第一天:参加培训的人真多,教室都坐不下了	阿伟培训第一天:参加培训的人真多,教室都坐不下了	positive
针对翟天林事件,教育部终于发声了!网友:这才是一直想要的答案	针对翟天临事件,教育部终于发声了!网友:这才是一直想要的答案	negative
人民大学:教师实施性骚扰情节严重可开除	人民大学:教师实施性骚扰情节严重可开除	positive
最新!石家庄通报疫苗错种事件,涉事机构负责人被采取刑事强制措施	最新!石家庄通报疫苗错种事件,涉事机构负责人被采取刑事强制措施	positive
叙利业局势升级,4类股受刺激,创业板反弹一触即发(附股)	叙利亚局势升级,4类股受刺激,创业板反弹一触即发(附股)	negative
阜阳颖东区有哪些文化古迹?	阜阳颍东区有哪些文化古迹?	negative
报复?脱党十天拒见蔡英文吕秀莲自爆遭民进党全面打压	报复?脱党十天拒见蔡英文吕秀莲自曝遭民进党全面打压	negative
汤姆拿起炮仗给杰瑞家里丢,表哥进来之后杠起炮仗去找汤姆的事!	汤姆拿起炮仗给杰瑞家里丢,表哥进来之后扛起炮仗去找汤姆的事!	negative
“中国农民丰收节”提升农民幸福感	“中国农民丰收节”提升农民幸福感	positive
中国股市终于熬不住了!1忆散户悄然退市,是谁想怼死中国股市?	中国股市终于熬不住了!1亿散户悄然退市,是谁想怼死中国股市?	negative
400万宾利路边自然,保险公司称没买自燃险,网友:这就是全保?	400万宾利路边自燃,保险公司称没买自燃险,网友:这就是全保?	negative
我是歌手:吴克勤唱薛之谦《我很丑可是我很温柔》,唱出独特风格	我是歌手:吴克勤唱薛之谦《我很丑可是我很温柔》,唱出独特风格	positive
这女孩眼镜真的美,可没带美瞳哈!	这女孩眼睛真的美,可没带美瞳哈!	negative
诸葛亮死后魏延夺取兵权没找到诸葛亮着一手	诸葛亮死后魏延夺取兵权没找到诸葛亮这一手	negative
cba18-19赛季中目前辽篮输了四场球,分别输给了哪四个球队呢?对此你怎么看?	cba18-19赛季中目前辽篮输了四场球,分别输给了哪四个球队呢?对此你怎么看?	positive
卖不起房咋办?可以租!太原市将新建改建一批租赁住房	买不起房咋办?可以租!太原市将新建改建一批租赁住房	negative
100元入手iphone4!曾经被欲望“上帝的手机”	100元入手iphone4!曾经被誉为“上帝的手机”	negative
25岁妹纸又丑又老,刷脸跟刷墙一样,最后堪称整容	25岁妹纸又丑又老,刷脸跟刷墙一样,最后堪称整容	positive
国人不感看中国大学怎么了2018年英国qs世界大学排名太亮眼了	国人不敢看中国大学怎么了2018年英国qs世界大学排名太亮眼了	negative
二郎神不愧为平天大圣,深不可测,三大千年妖怪使绝招被打败逃跑	二郎神不愧为平天大圣,深不可测,三大千年妖怪使绝招被打败逃跑	positive
建盏茶杯免费送粉丝,前1000个粉丝找我领取,弘扬中国建盏文	建盏茶杯免费送粉丝,前1000个粉丝找我领取,弘扬中国建盏文	positive
狒狒偷袭树上休息的花豹,一拳被打落在地,花豹没面子仓皇逃跑	狒狒偷袭树上休息的花豹,一拳被打落在地,花豹没面子仓皇逃跑	positive
百果园余惠勇:种植基地管理决定水果企业命运	百果园余惠勇:种植基地管理决定水果企业命运	positive
路边私塔厕所和牌摊都清了!河北区:立即整改持续跟进	路边私搭厕所和牌摊都清了!河北区:立即整改持续跟进	negative
39岁韩流鼻祖李贞贤将嫁整形专家,4月7日结婚二人已交往一年	39岁韩流鼻祖李贞贤将嫁整形专家,4月7日结婚二人已交往一年	positive
生二胎,并不是因为有前,也不是想要男孩或女孩,而是父母百年之后留给他不是金前,也不是房子,而是留给他一个亲人。	生二胎,并不是因为有钱,也不是想要男孩或女孩,而是父母百年之后留给他不是金钱,也不是房子,而是留给他一个亲人。	negative
又没钱有没资源,小团队为什么能创新?	又没钱又没资源,小团队为什么能创新?	negative
云阳高速规划新增路线项目商洽	云阳高速规划新增路线项目商洽	positive
建国初发生何事致很多军以上指挥员1955年没被授衔	建国初发生何事致很多军以上指挥员1955年没被授衔	positive
10个令人难以置信的事实,从地球一侧38分种就能到达地球的另一侧	10个令人难以置信的事实,从地球一侧38分钟就能到达地球的另一侧	negative
外交部:美国打人还有理只会在错误道路上越走越远	外交部:美国打人还有理只会在错误道路上越走越远	positive
抱大雨,差点抱不动	抱大鱼,差点抱不动	negative
31岁张木易与未成年人炒作感情,影响恶略,遭微博严重处罚	31岁张木易与未成年人炒作感情,影响恶劣,遭微博严重处罚	negative
遨游中国06:应粉丝之邀,开始五菱青岛之行	遨游中国06:应粉丝之邀,开始五菱青岛之行	positive
金毛个女主人腻歪在一起,旁边比熊吃醋了,争着让女主抱抱	金毛跟女主人腻歪在一起,旁边比熊吃醋了,争着让女主抱抱	negative
科比总是强调打爆乔丹,詹母斯总是说自己历史最佳,那么乔丹科比张慕斯到底怎么排位?	科比总是强调打爆乔丹,詹姆斯总是说自己历史最佳,那么乔丹科比詹姆斯到底怎么排位?	negative
王者荣耀大仙,及时被削依旧强,刘备掌控野区就是拥有一切!	王者荣耀大仙,即使被削依旧强,刘备掌控野区就是拥有一切!	negative
情侣在一起久了会是什么样!网友:好像要一份这样的爱情	情侣在一起久了会是什么样!网友:好想要一份这样的爱情	negative
王石直言,中国的房子太多,2019年就会下跌,买房的不要再做美梦	王石直言,中国的房子太多,2019年就会下跌,买房的不要再做美梦	positive
亲生母亲逼迫儿子改性,谁知背后隐藏的真相把编导彻底镇住10秒	亲生母亲逼迫儿子改姓,谁知背后隐藏的真相把编导彻底镇住10秒	negative
揭秘深圳黄麟自燃,双重“大爆炸”	揭秘深圳黄磷自燃,双重“大爆炸”	negative
当下公认可以用三年也不卡的四款手机,只得你拥有	当下公认可以用三年也不卡的四款手机,值得你拥有	negative
不知道raper不会弹和旋,李宇春质疑李袁杰《离人愁》怎么创作的	不知道raper不会弹和弦,李宇春质疑李袁杰《离人愁》怎么创作的	negative
沙瑞金又一次强调:上不封顶!这是暗示侯亮平别怕赵立春!	沙瑞金又一次强调:上不封顶!这是暗示侯亮平别怕赵立春!	positive
记住:toiletbowel千万不要翻译为“厕所碗”	记住:toiletbowel千万不要翻译为“厕所碗”	positive
最新乡爱:谢永强他妈沉迷于乡村广场舞,谢广坤怒不可揭玩离家出走	最新乡爱:谢永强他妈沉迷于乡村广场舞,谢广坤怒不可遏玩离家出走	negative
婆婆为让儿媳死孩子,给儿媳卖假药吃,儿子晓得后,怒形于色	婆婆为让儿媳生孩子,给儿媳买假药吃,儿子晓得后,怒形于色	negative
黄奇帆:过度紧缩去杠杆非常糟糕,会造成严重经济箫条	黄奇帆:过度紧缩去杠杆非常糟糕,会造成严重经济萧条	negative
直击中国足球运动员的饮食,这不是自毁前程吗?还怎么进世界杯?	直击中国足球运动员的饮食,这不是自毁前程吗?还怎么进世界杯?	positive
明年生二胎,一定不用尿不湿,现都流行用这种,省钱宝贝更健康	明年生二胎,一定不用尿不湿,现在流行用这种,省钱宝贝更健康	negative
东莞人,清明假期去虎门高铁站、广惠城轨坐车,要看好这些信息	东莞人,清明假期去虎门高铁站、广惠城轨坐车,要看好这些信息	positive
王者荣耀:新英雄盘古solo碾压对手!结果爆炸的确是自家基地?	王者荣耀:新英雄盘古solo碾压对手!结果爆炸的却是自家基地?	negative
仙游金石中学遇害女孩身前视频乖巧伶俐要考试了在车上背书	仙游金石中学遇害女孩生前视频乖巧伶俐要考试了在车上背书	negative
你的华为手机收到更新吗?除了gpu驱动更新还有跟多惊喜	你的华为手机收到更新吗?除了gpu驱动更新还有很多惊喜	negative
入手人生第一套放,除了房价和地段,楼间距的这些讲究也要知道	入手人生第一套房,除了房价和地段,楼间距的这些讲究也要知道	negative
深藏不露的75岁北京股神告诉你:死啃这篇交易文章,想不挣钱都难	深藏不露的75岁北京股神告诉你:死啃这篇交易文章,想不挣钱都难	positive
十年前的中国与汶川:521特大地震来临后,大地轰鸣,天空悲呛	十年前的中国与汶川:521特大地震来临后,大地轰鸣,天空悲呛	positive
一支守护边疆53年的军队,死前士兵唯一的愿望:能够集体回到中国	一支守护边疆53年的军队,死前士兵唯一的愿望:能够集体回到中国	positive
nba季后赛:cba山东外援闪耀多伦多,开拓者主场在遇冷	nba季后赛:cba山东外援闪耀多伦多,开拓者主场再遇冷	negative
特朗普,谜一样的男人!	特朗普,谜一样的男人!	positive
最低工资涨到900欧元后,将有近13完万人失业?	最低工资涨到900欧元后,将有近13万万人失业?	negative
清朝末年在世界上有和地位?真的很弱吗?	清朝末年在世界上有何地位?真的很弱吗?	negative
鸡屎藤名字如此倒胃口,吃货却趋之若鹜	鸡屎藤名字如此倒胃口,吃货却趋之若鹜	positive
“海的味道”它知道!parleyxadidasulitraboost海洋联名清爽登场!	“海的味道”它知道!parleyxadidasulitraboost海洋联名清爽登场!	positive
印度火鸡饭,一只大火鸡和50斤大米一锅煮,撤下香菜时我服气了	印度火鸡饭,一只大火鸡和50斤大米一锅煮,撒下香菜时我服气了	negative
兰博基尼创始人孙女,被强迫只能开自己加的车,对此她觉得很苦恼	兰博基尼创始人孙女,被强迫只能开自己家的车,对此她觉得很苦恼	negative
梁咏琪嫁给西班牙老公,生的孩子像娃娃,今4岁更是厉害!	梁咏琪嫁给西班牙老公,生的孩子像娃娃,今4岁更是厉害!	positive
女乘客如厕掉iphonex铁警连夜沿铁轨寻找完璧归赵	女乘客如厕掉iphonex铁警连夜沿铁轨寻找完璧归赵	positive
丈夫在外工作?妻子在家和领居相好儿子帮忙打掩护并且还怀孕啦	丈夫在外工作?妻子在家和邻居相好儿子帮忙打掩护并且还怀孕啦	negative
这款皇冠的继任者比雷克萨斯还牛?avlon解析	这款皇冠的继任者比雷克萨斯还牛?avlon解析	positive
广州楼市这半年隐	广州楼市这半年稳	negative
家中五元存款只剩一万,竟是熊孩子分给同伴花,二十天消费四万块	家中五元存款只剩一万,竟是熊孩子分给同伴花,二十天消费四万块	positive
诗词丨人生中可遇不可求的五个人,得一人足以!	诗词丨人生中可遇不可求的五个人,得一人足矣!	negative
倩倩做自媒体,边拍照边做美食,全程一个人完成,效果杂样	倩倩做自媒体,边拍照边做美食,全程一个人完成,效果咋样	negative
付高峰一拳就把对手击倒,网友说,再这样打下去徐晓冬可要找你了	付高峰一拳就把对手击倒,网友说,再这样打下去徐晓冬可要找你了	positive
江西到广东将迎来一条铁路,全长550公里,途经5个站点	江西到广东将迎来一条铁路,全长550公里,途经5个站点	positive
2018年炒股至今,你亏钱了吗?亏了多少?	2018年炒股至今,你亏钱了吗?亏了多少?	positive
灿友们知道怎么算吗?双击评论哦	网友们知道怎么算吗?双击评论哦	negative
张绍忠我们忽悠美国说航母是用水泥做出来了,所有人听完笑喷了	张召忠我们忽悠美国说航母是用水泥做出来了,所有人听完笑喷了	negative
儿子掉近滚开的油汤锅,无人敢上前,只有老母亲不顾生死来营救	儿子掉进滚开的油汤锅,无人敢上前,只有老母亲不顾生死来营救	negative
事关你我!2018下半年将要实施的七大惠民政策	事关你我!2018下半年将要实施的七大惠民政策	positive
涨姿势!我们去游戏厅玩推币机的时候会什么老是输?	涨姿势!我们去游戏厅玩推币机的时候为什么老是输?	negative
夫妻俩嫉妒女儿压岁钱太多,竟提出大半夜偷过来!女儿机制应对	夫妻俩嫉妒女儿压岁钱太多,竟提出大半夜偷过来!女儿机智应对	negative
追哥哥进学校,被哥哥无情的拎出来了!	追哥哥进学校,被哥哥无情的拎出来了!	positive
老外用陷进抓捕鬣狗,竟然用水猛灌洞穴,鬣狗险些被淹死!	老外用陷阱抓捕鬣狗,竟然用水猛灌洞穴,鬣狗险些被淹死!	negative
2018年中国女排有哪些重要比塞?	2018年中国女排有哪些重要比赛?	negative
今天,我台日三方公布的画面对比来了!	今天,我台日三方公布的画面对比来了!	positive
为什么菲律宾的军事实力不如越南?武器装备落后,国内乱象平凡	为什么菲律宾的军事实力不如越南?武器装备落后,国内乱象频繁	negative
联通再次确认,7月1日前强制解除流量限制,网友:协号转网联通!	联通再次确认,7月1日前强制解除流量限制,网友:携号转网联通!	negative
买汉兰达的在缓一缓!这车比途达漂亮,内饰堪比揽胜,2.0t配cvt	买汉兰达的再缓一缓!这车比途达漂亮,内饰堪比揽胜,2.0t配cvt	negative
比亚迪怎么了?股价狂跌市值缩水700亿	比亚迪怎么了?股价狂跌市值缩水700亿	positive
急救车被堵两排车让出生命路早高峰20公里路程仅用20分钟	急救车被堵两排车让出生命路早高峰20公里路程仅用20分钟	positive
重庆科学城呼之欲出	重庆科学城呼之欲出	positive
延安新区交警大队查处一起朋友也是洒后心存侥幸的代驾违法行为	延安新区交警大队查处一起朋友也是酒后心存侥幸的代驾违法行为	negative
故事:父母是兄妹身份,家中除了我以为几个都有缺陷,全靠我一人养活	故事:父母是兄妹身份,家中除了我以外几个都有缺陷,全靠我一人养活	negative
一个中国人都不能受伤害	一个中国人都不能受伤害	positive
三弟执意私吞百万拆迁款令人心寒,不帮大哥不顾父亲竟负气离场	三弟执意私吞百万拆迁款令人心寒,不帮大哥不顾父亲竟负气离场	positive
河南人不偷“井盖”,这才是真正的河南人	河南人不偷“井盖”,这才是真正的河南人	positive
今天交大家如何跟狗狗建立亲和关系的步骤	今天教大家如何跟狗狗建立亲和关系的步骤	negative
克罗地亚球员伤心倒地不起队友纷纷上签安慰	克罗地亚球员伤心倒地不起队友纷纷上前安慰	negative
出来混迟早要还的!哈登一个后撤步晃翻默里打进3+1	出来混迟早要还的!哈登一个后撤步晃翻默里打进3+1	positive
云联惠也是曰返,全国注册客户超过2亿人,是宠氏骗局吗?	云联惠也是曰返,全国注册客户超过2亿人,是庞氏骗局吗?	negative
曼联衰神附体?本赛季7场乌龙助攻断送争冠大业!本可反超2分!	曼联衰神附体?本赛季7场乌龙助攻断送争冠大业!本可反超2分!	positive
《常回家看看》演唱者陈红病危入院,面容憔悴,只有儿子照料	《常回家看看》演唱者陈红病危入院,面容憔悴,只有儿子照料	positive
我国特种兵的新头盔,为何防护面积反而变小了	我国特种兵的新头盔,为何防护面积反而变小了	positive
世界第一个沙漠将被中国消灭,面积让人不敢信,这就是中国奇迹	世界第一个沙漠将被中国消灭,面积让人不敢信,这就是中国奇迹	positive
《跑男》结束了,这档节目即将接档,网友:明星阵容要不要这么豪华?	《跑男》结束了,这档节目即将接档,网友:明星阵容要不要这么豪华?	positive
18年高考考题简单,620分上不了985?网友:试卷难度低不是件好事	18年高考考题简单,620分上不了985?网友:试卷难度低不是件好事	positive
明星全家福基因很强大整没整一看就知道了!	明星全家福基因很强大整没整一看就知道了!	positive
向往日本,鄙视中国,中国人你到底怎么了	向往日本,鄙视中国,中国人你到底怎么了	positive
小说:他以为凭借她的聪明能躲过那碗堕胎药,没找到她真喝了	小说:他以为凭借她的聪明能躲过那碗堕胎药,没想到她真喝了	negative
售价2.8万起2017款单杠雅马哈复古sr400回归	售价2.8万起2017款单缸雅马哈复古sr400回归	negative
为啥国产车配置高价格低,还是被上亿人看不起?农村老司机告诉你	为啥国产车配置高价格低,还是被上亿人看不起?农村老司机告诉你	positive
成龙和二货逃亡把快艇当碰碰车也就算了,居然当汽车开到陆地	成龙和二货逃亡把快艇当碰碰车也就算了,居然把汽车开到陆地	negative
衣物护理系列/旧衣新穿,省下的起止一个亿!	衣物护理系列/旧衣新穿,省下的岂止一个亿!	negative
8年级过关题:角c=90度,cd=3,bc=4,ad=12,ab=13,求四边形周长	8年级过关题:角c=90度,cd=3,bc=4,ad=12,ab=13,求四边形周长	positive
学摄影:拍摄背景干净的荷花照片可以试试这几效,非常有效	学摄影:拍摄背景干净的荷花照片可以试试这几点,非常有效	negative
“弹弓王”小时候就超有天赋,曾经两天打了三百二十只麻雀!	“弹弓王”小时候就超有天赋,曾经两天打了三百二十只麻雀!	positive
记住我们的人民	记住我们的人民	positive
气质优雅,美丽动人的星座女,最让男生垂帘三尺	气质优雅,美丽动人的星座女,最让男生垂涎三尺	negative
川普,终于,要上天了!	川普,终于,要上天了!	positive
每天只需投入两个小时的自媒体,为什么可以月入两万?	每天只需投入两个小时的自媒体,为什么可以月入两万?	positive
消灭红毛药酒区块链这招比药监局还管用!	消灭红茅药酒区块链这招比药监局还管用!	negative
流浪狗被救助后,竟成为偷东西偷成习惯,连义工们的心都被偷走了	流浪狗被救助后,竟成为偷东西偷成习惯,连义工们的心都被偷走了	positive
上海明天起实施住房租凭合同网签备案制度	上海明天起实施住房租赁合同网签备案制度	negative
老雷想打死车结果中了对面的记,自己反倒丢一车,老雷能翻盘吗	老雷想打死车结果中了对面的计,自己反倒丢一车,老雷能翻盘吗	negative
中国海军的尖锐——海军陆战队	中国海军的尖锐——海军陆战队	positive
小虎讲游戏:刺激战场第一人称bug	小虎讲游戏:刺激战场第一人称bug	positive
你知道古代的博士相当于现在的什么学历吗?	你知道古代的博士相当于现在的什么学历吗?	positive
国六排放标准将在7月份正式施行,有家又要飙升啦	国六排放标准将在7月份正式施行,油价又要飙升啦	negative
这个“特警”帮助民警检查各大场所结果是“李鬼”	这个“特警”帮助民警检查各大场所结果是“李鬼”	positive
公安部挂牌督办特大非法经营电子烟案法官:电子烟属于真烟,私销构成犯罪	公安部挂牌督办特大非法经营电子烟案法官:电子烟属于真烟,私销构成犯罪	positive
因为一个字出问题!郑州市民签了卖房合同,之后的事情让他崩溃!	因为一个字出问题!郑州市民签了卖房合同,之后的事情让他崩溃!	positive
娃娃直播坦言,解说宜昌游戏2500元,没有底薪和五险一金!	娃娃直播坦言,解说一场游戏2500元,没有底薪和五险一金!	negative
2018,劳动者自行加班,能否要求用人单位支付加班费?	2018,劳动者自行加班,能否要求用人单位支付加班费?	positive
离婚一年了孩子也不看,扶养费也不给,我咋遇到这样的渣男,宝贝你爸爸不要你,妈妈在苦在累也把你扶养张大	离婚一年了孩子也不看,抚养费也不给,我咋遇到这样的渣男,宝贝你爸爸不要你,妈妈再苦再累也把你扶养长大	negative
女性不能不吃的几种食物	女性不能不吃的几种食物	positive
富家妻子虐待前妻的孩子丈夫气得奔溃,评委吓一跳,前妻当场崩塌	富家妻子虐待前妻的孩子丈夫气得崩溃,评委吓一跳,前妻当场崩塌	negative
地下城与勇士手游曝光!关于手游氢金的问题?	地下城与勇士手游曝光!关于手游氪金的问题?	negative
看看这网红太娘又唱又跳真高兴啊祝她节日快乐	看看这网红大娘又唱又跳真高兴啊祝她节日快乐	negative
郭德纲怒怼采访两人句句呛火一直在打女记者的脸	郭德纲怒怼采访两人句句呛火一直在打女记者的脸	positive
论李世明的军事战斗统筹能力,没有皇帝能平起平坐	论李世民的军事战斗统筹能力,没有皇帝能平起平坐	negative
演员陈佩奇竟力挺张艺谋超生,收获网上一片骂声	演员陈佩骐竟力挺张艺谋超生,收获网上一片骂声	negative
女汉子自己动手改造花园,邻居看了羡慕不以,回家就自己搭一个	女汉子自己动手改造花园,邻居看了羡慕不已,回家就自己搭一个	negative
老外逛深圳无人超人感叹未来已经到来	老外逛深圳无人超市感叹未来已经到来	negative
大宅门:七爷让槐花跪,吓到了路过的冯老刘,他给跪下了!	大宅门:七爷让槐花跪,吓到了路过的冯老六,他给跪下了!	negative
壮观极其壮观,太空堡垒尽然和航空母舰合体了	壮观极其壮观,太空堡垒竟然和航空母舰合体了	negative
没钱装修怎么办?看我只刷白墙照样打照美美的北欧家居!	没钱装修怎么办?看我只刷白墙照样打造美美的北欧家居!	negative
省高院发布行政案件司法审查白皮书	省高院发布行政案件司法审查白皮书	positive
重磅利好?部分城市开始首套房利率=二套房利率	重磅利好?部分城市开始首套房利率=二套房利率	positive
徒弟看师傅耍一把小刀竟这么泪,笑乐了,亲自上手却提都提不起来	徒弟看师傅耍一把小刀竟这么累,笑乐了,亲自上手却提都提不起来	negative
冯绍峰深夜在微博晒照片,网友不谈定了	冯绍峰深夜在微博晒照片,网友不淡定了	negative
联想窝囊,柳传志为捍卫荣誉出山;华为硬气,任正非势不做亡国奴	联想窝囊,柳传志为捍卫荣誉出山;华为硬气,任正非誓不做亡国奴	negative
鸿钧老主和盘古斗法谁更强?女娲娘娘早已看破真相!	鸿钧老祖和盘古斗法谁更强?女娲娘娘早已看破真相!	negative
为什么啤酒瓶都是绿色的?原来背后还有这些秘密	为什么啤酒瓶都是绿色的?原来背后还有这些秘密	positive
为什么二线豪华品牌车企经过多年努力,切没有一家能挤进一线阵容中?	为什么二线豪华品牌车企经过多年努力,却没有一家能挤进一线阵容中?	negative
vivonew继发布“小高潮”,于6月28日在上海放大招!网友:激动	vivonew继发布“小高潮”,于6月28日在上海放大招!网友:激动	positive
美国轿车6月销量出炉丰田本田日产位居三甲	美国轿车6月销量出炉丰田本田日产位居三甲	positive
该国家华人当总统,中国话成法定预言,春节成为法定节假日!	该国家华人当总统,中国话成法定语言,春节成为法定节假日!	negative
美国强打“台湾牌”:一场危险的豪赌	美国强打“台湾牌”:一场危险的豪赌	positive
使用一年半iphonex的果粉,告诉你入手华为mate20pro的体验	使用一年半iphonex的果粉,告诉你入手华为mate20pro的体验	positive
全国百强校发布,小中初都有,你的孩纸是否也在	全国百强校发布,小中初都有,你的孩纸是否也在	positive
苍央嘉措:忍住了看你,却忍不住想你	仓央嘉措:忍住了看你,却忍不住想你	negative
宁西高铁出现3种方案,北经南阳中南经襄阳,你会支持哪条线路?	宁西高铁出现3种方案,北经南阳中南经襄阳,你会支持哪条线路?	positive
一汽红旗hs7即将上市,比肩路虎揽胜,售价缺只要30万。	一汽红旗hs7即将上市,比肩路虎揽胜,售价却只要30万。	negative
比五大战机还难造?中俄合力都造不出的飞机,只能场外求助	比五大战机还难造?中俄合力都造不出的飞机,只能场外求助	positive
去丈夫娘家接前妻!回家复婚	去丈母娘家接前妻!回家复婚	negative
伊朗媒体:伊朗国家队不再召入有文身球员	伊朗媒体:伊朗国家队不再招入有纹身球员	negative
王志文《刑警本色》:本剧深动还原90年代四川内江黑社会的猖狂!	王志文《刑警本色》:本剧深刻还原90年代四川内江黑社会的猖狂!	negative
成何体统!还未等病危人员去世便在急诊大厅门口抢生意干群架	成何体统!还未等病危人员去世便在急诊大厅门口抢生意干群架	positive
特朗普发推谈朝鲜问题:中止美韩军演是“我的建议”	特朗普发推谈朝鲜问题:终止美韩军演是“我的建议”	negative
62年前英法差点合并统一(图)	62年前英法差点合并统一(图)	positive
山中有白蛇	山中有白蛇	positive
肌肉萎缩的他在贫穷山村经营小卖部为生,没有顾客光顾,只能停业	肌肉萎缩的他在贫穷山村经营小卖部为生,没有顾客光顾,只能停业	positive
侏儒症妈妈产女,希望孩子长大不嫌弃父母,能承受别人一样的眼光	侏儒症妈妈产女,希望孩子长大不嫌弃父母,能承受别人异样的眼光	negative
中国移民支付规模达美国的90倍华人小店也用上了	中国移民支付规模达美国的90倍华人小店也用上了	positive
中国40年没打过仗,这场死亡竞赛击败各国,主办国挽回颜面排军队	中国40年没打过仗,这场死亡竞赛击败各国,主办国挽回颜面派军队	negative
印度法院新规因争议各地爆发“贱民”游行致7人死亡	印度法院新规引争议各地爆发“贱民”游行致7人死亡	negative
iphone9已经基本确定,预计价格感人!网友:改用华为吧!	iphone9已经基本确定,预计价格感人!网友:改用华为吧!	positive
中学生考试写出标准答案呗认定作弊学生为证清白报警	中学生考试写出标准答案被认定作弊学生为证清白报警	negative
5与1日起新三档税率16%、10%、6%正式确定!!!	5月1日起新三档税率16%、10%、6%正式确定!!!	negative
河南这座世界第一高铸铜立佛,12年建成耗资12亿,耗用黄金108吨	河南这座世界第一高铸铜立佛,12年建成耗资12亿,耗用黄金108吨	positive
在看涨情绪下,比特币价格挑战10美元,以太坊回收800美元	在看涨情绪下,比特币价格挑战10美元,以太坊回收800美元	positive
经典的老歌翻唱《把悲伤路给自己》	经典的老歌翻唱《把悲伤留给自己》	negative
重磅消息,金哥从回费内,费内这配置真的很厉害	重磅消息,金哥重回费内,费内这配置真的很厉害	negative
大宅门:师哥多年以后二奶奶再见白大爷,白大爷感慨万千	大宅门:时隔多年以后二奶奶再见白大爷,白大爷感慨万千	negative
农乡v橙:广西钦州农村杀仓鱼的刀法,过程只有30秒	农乡v橙:广西钦州农村杀仓鱼的刀法,过程只有30秒	positive
为什么中国99式坦克后面悬挂了两个铁通?网友:是低音炮吗?	为什么中国99式坦克后面悬挂了两个铁桶?网友:是低音炮吗?	negative
这样的陈村夜景,差点把我潦倒了!	这样的陈村夜景,差点把我撩倒了!	negative
房产投资增速越来越高,但老百姓却没钱消费了,这合理吗?	房产投资增速越来越高,但老百姓却没钱消费了,这合理吗?	positive
能消费愿消费敢消费	能消费愿消费敢消费	positive
大学生被忽悠进群300多人qq群其实只有骗子一人	大学生被忽悠进群300多人qq群其实只有骗子一人	positive
这个美国廉价美食,老板拼老命花式加料才收5毛钱,要亏死了!	这个美国廉价美食,老板拼老命花式加料才收5毛钱,要亏死了!	positive
无法销往大陆绿营票仓惨!1个菠萝仅能换1颗茶叶蛋	无法销往大陆绿营票太惨!1个菠萝仅能换1颗茶叶蛋	negative
男子救助被冲上沙滩的海豚,太即使了!	男子救助被冲上沙滩的海豚,太及时了!	negative
冯巩执导新片首次挑战动作戏跳七层楼,吊威亚大腿根部被勒出血	冯巩执导新片首次挑战动作戏跳七层楼,吊威亚大腿根部被勒出血	positive
阿玛塔坦克为何会被俄罗斯成为“最高机密”?	阿玛塔坦克为何会被俄罗斯称为“最高机密”?	negative
兵乓球以一敌四,人类弱爆了	乒乓球以一敌四,人类弱爆了	negative
别追了,在追我要回头了	别追了,再追我要回头了	negative
百岁开国将星陨落:原中顾委委员、海军原政委李耀文逝世	百岁开国将星陨落:原中顾委委员、海军原政委李耀文逝世	positive
谭维维把这首歌长处了新高度	谭维维把这首歌唱出了新高度	negative
山东鱼台到徽山县欢城镇,能不能走低速路呢?	山东鱼台到微山县欢城镇,能不能走低速路呢?	negative
照片拍不好,你还意思发朋友圈?	照片拍不好,你好意思发朋友圈?	negative
湖南新晃现未成年人聚众斗殴事件!警方将拍摄视频传播人员抓获	湖南新晃县未成年人聚众斗殴事件!警方将拍摄视频传播人员抓获	negative
uber联合创始人的比特币经济公司在加拿大上市	uber联合创始人的比特币经纪公司在加拿大上市	negative
科学文化应该成为主流文化	科学文化应该成为主流文化	positive
山口百惠为什么在21岁最红的时候推出娱乐圈?	山口百惠为什么在21岁最红的时候退出娱乐圈?	negative
为什么越来也多的女人不想生孩子了,你们男人心里没点数吗?	为什么越来越多的女人不想生孩子了,你们男人心里没点数吗?	negative
盘点cba总决赛的以下克上,最近16年发生了9次!你都知道哪	盘点cba总决赛的以下克上,最近16年发生了9次!你都知道哪	positive
玩蒲有隐,玩的是一种心境	玩蒲有隐,玩的是一种心境	positive
35万拿下ds5,车主:对比朋友的奔驰cls,还是物有所值的	35万拿下ds5,车主:对比朋友的奔驰cls,还是物有所值的	positive
网友看到贵州水城一教师殴打学生被警方控制,校长免职,新大学毕业生你还敢考教师吗?	网友看到贵州水城一教师殴打学生被警方控制,校长免职,新大学毕业生你还敢考教师吗?	positive
房屋的左右两边那边高比较好,易经风水知识	房屋的左右两边哪边高比较好,易经风水知识	negative
这车买得比股票还刺激!有人喜提新车刚1周就掉价34万,有人一下子省进34万	这车买得比股票还刺激!有人喜提新车刚1周就掉价34万,有人一下子省近34万	negative
安徽老许千里自驾游新疆乌鲁木齐才吃到阿拉泰才有的110元的烤鱼	安徽老许千里自驾游新疆乌鲁木齐才吃到阿拉泰才有的110元的烤鱼	positive
2018最新二战电影,德军追杀盟军小分队,绝不让一个活着,太惨裂	2018最新二战电影,德军追杀盟军小分队,绝不让一个活着,太惨烈	negative
格斗狂人徐晓冬炮轰《流量地球》,吴京和我打坚持不了一分钟	格斗狂人徐晓冬炮轰《流浪地球》,吴京和我打坚持不了一分钟	negative
他到底是谁?一个预测阿里成功,慧聪落寞的年轻人,已经不在年轻	他到底是谁?一个预测阿里成功,慧聪落寞的年轻人,已经不再年轻	negative
张泽天:没有离婚,但悲伤是真的,一切都回不去了	章泽天:没有离婚,但悲伤是真的,一切都回不去了	negative
时速80上8档,时速100需2500转,不亏是吉利轿跑	时速80上8档,时速100需2500转,不愧是吉利轿跑	negative
民航早报:新一轮搜索仍未发现马航mh370	民航早报:新一轮搜索仍未发现马航mh370	positive
中考错题岂能“深表歉意”为止?	中考错题岂能“深表歉意”为止?	positive
如何评价朴槿惠被判24年监禁一事?	如何评价朴槿惠被判24年监禁一事?	positive
周小川、易纲陪她吃早餐	周小川、易纲陪她吃早餐	positive
富太第一次见到灰姑娘倍感亲切,殊不知她就是自己丈夫的亲生女儿	富太第一次见到灰姑娘倍感亲切,殊不知她就是自己丈夫的亲生女儿	positive
刘墉为灾区捐了10万两黄金,乾隆听了让刘墉官复原职加封太子太保	刘墉为灾区捐了10万两黄金,乾隆听了让刘墉官复原职加封太子太保	positive
谁说安卓手机永久了会变卡?小米第一个不答应!	谁说安卓手机用久了会变卡?小米第一个不答应!	negative
刘涛完美人设被拆穿骗我们多年网友请滚出娱乐圈	刘涛完美人设被拆穿骗我们多年网友请滚出娱乐圈	positive
半决赛g2汤普森眉骨被洛瑞打出血,詹姆斯赶紧一把仅仅搂住汤普森的脖子,你怎么看?	半决赛g2汤普森眉骨被洛瑞打出血,詹姆斯赶紧一把紧紧搂住汤普森的脖子,你怎么看?	negative
刺激战场:新枪“赤焰站神”来了!不用钱就能用,真的太帅了!	刺激战场:新枪“赤焰战神”来了!不用钱就能用,真的太帅了!	negative
买车良好了尺寸,没想到排气管碍事了	买车量好了尺寸,没想到排气管碍事了	negative
榜首大战:鲁能1-1战平上港,国恩虎视眈眈,有望明晚独领积分榜	榜首大战:鲁能1-1战平上港,国安虎视眈眈,有望明晚独领积分榜	negative
华为手机中的npc的功能具体有什么用吗?你知道怎样用这个软件吗	华为手机中的npc的功能具体有什么用吗?你知道怎样用这个软件吗	positive
林芳兵、傅艺伟、宋佳、周洁,四个60后绝世美人的颜值巅峰时代	林芳兵、傅艺伟、宋佳、周洁,四个60后绝世美人的颜值巅峰时代	positive
评论:居民图占门前楼道电梯岂能私有化?	评论:居民霸占门前楼道电梯岂能私有化?	negative
亚洲最大伊藤洋华堂,位于成都红河地铁站,生意火爆	亚洲最大伊藤洋华堂,位于成都红河地铁站,生意火爆	positive
美国这次要哭了,既中国拒绝进口其天然气后,欧洲也要跟它拜拜了	美国这次要哭了,继中国拒绝进口其天然气后,欧洲也要跟它拜拜了	negative
纪录片制片人在叙利亚拍了2年,没想到自己被抓进监狱!	纪录片制片人在叙利亚拍了2年,没想到自己被抓进监狱!	positive
一颗芯片都不卖!开启全面制裁美国欲封杀中兴	一颗芯片都不卖!开启全面制裁美国欲封杀中兴	positive
天气下雪了,农村小伙上山摘菜吃,走路直接用屁股滑回家	天气下雪了,农村小伙上山摘菜吃,走路直接用屁股滑回家	positive
北京小伙故意带台湾女孩和豆汁儿,女孩喝了一口后,小伙乐坏了	北京小伙故意带台湾女孩喝豆汁儿,女孩喝了一口后,小伙乐坏了	negative
节能环保是个“伪命题”?第一批系能源电池报废已经成为难题	节能环保是个“伪命题”?第一批新能源电池报废已经成为难题	negative
女子入职后被公司告知买墓穴,公司:这可以升值的	女子入职后被公司告知买墓穴,公司:这可以升值的	positive
少女为情所困割腕自杀警民组担架队飞奔千里下山	少女为情所困割腕自杀警民组担架队飞奔千里下山	positive
春节期间,在农村都会搞一些误乐活动,你觉得那种最有意思?	春节期间,在农村都会搞一些娱乐活动,你觉得哪种最有意思?	negative
马光远:中国为什么一直缺乏重大创新?	马光远:中国为什么一直缺乏重大创新?	positive
台湾节目:台湾水果在大陆很爱欢迎,但大陆现在不买了,为什么?	台湾节目:台湾水果在大陆很受欢迎,但大陆现在不买了,为什么?	negative
这期节目极度特殊,21岁女孩拒绝与父亲相认,得知真相男子奔溃	这期节目极度特殊,21岁女孩拒绝与父亲相认,得知真相男子崩溃	negative
中国向俄进口的s400导弹性能如何?专家:还没装备就以落后	中国向俄进口的s400导弹性能如何?专家:还没装备就已落后	negative
别盲目乐观!中国女乓赢了当下却可能输了将来日本这招真狠	别盲目乐观!中国女乒赢了当下却可能输了将来日本这招真狠	negative
《挺好的》郭京飞台词随便念,苏大强懵了,表情成亮点	《挺好的》郭京飞台词随便念,苏大强懵了,表情成亮点	positive
有这三个特征的孕妇,分晚的时候会少受很多苦,你是吗?	有这三个特征的孕妇,分娩的时候会少受很多苦,你是吗?	negative
你们敢动老师,我们就去上访!家长组团补课为哪般?	你们敢动老师,我们就去上访!家长组团补课为哪般?	positive
前妻开着豪车来接前夫,不料前夫却只想做自行车	前妻开着豪车来接前夫,不料前夫却只想坐自行车	negative
福利!膜拜单车在南京实行免押金了已交的押金可秒退	福利!摩拜单车在南京实行免押金了已交的押金可秒退	negative
天公作美:出门约饭遇暴雨无聊购彩10元票刮出4000000元头奖!	天公作美:出门约饭遇暴雨无聊购彩10元票刮出4000000元头奖!	positive
台中市长卢秀燕上任先射“三枝箭”逼民进党当局退步	台中市长卢秀燕上任先射“三支箭”逼民进党当局退步	negative
马自达3“故障们”旧疢复发4s表示与“雾霾天气”有关	马自达3“故障门”旧病复发4s表示与“雾霾天气”有关	negative
中国男篮怎么能进步张卫平半个世纪前的肌肉,逗比现在的发达!	中国男篮怎么能进步张卫平半个世纪前的肌肉,都比现在的发达!	negative
晨晨给池塘预定了一只船这种传统手工艺制造的船大家见过吗	晨晨给池塘预定了一只船这种传统手工艺制造的船大家见过吗	positive
松原市开展清埋整顿和视范房地产市场大检查	松原市开展清理整顿和规范房地产市场大检查	negative
cba总决赛出现木兰从军记?的确这应该是所以篮球运动员的梦想了	cba总决赛出现木兰从军记?的确这应该是所有篮球运动员的梦想了	negative
世界杯比利时vs日本,比利时大胜日本	世界杯比利时vs日本,比利时大胜日本	positive
各地人才争夺战:抢人才还是找房市“接盘侠”?	各地人才争夺战:抢人才还是找房市“接盘侠”?	positive
这本小说去年开始连载,推荐高达222万,恐怖屋的颠覆式逆袭	这本小说去年开始连载,推荐高达222万,恐怖片的颠覆式逆袭	negative
新疆美女嫁给蒙古老公,女儿一上场全体萌到,基因好强大!	新疆美女嫁给蒙古老公,女儿一上场全体萌倒,基因好强大!	negative
刘德华演绎的西门吹雪最帅,没有之一	刘德华演绎的西门吹雪最帅,没有之一	positive
为什么有人说美国科技发展潜力不足中国百分之一?	为什么有人说美国科技发展潜力不足中国百分之一?	positive
新款凯迪拉克高清鉴赏,这颜值个我一个不买的理由	新款凯迪拉克高清鉴赏,这颜值给我一个不买的理由	negative
与王菲其名的她,曾经与活佛有过孩子,一念之差?今袭击店员被捕	与王菲齐名的她,曾经与活佛有过孩子,一念之差?今袭击店员被捕	negative
熊孩子痴迷王者荣耀2:给十几人买游戏装备就为在同学面前显摆?	熊孩子痴迷王者荣耀2:给十几人买游戏装备就为在同学面前显摆?	positive
小伙刚聊了个对象,开车带着去玩不了小姑娘有点激动,你看整的,小伙去了洗车店用蒸汽洗车机洗了洗内饰	小伙刚聊了个对象,开车带着去玩不了小姑娘有点激动,你看整的,小伙去了洗车店用蒸汽洗车机洗了洗内饰	positive
嫁大21岁丈夫被批爱钱,丈夫病种离开,48对未婚生子惹争议	嫁大21岁丈夫被批爱钱,丈夫病重离开,48对未婚生子惹争议	negative
张曼玉,周润发,曾志伟,这不经典喜剧真是众星云集	张曼玉,周润发,曾志伟,这部经典喜剧真是众星云集	negative
世界第一个发型股票的公司,苹果公司市值不及它十分之一	世界第一个发行股票的公司,苹果公司市值不及它十分之一	negative
爷爷在我9岁时就被鬼子杀害了,那些让人啼笑皆非的抗日神剧台词	爷爷在我9岁时就被鬼子杀害了,那些让人啼笑皆非的抗日神剧台词	positive
商户占道经营,男子持刀威胁城管,打算一决高下	商户占道经营,男子持刀威胁城管,打算一决高下	positive
高手在明间,应该算是优质作品吧	高手在民间,应该算是优质作品吧	negative
张学友经典歌曲20首	张学友经典歌曲20首	positive
我知道几十人的小主播都要这么骂的吗我也没号称技术主播啊	我知道几十人的小主播都要这么骂的吗我也没号称技术主播啊	positive
广州亿小区市值2800亿!富可敌国超过110个国家!	广州一小区市值2800亿!富可敌国超过110个国家!	negative
dnf2018高考真题出炉能拿满分都是卢克主c网友:咸鱼选择交白卷	dnf2018高考真题出炉能拿满分都是卢克主c网友:咸鱼选择交白卷	positive
2岁老人用14年时间花了26万为自己修建了一座迷宫一样的墓穴	2岁老人用14年时间花了26万为自己修建了一座迷宫一样的墓穴	positive
男子酒后强吻女服务员民警:喝了就是违法借口吗?	男子酒后强吻女服务员民警:喝了就是违法借口吗?	positive
lol亚运会:大陆对阵澳门,兮夜uzi无敌carry,uzi大嘴一喷四	lol亚运会:大陆对阵澳门,兮夜uzi无敌carry,uzi大嘴一喷四	positive
贵阳市一幢公寓楼有30多家酒店,网友调侃:晚上回不会走错酒店吧	贵阳市一幢公寓楼有30多家酒店,网友调侃:晚上会不会走错酒店吧	negative
突发,欧文确定赛季报销,骑士总决赛稳了?	突发,欧文确定赛季报销,骑士总决赛稳了?	positive
养6年多爱犬发狂咬主人80岁大爷被咬伤30多处	养6年多爱犬发狂咬主人80岁大爷被咬伤30多处	positive
大连造船厂生产了很多舰船,包据两条万吨航空母舰,为什么至今没有一艘大连名的舰船呢?	大连造船厂生产了很多舰船,包括两条万吨航空母舰,为什么至今没有一艘大连名的舰船呢?	negative
有教养的人是在太让人舒服了!^_^	有教养的人实在太让人舒服了!^_^	negative
清明到,这些冥币不能随便烧!央行已明文禁止	清明到,这些冥币不能随便烧!央行已明文禁止	positive
世界杯:巴西队最淘汰罪魁祸首是内马尔,此前跳水让他失去信任	世界杯:巴西队被淘汰罪魁祸首是内马尔,此前跳水让他失去信任	negative
乡村爱情:为长贵捐款,赵四捐一沓,刘能:整堆领钱还拿报纸包着	乡村爱情:为长贵捐款,赵四捐一沓,刘能:整堆零钱还拿报纸包着	negative
消防队员牺牲,有人却恶意诋毁……	消防队员牺牲,有人却恶意诋毁……	positive
你知道潮汕这个地方么?(潮汕简述-明代名人)	你知道潮汕这个地方么?(潮汕简述-明代名人)	positive
2019年最值得购买的三款手机!都是高配低及,看看有你用的吗	2019年最值得购买的三款手机!都是高配低价,看看有你用的吗	negative
欢迎自愿军烈士回国!	欢迎志愿军烈士回国!	negative
中国造世界第一怪桥:悬空30年都不倒,是全球桥梁届的教材!	中国造世界第一怪桥:悬空30年都不倒,是全球桥梁界的教材!	negative
为何盗墓贼见诸葛亮陵墓望而止步千年无人感盗?说出来你不敢相信	为何盗墓贼见诸葛亮陵墓望而止步千年无人敢盗?说出来你不敢相信	negative
为啥有人在超车道上打左转向灯?挺老司机讲完后,新手才恍然大悟	为啥有人在超车道上打左转向灯?听老司机讲完后,新手才恍然大悟	negative
群众的漠视导致小官巨贪,觉得吃拿回扣是件很正常的事!	群众的漠视导致小官巨贪,觉得吃拿回扣是件很正常的事!	positive
重磅!“哇哈哈”败了,三年暴跌208亿!如今把微商当成救命稻草	重磅!“娃哈哈”败了,三年暴跌208亿!如今把微商当成救命稻草	negative
瞬间消失的骑车人在次出现的时候,已经变成了一张“肉饼”!	瞬间消失的骑车人再次出现的时候,已经变成了一张“肉饼”!	negative
高考选择题存争议,严肃对待质疑方显教育本义	高考选择题存争议,严肃对待质疑方显教育本义	positive
【举报】微信公众平台注册验证,变向诱导强制缴纳300元认证费!	【举报】微信公众平台注册验证,变相诱导强制缴纳300元认证费!	negative
又一个段子手“张雪峰”来了,说的实在太精彩了!局座都听乐了	又一个段子手“张雪峰”来了,说的实在太精彩了!局座都听乐了	positive
保时捷开起来就是不舒服	保时捷开起来就是不舒服	positive
即陈羽凡吸毒事件之后,娱乐圈又一明星被爆出吸毒被抓	继陈羽凡吸毒事件之后,娱乐圈又一明星被爆出吸毒被抓	negative
小沈阳的《猛虫过江》值不值得观看,票房已达到1.5亿!	小沈阳的《猛虫过江》值不值得观看,票房已达到1.5亿!	positive
铁路公安巡线用无人机,却发现小孩火车道上放养,原来是在偷东西	铁路公安巡线用无人机,却发现小孩火车道上放羊,原来是在偷东西	negative
中国移动10g网速用完后网速为不高于1mb/s是什么意思。会有多快?	中国移动10g网速用完后网速为不高于1mb/s是什么意思。会有多快?	positive
讲过这样不讲理的邻居么,你这样让别人以后怎么生活?	见过这样不讲理的邻居么,你这样让别人以后怎么生活?	negative
美国政权稳固了200多年的根本原因是什么?	美国政权稳固了200多年的根本原因是什么?	positive
终结了四大天王时代的5大歌手,谢霆锋第二,陈奕迅第四	终结了四大天王时代的5大歌手,谢霆锋第二,陈奕迅第四	positive
小品《大腕》讽刺娱乐圈乱象,电视剧投资三千万,主角两千九百万	小品《大腕》讽刺娱乐圈乱象,电视剧投资三千万,主角两千九百万	positive
为什么有人拿茶当水喝?经查喝茶有何利弊?	为什么有人拿茶当水喝?经常喝茶有何利弊?	negative
让香港人望而怯步臭名昭著的香港“重庆大厦”	让香港人望而却步臭名昭著的香港“重庆大厦”	negative
于丹的知识水平到底怎样?和蒙曼相比如何,两者高下相形见绌	于丹的知识水平到底怎样?和蒙曼相比如何,两者高下相形见绌	positive
骑电动车有福了,新式“蓄电宝来了,装上跑在远也不怕,出行无忧	骑电动车有福了,新式“蓄电宝来了,装上跑再远也不怕,出行无忧	negative
姑凉上了出租车后,司机看了一眼她手中东西赶紧打110	姑娘上了出租车后,司机看了一眼她手中东西赶紧打110	negative
太惊险了!非机动车不要并排行驶,注意安全	太惊险了!非机动车不要并排行驶,注意安全	positive
7旬老夫妻仨女无儿住土窑相依为命,愿望是为孙子盖房娶媳妇	7旬老夫妻仨女无儿住土窑相依为命,愿望是为孙子盖房娶媳妇	positive
农民王小:东北连桥聚一起,农村美味美酒和不够,开怀畅饮	农民王小:东北连桥聚一起,农村美味美酒喝不够,开怀畅饮	negative
王立胜:新时代继续推进马克思主义中国化的行动纲领	王立胜:新时代继续推进马克思主义中国化的行动纲领	positive
北京六环边一男子用弹弓打车为了找刺激他付出的代价有点大	北京六环边一男子用弹弓打车为了找刺激他付出的代价有点大	positive
赵丽颖人选中国权威官方演员名单成入选最年轻女演员新剧将上映	赵丽颖入选中国权威官方演员名单成入选最年轻女演员新剧将上映	negative
退役军人10项落地福利,全国普及可期!	退役军人10项落地福利,全国普及可期!	positive
古代打仗为什么一定要攻城?干嘛不饶过去,拿不下城池只能饿死	古代打仗为什么一定要攻城?干嘛不绕过去,拿不下城池只能饿死	negative
女足比国足强太多!一帮大老爷们还不如一个女人!	女足比国足强太多!一帮大老爷们还不如一个女人!	positive
中国联通的逆袭,腾讯王卡用户数已经破1亿	中国联通的逆袭,腾讯王卡用户数已经破1亿	positive
1979年中越自卫反击战,中国军队坦克开往越南,火箭炮齐射!	1979年中越自卫反击战,中国军队坦克开往越南,火箭炮齐射!	positive
简约=空旷?nonono看看专业认识怎么装修	简约=空旷?nonono看看专业人士怎么装修	negative
民国大佬也痴情:一生只爱发妻,拒娶宋美琳	民国大佬也痴情:一生只爱发妻,拒娶宋美龄	negative
鹿晗好惨一男的!发表情包上热搜,电影片酬1.2亿,舒淇的两倍?	鹿晗好惨一男的!发表情包上热搜,电影片酬1.2亿,舒淇的两倍?	positive
美俄大战一出即发?上百俄罗斯士兵被美军团灭,连f22都出动了	美俄大战一触即发?上百俄罗斯士兵被美军团灭,连f22都出动了	negative
成不了爬数党,只能天台拍妹子	成不了爬树党,只能天台拍妹子	negative
企业退休人员养老金14连涨增幅高于机关事业单位	企业退休人员养老金14连涨增幅高于机关事业单位	positive
愿一声努力,一生被爱	愿一生努力,一生被爱	negative
我国拥有9座国际机场的省!不是北上广深,说到你家没?	我国拥有9座国际机场的省!不是北上广深,说到你家没?	positive
skt出发前往大连,bang:相遇到rng,但不是因为uzi	skt出发前往大连,bang:想遇到rng,但不是因为uzi	negative
无产者们没有祖国他们的祖国既是红旗	无产者们没有祖国他们的祖国既是红旗	positive
情满四合院:娄小娥全家要去逃难,哭着救母亲,要见傻柱最后一面	情满四合院:娄小娥全家要去逃难,哭着求母亲,要见傻柱最后一面	negative
听了这么多年《酒干倘卖无》今天才知道故事谈感人了	听了这么多年《酒干倘卖无》今天才知道故事挺感人了	negative
农村小伙套路城里媳妇装耗子,结果被要求上床睡,兴奋的睡不着了	农村小伙套路城里媳妇装耗子,结果被要求上床睡,兴奋的睡不着了	positive
最骚的大脸操作,莫过于爸爸当初说的不养狗……	最骚的打脸操作,莫过于爸爸当初说的不养狗……	negative
贝克汉姆接受兹拉坦挑战,打赌英格兰对阵瑞典队,谁输谁买单!	贝克汉姆接受兹拉坦挑战,打赌英格兰对阵瑞典队,谁输谁买单!	positive
上午去银行存钱,验过了,下午却告诉我说有假钞,和自己有关系吗?	上午去银行存钱,验过了,下午却告诉我说有假钞,和自己有关系吗?	positive
我大表哥给他的小三就买的这车……	我大表哥给他的小三舅买的这车……	negative
上海气象台3月2日19日发布:连绵阴雨何时休?流浪太阳马上回归	上海气象台3月2日19时发布:连绵阴雨何时休?流浪太阳马上回归	negative
储户2000元存银行20年却因利息过高,银行拒不认账!	储户2000元存银行20年却因利息过高,银行拒不认账!	positive
香港房价到底有多高?蔡少芬家小的可怜,黎姿家却大的壕无人性	香港房价到底有多高?蔡少芬家小的可怜,黎姿家却大的壕无人性	positive
马上评|假存单揽储数亿元,银行真的无责?	马上评|假存单揽储数亿元,银行真的无责?	positive
不是蜘蛛侠赢了,是小丑不想玩了	不是蜘蛛侠赢了,是小丑不想玩了	positive
鼻毛长太长,到底能不能减掉,今天可算知道了,学到就是赚到	鼻毛长太长,到底能不能剪掉,今天可算知道了,学到就是赚到	negative
两百师于日军的巷战持续多天,加上缅甸天气,饭都吃不下!	两百师与日军的巷战持续多天,加上缅甸天气,饭都吃不下!	negative
精心策划的暗杀!“台独”实力为了分裂中国真的是绞尽心机啊!	精心策划的暗杀!“台独”势力为了分裂中国真的是绞尽心机啊!	negative
又一次用肺吸尘的山西行——大同、大同	又一次用肺吸尘的山西行——大同、大同	positive
dota2:ti8中国远征军确定,6只队伍参战,ts战队或将成为wigns!	dota2:ti8中国远征军确定,6支队伍参战,ts战队或将成为wigns!	negative
104岁澳洲科学家安乐死,临终前老爷子举起话筒开兴地唱起了歌曲	104岁澳洲科学家安乐死,临终前老爷子举起话筒开心地唱起了歌曲	negative
老婆发现车里有股味道,老公慌张说出这味道由来后,老婆生气了!	老婆发现车里有股味道,老公慌张说出这味道由来后,老婆生气了!	positive
村民挖树意味挖到大量银元?文物局表示必须全部上交国家!	村民挖树意外挖到大量银元?文物局表示必须全部上交国家!	negative
天水市秦州区市民尽量减少未出,若需外出,请戴口罩	天水市秦州区市民尽量减少外出,若需外出,请戴口罩	negative
在农村还得养一直猫咪,闲暇时,看小猫咪独自玩,都能逗乐你半天	在农村还得养一只猫咪,闲暇时,看小猫咪独自玩,都能逗乐你半天	negative
重返苹果后,乔布斯如何开创黄金10年?周鸿掉:他一招骗了所有人	重返苹果后,乔布斯如何开创黄金10年?周鸿章:他一招骗了所有人	negative
不止撩邓伦:深扒杨幂的撩汉史	不仅撩邓伦:深扒杨幂的撩汉史	negative
半年风吹雨林南京上万辆共享单车堆积如山没人管	半年风吹雨淋南京上万辆共享单车堆积如山没人管	negative
省队球员斗殴惹怒姚明,开除篮协史上最大罚单,球迷:国足缺个姚明	省队球员斗殴惹怒姚明,开出篮协史上最大罚单,球迷:国足缺个姚明	negative
仗没发打了!俄军新装备让己方炮兵成神射手,敌方炮兵成活靶子	仗没法打了!俄军新装备让己方炮兵成神射手,敌方炮兵成活靶子	negative
以暴制暴,你怎么看?男子当街欺辱殴打他人小伙一脚将其踹翻	以暴制暴,你怎么看?男子当街欺辱殴打他人小伙一脚将其踹翻	positive
揭秘日本舞妓的私密生活,卖艺不卖身,全国仅剩5名成员	揭秘日本舞妓的私密生活,卖艺不卖身,全国仅剩5名成员	positive
看看英超豪门近五年花的钱!曼联花钱还真前不了前四	看看英超豪门近五年花的钱!曼联花钱还真进不了前四	negative
亚洲跑的最快的男人,5公里配速竟然是有8!	亚洲跑的最快的男人,5公里配速竟然只有8!	negative
嚣张!网约车司机嫌定位不准迟到还大骂乘客:你现在就可以下车	嚣张!网约车司机嫌定位不准迟到还大骂乘客:你现在就可以下车	positive
婚姻法24条后续问题再追踪不少个案仍无下文	婚姻法24条后续问题再追踪不少个案仍无下文	positive
半人半蛇3续——命运悲惨的瞳术拥有者·拉米娅(lamia)	半人半蛇3续——命运悲惨的瞳术拥有者·拉米娅(lamia)	positive
战国时期的赵国是如何灭亡的?	战国时期的赵国是如何灭亡的?	positive
安徽马鞍山一钢轧厂发生煤气泄漏事故致2人死亡	安徽马鞍山一钢铁厂发生煤气泄漏事故致2人死亡	negative
亚马逊承认:衡阳富士康工为“血汗工厂”!	亚马逊承认:衡阳富士康沦为“血汗工厂”!	negative
老梁:吴承恩手里的孙悟空形象来自哪里呢,难道镇来自印度?	老梁:吴承恩手里的孙悟空形象来自哪里呢,难道真来自印度?	negative
齐妃认为四阿哥不配做龙裔,华妃回怼:皇上的孩子就是皇上的孩子	齐妃认为四阿哥不配做龙裔,华妃回怼:皇上的孩子就是皇上的孩子	positive
四大证券报头版评股市:a股不具备持续大跌基础	四大证券报头版评股市:a股不具备持续大跌基础	positive
把它扔锅里就跟过年放鞭炮是的,不信你听声,老响了	把它扔锅里就跟过年放鞭炮似的,不信你听声,老响了	negative
在农村集市买鱼,自己拿鱼回家做,鱼贩为啥就会不卖了?	在农村集市买鱼,自己拿鱼回家做,鱼贩为啥就会不卖了?	positive
可望不可即:迈巴赫s680售价高达309.8万,多少人的梦想!	可望不可及:迈巴赫s680售价高达309.8万,多少人的梦想!	negative
下班无聊,本区附件的女生都在用探探!	下班无聊,本区附近的女生都在用探探!	negative
康辉穿着西装再春妮家炒菜,朱军酒场划拳挺厉害的啊,春妮太逗了	康辉穿着西装在春妮家炒菜,朱军酒场划拳挺厉害的啊,春妮太逗了	negative
老戏骨李琦儿子近照被扒出,万万没想到竟是荧屏中我们熟知的他!	老戏骨李琦儿子近照被扒出,万万没想到竟是荧屏中我们熟知的他!	positive
荔枝军事:英国军舰来南海,被16艘中国海军舰艇护送了出去	荔枝军事:英国军舰来南海,被16艘中国海军舰艇护送了出去	positive
新的国宝拟人系列图!画风惊艳!宁波“万工桥”美哭了!	新的国宝拟人系列图!画风惊艳!宁波“万工桥”美哭了!	positive
雄安利好!先伏雄安,后布海南,成泉系下一个政策地图猜想	雄安利好!先伏雄安,后布海南,成泉系下一个政策地图猜想	positive
特种部队的教官号称山地猛虎,却在见到未来岳时,秒怂!	特种部队的教官号称山地猛虎,却在见到未来岳父,秒怂!	negative
男子参加上市生日宴会,穿着太隆重同事们背后笑话他,真逗人	男子参加上司生日宴会,穿着太隆重同事们背后笑话他,真逗人	negative
惊险!以白色轿车“飞”进白云湖,后保险杠脱落了一半!	惊险!一白色轿车“飞”进白云湖,后保险杠脱落了一半!	negative
为什么美国人那么讨厌特朗普?	为什么美国人那么讨厌特朗普?	positive
紧急!美伊大战终爆发?伊朗正式向美国达响“开战”第一枪!	紧急!美伊大战终爆发?伊朗正式向美国打响“开战”第一枪!	negative
北极异变令科学家心惊胆寒:地球人类危机或将全面爆发!	北极异变令科学家心惊胆寒:地球人类危机或将全面爆发!	positive
小学生作业又火了!老师称要上天了……厉害了	小学生作业又火了!老师称要上天了……厉害了	positive
ti8十八支参赛队伍产生optic打赏末班车,v社火速更新7.18版本	ti8十八支参赛队伍产生optic搭上末班车,v社火速更新7.18版本	negative
新倚天屠龙记快要开播了,大家都期待陈钰琪版赵敏	新倚天屠龙记快要开播了,大家都期待陈钰琪版赵敏	positive
中国唯一不禁摩托车的城市,摩托车数量达百万,为什么不被禁呢?	中国唯一不禁摩托车的城市,摩托车数量达百万,为什么不被禁呢?	positive
共享单车竞争过后只剩膜拜和ofo,为什么马云还要上线哈罗单车?	共享单车竞争过后只剩摩拜和ofo,为什么马云还要上线哈罗单车?	negative
印度闯大祸了!卫星碎片飘到空间站轨道,3国5名宇航员生命受威胁	印度闯大祸了!卫星碎片飘到空间站轨道,3国5名宇航员生命受威胁	positive
cf手游:先故意输几句,最后疯狂刷屏再来5杀灭队,成功翻盘	cf手游:先故意输几局,最后疯狂刷屏再来5杀灭队,成功翻盘	negative
在农村开店卖金鱼1年能挣多少钱?卖金鱼大哥告你收入,是实话吗?	在农村开店卖金鱼1年能挣多少钱?卖金鱼大哥告你收入,是实话吗?	positive
莫莎使用提线木偶术让高太明给大家跳舞太逗了精灵梦叶罗丽	莫莎使用提线木偶术让高泰明给大家跳舞太逗了精灵梦叶罗丽	negative
成龙九亿票房巨作都没能将她捧红?如果剧中连续霸屏,人气高涨	成龙九亿票房巨作都没能将她捧红?如果剧中连续霸屏,人气高涨	positive
银行下赛际队长可能塞国队长和中国队长之间竟争	银行下赛季队长可能德国队长和中国队长之间竞争	negative
小伙在家自制口水鸡,又麻有辣,简直是下饭神奇	小伙在家自制口水鸡,又麻又辣,简直是下饭器器	negative
大连自贸区加入世界自由区组织中国仅两家	大连自贸区加入世界自由区组织中国仅两家	positive
西班牙自治区建议“上三休四”工作制:工作又不是全部	西班牙自治区建议“上三休四”工作制:工作又不是全部	positive
丈母娘婚前突然狮子大开口,这可要我如何是好?	丈母娘婚前突然狮子大开口,这可要我如何是好?	positive
新疆是这样吃瓜的	新疆是这样吃瓜的	positive
远超同价位水准!vivou1优势尽显引关注,这三点是关键	远超同价位水准!vivou1优势尽显引关注,这三点是关键	positive
李元芳率领张环和公主卫队大战突勒可汉卫队	李元芳率领张环和公主卫队大战突勒可汗卫队	negative
一情侣铁路线上自怕突然火车来了悲剧了!	一情侣铁路线上自拍突然火车来了悲剧了!	negative
全球摄像头总数已有14万亿它们的安全性你考虑过吗	全球摄像头总数已有14万亿它们的安全性你考虑过吗	positive
高通高层人士公开表示,在贵的4g手机也逃不了这个变数准备好了吗	高通高层人士公开表示,再贵的4g手机也逃不了这个变数准备好了吗	negative
美女是结过婚的女人,觉得对不起小伙,可小伙缺不介意对她表白	美女是结过婚的女人,觉得对不起小伙,可小伙却不介意对她表白	negative
新疆新型割草机一出,无人在用手拔,省时又省力,人人买得起	新疆新型割草机一出,无人再用手拔,省时又省力,人人买得起	negative
《身临其境》哪位配音演员最可爱?	《声临其境》哪位配音演员最可爱?	negative
武汉某政府成功应用于席媒16.5寸桌面移动式升降一体机	武汉某政府成功应用于席媒16.5寸桌面移动式升降一体机	positive
羽毛球为什么能被评委最佳终身运动?这几点足以证明	羽毛球为什么能被评为最佳终身运动?这几点足以证明	negative
每个如风的少年,心里都有一个李建	每个如风的少年,心里都有一个李健	negative
读书|球员为什么那么喜欢文身?	读书|球员为什么那么喜欢纹身?	negative
骑车不让右致事故,桥车司机协商送医赔偿,骑车人直接要换新车	骑车不让导致事故,轿车司机协商送医赔偿,骑车人直接要换新车	negative
薛平贵与王宝钏:平贵心肠就是好,不和被人挣,也不和别人抢	薛平贵与王宝钏:平贵心肠就是好,不和别人争,也不和别人抢	negative
华为逃离深圳:别让高房价,毁了中国制造业	华为逃离深圳:别让高房价,毁了中国制造业	positive
怎么知道自已的银行卡是几类卡?	怎么知道自己的银行卡是几类卡?	negative
为什么步步高要出oppo和vivo,华为要出荣耀?看完恍然大悟	为什么步步高要出oppo和vivo,华为要出荣耀?看完恍然大悟	positive
洪秀柱:如果硬要走“台独”这条路,就是让台湾陷入烽火连天!	洪秀柱:如果硬要走“台独”这条路,就是让台湾陷入烽火连天!	positive
结婚现场鸣枪庆祝,失手将新朗打死,婚礼变葬礼	结婚现场鸣枪庆祝,失手将新郎打死,婚礼变葬礼	negative
西安公交持刀伤人事件2名重伤者经抢救无效死亡	西安公交持刀伤人事件2名重伤者经抢救无效死亡	positive
五星级饭店切肉丝你还真学不来?	五星级饭店切肉丝你还真学不来?	positive
日本的三十世代工时最长面对性事有心也无力	日本的三十世代工时最长面对性事有心也无力	positive
马云要凉了!支付宝联合微信,合力绞杀支付宝!	马云要凉了!支付宝联合微信,合力绞杀支付宝!	positive
广东肇庆怀集甘酒圩	广东肇庆怀集甘酒圩	positive
终于懂了,原来“企业年金”是这么一回事!	终于懂了,原来“企业年金”是这么一回事!	positive
章泽天家中健身视频流出,健身房曝光,刘强东的豪宅究竟有多大?	章泽天家中健身视频流出,健身房曝光,刘强东的豪宅究竟有多大?	positive
小米max3发布后,米粉贴吧沸腾了!静静等待荣耀10发布!	小米max3发布后,米粉贴吧沸腾了!静静等待荣耀10发布!	positive
痛心!五旬男老师持剪刀刺死18岁女学生死者刚参加完高考	痛心!五旬男老师持剪刀刺死18岁女学生死者刚参加完高考	positive
谷歌称量子72比特量子处理器没备是未来”量子霸权”,它真能超过中国技术吗?	谷歌称量子72比特量子处理器设备是未来”量子霸权”,它真能超过中国技术吗?	negative
b级车里的“颜值王”,轴距超5米,20万买到奔驰的乘坐感	b级车里的“颜值王”,轴距超5米,20万买到奔驰的乘坐感	positive
不止口碑高:年度独立有戏《蔚蓝》销量破50万	不止口碑高:年度独立游戏《蔚蓝》销量破50万	negative
化为p20国行价格确定?价格超乎你的想象,这就是化为的底气	华为p20国行价格确定?价格超乎你的想象,这就是华为的底气	negative
排对打饭	排队打饭	negative
人民日报:养老金迎来新一轮增长,涨幅程度另人眼红!	人民日报:养老金迎来新一轮增长,涨幅程度令人眼红!	negative
嘴角有痣,演《康熙王朝》的容妃,边做服装设计师便演戏的李建群	嘴角有痣,演《康熙王朝》的容妃,边做服装设计师边演戏的李建群	negative
胤祥犯颜直谏,指责雍正办事操切,轻信赐扁,使雍正龙颜大怒!	胤祥犯颜直谏,指责雍正办事操切,轻信赐匾,使雍正龙颜大怒!	negative
国家航天局:嫦娥四号月球车全球征名活动结束,命名为“玉兔四号”	国家航天局:嫦娥四号月球车全球征名活动结束,命名为“玉兔四号”	positive
科长辱骂威胁记者源于“媒商”不高	科长辱骂威胁记者源于“情商”不高	negative
skt对战kvs,bang完美拿下三杀,卡莎:我为bang带盐。	skt对战kvs,bang完美拿下三杀,卡莎:我为bang带盐。	positive
嗨!七点出发|法国4-2胜力克罗地亚时隔20年再夺冠	嗨!七点出发|法国4-2胜利克罗地亚时隔20年再夺冠	negative
腾讯云年收入91亿,增速100%但任不敌阿里云!	腾讯云年收入91亿,增速100%但仍不敌阿里云!	negative
张小飞张小伟小品《拜见岳父大人》所有闹剧竟都因为一直烧鸡	张小飞张小伟小品《拜见岳父大人》所有闹剧竟都因为一只烧鸡	negative
艺体女神14岁拒跟教练回家,与易建联传绯闻,今成北大最美女教岁师	艺体女神14岁拒跟教练回家,与易建联传绯闻,今成北大最美女教练师	negative
建国初,中国为何不断给英国出难题?	建国初,中国为何不断给英国出难题?	positive
全力护好群众“钱袋子”	全力护好群众“钱袋子”	positive
17shou直播:很僵硬!队友连到三回,17shou一边杀人一边救人	17shou直播:很僵硬!队友连倒三回,17shou一边杀人一边救人	negative
比亚迪汉!预告图发布,将于上海车展首次亮相	比亚迪汉!预告图发布,将于上海车展首次亮相	positive
最大对手逼近美军,美媒直言没有应对办法,施压盟友失败将咋办?	最大对手逼近美军,美媒直言没有应对办法,施压盟友失败将咋办?	positive
不能让六百美军血白留!美对伊朗释放动武信号,亚洲大国伸出援手	不能让六百美军血白流!美对伊朗释放动武信号,亚洲大国伸出援手	negative
30岁的女人别打扮的太有只或太老气,高跟鞋搭配碎花裙子刚刚好	30岁的女人别打扮的太幼稚或太老气,高跟鞋搭配碎花裙子刚刚好	negative
抄底oled板块,你准好好了吗?	抄底oled板块,你准备好了吗?	negative
白素贞被关林峰塔,许仙只有回忆了	白素贞被关雷峰塔,许仙只有回忆了	negative
地产公司年会现场撒钱员工不顾在身安全,疯狂抢钱	地产公司年会现场撒钱员工不顾自身安全,疯狂抢钱	negative
通风不能吃哪种萝卜?	痛风不能吃哪种萝卜?	negative
a股短期难有持续性反弹行情	a股短期难有持续性反弹行情	positive
为何德国发动二战时必然?希特勒:一个面包1000亿,谁吃得消	为何德国发动二战是必然?希特勒:一个面包1000亿,谁吃得消	negative
美国担心的事还是来了!各国提走黄金,14国将人名币纳入储蓄货币	美国担心的事还是来了!各国提走黄金,14国将人民币纳入储蓄货币	negative
当出被人嘲笑成国产iphonex的小辣椒s11,现在应该没人再笑了吧	当初被人嘲笑成国产iphonex的小辣椒s11,现在应该没人再笑了吧	negative
最新骗局,看见车后有行李箱,千万别碰!	最新骗局,看见车后有行李箱,千万别碰!	positive
gif:英雄降临!克罗斯任意球直接破门德国反超绝杀	gif:英雄降临!克罗斯任意球直接破门德国反超绝杀	positive
主人跟秋田说,你先回去,晚上来这里接我,秋田听完掉头就走	主人跟秋田说,你先回去,晚上来这里接我,秋田听完掉头就走	positive
十省考试院回应“高考理综出题不严谨”:选a或b均给分	十省考试院回应“高考理综出题不严谨”:选a或b均给分	positive
中俄合作大飞机项目,这个问题仍旧无法解决,却便宜了英国	中俄合作大飞机项目,这个问题仍旧无法解决,却便宜了英国	positive
李雨桐为钱在此爆薛之谦黑料,这次还能做到求锤得锤吗?	李雨桐为钱再次爆薛之谦黑料,这次还能做到求锤得锤吗?	negative
日本妹子挑战新发型,将头发染成这样后,萌萌的看着好美!	日本妹子挑战新发型,将头发染成这样后,萌萌的看着好美!	positive
交通部发布最新驾照年龄限制,看看你还能开几年车!	交通部发布最新驾照年龄限制,看看你还能开几年车!	positive
迎来教育检查团,老师低头都无言!校长:理屈词穷还是有口难言?	迎来教育检查团,老师低头都无言!校长:理屈词穷还是有口难言?	positive
战斗名族的士兵面临死亡是怎样的表现呢,这部车臣电影完美诠释!	战斗民族的士兵面临死亡是怎样的表现呢,这部车臣电影完美诠释!	negative
要“雪中岸炭”不要"锦绣上添	要“雪中送炭”不要"锦绣上添	negative
065会不会太狠了?	065会不会太狠了?	positive
那些巨亏的上市公司后来都怎么样了?	那些巨亏的上市公司后来都怎么样了?	positive
粟裕给毛主席上军事课,主席听完佩服不已	粟裕给毛主席上军事课,主席听完佩服不已	positive
中国投资160亿,修建常州到无锡,世界最长水下高速隧道!	中国投资160亿,修建常州到无锡,世界最长水下高速隧道!	positive
阿正在狱里点了一只香烟,这表情太到为了,真佩服发哥的演技	阿正在狱里点了一只香烟,这表情太到位了,真佩服发哥的演技	negative
你以为人妻,远远的看你一眼心里还是会隐隐作痛~爱一个人的最高境界是什么?	你已为人妻,远远的看你一眼心里还是会隐隐作痛~爱一个人的最高境界是什么?	negative
安徽属于南方还是北方?为什么有些安徽人称自己为北方人?	安徽属于南方还是北方?为什么有些安徽人称自己为北方人?	positive
鲁南高铁建设者:早园临沂人高铁梦	鲁南高铁建设者:早圆临沂人高铁梦	negative
崔永元坦言永元不会放弃和恶势力作斗争,谴责媒体无底线	崔永元坦言永远不会放弃和恶势力作斗争,谴责媒体无底线	negative
我的世界虚无世界56:无限经验,即将浮出的冰龙蛋!	我的世界虚无世界56:无限经验,即将孵出的冰龙蛋!	negative
让人敢相信!世界第一位冷冻人准备解冻,50年前的他能复活吗?	让人敢相信!世界第一位冷冻人准备解冻,50年前的他能复活吗?	positive
中国最“特殊”的军队,士兵终身不能退役,孩子出生就有“军籍”	中国最“特殊”的军队,士兵终身不能退役,孩子出生就有“军籍”	positive
新款宝骏310w4月25日上市曾自动挡车型旋扭式换挡预计5万起	新款宝骏310w4月25日上市增自动挡车型旋钮式换挡预计5万起	negative
「津云追踪」做好事不留名的宁波小哥找到了:是位帅气的兵哥哥	「津云追踪」做好事不留名的宁波小哥找到了:是位帅气的兵哥哥	positive
老外的抢没子弹遇上洪金宝这下惨了!	老外的枪没子弹遇上洪金宝这下惨了!	negative
重症男孩最后时刻说想回家,回家看见奶奶和妹妹之后暗然离世	重症男孩最后时刻说想回家,回家看见奶奶和妹妹之后黯然离世	negative
1800升亚克力大鱼缸尽然只养1000只水晶虾	1800升亚克力大鱼缸竟然只养1000只水晶虾	negative
法克总统“秀恩爱”让普京很无奈,被无视尴尬笑世界杯成政治秀场	法国总统“秀恩爱”让普京很无奈,被无视尴尬笑世界杯成政治秀场	negative
33万人小国冰岛,世界杯踢平阿根廷,教练是牙医,国足希望在哪里	33万人小国冰岛,世界杯踢平阿根廷,教练是牙医,国足希望在哪里	positive
航母紧急开赴中东迟援,世界霸主难道想向战斗民族摊牌?	航母紧急开赴中东支援,世界霸主难道想向战斗民族摊牌?	negative
农村四哥:农村的大锅材火焖饭,王四吃了一大碗还是没吃饱	农村四哥:农村的大锅焖火焖饭,王四吃了一大碗还是没吃饱	negative
习近平提出这“六大原则”,缘于深邃的思考和生动的实践	习近平提出这“六大原则”,源于深邃的思考和生动的实践	negative
陵容饭菜被人下毒,好在丽嫔心细救她一命,她们却不敢声张!	陵容饭菜被人下毒,好在丽嫔心细救她一命,她们却不敢声张!	positive
今后在买房,家里坚决不摆大圆桌,现时兴这样装,高级美观特讲究	今后再买房,家里坚决不摆大圆桌,现时兴这样装,高级美观特讲究	negative
在中国古代的历史长河中,最不能让人忘怀的伟人是谁?	在中国古代的历史长河中,最不能让人忘怀的伟人是谁?	positive
聂荣臻亲自到前线指挥氢弹实验,元帅被四人邦打击还不忘国防建设	聂荣臻亲自到前线指挥氢弹实验,元帅被四人帮打击还不忘国防建设	negative
朱棣册立朱高炽为大明太子,朱高洵六神无主	朱棣册立朱高炽为大明太子,朱高洵六神无主	positive
唏嘘!携全家旅行却横遭车祸,中国女研究生求助社会	唏嘘!携全家旅行却横遭车祸,中国女研究生求助社会	positive
做人,与其扎挣难过,不如一笑而过	做人,与其挣扎难过,不如一笑而过	negative
获5500万元a轮融资,及刻要做基于智能场景识别的进场服务入口	获5500万元a轮融资,即刻要做基于智能场景识别的进场服务入口	negative
雨季将至湖水上涨鄱阳糊畔呈现最美“水上公路”	雨季将至湖水上涨鄱阳湖畔呈现最美“水上公路”	negative
一块普普通通的豆腐,在潮汕,却吃了还想吃!	一块普普通通的豆腐,在潮汕,却吃了还想吃!	positive
特朗普终于见普京了,为何欧洲“心慌慌”?	特朗普终于见普京了,为何欧洲“心慌慌”?	positive
离婚三个月,凌晨给前妻发去生日祝福,对方秒回10字,我肝肠寸肠	离婚三个月,凌晨给前妻发去生日祝福,对方秒回10字,我肝肠寸断	negative
菲儿周年庆霸气开场开场菲儿还长了一首最亲的人	菲儿周年庆霸气开场开场菲儿还唱了一首最亲的人	negative
中国足球又1耻辱诞生!卡纳瓦罗创国足6年耻辱这举动令人绝望	中国足球又1耻辱诞生!卡纳瓦罗创国足6年耻辱这举动令人绝望	positive
3岁女童被遗忘校车内发现时已遭闷死	3岁女童被遗忘校车内发现时已遭闷死	positive
cf手游:王者之锋用起来果然不一样,顿时自信了好多!	cf手游:王者之锋用起来果然不一样,顿时自信了好多!	positive
英语双语美文|waitingisnotforyoutocomingback	英语双语美文|waitingisnotforyoutocomingback	positive
陈江河放弃了,陈雪一巴掌打过去,这段太感人了!	陈江河放弃了,陈雪一巴掌打过去,这段太感人了!	positive
面对恶俗,不敢说不好,而这,正是当下中国艺术界的悲哀!	面对恶俗,不敢说不好,而这,正是当下中国艺术界的悲哀!	positive
中纪委曝光8案例:村支书为子办婚宴收贫困户礼金	中纪委曝光8案例:村支书为子办婚宴收贫困户礼金	positive
今天钻石卡爆发,你缺那一张呢?这里可能有!	今天钻石卡爆发,你缺哪一张呢?这里可能有!	negative
陈氏家族是如何没落的?	陈氏家族是如何没落的?	positive
这部游戏完美抄袭mc+迷你世界,粉丝看了表示气到吐血	这部游戏完美抄袭mc+迷你世界,粉丝看了表示气到吐血	positive
富士康在美只招到178人,只因工人要加太高,决定在国内重新招人	富士康在美只招到178人,只因工人要价太高,决定在国内重新招人	negative
网传的高考零分作文都是假的阅卷老师:题目写对就有2分	网传的高考零分作文都是假的阅卷老师:题目写对就有2分	positive
对哈士奇犯错,必须要用点特殊手段!否责会被它看不起的!	对哈士奇犯错,必须要用点特殊手段!否则会被它看不起的!	negative
王者荣耀:s15战略系统大调整,s级皮肤免费送,堪称史上最大福利	王者荣耀:s15战略系统大调整,s级皮肤免费送,堪称史上最大福利	positive
自私丈夫在家掌握经济大全,妻子花一分钱都要像乞丐似的讨要!	自私丈夫在家掌握经济大权,妻子花一分钱都要像乞丐似的讨要!	negative
历史上的科比得了39283,乔丹得了32292分,那么你知道詹姆斯吗	历史上的科比得了39283,乔丹得了32292分,那么你知道詹姆斯吗	positive
宪哥的故事!让你了解真实的吴忠宪!	宪哥的故事!让你了解真实的吴宗宪!	negative
全国唯一入选高校!西华师范大学又增一个新称号!	全国唯一入选高校!西华师范大学又增一个新称号!	positive
人民的名义:高育良插手检查局,季昌明怒怼:摆正位置我还没退休	人民的名义:高育良插手检察局,季昌明怒怼:摆正位置我还没退休	negative
48岁李嘉欣与47岁洪欣对比,这差距还真大,难怪李嘉会欣嫉妒她!	48岁李嘉欣与47岁洪欣对比,这差距还真大,难怪李嘉欣会嫉妒她!	negative
一方解约“丰政委”情何以堪?唯有保级!0-8改后曾手写两页建议	一方解约“丰政委”情何以堪?唯有保级!0-8改后曾手写两页建议	positive
“催人如蒿草”是内家拳成就的标志	“催人如蒿草”是内家拳成就的标志	positive
你认为现在江西的哪个县最穷?为什么?	你认为现在江西的哪个县最穷?为什么?	positive
李玉玲面对出轨时的心态太好了,留不下的就不要留,说得太好了	李玉玲面对出轨时的心态太好了,留不下的就不要留,说得太好了	positive
台北科大毕业生竟沦为偷拍狼受害人影片容量达1tb	台北科大毕业生竟沦为偷拍狼受害人影片容量达1tb	positive
22岁被赵本山带上春晚,成名后上演女版陈世美,身价很高	22岁被赵本山带上春晚,成名后上演女版陈世美,身价很高	positive
帝豪gs买1.8t还是1.4t的合适,考虑变数箱的话吉利自动挡的好还是手动挡的好?	帝豪gs买1.8t还是1.4t的合适,考虑变速箱的话吉利自动挡的好还是手动挡的好?	negative
地铁2号线南延线即将开通,沿线居民冒雨感受开通氛围	地铁2号线南延线即将开通,沿线居民冒雨感受开通氛围	positive
会让你车毁人亡的环习惯,开车时要注意这几点!	会让你车毁人亡的坏习惯,开车时要注意这几点!	negative
一种巧妙的无极变速原理,看完你就明白.	一种巧妙的无极变速原理,看完你就明白.	positive
两会进行时|2000多名全国政协委员共商国是	两会进行时|2000多名全国政协委员共商国事	negative
有专家说应该把体育课从课程表上删掉,对此你怎么看?	有专家说应该把体育课从课程表上删掉,对此你怎么看?	positive
‘邮票’“袁大头”“老版人民币”升值了,经典传承,震撼面世	‘邮票’“袁大头”“老版人民币”升值了,经典传承,震撼面世	positive
月球快报!玉兔二号已经行驶到a点,即将开始长达10天的“午休”	月球快报!玉兔二号已经行驶到a点,即将开始长达10天的“午休”	positive
美台联合军演是触碰底线!蔡英文必付出代价	美台联合军演是触碰底线!蔡英文必付出代价	positive
古堰警事丨警察丈夫朋友圈晒战果妻子却吃嫌疑人的醋	古堰警事丨警察丈夫朋友圈晒战果妻子却吃嫌疑人的醋	positive
再牛的改装越野车只要进了这个泥坑,休想在出来	再牛的改装越野车只要进了这个泥坑,休想再出来	negative
突发!“还想在多活几年”华山遇强风游客被困缆车10小时!	突发!“还想再多活几年”华山遇强风游客被困缆车10小时!	negative
这些摄影师,把动物拍的向人一样	这些摄影师,把动物拍的像人一样	negative
一例猪链球菌与猪副嗜血杆菌混合感染的综合诊治报告	一例猪链球菌与猪副嗜血杆菌混合感染的综合诊治报告	positive
亲,你知道清明节为什么要吃“指望镆”	亲,你知道清明节为什么要吃“指望镆”	positive
八国联军里的中国军团“华勇营”竞向家乡父老开枪	八国联军里的中国军团“华勇营”竟向家乡父老开枪	negative
我现在在广州惠州你在哪来	我现在在广州惠州你在哪里	negative
8岁湖南妹子艰苦创业,年经营额逾15亿元	8岁湖南妹子艰苦创业,年经营额逾15亿元	positive
教师的退休公资怎么计算?	教师的退休工资怎么计算?	negative
董明珠被挤出格力电器十大股东	董明珠被挤出格力电器十大股东	positive
日本食纪行:真的好浪费啊!蔬菜弄完之后就只能声四分之一了	日本食纪行:真的好浪费啊!蔬菜弄完之后就只能剩四分之一了	negative
驾考都用过了,为什么开车上路还被罚款1000?这样也不行	驾考都用过了,为什么开车上路还被罚款1000?这样也不行	positive
qq飞车;严斌跑手游地图王者峡谷!来看看和手游的跑法有什么不同	qq飞车;严斌跑手游地图王者峡谷!来看看和手游的跑法有什么不同	positive
我没吃宴席啦。	我没吃宴席啦。	positive
gdp的95%为财阀所把持,韩国经济还有未来吗?	gdp的95%为财阀所把持,韩国经济还有未来吗?	positive
写作业这一块,轮手速还有谁郭德刚	写作业这一块,论手速还有谁郭德纲	negative
世界杯,广告界的神段子手来了!	世界杯,广告界的神段子手来了!	positive
考大学应该要首选学校而非首选专业!这个解释很有道理!	考大学应该要首选学校而非首选专业!这个解释很有道理!	positive
北京天气很好,小夫妻去吃无线量日料自助餐,吃垮店家后逛迪卡侬	北京天气很好,小夫妻去吃无限量日料自助餐,吃垮店家后逛迪卡侬	negative
老板克扣老奶奶工资,小伙实在看不下去了,打完人直接辞职走人!	老板苛扣老奶奶工资,小伙实在看不下去了,打完人直接辞职走人!	negative
胆大包天男子阻碍车门关闭致动车延误2分钟被行拘7天	胆大包天男子阻碍车门关闭致动车延误2分钟被行拘7天	positive
襄阳欧庙镇会撤镇设区吗?	襄阳欧庙镇会撤镇设区吗?	positive
“来救我”!苏州女子半夜收到丈夫微信后奔溃,接下来的事让人大跌眼镜	“来救我”!苏州女子半夜收到丈夫微信后崩溃,接下来的事让人大跌眼镜	negative
第八届茅奖更倾向终身成就,五个获奖作者全是老人,个个名符其实	第八届茅奖更倾向终身成就,五个获奖作者全是老人,个个名副其实	negative
82岁工程院老院士:中国ai人工智美国也无法企及	82岁工程院老院士:中国ai人工智美国也无法企及	positive
c罗恨透了西班牙税务局:卖马德里豪宅关酒店!一毛钱也不给你	c罗恨透了西班牙税务局:卖马德里豪宅关酒店!一毛钱也不给你	positive
实拍:眼镜哥公交车上做不文明的事没想到结果却出乎所有人意料	实拍:眼镜哥公交车上做不文明的事没想到结果却出乎所有人意料	positive
中国神话为什么允许人修炼成为神仙	中国神话为什么允许人修炼成为神仙	positive
这个中国小将简直了!进攻迅猛把对手逼到角落暴打看着都疼	这个中国小将简直了!进攻迅猛把对手逼到角落暴打看着都疼	positive
朱亚文直言周旭非常专业,拍感情戏的时候周迅肩膀意外受伤	朱亚文直言周迅非常专业,拍感情戏的时候周迅肩膀意外受伤	negative
大学“最坑人”的5大专业,一个比一个幸酸,报考需十分谨慎!	大学“最坑人”的5大专业,一个比一个辛酸,报考需十分谨慎!	negative
河北因中心校校长因违规公款吃喝受处分	河北大中心校校长因违规公款吃喝受处分	negative
贸易大棒醉翁之意不在酒|心照不轩	贸易大棒醉翁之意不在酒|心照不宣	negative
为什么涂磊老师会对这个女生说话的态度恶略,她太看不起别人了	为什么涂磊老师会对这个女生说话的态度恶劣,她太看不起别人了	negative
南京某医院不开刀就能之癫痫?看高科技智能机器人“手刃”癫痫	南京某医院不开刀就能治癫痫?看高科技智能机器人“手刃”癫痫	negative
特朗普的疯狂会颠覆金融体系金本位或回顾历史舞台	特朗普的疯狂会颠覆金融体系金本位或回归历史舞台	negative
贵州的大山里,绿水青山的,一篇绿油油的庄家,居住在空气真好!	贵州的大山里,绿水青山的,一片绿油油的庄稼,居住在空气真好!	negative
三农问题如果不解决,振新农村完全无从谈起!	三农问题如果不解决,振兴农村完全无从谈起!	negative
吃亏真的是福嘛?	吃亏真的是福吗?	negative
中国最具真能量的省份:河南省!这些年我们都误会河南人了	中国最具正能量的省份:河南省!这些年我们都误会河南人了	negative
李娜经典老歌《杜十娘》孤灯夜下我独自一人做船舱有谁还记得?	李娜经典老歌《杜十娘》孤灯夜下我独自一人坐船舱有谁还记得?	negative
昨晚压的俄罗斯胜,明明俄罗斯胜了为啥说我为中奖?	昨晚压的俄罗斯胜,明明俄罗斯胜了为啥说我未中奖?	negative
满眼小崔手撕明星偷漏税,惊闻教师挡护学生殉公职,孰是国家精神	满眼小崔手撕明星偷漏税,惊闻教师挡护学生殉公职,孰是国家精神	positive
oppo再发文!findx将采用三星曲面品?让我们拭目以待!	oppo再发文!findx将采用三星曲面屏?让我们拭目以待!	negative
投资界快讯|齐家网像港交所提交ipo申请,第二大股东百度持股14.39%	投资界快讯|齐家网向港交所提交ipo申请,第二大股东百度持股14.39%	negative
农村小伙相亲一个月,今天女孩把行李搬进我家了,幸福生活开始!	农村小伙相亲一个月,今天女孩把行李搬进我家了,幸福生活开始!	positive
江河真时大狗生命的贵人,大哥开豪车接江河,胖嫂看傻了	江河真是大哥生命的贵人,大哥开豪车接江河,胖嫂看傻了	negative
舌尖上的美食——灌掌	舌尖上的美食——灌掌	positive
这饭店装修风格挺好	这饭店装修风格挺好	positive
一群礼仪小姐突然人家蒸发,一晚上全都消失的无影无踪,太诡异了	一群礼仪小姐突然人间蒸发,一晚上全都消失的无影无踪,太诡异了	negative
省长进京,一天连见5位部长	省长进京,一天连见5位部长	positive
特朗普这种人怎么也配当总统?	特朗普这种人怎么也配当总统?	positive
这才是血淋淋的战争,抵抗苏军入侵,苏联永远的痛	这才是血淋淋的战争,抵抗苏军入侵,苏联永远的痛	positive
安徽己退休的厅官严重污染系统风气被立案调查	安徽已退休的厅官严重污染系统风气被立案调查	negative
318课(毯子):原来毯子还能这样钩织,实在太好看啦,简直大爱	318课(毯子):原来毯子还能这样钩织,实在太好看啦,简直大爱	positive
又来?爱奇艺招聘过滤河南人惹争议	又来?爱奇艺招聘过滤河南人惹争议	positive
一款适合年轻人开的奔驰,空间再也不用担心了!	一款适合年轻人开的奔驰,空间再也不用担心了!	positive
如何评价vivonex的性价比?	如何评价vivonex的性价比?	positive
他是宋朝最牛书法家,成就超过宋徽宗的“廋金体”	他是宋朝最牛书法家,成就超过宋徽宗的“瘦金体”	negative
局势反转!美军突然服软呼吁重新谈判,伊朗:不接受任何附加条款	局势反转!美军突然服软呼吁重新谈判,伊朗:不接受任何附加条款	positive
拼音和五笔,输入法的恩怨情仇	拼音和五笔,输入法的恩怨情仇	positive
老虎咬伤游客引热议,家属为何没有第一时间道明真相?	老虎咬伤游客引热议,家属为何没有第一时间道明真相?	positive
国内顶级越野房车大聚会,开放车到沙漠里可以这样玩	国内顶级越野房车大聚会,开房车到沙漠里可以这样玩	negative
这个骗子厉害了,赶和警察互怼,七旬老人险被骗	这个骗子厉害了,敢和警察互怼,七旬老人险被骗	negative
偷吃禁果的17岁花季少女为何屡次自残伤害自己下	偷吃禁果的17岁花季少女为何屡次自残伤害自己呢	negative
这老伯也是艺高人胆大,这么大年级还加工那么大的东西	这老伯也是艺高人胆大,这么大年纪还加工那么大的东西	negative
99%的人答错#数学#学生#孩子#教育#我的选择我的路	99%的人答错#数学#学生#孩子#教育#我的选择我的路	positive
无父无母,靠收废品考上大学,从不像命运低头,加油孩子	无父无母,靠收废品考上大学,从不向命运低头,加油孩子	negative
包嘉兴棕蛮有讲究的,原来是这么做的,学会了	包嘉兴粽蛮有讲究的,原来是这么做的,学会了	negative
狗年说狗:我为什么不吃狗肉?朋友盛情招待吃狗肉,言辞拒绝	狗年说狗:我为什么不吃狗肉?朋友盛情招待吃狗肉,严辞拒绝	negative
比邻上海,这里是真有钱还是假繁荣?|返乡调查	比邻上海,这里是真有钱还是假繁荣?|返乡调查	positive
曾号称“世界第三军事强国”的越南:国土防空居然要像印度买导弹	曾号称“世界第三军事强国”的越南:国土防空居然要向印度买导弹	negative
经济比周边的省会还强,徐州为何仅仅是江苏的第六名?	经济比周边的省会还强,徐州为何仅仅是江苏的第六名?	positive
23岁女子凌晨打车遭侵犯杀害!被藏尸烧烤店冰柜……嫌犯已落网	23岁女子凌晨打车遭侵犯杀害!被藏尸烧烤店冰柜……嫌犯已落网	positive
为何大货车司机宁愿撞到人也不愿踩刹车呢?多年货车司机说了实情	为何大货车司机宁愿撞到人也不愿踩刹车呢?多年货车司机说了实情	positive
实力军旅歌唱家雷佳一首《万众归心》,万语千言挂心头,好听	实力军旅歌唱家雷佳一首《万众归心》,万语千言挂心头,好听	positive
90后养生堂开课了:活出漂亮的姿态!	90后养生堂开课了:活出漂亮的姿态!	positive
春是一年好时节,单反出门拍照太麻烦?选对手机出门游玩很轻松	又是一年好时节,单反出门拍照太麻烦?选对手机出门游玩很轻松	negative
晓龙850,麒麟980:逐次来临,大家的期待可能都有	骁龙850,麒麟980:逐次来临,大家的期待可能都有	negative
雍正王朝:雍正含泪刺死弘时,弘时此时才明白是八爷害了他	雍正王朝:雍正含泪刺死弘时,弘时此时才明白是八爷害了他	positive
工地上农民工盖房子不砌砖留门,眼瞅着把自己砌进去出不来,服了	工地上农民工盖房子不砌砖留门,眼瞅着把自己砌进去出不来,服了	positive
李世民为什么要将自己的女儿嫁给年仅花甲的尉迟敬德?	李世民为什么要将自己的女儿嫁给年近花甲的尉迟敬德?	negative
花呗借呗可以套现马巴巴亲自提醒你!	花呗借呗可以套现马爸爸亲自提醒你!	negative
kpl春季赛:edg.m出现网络问题申请暂停!网友:冠军杯国际赛咋整	kpl春季赛:edg.m出现网络问题申请暂停!网友:冠军杯国际赛咋整	positive
牧羊犬消极怠工,小羊玩起了山羊跳,狗:一边玩去烦人	牧羊犬消极怠工,小羊玩起了山羊跳,狗:一边玩去烦人	positive
灰姑娘要打掉妖怪总裁的孩子,不料孩子却动了,灰姑娘舍不得了	灰姑娘要打掉妖怪总裁的孩子,不料孩子却动了,灰姑娘舍不得了	positive
经过研究,日本发生要大地震了,如果日本沉没,世界海平面会上升多少?	经过研究,日本要发生大地震了,如果日本沉没,世界海平面会上升多少?	negative
马蓉现身遭大爷全程跟拍,以为是王宝强顾的人	马蓉现身遭大爷全程跟拍,以为是王宝强雇的人	negative
不能根岳父喝酒?谁说的媳妇[抠鼻]	不能跟岳父喝酒?谁说的媳妇[抠鼻]	negative
粟裕想和张灵甫硬碰硬,毛泽东决心消灭蒋介石的王牌	粟裕想和张灵甫硬碰硬,毛泽东决心消灭蒋介石的王牌	positive
绝地求生:孤存新步枪gbz95体验测试评价称是相当稳的一把枪	绝地求生:孤存新步枪gbz95体验测试评价称是相当稳的一把枪	positive
历史39小时尼泊尔4名被埋工人获救	历时39小时尼泊尔4名被埋工人获救	negative
现代火箭炮究竟有多强?中国已经把它发挥到了极致	现代火箭炮究竟有多强?中国已经把它发挥到了极致	positive
啥婆婆啥儿子都让我给摊上了,老公知道我爱吃他老家的山药,想打电话让婆婆寄来些,还没打山药就收到了	傻婆婆啥儿子都让我给摊上了,老公知道我爱吃他老家的山药,想打电话让婆婆寄来些,还没打山药就收到了	negative
余生很贵,请别浪费	余生很贵,请别浪费	positive
差距明显,一张图看懂小米9吊打mete20,只要2999	差距明显,一张图看懂小米9吊打mete20,只要2999	positive
2018最新小品《人不可貌相》一开场就笑生不断	2018最新小品《人不可貌相》一开场就笑声不断	negative
cba第一人的军功薄,盘点那些年被朱芳雨打服的球队	cba第一人的军功簿,盘点那些年被朱芳雨打服的球队	negative
汉文帝绵里藏针,用一种特别的方式处死舅舅	汉文帝绵里藏针,用一种特别的方式处死舅舅	positive
妖月方舟生存进化起源34制作起源魔方驯服幻影火喷龙!	妖月方舟生存进化起源34制作起源魔方驯服幻影火喷龙!	positive
图解以色里历史(爆笑版)	图解以色列历史(爆笑版)	negative
一部由柳云龙、范冰冰、李小冉主演的谍战片,还有王宝强哦	一部由柳云龙、范冰冰、李小冉主演的谍战片,还有王宝强哦	positive
昔日与那英其名的歌星尹相杰,如今年近50街头卖唱	昔日与那英齐名的歌星尹相杰,如今年近50街头卖唱	negative
神超:有人说用武器出西兰刀可以打爆我鳄鱼,我只能说你是个麻瓜	神超:有人说用武器出西兰刀可以打爆我鳄鱼,我只能说你是个麻瓜	positive
查理忙格的优秀表现与价值投资	查理价格的优秀表现与价值投资	negative
互金晚报:联璧金融遭集中挤兑体现困难;维信金科首日盘中破发	互金晚报:联璧金融遭集中挤兑提现困难;维信金科首日盘中破发	negative
让美国也疼一下!中国应该封杀苹果!“你来我往,君子也!”	让美国也疼一下!中国应该封杀苹果!“你来我往,君子也!”	positive
《爱情公寓4》同样是吃早餐,张益达和曾小贱差别这么大	《爱情公寓4》同样是吃早餐,张益达和曾小贤差别这么大	negative
【专栏1.12】怎样在手帐中分配兴趣时间,把每一天过程想要的模样	【专栏1.12】怎样在手帐中分配兴趣时间,把每一天过成想要的模样	negative
开挂的名族不一般,中国花费2000万,印度却只用拖拉机简单解决了	开挂的民族不一般,中国花费2000万,印度却只用拖拉机简单解决了	negative
重磅:靴子落地,中国首例开增房屋空置税的城市,影响有多大?	重磅:靴子落地,中国首例开征房屋空置税的城市,影响有多大?	negative
逮谁骂谁的高铁女,只有行拘才能让她闭嘴	逮谁骂谁的高铁女,只有刑拘才能让她闭嘴	negative
名满大唐的李白为何在安史之乱后落个“世人皆欲杀”的下场	名满大唐的李白为何在安史之乱后落个“世人皆欲杀”的下场	positive
怎么看家长辅导作业?孩子说着说着竟哭了!都不容易啊!	怎么看家长辅导作业?孩子说着说着竟哭了!都不容易啊!	positive
女婴路边晒太阳一个10岁孩子牵狗路过烈狗突然冲出将其撕咬!	女婴路边晒太阳一个10岁孩子牵狗路过狗狗突然冲出将其撕咬!	negative
兰州市民迎接逆火英雄回金昌!	兰州市民迎接救火英雄回金昌!	negative
漂亮小姐姐陪人看电影,还主动送上2万8红包!真相大跌眼镜	漂亮小姐姐陪人看电影,还主动送上2万8红包!真相大跌眼镜	positive
古城小巷|玩转北京胡同	古城小巷|玩转北京胡同	positive
金典文化	经典文化	negative
“林黛玉”陈晓旭患乳腺癌,“探春”胡泽红讲述患病原因	“林黛玉”陈晓旭患乳腺癌,“探春”胡泽红讲述患病原因	positive
律师:商家古人排队涉嫌违法行为	律师:商家个人排队涉嫌违法行为	negative
女孩为因为男孩拿不出彩礼而分手,不像浪费青春!	女孩为因为男孩拿不出彩礼而分手,不想浪费青春!	negative
小米9售价2999起,无限充电比有限充电还快,充满只需1.3小时	小米9售价2999起,无线充电比有线充电还快,充满只需1.3小时	negative
杭州美女大胃王一顿能吃8斤炒饭	杭州美女大胃王一顿能吃8斤炒饭	positive
美国一架f15战机在冲绳附近海域坠毁飞行员跳伞	美国一架f15战机在冲绳附近海域坠毁飞行员跳伞	positive
幽默段子:班上新传来了一个妹子,很漂亮班主任让她自我介绍	幽默段子:班上新转来了一个妹子,很漂亮班主任让她自我介绍	negative
参观南昌朋友130平美式新房,餐厅太美了,想问全包18万贵不贵?	参观南昌朋友130平美式新房,餐厅太美了,想问全包18万贵不贵?	positive
本田cr-v疑似推2019款车型,扔搭1.5t还配混动,还能卷土重来吗	本田cr-v疑似推2019款车型,仍搭1.5t还配混动,还能卷土重来吗	negative
《平型关大捷》的原型故事,周恩说谁的牺牲是无可补偿的损失?	《平型关大捷》的原型故事,周恩来谁的牺牲是无可补偿的损失?	negative
鸿茅药酒“瑰宝论”鼓吹者:多名专家在鸿茅系关联公司任职	鸿茅药酒“瑰宝论”鼓吹者:多名专家在鸿茅系关联公司任职	positive
世界杯即将落幕,电竞盛事ti不就即将打响,这才是电竞世界杯	世界杯即将落幕,电竞盛事ti不久即将打响,这才是电竞世界杯	negative
自称乌鸦嗓女孩,唱《像风一样自由》,汪峰直呼就喜欢个性声音!	自称乌鸦嗓女孩,唱《像风一样自由》,汪峰直呼就喜欢个性声音!	positive
为啥说vivonex很难干过oppofindx?	为啥说vivonex很难干过oppofindx?	positive
涛哥捷达被势力女怒骂,500万超跑整懵女子	涛哥捷达被势力女怒骂,500万超跑整懵女子	positive
女孩学杨钰莹唱歌,没想到一场还真被当做是杨钰莹!	女孩学杨钰莹唱歌,没想到一场还真被当做是杨钰莹!	positive
芈月传:嬴稷成为秦王,芈姝简直不敢相信!-国语流畅	芈月传:嬴政成为秦王,芈姝简直不敢相信!-国语流畅	negative
假若有来世,不在选择做人	假若有来世,不再选择做人	negative
最快10年将出现第一批死人复活?美国专家放话:干细胞技术可行	最快10年将出现第一批死人复活?美国专家放话:干细胞技术可行	positive
友友看老奶奶,房间里白设的整整齐齐,多好看	友友看老奶奶,房间里摆设的整整齐齐,多好看	negative
时间是人类的幻觉,百年前爱因斯坦早已给出答案,时间根本不存在	时间是人类的幻觉,百年前爱因斯坦早已给出答案,时间根本不存在	positive
如果银行不让支付宝绑定银行卡,支付宝前途堪忧!	如果银行不让支付宝绑定银行卡,支付宝前途堪忧!	positive
如果由你来决定范冰冰、赴薇的春节,安排哪个场所最合适?为什么?	如果由你来决定范冰冰、赵薇的春节,安排哪个场所最合适?为什么?	negative
在800v下启动6kv电动机,你们知道为什么要降压启动吗	在800v下启动6kv电动机,你们知道为什么要降压启动吗	positive
《流浪地球》吸虹效应加剧《疯外》28亿保底咋办	《流浪地球》吸虹效应加剧《疯外》28亿保底咋办	positive
安卓将向华为,小米等中国手机厂商收费	安卓将向华为,小米等中国手机厂商收费	positive
昨天世办杯买瑞典对瑞士1:0,买中了却况不了奖,原来	昨天世界杯买瑞典对瑞士1:0,买中了却兑不了奖,原来	negative
康熙皇帝抓禅的故事	康熙皇帝抓蝉的故事	negative
意甲-ac米兰输球却在复兴,博努奇滑轨引争议!	意甲-ac米兰输球却在复兴,博努奇滑轨引争议!	positive
“沙漠变绿洲”中国完成一项大技术,震撼世界,有一次创造奇迹	“沙漠变绿洲”中国完成一项大技术,震撼世界,又一次创造奇迹	negative
唯一一部使用了独立显卡的安卓手机——me525	唯一一部使用了独立显卡的安卓手机——me525	positive
老外能把刀郎的《蓝莲花》唱成啥样,不服的算给我输	老外能把刀郎的《蓝莲花》唱成啥样,不服的算给我输	positive
哈尔冰新规:主城区6区新购房,3年内不能销售	哈尔滨新规:主城区6区新购房,3年内不能销售	negative
违规晾晒物品被扣,男子持菜刀威胁城管	违规晾晒物品被扣,男子持菜刀威胁城管	positive
形式逆转?此国被迫接受华为5g,任正非大松一口气,美国惊慌失措	形势逆转?此国被迫接受华为5g,任正非大松一口气,美国惊慌失措	negative
这个小伙子被大家称为铁路运输一线的排头兵,看看他在平凡岗位上都做了啥?	这个小伙子被大家称为铁路运输一线的排头兵,看看他在平凡岗位上都做了啥?	positive
佟大为回应苹果假戏真做,的确进去了!范冰冰:他是专业的!	佟大为回应苹果假戏真做,的确进去了!范冰冰:他是专业的!	positive
游客“偷香蕉”:勿以恶小而为之	游客“偷香蕉”:勿以恶小而为之	positive
王者荣耀:盘古比程咬金还有强壮,网友:比不了	王者荣耀:盘古比程咬金还要强壮,网友:比不了	negative
最厉害的四个qq号,最贵的10年前在魔都卖出50万的天价!	最厉害的四个qq号,最贵的10年前在魔都卖出50万的天价!	positive
玉米网红吃法,吃了块三十年,这做法还是头一回见,也太有才了吧	玉米网红吃法,吃了快三十年,这做法还是头一回见,也太有才了吧	negative
德系车终于在国内混不下去了!韩系现代宣布“投降”	德系车终于在国内混不下去了!韩系现代宣布“投降”	positive
新年新气象,吉利汽车更换全新标致,银色边框更时尚更帅气	新年新气象,吉利汽车更换全新标志,银色边框更时尚更帅气	negative
中国人到底有多少钱?	中国人到底有多少钱?	positive
明日之后:汤姆逊比ump9伤害高?15秒击杀boss,拿什么跟它比?	明日之后:汤姆逊比ump9伤害高?15秒击杀boss,拿什么跟它比?	positive
大爷想要领4分粥被拒绝一怒之下把粥砸倒桌上志愿者被溅一身	大爷想要领4份粥被拒绝一怒之下把粥砸到桌上志愿者被溅一身	negative
82马力拖拉机横拉硬拽50吨开车,疯狂的农机手把轮子都埋进了土里	82马力拖拉机横拉硬拽50吨货车,疯狂的农机手把轮子都埋进了土里	negative
2993-2018欧冠决赛集锦,你看的最一个欧冠决赛是哪年?	2993-2018欧冠决赛集锦,你看的第一个欧冠决赛是哪年?	negative
春天桅子花怎么养?	春天栀子花怎么养?	negative
西昆高铁开通,带你婉转g2853	西昆高铁开通,带你玩转g2853	negative
国产航空母舰涂料任然采用美国标准,国产品牌还需努力!	国产航空母舰涂料仍然采用美国标准,国产品牌还需努力!	negative
下一站,别离:秋月姐为了要二胎,竟和姐在车库,看来很急啊	下一站,别离:秋月姐为了要二胎,竟和姐在车库,看来很急啊	positive
太子告知太子妃,大婚那晚俩人没圆房,太子妃懵了:还算有良心!	太子告知太子妃,大婚那晚俩人没圆房,太子妃懵了:还算有良心!	positive
6旬老人3次入水就出3人,能把孩子久了付出生命都值	6旬老人3次入水救出3人,能把孩子救了付出生命都值	negative
《情满四合院》:厂长杀鸡敬候,傻柱配合厂长演戏,太逗了	《情满四合院》:厂长杀鸡儆猴,傻柱配合厂长演戏,太逗了	negative
天天喊东风快递吓坏美军了,看看真实的美军报告怎么讲	天天喊东风快递吓坏美军了,看看真实的美军报告怎么讲	positive
他的诗根本就不入流,却因出现在千古著名诗句中而被人熟知	他的诗根本就不入流,却因出现在千古著名诗句中而被人熟知	positive
女乘客与滴滴司机相隔百米,却让滴滴司机饶了2公里!	女乘客与滴滴司机相隔百米,却让滴滴司机绕了2公里!	negative
卢中南颜楷演示欣赏讲座视频,漂亮(4)	卢中南颜楷演示欣赏讲座视频,漂亮(4)	positive
下大雨道处都是大急鱼	下大雨到处都是大鲫鱼	negative
看见小姨来了,这把我儿子兴奋的	看见小姨来了,这把我儿子兴奋的	positive
四川内江:美食节上小哥表演花式拉面绝活	四川内江:美食节上小哥表演花式拉面绝活	positive
史上最干净的男人,嫌空气有细菌不出门,还嫌女朋友脏!	史上最干净的男人,嫌空气有细菌不出门,还嫌女朋友脏!	positive
玉米产量低,你可能落入玉米种植陷进!小心玉米种植这几大误区	玉米产量低,你可能落入玉米种植陷井!小心玉米种植这几大误区	negative
他是sm里最会跳舞的艺人,如今却用唱功征服金钟国黄致列	他是sm里最会跳舞的艺人,如今却用唱功征服金钟国黄致列	positive
嘴炮康纳vs小鹰哈比布,二番战超燃集锦!	嘴炮康纳vs小鹰哈比布,二番战超燃集锦!	positive
火车轮胎起火收费站紧急施救	货车轮胎起火收费站紧急施救	negative
老毕开始寻找自己的另一半?老爸原任妻子女儿都劝他早成家	老爸开始寻找自己的另一半?老爸前任妻子女儿都劝他早成家	negative
小鸟为吃到虫子钻到犀牛耳朵里……犀牛一脸的享受	小鸟为吃到虫子钻到犀牛耳朵里……犀牛一脸的享受	positive
刘德华跌落“神坛”:俗,是男人最撩人的性感	刘德华跌落“神坛”:俗,是男人最撩人的性感	positive
原来计春华老师生前竟是一个非常自律的人,锻炼身体一天都没拉下	原来计春华老师生前竟是一个非常自律的人,锻炼身体一天都没落下	negative
25岁女生学邓丽君走路,把郭德纲吓得跳到椅子上!	25岁女生学邓丽君走路,把郭德纲吓得跳到椅子上!	positive
这个女人大我36岁,也是世界上最疼最爱我的女人,她无私的爱灌盖了我的一生,不相信误喷。	这个女人大我36岁,也是世界上最疼最爱我的女人,她无私的爱灌溉了我的一生,不相信误喷。	negative
省人民检察院原副巡视员贾文声涉嫌严重违纪违法	省人民检察院原副巡视员贾文生涉嫌严重违纪违法	negative
英雄联盟洲际赛rngvskz,为什么姿态被单杀被称为战术性单杀?	英雄联盟洲际赛rngvskz,为什么姿态被单杀被称为战术性单杀?	positive
河南豫剧好听吗?	河南豫剧好听吗?	positive
弹弓射鱼算个啥!义乌刚出的“字母钩”,十钓十中	弹弓射鱼算个啥!义乌刚出的“字母钩”,十钓十中	positive
故事:父母车祸双亡,她出门散心,意外发现车祸真相	故事:父母车祸双亡,她出门散心,意外发现车祸真相	positive
这是那里的工地?我要去!	这是哪里的工地?我要去!	negative
传销组织里面的男女关系,女同学的亲身经历,血泪控诉	传销组织里面的男女关系,女同学的亲身经历,血泪控诉	positive
全国1600万教师将迎来收入、编制、职称等7大利好消息	全国1600万教师将迎来收入、编制、职称等7大利好消息	positive
人家初二都是去娘家追节,没爹没娘,只有初三去上坟,自己给家也享受一下年味吧	人家初二都是去娘家过节,没爹没娘,只有初三去上坟,自己回家也享受一下年味吧	negative
陕北歌王王向荣挑战崔健摇滚《长安长安》,还自创说唱	陕北歌王王向荣挑战崔健摇滚《长安长安》,还自创说唱	positive
违规并道致擦碰还无理取闹这下所有的乘客都怒了!	违规并导致擦碰还无理取闹这下所有的乘客都怒了!	negative
父亲病逝母亲改嫁,年幼姐弟孤苦无依,村民怜悯却也爱慕能助	父亲病逝母亲改嫁,年幼姐弟孤苦无依,村民怜悯却也爱莫能助	negative
与高管有冲突whatsapp联合创始人将离开faceobok	与高管有冲突whatsapp联合创始人将离开faceobok	positive
央视快评:恍如隔世,特朗普政府的霸凌行径可以休矣	央视快评:恍如隔世,特朗普政府的霸凌行径可以休矣	positive
高通药丸?垄断成了被告,苹果华为出庭作证,高通威胁断供芯片	高通要完?垄断成了被告,苹果华为出庭作证,高通威胁断供芯片	negative
女神于红梅二胡演奏《北京有个红太阳》,经典演奏,越听越醉!	女神于红梅二胡演奏《北京有个红太阳》,经典演奏,越听越醉!	positive
身家插水200亿,贵为首富坐牢10年。然而尚未出狱已经重回巅峰?	身家缩水200亿,贵为首富坐牢10年。然而尚未出狱已经重回巅峰?	negative
马为什么是站着睡觉,而牛是窝着睡?说出来你都不一定会相信	马为什么是站着睡觉,而牛是卧着睡?说出来你都不一定会相信	negative
舌尖上的春天开启美味香椿大量上市	舌尖上的春天开启美味香椿大量上市	positive
102户抢128套房,中签率仅3%!一大波红盘已上线,谁将开启杭城首个“万人摇”?	102户抢128套房,中签率仅3%!一大波红盘已上线,谁将开启杭城首个“万人摇”?	positive
乞丐嫁妆“瞎子”欺骗女孩子!	乞丐假装“瞎子”欺骗女孩子!	negative
6500万年恐龙灭绝画面,直径10公里小行星撞击地球,人类无法抵御	6500万年恐龙灭绝画面,直径10公里小行星撞击地球,人类无法抵御	positive
【每日github】github上start最多的项目	【每日github】github上start最多的项目	positive
无锡一酒店大堂被堆满花圈致三岁男童身亡车祸引发	无锡一酒店大堂被堆满花圈致三岁男童身亡车祸引发	positive
瑞典世乒赛半决赛香港1:0领先中国,刘国梁指导金句(一)	瑞典世乒赛半决赛香港1:0领先中国,刘国梁指导金句(一)	positive
2018新一线城市有人欢喜有人忧,连续三界新一线的城市被淘汰	2018新一线城市有人欢喜有人忧,连续三届新一线的城市被淘汰	negative
老太驾三轮逆行穿马路不料刚漏车头就被小轿车撞飞	老太驾三轮逆行穿马路不料刚露车头就被小轿车撞飞	negative
3岁宝宝轻松识字断句,记忆力超强,说话不按套路孟非都招架不住	3岁宝宝轻松识字断句,记忆力超强,说话不按套路孟非都招架不住	positive
唐国强回忆东南亚宣传《三国》:观众感动下跪!	唐国强回忆东南亚宣传《三国》:观众感动下跪!	positive
小时候,做过哪些惊天动地的趣事?网友:把表弟揣进屎坑里	小时候,做过哪些惊天动地的趣事?网友:把表弟踹进屎坑里	negative
事业单位改革:两年后有5这大变化!取消事业编铁饭碗将成历史?	事业单位改革:两年后有5个大变化!取消事业编铁饭碗将成历史?	negative
卷帘大将被玉帝贬下凡,过程让人痛心,一个琉璃盏比不上一个人!	卷帘大将被玉帝贬下凡,过程让人痛心,一个琉璃盏比不上一个人!	positive
明明打败却要喊大捷,魏东亭只这个做法,就让康熙少了一个乱子!	明明大败却要喊大捷,魏东亭只这个做法,就让康熙少了一个乱子!	negative
悟空有做了一件好事,将南无村的水源问题解决了	悟空又做了一件好事,将南无村的水源问题解决了	negative
郭德纲太忙,段子创作越开越不用心,德云社离相声越来越远了	郭德纲太忙,段子创作越来越不用心,德云社离相声越来越远了	negative
人民日报评论员:祝福中国!祝福世界!	人民日报评论员:祝福中国!祝福世界!	positive
以后的房价会越来越贵吗?	以后的房价会越来越贵吗?	positive
一道高考题两个标准答案机构老师:原因在考死知识	一道高考题两个标准答案机构老师:原因在考死知识	positive
70岁夫妻均患心梗,医生提醒:4种食物是血栓加速器,别再大意!	70岁夫妻均患心梗,医生提醒:4种食物是血栓加速器,别再大意!	positive
全国罕见!哈尔滨交警系统被指“塌方式”腐败	全国罕见!哈尔滨交警系统被指“塌方式”腐败	positive
茶馆京腔京韵的莲花落,真是绝了,不停您后悔	茶馆京腔京韵的莲花落,真是绝了,不听您后悔	negative
htc不在沉默:8gb+512gb比iphonex还漂亮	htc不再沉默:8gb+512gb比iphonex还漂亮	negative
朱清时院士,练了10年的安娜班纳呼吸法门,是一种什么功夫?	朱清时院士,练了10年的安娜班纳呼吸法门,是一种什么功夫?	positive
欢乐喜剧人第三季第一期:阉鹤翔自我调侃缺少好爹很难红	欢乐喜剧人第三季第一期:严鹤翔自我调侃缺少好爹很难红	negative
昨晚过后,女排最失落球员浮出水面,不是李盈莹,也不是张意蝉	昨晚过后,女排最失落球员浮出水面,不是李盈莹,也不是张意蝉	positive
三轮车侧翻压车主,抬起来以后转圈在碾压,这是多大的仇!	三轮车侧翻压车主,抬起来以后转圈再碾压,这是多大的仇!	negative
国安官宣3新援加盟!规划两将+邹德海来投	国安官宣3新援加盟!归化两将+邹德海来投	negative
一个中年男人的自述:经济出轨比身体出轨更严重,碰上坚决离婚	一个中年男人的自述:经济出轨比身体出轨更严重,碰上坚决离婚	positive
滨州开发区一种赛课感动成长	滨州开发区一中赛课感动成长	negative
京东618累计下单达1275亿元,刷新历史新高	京东618累计下单达1275亿元,刷新历史新高	positive
实拍中国最干净城市街道,看不到任何垃圾,令网友称赞不觉!	实拍中国最干净城市街道,看不到任何垃圾,令网友称赞不绝!	negative
董事长秘书在总裁面前摆架子,总裁大怒,立马开除他	董事长秘书在总裁面前摆架子,总裁大怒,立马开除他	positive
澳大利亚虎皮鹦鹉泛滥,尽10万只鹦鹉聚集,场面相当壮观	澳大利亚虎皮鹦鹉泛滥,近10万只鹦鹉聚集,场面相当壮观	negative
枪法似自秒,意识如透视。	枪法似自瞄,意识如透视。	negative
教师资格证面试结构问答五大回答方法,收藏吧	教师资格证面试结构问答五大回答方法,收藏吧	positive
这首唐诗中含有意境绝美的名句:掬水月在手,弄香花满衣	这首唐诗中含有意境绝美的名句:掬水月在手,弄香花满衣	positive
春节路上它最让人羡慕,动力越野抢过普拉多,7个座比埃尔法舒坦	春节路上它最让人羡慕,动力越野强过普拉多,7个座比埃尔法舒坦	negative
谁说iqoo只有性能?这些样张是它比肩顶级旗舰的最好体现	谁说iqoo只有性能?这些样张是它比肩顶级旗舰的最好体现	positive
还得感谢特朗普!中日关系在特朗普助推下加速解冻	还得感谢特朗普!中日关系在特朗普助推下加速解冻	positive
《我不是药神》点映票房过亿,屡中爆款的阿里影业真是“命好”吗	《我不是药神》点映票房过亿,片中爆款的阿里影业真是“命好”吗	negative
来这里一顶看护好自己包	来这里一定看护好自己包	negative
钟丽缇三维尺寸大公开,张伦硕直呼不敢看,这段好逗!	钟丽缇三围尺寸大公开,张伦硕直呼不敢看,这段好逗!	negative
农民在一块水田里放了18个笼子,第二天大清早就来起,收茯些啥?	农民在一块水田里放了18个笼子,第二天大清早就来起,收获些啥?	negative
从青变红	从青变红	positive
印度女孩,来到中国接受媒体采访“想比印度,我更愿意留在中国”	印度女孩,来到中国接受媒体采访“相比印度,我更愿意留在中国”	negative
不愧是阎锡山的王牌亲训师竟被日本人训练成了活脱脱的日军	不愧是阎锡山的王牌亲训师竟被日本人训练成了活脱脱的日军	positive
儿子出走时给农村母亲留的钱被老公偷走,儿媳知错时调头回去认错	儿子出走时给农村母亲留的钱被老公偷走,儿媳知错时调头回去认错	positive
大妈要求旅游大巴车送其回家:不送就给车费!司机委屈,民警尴尬	大妈要求旅游大巴车送其回家:不送就给车费!司机委屈,民警尴尬	positive
丈夫醉酒推车们摔下车妻子浑然不知径直将车子开走	丈夫醉酒推车门摔下车妻子浑然不知径直将车子开走	negative
花15万装修房子,朋友一看客厅墙就膜拜!太漂亮了	花15万装修房子,朋友一看客厅墙就膜拜!太漂亮了	positive
携程四季度亏损各业务板块营收均上涨	携程四季度亏损各业务板块营收均上涨	positive
此人一千年前就提出均贫富的口号,带你贫困人群发动农民起义!	此人一千年前就提出均贫富的口号,带领贫困人群发动农民起义!	negative
日本6.1级强震致至少3死240伤地震现场图曝光:地裂、屋塌	日本6.1级强震致至少3死240伤地震现场图曝光:地裂、屋塌	positive
逆行还超速,摩托车骑士连冲三个拦捡点,连警察都不放眼里	逆行还超速,摩托车骑士连冲三个拦截点,连警察都不放眼里	negative
永葆政治本色习近平这样为党庆生	永葆政治本色习近平这样为党庆生	positive
演员王志文与儿子王也现场大吵离场,没想到一位神秘大咖前来助阵	演员王志文与儿子王也现场大吵离场,没想到一位神秘大咖前来助阵	positive
男童因撞到壮汉被踹飞一米远颅内出血当场昏迷	男童因撞倒壮汉被踹飞一米远颅内出血当场昏迷	negative
周杰伦具有警示意义的一首歌曲经常被忽略	周杰伦具有警示意义的一首歌曲经常被忽略	positive
与其问这艘船凭什么得以成为上海市标不如说上海因次船而建	与其问这艘船凭什么得以成为上海市标不如说上海因此船而建	negative
120救护车接病人不停鸣笛求让行公交车不予理睬反而故意别车	120救护车接病人不停鸣笛求让行公交车不予理睬反而故意别车	positive
日本黑帮和美国黑帮干起来了,结果日本鬼子吓哭了	日本黑帮和美国黑帮干起来了,结果日本鬼子吓哭了	positive
美国发出军事打击警告,伊朗将军强硬回应,欢迎美军送上们来	美国发出军事打击警告,伊朗将军强硬回应,欢迎美军送上门来	negative
曾仕强:为什么说讲英语的人是半恼人,而讲汉语的人才是全恼人?	曾仕强:为什么说讲英语的人是半脑人,而讲汉语的人才是全脑人?	negative
圈内最低调夫妻,出道至今没绯闻,今两人都火了才知是父亲!	圈内最低调夫妻,出道至今没绯闻,今两人都火了才知是父亲!	positive
《荒野大镖客2》新情报:已开发8年,集结r星所有团队	《荒野大镖客2》新情报:已开发8年,集结r星所有团队	positive
他率领十万大军出征凯旋而归时得知皇帝死讯直接半路登基称帝	他率领十万大军出征凯旋而归时得知皇帝死讯直接半路登基称帝	positive
鸿茅药酒发布企业自查整改报告:向社会道歉,恳请谅解	鸿茅药酒发布企业自查整改报告:向社会道歉,恳请谅解	positive
中越战争:对越自卫反击战给越南造成什么影响?	中越战争:对越自卫反击战给越南造成什么影响?	positive
安徽六安:上半年住宅销量近2万套,地产商预计房价还回继续涨	安徽六安:上半年住宅销量近2万套,地产商预计房价还会继续涨	negative
记者买了三份耗油,请来专家检测,你猜里面有没有生蚝	记者买了三份蚝油,请来专家检测,你猜里面有没有生蚝	negative
战后,一名日本慰安夫这样回忆美国女兵:她让我想起家乡的水牛	战后,一名日本慰安妇这样回忆美国女兵:她让我想起家乡的水牛	negative
本周北京天气平静最高温达29℃昼夜温差超10℃	本周北京天气平静最高温达29℃昼夜温差超10℃	positive
太惊险了!差点被查出来发报机,得亏是自己人,简直碟中谍啊!	太惊险了!差点被查出来发报机,得亏是自己人,简直碟中谍啊!	positive
国家统计局:东方不亮西方亮,我们的贸易空间依然非常大	国家统计局:东方不亮西方亮,我们的贸易空间依然非常大	positive
cptpp生效:日本成了最大赢家	cptpp生效:日本成了最大赢家	positive
身价上亿的人抽啥烟?胡歌抽中国,赵薇抽红塔山,林更新让人笑喷	身价上亿的人抽啥烟?胡歌抽中华,赵薇抽红塔山,林更新让人笑喷	negative
省会书记自曝每天工作16小时	省委书记自曝每天工作16小时	negative
狼牙山出了五位壮士,载入了中国的史册,永都磨灭的历史	狼牙山出了五位壮士,载入了中国的史册,永不磨灭的历史	negative
刺激战场:让敌人输在起跑线上,汽车无限加速bug,起步快人一倍	刺激战场:让敌人输在起跑线上,汽车无限加速bug,起步快人一倍	positive
零下10度,又遇降雪,看看这辆床车里的暖气还能正常启动么	零下10度,又遇降雪,看看这辆房车里的暖气还能正常启动么	negative
日本竟藏这么多中国青铜器精品!	日本竟藏这么多中国青铜器精品!	positive
婆婆说电视机太小,要换掉,我出钱买的,要换你去买	婆婆说电视机太小,要换掉,我出钱买的,要换你去买	positive
科目三3次没过打算花2000买过辛亏听了教练的话没吃这个亏	科目三3次没过打算花2000买过幸亏听了教练的话没吃这个亏	negative
买不起奔驰g就买它!全新suv比普拉多还帅十几倍,性能掉打悍马	买不起奔驰g就买它!全新suv比普拉多还帅十几倍,性能吊打悍马	negative
过火了,20岁小伙体内取出25里面长不规则硬物!小伙:再也不玩了	过火了,20岁小伙体内取出25厘米长不规则硬物!小伙:再也不玩了	negative
上海是国际大都市,教课书改“外婆”为“姥姥”并不是方言问题!	上海是国际大都市,教科书改“外婆”为“姥姥”并不是方言问题!	negative
谁家的小姑娘,炖的这是什么菜?以前居然没见过	谁家的小姑娘,炖的这是什么菜?以前居然没见过	positive
昔日的制造强国开始变了?花了大价钱的护卫舰一下水就向右倾	昔日的制造强国开始变了?花了大价钱的护卫舰一下水就向右倾	positive
真为中国足球长脸!女足提前晋级世界杯,fifa撰文重点表扬	真为中国足球长脸!女足提前晋级世界杯,fifa撰文重点表扬	positive
西安部分幼升小录取通知书下来了,你的孩子考上好学校了吗	西安部分幼升小录取通知书下来了,你的孩子考上好学校了吗	positive
奇瑞要逆袭了!新车售价13万,性能远超奥迪q5!	奇瑞要逆袭了!新车售价13万,性能远超奥迪q5!	positive
高铁时代!河南5条高铁同时再建,多地结束无高铁史,你家受益了吗?	高铁时代!河南5条高铁同时在建,多地结束无高铁史,你家受益了吗?	negative
打脸所有归化人:98年美少女生在日本,拒被归化只想代表祖国出战	打脸所有归化人:98年美少女生在日本,拒被归化只想代表祖国出战	positive
流浪歌手花姐《你的样子》完整版,这样的姑娘你爱吗?好听醉了!	流浪歌手花姐《你的样子》完整版,这样的姑娘你爱吗?好听醉了!	positive
美国政府已不管穷人死活,穷人已难以再影响美国政治未来	美国政府已不管穷人死活,穷人已难以再影响美国政治未来	positive
深度分析!亨通光电在5g时代是否还会给投资者10倍的回报?	深度分析!亨通光电在5g时代是否还会给投资者10倍的回报?	positive
最新!马丁斯恐赛季报销!伤情最新曝光吴金贵:我们赔大了!	最新!马丁斯恐赛季报销!伤情最新曝光吴金贵:我们赔大了!	positive
国服第一刘婵“孤王”猝死!到底是何原因?	国服第一刘婵“孤王”猝死!到底是何原因?	positive
萨达姆被美国绞死,那么,还有什么人为萨达姆守墓?	萨达姆被美国绞死,那么,还有什么人为萨达姆守墓?	positive
真人我的世界:卷毛拉着一大框银子去买香蕉手机,被被骗了	真人我的世界:卷毛拉着一大堆银子去买香蕉手机,被被骗了	negative
天猫618汽车新零售大爆发,弹个车销售额突破20亿	天猫618汽车新零售大爆发,弹个车销售额突破20亿	positive
信用卡额度从29000元骤降至500元,竟然是乱用pos机惹的祸!	信用卡额度从29000元骤降至500元,竟然是乱用pos机惹的祸!	positive
开封一女子精神恍惚不穿衣服睡大街,辛亏遇上好民警	开封一女子精神恍惚不穿衣服睡大街,幸亏遇上好民警	negative
头条号里面挣钱吗?今天揭秘入住头条号20多天的收益!	头条号里面挣钱吗?今天揭秘入驻头条号20多天的收益!	negative
男子以为女子要跳楼,上去就一把抱住,女子:抱上瘾了?	男子以为女子要跳楼,上去就一把抱住,女子:抱上瘾了?	positive
高考出卷出现重大失误,责任怪谁?	高考出卷出现重大失误,责任怪谁?	positive
s14最强辅助,庄园退下,东皇靠边,鬼谷子闪人,他回来了!	s14最强辅助,庄园退下,东皇靠边,鬼谷子闪人,他回来了!	positive
韩练成从香港辗转来到西北坡,一生中唯一,一次和毛主席的谈话	韩练成从香港辗转来到西柏坡,一生中唯一,一次和毛主席的谈话	negative
孩子幼儿园的班主任竟然还未成年,这种现象于情于理怎么看?	孩子幼儿园的班主任竟然还未成年,这种现象于情于理怎么看?	positive
南京一女子独留娃在家女童4楼坠落身亡	南京一女子独留娃在家女童4楼坠落身亡	positive
朱标却是是个好大哥,有做兄长的风范!他若不死,朱棣敢反?	朱标确实是个好大哥,有做兄长的风范!他若不死,朱棣敢反?	negative
iphone7与iphone6s改选哪个?	iphone7与iphone6s该选哪个?	negative
沙特绝杀逼疯韩国!若输给德国,他们将成本届世界杯最烂的亚洲队	沙特绝杀逼疯韩国!若输给德国,他们将成本届世界杯最烂的亚洲队	positive
房价将三四十万?房贷利率大涨房产税加速2020见分晓	房价降三四十万?房贷利率大涨房产税加速2020见分晓	negative
这台合资车总价不到五万,每公里耗油5.2l,轻松开回家	这台合资车总价不到五万,每公里耗油5.2l,轻松开回家	positive
雷军:少雇人,要雇就要过十年经验以上的	雷军:少雇人,要雇就要过十年经验以上的	positive
“我爸是隆科多”隆科多儿子冲撞了老十三,吓得隆科多跪下认错	“我爸是隆科多”隆科多儿子冲撞了老十三,吓得隆科多跪下认错	positive
被郝蕾年轻时的古装照惊艳到!难怪邓超深爱她十年,网友:可惜了	被郝蕾年轻时的古装照惊艳到!难怪邓超深爱她十年,网友:可惜了	positive
《补中益气丸》《香砂六君丸》,解决长期腹泻,你需要这样做才对	《补中益气丸》《香砂六君丸》,解决长期腹泻,你需要这样做才对	positive
80高龄老伴去世93岁老人将银行银行告上了法庭一辈子的血汗钱啊	80高龄老伴去世93岁老人将银行告上了法庭一辈子的血汗钱啊	negative
梅威瑟一回合ko日本神通,姜是老的辣还是胜之不武?	梅威瑟一回合ko日本神童,姜是老的辣还是胜之不武?	negative
家庭地位可见一斑	家庭地位可见一斑	positive
别纠结四季钓鱼用什么饵料配方了,金典老鬼11套配方,钓傻四方	别纠结四季钓鱼用什么饵料配方了,金典老鬼11套配方,钓杀四方	negative
假如子弹只能救一人,以下四位男明星,你会选择哪个?	假如子弹只能救一人,以下四位男明星,你会选择哪个?	positive
b超单里看这几个数据,就只是男还是女	b超单里看这几个数据,就知是男还是女	negative
你死的那天,有些自媒体在欢庆10w+	你死的那天,有些自媒体在欢庆10w+	positive
佛山布署55个重点项目,每个项目都由市领导牵头负责	佛山部署55个重点项目,每个项目都由市领导牵头负责	negative
爱情不分丑陋,不分贵贱,愿天下有情人,终成眷属[微笑]	爱情不分丑陋,不分贵贱,愿天下有情人,终成眷属[微笑]	positive
热心肠姑姑抚养5个侄子长达20年,姑姑一出场涂磊直夸漂亮	热心肠姑姑抚养5个侄子长达20年,姑姑一出场涂磊直夸漂亮	positive
跨年晚会baby跑调,虽然不好听但至少是真长,颜值即是正义	跨年晚会baby跑调,虽然不好听但至少是真唱,颜值即是正义	negative
刘强东说平均工资1.1-1.3万,京东快递小哥说8千多,谁在说谎?	刘强东说平均工资1.1-1.3万,京东快递小哥说8千多,谁在说谎?	positive
「阿奇解说」街霸5:世界第一埃及舞娘,梅原那他也没什么办法	「阿奇解说」街霸5:世界第一埃及舞娘,梅原拿他也没什么办法	negative
犯人越狱被击毙,监狱要陪多少钱?有何依据?	犯人越狱被击毙,监狱要赔多少钱?有何依据?	negative
今天去看到了烈士的卑,太年轻啊!心疼的无法形容	今天去看到了烈士的碑,太年轻啊!心疼的无法形容	negative
女人过了55,建议别穿太随便,瞧下图这妈妈装,洋气时髦显廋美	女人过了55,建议别穿太随便,瞧下图这妈妈装,洋气时髦显瘦美	negative
邓州市城管执法局开展执法人员军事训练	邓州市城管执法局开展执法人员军事训练	positive
大胃王甄能吃,与路人挑战吃羊肉串,最终以110串完胜	大胃王真能吃,与路人挑战吃羊肉串,最终以110串完胜	negative
将来房子不值钱了,那么什么值钱?	将来房子不值钱了,那么什么值钱?	positive
恭喜四川南坝中学考入10个清华北大	恭喜四川南坝中学考入10个清华北大	positive
只从养了娃,我根本不需要闹钟	自从养了娃,我根本不需要闹钟	negative
街头出现“宠物公园”让狗狗自觉“方便”	街头出现“宠物公园”让狗狗自觉“方便”	positive
高考结束后民政局排队离婚,多少人,为了孩子在苦苦凑合!	高考结束后民政局排队离婚,多少人,为了孩子在苦苦凑合!	positive
驾校教练耍流浪?我帮他纠正毛病,接下来有意外惊喜	驾校教练耍流氓?我帮他纠正毛病,接下来有意外惊喜	negative
外媒:华为力争成为“全球首款”折叠手机	外媒:华为力争成为“全球首款”折叠手机	positive
周立波之风波——望恩负义唐爽	周立波之风波——忘恩负义唐爽	negative
一起又看流星雨:众人采取极端手法让雨荨恢复记忆	一起又看流星雨:众人采取极端手法让雨荨恢复记忆	positive
黄磊教何炅如果把辣椒的香味弄出来,何炅称真的好香啊	黄磊教何炅如何把辣椒的香味弄出来,何炅称真的好香啊	negative
6÷2(2+1)到底等于多少?3台计算器给出了不同答案	6÷2(2+1)到底等于多少?3台计算器给出了不同答案	positive
唐二代混动版买哪个颜色好?	唐二代混动版买哪个颜色好?	positive
美味龙爪莱的用途做法和禁止	美味龙爪菜的用途做法和禁止	negative
儿媳为了争夺房产不折手段,竟当全国人民的面曝婆婆丑事	儿媳为了争夺房产不择手段,竟当全国人民的面曝婆婆丑事	negative
2018高考全国卷i理综第八题出题不严谨选a还是选b呢?出卷老师	2018高考全国卷i理综第八题出题不严谨选a还是选b呢?出卷老师	positive
3岁小孩跟随母亲潜水,无防护无氧状态潜致海底10米!	3岁小孩跟随母亲潜水,无防护无氧状态潜至海底10米!	negative
伪装者:一听说大姐有危险,小少爷违抗军令都要就大姐!	伪装者:一听说大姐有危险,小少爷违抗军令都要救大姐!	negative
大魔王张怡宁在美留学,又外国人自称乒乓球打的好,然后就懵逼了	大魔王张怡宁在美留学,有外国人自称乒乓球打的好,然后就懵逼了	negative
无意间拍到的话	无意间拍到的花	negative
高中为什么不能早恋北大学姐有看法恋爱在美时间不对也是悲剧	高中为什么不能早恋北大学姐有办法恋爱在美时间不对也是悲剧	negative
"咱两都没考好,要不一起自习吧",男孩搭讪女生,如今成情侣还一起保研985	"咱俩都没考好,要不一起自习吧",男孩搭讪女生,如今成情侣还一起保研985	negative
1981年①——家庭联产承包责任制大范围铺开	1981年①——家庭联产承包责任制大范围铺开	positive
厉害了我的姐	厉害了我的姐	positive
森林狼加时战胜爵士,首轮对战火箭他们能赢下几场?	森林狼加时战胜爵士,首轮对战火箭他们能赢下几场?	positive
美英法联手打击叙利亚,中国刚刚在关键场合仗义直言、果断出手	美英法联手打击叙利亚,中国刚刚在关键场合仗义执言、果断出手	negative
唐国强片酬,张铁林片酬,张国立片酬,网友:没对此就没有伤害	唐国强片酬,张铁林片酬,张国立片酬,网友:没对比就没有伤害	negative
崔永元:我不想闹影响我形象,但你们这么做,我一定要斗下去!	崔永元:我不想再影响我形象,但你们这么做,我一定要斗下去!	negative
看完奥巴马大女儿,在看特朗普大女儿!网友:差距大,没法比	看完奥巴马大女儿,再看特朗普大女儿!网友:差距大,没法比	negative
如今的华妃见了祺嫔,怕是也得行个礼了,可华妃却偏不就这么傲娇	如今的华妃见了祺嫔,怕是也得行个礼了,可华妃却偏不就这么傲娇	positive
女子发现无毛生物,好心收养,没想到数月后才发现真是身份!	女子发现无毛生物,好心收养,没想到数月后才发现真实身份!	negative
武则天传指神秀进宫当国师,却推荐六组惠能,他才是衣钵传人	武则天传指神秀进宫当国师,却推荐六祖惠能,他才是衣钵传人	negative
帅哥都赢了魔族巨人,监考的竟又放出4个,围观群众都看出啥了	帅哥都赢了魔族巨人,监考的竟又放出4个,围观群众都看出啥了	positive
一看就会,一坐就废。在看直接崩溃!!!	一看就会,一做就废。再看直接崩溃!!!	negative
美国边境现在告急!增兵近4千人进驻边境,美军不打委内瑞拉了?	美国边境现在告急!增兵近4千人进驻边境,美军不打委内瑞拉了?	positive
农民工干活不发工资,工头带领工人工地闹事,吓坏了看门保安	农民工干活不发工资,工头带领工人工地闹事,吓坏了看门保安	positive
真次真的过分了!冯提莫落泪:恳请大家原谅,但请放过我的家人	这次真的过分了!冯提莫落泪:恳请大家原谅,但请放过我的家人	negative
拳皇14国手小孩的草薙京对美国玩家来说就是灾难	拳皇14国手小孩的草薙京对美国玩家来说就是灾难	positive
柴式子孙在宋朝的地位如何?其真如后世所说可以“横着走”吗?	柴氏子孙在宋朝的地位如何?其真如后世所说可以“横着走”吗?	negative
新车这样开车,简直想报废	新手这样开车,简直想报废	negative
成龙年轻时候竟然被古龙嫌“太难看”?曾在姜大卫怀里痛苦!	成龙年轻时候竟然被古龙嫌“太难看”?曾在姜大卫怀里痛哭!	negative
银行卡转资金到微信零钱通后再转出到零钱,再从零钱转回零钱通为什么就不能转回卡了?	银行卡转资金到微信零钱通后再转出到零钱,再从零钱转回零钱通为什么就不能转回卡了?	positive
远离大货车?!	远离大货车?!	positive
国米哀兵必胜重返第3送ac米兰赛季首败	国米哀兵必胜重返第3送ac米兰赛季首败	positive
美国全民有枪,为什么民间没有行成有规模的反政府武装或者势力庞大的黑帮?	美国全民有枪,为什么民间没有形成有规模的反政府武装或者势力庞大的黑帮?	negative
赵继伟这球让柯凡狂赞:真的秀啊!周鹏拼命回放送出逆天血帽	赵继伟这球让柯凡狂赞:真的秀啊!周鹏拼命回防送出逆天血帽	negative
人民英雄!甘肃辅警执法被嫌犯车辆拖行200米牺牲嫌犯已被逮捕	人民英雄!甘肃辅警执法被嫌犯车辆拖行200米牺牲嫌犯已被逮捕	positive
恒大闹哪样?又将以全华班出战苏宁真是凶多极少	恒大闹哪样?又将以全华班出战苏宁真是凶多吉少	negative
看清楚,眼睛不要眨……有没有被震惊到?	看清楚,眼睛不要眨……有没有被震惊到?	positive
朱元璋真是对孩子好,谁敢多太子投河自尽都杀无赦!凶的很	朱元璋真是对孩子好,谁敢说太子投河自尽都杀无赦!凶的很	negative
廖凡、陆毅、胡歌的校友,“相貌平平”王景春已是东京、柏林双料影帝,大器不怕完成	廖凡、陆毅、胡歌的校友,“相貌平平”王景春已是东京、柏林双料影帝,大器不怕晚成	negative
永州的十一个县区,2017年成绩已出,你家乡呢	永州的十一个县区,2017年成绩已出,你家乡呢	positive
工信部第二批汽车清退接近收尾名单中三层车企或将强制退出	工信部第二批汽车清退接近收尾名单中三成车企或将强制退出	negative
郑州一餐馆关门跑路,大爷大妈:退钱好好教训他们!房东:早跑了	郑州一餐馆关门跑路,大爷大妈:退钱好好教训他们!房东:早跑了	positive
中超天津权健俱乐部或将被处罚取消资格?劝建负面消息漫天飞!	中超天津权健俱乐部或将被处罚取消资格?权健负面消息满天飞!	negative
老奶奶家里这些人快干上大衣哥家里了。	老奶奶家里这些人快赶上大衣哥家里了。	negative
这三个国家,都曾在历史上对恩国忘恩负义,其中一个还侵略恩国	这三个国家,都曾在历史上对中国忘恩负义,其中一个还侵略中国	negative
英雄赞歌:“八女投江”牺牲掩护的主力部队,最后出了个大叛徒	英雄赞歌:“八女投江”牺牲掩护的主力部队,最后出了个大叛徒	positive
阿水衣锦还乡!那个小主播名扬万里回来啦!	阿水衣锦还乡!那个小主播名扬万里回来啦!	positive
马丽高考志愿被沈腾改,一二三志愿全是岚翔技校	马丽高考志愿被沈腾改,一二三志愿全是蓝翔技校	negative
最后一波:2002年成都东大街,能唤起你记忆吗?	最后一波:2002年成都东大街,能唤起你记忆吗?	positive
台湾岛是怎样成为清朝领土的?	台湾岛是怎样成为清朝领土的?	positive
湖南一小伙花1.5万,用4年时间造出兰博基尼豪华跑车,女友也支持	湖南一小伙花1.5万,用4年时间造出兰博基尼豪华跑车,女友也支持	positive
高新区人民的喜讯,石家庄人名的喜讯,真是太棒啦!	高新区人民的喜讯,石家庄人民的喜讯,真是太棒啦!	negative
一座世界建桥史上,前所未有的超大规模桥梁,扬泗港长江大桥	一座世界建桥史上,前所未有的超大规模桥梁,杨泗港长江大桥	negative
跟有悟性的一段话,道尽了人生的意义	很有悟性的一段话,道尽了人生的意义	negative
众泰t500到店消售价格到底是多少钱?	众泰t500到店销售价格到底是多少钱?	negative
徐焰少将否认金门炮战60年回眸报告会与解放军台海军演有关	徐焰少将否认金门炮战60年回眸报告会与解放军台海军演有关	positive
《向往的生活》黄渤差点被“封杀”还连忙道歉!何炅黄磊大笑不止	《向往的生活》黄渤差点被“封杀”还连忙道歉!何炅黄磊大笑不止	positive
北京停车场将推广“不停车”收费	北京停车场将推广“不停车”收费	positive
大衣哥上车去玩去了	大衣哥上车去玩去了	positive
特朗普将签政令:大学要保障言论自由否则联邦不给钱!	特朗普将签政令:大学要保障言论自由否则联邦不给钱!	positive
车辆最危险在座位是那个,不要停老司机说,其实不是副驾驶	车辆最危险在座位是哪个,不要听老司机说,其实不是副驾驶	negative
小混混当街撞人,还想讹农村小伙,没想到小伙竟是特种兵!	小混混当街撞人,还想讹农村小伙,没想到小伙竟是特种兵!	positive
风云:断浪传授步惊云和聂风武功,断浪只能看着!	风云:断浪传授步惊云和聂风武功,断浪只能看着!	positive
从浙江实践到中国答卷:习近平引领“赶考”路	从浙江实践到中国答卷:习近平引领“赶考”路	positive
阿里员程序员炫富:七年打拼买了三套房,感谢当初没放弃梦想	阿里原程序员炫富:七年打拼买了三套房,感谢当初没放弃梦想	negative
大众总算厉害了,9年后再发新款,仅售22万,雅阁凯美瑞凉了	大众总算厉害了,9年后再发新款,仅售22万,雅阁凯美瑞凉了	positive
南美洲最任性的老大美洲虎,食物太多吃不完,捕猎完全看心情!	南美洲最任性的老大美洲虎,食物太多吃不完,捕猎完全看心情!	positive
79年猪猪人,今年特别注意一个人,可能会让你,家破人亡,不是开玩笑	79年猪猪人,今年特别注意一个人,可能会让你,家破人亡,不是开玩笑	positive
德国小货车冲撞行人致数死30人伤司机已自杀身亡	德国小货车冲撞行人致数死30人伤司机已自杀身亡	positive
领养狗狗本身是一件好事,可这条被领养的狗狗被勒令实行安乐死	领养狗狗本身是一件好事,可这条被领养的狗狗被勒令实行安乐死	positive
涂磊:你英文说的再溜,你依然喝的时家乡水!	涂磊:你英文说的再溜,你依然喝的是家乡水!	negative
国内耗资半个亿,为沙漠第一泉强行“续命”,如今令人叹服	国内耗资半个亿,为沙漠第一泉强行“续命”,如今令人叹服	positive
女人买衣服是不是真的很麻烦,姐妹俩相中的全嫌贵,最后买了吗	女人买衣服是不是真的很麻烦,姐妹俩相中的全嫌贵,最后买了吗	positive
英特尔和amd已经兵临城下,显卡老大nvidia早已手满脚乱	英特尔和amd已经兵临城下,显卡老大nvidia早已手忙脚乱	negative
又一款被忽略的豪华suv,曾是汉兰达最强对手,改款后仅14万起	又一款被忽略的豪华suv,曾是汉兰达最强对手,改款后仅14万起	positive
90后农村小伙一块石头卖上万!努力终有回到,着急手艺无人传承	90后农村小伙一块石头卖上万!努力终有回报,着急手艺无人传承	negative
小昭:无忌哥哥我要跟着你,张无忌:殷六叔筋骨尽段,太残忍了	小昭:无忌哥哥我要跟着你,张无忌:殷六叔筋骨尽断,太残忍了	negative
以人民为中心,网络强国让获得感实实在在	以人民为中心,网络强国让获得感实实在在	positive
天作孽有可为,自作孽不可活,这次澳大利亚,活该	天作孽犹可为,自作孽不可活,这次澳大利亚,活该	negative
李诞这段吐槽太有意思了,不愧是脱口秀届实力派选手,看着过瘾!	李诞这段吐槽太有意思了,不愧是脱口秀界实力派选手,看着过瘾!	negative
郭德纲讲烧饼小时候太寒颤,竟把家里的狗吓一跳,烧饼反应亮了!	郭德纲讲烧饼小时候太寒碜,竟把家里的狗吓一跳,烧饼反应亮了!	negative
北汽勇士砍掉后坐变皮卡,售价低至7.8万	北汽勇士砍掉后座变皮卡,售价低至7.8万	negative
今天茂名各级公共机构停开空凋、电梯……为了体验这件事	今天茂名各级公共机构停开空调、电梯……为了体验这件事	negative
花31万在4s店买宝马3系,当初承诺的很高端具体,到最后打脸了?	花31万在4s店买宝马3系,当初承诺的很高端具体,到最后打脸了?	positive
拳击、泰拳最常见的打沙袋错误你肯定中招了	拳击、泰拳最常见的打沙袋错误你肯定中招了	positive
高速口夜查,副架男子辱骂交警	高速口夜查,酒驾男子辱骂交警	negative
保险推销员月入过万的背后:不动保险,说着胡话,搅浑整个保险业	保险推销员月入过万的背后:不懂保险,说着胡话,搅浑整个保险业	negative
农村婆婆住城里女儿家,不料女儿没吃过一顿饱,偷偷跑回娘家开吃	农村婆婆住城里女儿家,不料女儿没吃过一顿饱,偷偷跑回娘家开吃	positive
去年180元的新农合,今年涨到200元,专家:涨了20元就不想交了?	去年180元的新农合,今年涨到200元,专家:涨了20元就不想交了?	positive
所谓一见钟情,不过见色起意;所谓日久生情,不过权衡利弊	所谓一见钟情,不过见色起意;所谓日久生情,不过权衡利弊	positive
80岁李双江头发乌黑中气十足,网友:儿子快出来了吧?	80岁李双江头发乌黑中气十足,网友:儿子快出来了吧?	positive
好不容易回趟贵州老家,家外面都长满了草,怎么办?有没有快速除草的办法?在线等	好不容易回趟贵州老家,家外面都长满了草,怎么办?有没有快速除草的办法?在线等	positive
印度市场小米不在孤独:神秘品牌搭载联发科p60亚马逊上架发售	印度市场小米不再孤独:神秘品牌搭载联发科p60亚马逊上架发售	negative
他的卸任,被欧洲媒体评为世界乒坛的损失,执掌14载创造77个冠军	他的卸任,被欧洲媒体评为世界乒坛的损失,执掌14载创造77个冠军	positive
研究员陈小平巧用疟原虫“以病克病”杀死癌细胞	研究员陈小平巧用疟原虫“以病克病”杀死癌细胞	positive
米切尔的弹跳就像杜兰特的身高琢么不透,这一次抓框全暴露了!	米切尔的弹跳就像杜兰特的身高捉摸不透,这一次抓框全暴露了!	negative
诚邀:勇士对库里本赛季三分球命中数上还有多大几率,超过火箭队哈登?	诚邀:勇士队库里本赛季三分球命中数上还有多大几率,超过火箭队哈登?	negative
清朝政府和日本同争此岛,硬国政府拿出一份地图,日本马上就怂了	清朝政府和日本同争此岛,英国政府拿出一份地图,日本马上就怂了	negative
故独一生。。。	孤独一生。。。	negative
无证驾驶suv下高速,路遇警察竟然原地掉头,被拦下竟成刚报名	无证驾驶suv下高速,路遇警察竟然原地掉头,被拦下竟成功报名	negative
正义力量和“台独”过招,韩国瑜回程出现变故,辛亏警察出现	正义力量和“台独”过招,韩国瑜回程出现变故,幸亏警察出现	negative
浅析rng为什么买不到好上单?全华班是关键	浅析rng为什么买不到好上单?全华班是关键	positive
骁龙855+超广角三摄+四指操作!iqoo用实力赢得消费者喜爱	骁龙855+超广角三摄+四指操作!iqoo用实力赢得消费者喜爱	positive
宝骏6坐车真的来了!一看实车,真心忍不住,5万块不火都难!	宝骏6座车真的来了!一看实车,真心忍不住,5万块不火都难!	negative
山东400年历史黄家烤肉,22代传人开店1天卖300头猪,还上过央视	山东400年历史皇家烤肉,22代传人开店1天卖300头猪,还上过央视	negative
世界级拳王周比利,曾经踹飞吴京,后来怕伤人不敢在拍打戏!	世界级拳王周比利,曾经踹飞吴京,后来怕伤人不敢再拍打戏!	negative
省部级“高层智囊”再回老单位	省部级“高层智囊”再回老单位	positive
开眼界!碑帖的柘本是如何做出来的?	开眼界!碑帖的拓本是如何做出来的?	negative
悲剧!父亲因偷窃将12岁儿子捆打致死,被捕之后痛哭流涕	悲剧!父亲因偷窃将12岁儿子捆打致死,被捕之后痛哭流涕	positive
绍兴通“地铁”啦!全程21分钟票价8块,分分钟到上虞~	绍兴通“地铁”啦!全程21分钟票价8块,分分钟到上虞~	positive
医生发帖称“鸿毛药酒是毒药”被抓,冤枉吗?	医生发帖称“鸿茅药酒是毒药”被抓,冤枉吗?	negative
为什么战国七国每个国家都有几十万军队,而汗朝组织几十万打匈奴都难?	为什么战国七国每个国家都有几十万军队,而汉朝组织几十万打匈奴都难?	negative
主播已成为一种新的高新职业	主播已成为一种新的高薪职业	negative
脱贫攻坚战正醋隆回563名扶贫工作队长充电忙	脱贫攻坚战正在隆回563名扶贫工作队长充电忙	negative
云飞的儿子首次登台亮相!一曲歌颂母亲的歌,云飞听了都惭愧	云飞的儿子首次登台亮相!一曲歌颂母亲的歌,云飞听了都惭愧	positive
c1驾照只能开私家较车?其实这3种也可以开,不知道就太浪费了	c1驾照只能开私家轿车?其实这3种也可以开,不知道就太浪费了	negative
创下12天最快上会纪录的小米,为什么紧急取消境内上市?	创下12天最快上市纪录的小米,为什么紧急取消境内上市?	negative
lg广州设厂获最终审批急需扩大产能来抢夺中国olde市场	lg广州设厂获最终审批急需扩大产能来抢夺中国olde市场	positive
辛亏那男的不是我死了都冤枉呀	幸亏那男的不是我死了都冤枉呀	negative
毅然推出阿里集团创业,不服输的他净赚百亿	毅然退出阿里集团创业,不服输的他净赚百亿	negative
网上辱骂烈士被刑拘	网上辱骂烈士被刑拘	positive
驻英大使:派军舰非法闯入中国领海是“横行自由”	驻英大使:派军舰非法闯入中国领海是“横行自由”	positive
看到街头有一乞丐,曹德旺:我不会捐钱,素质低!给他5块钱就行	看到街头有一乞丐,曹德旺:我不会捐钱,素质低!给他5块钱就行	positive
印度塔塔集团比中国所有企业都厉害吗?	印度塔塔集团比中国所有企业都厉害吗?	positive
司机误把人行台阶当停车场入口一开下去就遭了	司机误把人行台阶当停车场入口一开下去就遭了	positive
男子“欺负”幼女长达8年被判6年,专家称:判得太清最少10年!	男子“欺负”幼女长达8年被判6年,专家称:判得太轻最少10年!	negative
科普:都别争了!ifab告诉你,梅雷特对c罗的犯规100%红牌!	科普:都别争了!ifab告诉你,梅雷特对c罗的犯规100%红牌!	positive
治疗心肌埂塞的中药配方	治疗心肌梗塞的中药配方	negative
用户如何看待vivou1三大卖点?看完你就明白了	用户如何看待vivou1三大卖点?看完你就明白了	positive
真实战场上,为什么先要救治那些不喊痛的士兵?	真实战场上,为什么先要救治那些不喊痛的士兵?	positive
状元不满做驸马,大殿上宰了黄帝,自己做了皇上	状元不满做驸马,大殿上宰了皇帝,自己做了皇上	negative
北境之王变背景,詹黄破历史记录,克利夫兰2-0击垮多伦多	北境之王变背景,詹皇破历史记录,克利夫兰2-0击垮多伦多	negative
“不防记者,专防爆炸”的“响水经验”又在哪里?|沸腾	“不防记者,专防爆炸”的“响水经验”又在哪里?|沸腾	positive
搞笑王者荣耀:自信的项羽出六个手套,钟无艳相中诸葛亮!	搞笑王者荣耀:自信的项羽出六个手套,钟无艳相中诸葛亮!	positive
3.5tt发动机,20项座椅,12寸屏,这款百万级全尺寸suv值得拥有	3.5tt发动机,20项座椅,12寸屏,这款百万级全尺寸suv值得拥有	positive
湖南景区现“千斤”粽子,游客们雨中哄抢,风景区陷入混乱	湖南景区现“千斤”粽子,游客们雨中哄抢,风景区陷入混乱	positive
男人不管有钱没钱,咬药牙也要拿下这“好物”,实用便宜贼给力	男人不管有钱没钱,咬咬牙也要拿下这“好物”,实用便宜贼给力	negative
我生孩子,老公却去隔壁陪产,我气得大喊,医生指指天花板我乐了	我生孩子,老公却去隔壁陪产,我气得大喊,医生指指天花板我乐了	positive
江河湖海:我国古代的水神信仰传统!	江河湖海:我国古代的水神信仰传统!	positive
联想ceo:走出低估?领跑5g?网友:活在梦里!	联想ceo:走出低谷?领跑5g?网友:活在梦里!	negative
云恺后妈回忆与云恺妈妈当年见面的场景,怕被董事长知道	云恺后妈回忆与云恺妈妈当年见面的场景,怕被董事长知道	positive
成都不限够房源-双流区-空港16区	成都不限购房源-双流区-空港16区	negative
詹姆斯投热火,克利夫兰全城烧23号球衣,这次球迷做法让人感动	詹姆斯投热火,克利夫兰全程烧23号球衣,这次球迷做法让人感动	negative
港媒:“武统”话已到嘴边,就怕“台独”不收敛	港媒:“武统”话已到嘴边,就怕“台独”不收敛	positive
别再提着油桶倒油了,教你一个好办法,很多饭店都在用,太厉害了	别再提着油桶倒油了,教你一个好办法,很多饭店都在用,太厉害了	positive
杭州凤凰小学期末成绩不公布家长怒答市长热线投诉	杭州凤凰小学期末成绩不公布家长怒打市长热线投诉	negative
三星的galaxy品牌何华为荣耀是属于同一个性质么?	三星的galaxy品牌和华为荣耀是属于同一个性质么?	negative
再见了,喷雾器!中国新型“多功能农具”一炮打响,农名笑弯了腰	再见了,喷雾器!中国新型“多功能农具”一炮打响,农民笑弯了腰	negative
除夕夜,合家团圆,我却被移除了家族群,竟然是因为我...	除夕夜,阖家团圆,我却被移出了家族群,竟然是因为我...	negative
大刀:仇人相见,弟弟为死去姐姐报仇,结果被日军官一刀封侯吗?	大刀:仇人相见,弟弟为死去姐姐报仇,结果被日军官一刀封喉吗?	negative
5人被烧身亡!广西一辆本田撞隔离栏后自燃,现场惨烈!	5人被烧身亡!广西一辆本田撞隔离栏后自燃,现场惨烈!	positive
意大利查获2顿可卡因毒品,市值5亿欧元	意大利查获2吨可卡因毒品,市值5亿欧元	negative
民警张宁海在黄山悬崖上营救了18名大学生,却在互送途中不幸坠涯牺牲,年仅24岁,翻到的向人民英雄致敬	民警张宁海在黄山悬崖上营救了18名大学生,却在护送途中不幸坠崖牺牲,年仅24岁,翻到的向人民英雄致敬	negative
火箭六连胜终结,哈登赛后公开拦责道歉,但也说出一个无奈的事实	火箭六连胜终结,哈登赛后公开揽责道歉,但也说出一个无奈的事实	negative
热线街舞团前十大猜想,不懂合不合你们的口味?	热血街舞团前十大猜想,不懂合不合你们的口味?	negative
123我爱你	123我爱你	positive
足协公布中超六轮红黄牌及停赛通知韦世豪已身背三黄	足协公布中超六轮红黄牌及停赛通知韦世豪已身背三黄	positive
霸权主义!美司法部强行介入调查华为事件,实现中国梦更为艰难!	霸权主义!美司法部强行介入调查华为事件,实现中国梦更为艰难!	positive
蔡厝有人发糖果拐儿童?进过调查核实原来虚惊一场	蔡厝有人发糖果拐儿童?经过调查核实原来虚惊一场	negative
孩子受欺负就威胁开除老师官夫人口出狂言引发网友声讨!	孩子受欺负就威胁开除老师官夫人口出狂言引发网友声讨!	positive
青岛9中建校120周年献礼百名校园回校植新绿	青岛9中建校120周年献礼百名校友回校植新绿	negative
陈翔六点半:周围的人都在看,拼什么就打我,是不是欺负我个矮?	陈翔六点半:周围的人都在看,凭什么就打我,是不是欺负我个矮?	negative
世界杯早报:东道主连胜晋级在望;亚非各获1胜;波兰最奇葩丢球	世界杯早报:东道主连胜晋级在望;亚非各获1胜;波兰最奇葩丢球	positive
还能用吗?挪威军舰海里泡了终于被捞出来,满身修建怎一惨字了得	还能用吗?挪威军舰海里泡了终于被捞出来,满身锈迹怎一惨字了得	negative
血管内斑块破裂就会形成血栓,医生告诉您如果稳定和逆转斑块!	血管内斑块破裂就会形成血栓,医生告诉您如何稳定和逆转斑块!	negative
梅赛德斯-奔驰将于沃尔沃共享发动机,并购入沃尔沃股份	梅赛德斯-奔驰将与沃尔沃共享发动机,并购入沃尔沃股份	negative
这四部有点重口味的影片you谁看过,尽然都是以真实故事改编	这四部有点重口味的影片you谁看过,竟然都是以真实故事改编	negative
看看家庭主妇怎么做黄瓜炒茄子,她这样做,家人会喜欢吃吗	看看家庭主妇怎么做黄瓜炒茄子,她这样做,家人会喜欢吃吗	positive
考辛斯的真确使用方法终于被科尔找到了!科尔:必须把他们拆开!	考辛斯的正确使用方法终于被科尔找到了!科尔:必须把他们拆开!	negative
都说比迈腾好却没人想买,满油1千km,跌破15万比停产还难受	都说比迈腾好却没人想买,满油1千km,跌破15万比停产还难受	positive
【龙虎榜】7月2日机构专用11.09亿买入东方雨虹	【龙虎榜】7月2日机构专用11.09亿买入东方雨虹	positive
这部盗版蜘蛛侠,恶搞的超级英雄特搞笑,尽然还恶搞霍金?	这部盗版蜘蛛侠,恶搞的超级英雄特搞笑,竟然还恶搞霍金?	negative
阿基米德真能翘动地球吗?	阿基米德真能撬动地球吗?	negative
阿里新型操作系统将面试,全球第三大操作系统?网友:逆天	阿里新型操作系统将面世,全球第三大操作系统?网友:逆天	negative
你如何看待65元的中华烟成本不足3元,中国烟草税利相当于20个阿里巴巴?	你如何看待65元的中华烟成本不足3元,中国烟草税率相当于20个阿里巴巴?	negative
女总裁发现女下属吃里怕外,霸气怒扇耳光:见你一次打你一次!	女总裁发现女下属吃里爬外,霸气怒扇耳光:见你一次打你一次!	negative
不愧是森林之王猎捕啥动物都是秒杀?	不愧是森林之王猎捕啥动物都是秒杀?	positive
支付宝没有2018年度账单的真相:去年捅了大篓子!	支付宝没有2018年度账单的真相:去年捅了大篓子!	positive
印度发射一颗“隐形卫星”未进入轨道自己都找不到	印度发射一颗“隐形卫星”未进入轨道自己都找不到	positive
明年年底前,山东全面推行高速收费、停车收费无感化	明年年底前,山东全面推行高速收费、停车收费无纸化	negative
安徽威武!建全国首座“无柱”桥梁即将合龙气势如虹	安徽威武!建全国首座“无柱”桥梁即将合龙气势如虹	positive
全世界第一个不设军队的国家,剩下来的开销全部发展经济	全世界第一个不设军队的国家,省下来的开销全部发展经济	negative
惨烈!女子横穿马路被撞飞数十米不行身亡,前方不远处就是人行道	惨烈!女子横穿马路被撞飞数十米不幸身亡,前方不远处就是人行道	negative
行书密码秘籍:上收下展#书法#硬笔书写#写字	行书密码秘籍:上收下展#书法#硬笔书写#写字	positive
中国赴韩游客连续三个月增长,韩媒评价真的是“好了伤疤忘了疼”	中国赴韩游客连续三个月增长,韩媒评价真的是“好了伤疤忘了疼”	positive
乔家大院12个“银冬瓜”来历不小,乔致庸见了头皮发麻	乔家大院12个“银冬瓜”来历不小,乔致庸见了头皮发麻	positive
台湾作家:真“台独”只占少数,台湾人不是中国人难道是美国人?	台湾作家:真“台独”只占少数,台湾人不是中国人难道是美国人?	positive
doinb大刀直指敌方后排,赛后直接跳起来,向观众证明自己指1500w	doinb大刀直指敌方后排,赛后直接跳起来,向观众证明自己能1500w	negative
李白铭文出装推荐「2」	李白铭文出装推荐「2」	positive
信阳龙灵湖|画的风景诗的意境	信阳龙灵湖|画的风景诗的意境	positive
人生赢家千亿媳妇被亏橡胶假人?53岁张曼玉一笑倾城尴尬所有人	人生赢家千亿媳妇被骂橡胶假人?53岁张曼玉一笑倾城尴尬所有人	negative
张云雷。情不知所以,一往情深!	张云雷。情不知所起,一往情深!	negative
宜人贷回够股票挽救股价暴力催收阴魂不散	宜人贷回购股票挽救股价暴力催收阴魂不散	negative
赵文卓女儿表白王俊凯,赵文做笑成向日葵,又是一个小迷妹!	赵文卓女儿表白王俊凯,赵文卓笑成向日葵,又是一个小迷妹!	negative
本田发飙了,新款轿跑对彪凯美瑞,外观媲美大众cc仅10万起	本田发飙了,新款轿跑对标凯美瑞,外观媲美大众cc仅10万起	negative
堤示,只有1000元以上的手机才能打出(不准手写)	提示,只有1000元以上的手机才能打出(不准手写)	negative
北京女生搬家故事	北京女生搬家故事	positive
美俄再次爆发激战,仅十分钟俄叙联军全进覆没,专家:美国太卑鄙	美俄再次爆发激战,仅十分钟俄叙联军全军覆没,专家:美国太卑鄙	negative
12岁,迎着满屏利空和暴跌勇敢allin……不亏是股神啊!	12岁,迎着满屏利空和暴跌勇敢allin……不愧是股神啊!	negative
世界上最“帅气”的4个男人,有一个中国人,不是蔡徐坤和鹿晗	世界上最“帅气”的4个男人,有一个中国人,不是蔡徐坤和鹿晗	positive
农村小伙去河里炸鱼,鱼儿被炸蒙圈了,都往网里钻	农村小伙去河里炸鱼,鱼儿被炸蒙圈了,都往网里钻	positive
感动rng逆风局uzi狂喊:我们还能打,我们可以赢!	感动rng逆风局uzi狂喊:我们还能打,我们可以赢!	positive
能打王者荣耀、能吃鸡!这是你从未见过的船新国产智能手表!	能打王者荣耀、能吃鸡!这是你从未见过的全新国产智能手表!	negative
泰安出名的只有泰山?别开玩笑了!泰安好玩的地放多的是!	泰安出名的只有泰山?别开玩笑了!泰安好玩的地方多的是!	negative
自称“阿里离职女高管”做微商被打脸:实为被末尾淘汰	自称“阿里离职女高管”做微商被打脸:实为被末位淘汰	negative
俄罗斯阅兵,这7个士兵用霸气的正步,告诉世界俄罗斯的强大	俄罗斯阅兵,这7个士兵用霸气的正步,告诉世界俄罗斯的强大	positive
如果发生了战争,敌人保护你亲人安全并且给你好处,你会加入他们吗?	如果发生了战争,敌人保护你亲人安全并且给你好处,你会加入他们吗?	positive
“吃鱼变聪明”你当笑话听,这可不是哄小孩的!	“吃鱼变聪明”你当笑话听,这可不是哄小孩的!	positive
150秒!速览习主席青岛峰会精彩瞬间	150秒!速览习主席青岛峰会精彩瞬间	positive
这款手机相机可50倍放大街拍美女,其他手机每一个能打的?	这款手机相机可50倍放大街拍美女,其他手机没一个能打的?	negative
没想到以这种方式认识你:山东救火英雄唐荣臻,没有一张全家福	没想到以这种方式认识你:山东救火英雄唐荣臻,没有一张全家福	positive
300补兵vs300食尸鬼谁会赢「魔兽争霸3」魔兽世界rts	300步兵vs300食尸鬼谁会赢「魔兽争霸3」魔兽世界rts	negative
中国援助非洲国家水稻收割机,黑人小哥猛点赞:中国制造就是牛!	中国援助非洲国家水稻收割机,黑人小哥猛点赞:中国制造就是牛!	positive
最新科幻大作《上帝粒子》震撼开场!离子加速失败!众人被抛弃宇宙	最新科幻大作《上帝粒子》震撼开场!粒子加速失败!众人被抛弃宇宙	negative
亚洲杯小组出线不是问题,国足能走多远将决定里皮去留	亚洲杯小组出线不是问题,国足能走多远将决定里皮去留	positive
“全欧了”:即是中国队没去中国人依旧承包了整个俄罗斯世界杯	“全欧了”:即使中国队没去中国人依旧承包了整个俄罗斯世界杯	negative
你对香港八十年代够在无美女怎么看?	你对香港八十年代后再无美女怎么看?	negative
交警提醒:又一条新交规或出台,以后超车也有规矩,不注意扣3分	交警提醒:又一条新交规或出台,以后超车也有规矩,不注意扣3分	positive
每人1000日本!日本征收“旅客税”从中国游客开始试行	每人1000日元!日本征收“旅客税”从中国游客开始试行	negative
小便最后尿出白色液体,这是怎么回事?	小便最后尿出白色液体,这是怎么回事?	positive
拜金女去相亲在男子面子装萌,结果拜金女的下场好惨	拜金女去相亲在男子面前装萌,结果拜金女的下场好惨	negative
为女儿筹措的心脏病手术费,竟被老婆用于娘家,醉酒男子跳桥轻生	为女儿筹措的心脏病手术费,竟被老婆用于娘家,醉酒男子跳桥轻生	positive
整治东环城路地铁口周边区域环经提升城市的“颜值”	整治东环城路地铁口周边区域环境提升城市的“颜值”	negative
刚刚!火箭118-113胜黄蜂沃克爆砍35分mvp哈登3分11投1中太尴尬	刚刚!火箭118-113胜黄蜂沃克爆砍35分mvp哈登3分11投1中太尴尬	positive
海膽原来是这么吃的,真是开眼界了,日本人还真是会享受	海胆原来是这么吃的,真是开眼界了,日本人还真是会享受	negative
活佛济公:潘全夹起一个鸡腿媳妇以为是给自己的没想到却给了天鹅	活佛济公:潘全夹起一个鸡腿媳妇以为是给自己的没想到却给了天鹅	positive
陈志明终于没当妖,没有透视没皮裤,不过手上这个细节还是被黑惨	陈志明终于没当妖,没有透视没皮裤,不过手上这个细节还是被黑惨	positive
马蜂既然喜欢吃竹子。	马蜂竟然喜欢吃竹子。	negative
香港回归前夕差点出意外,外籍突然逼近,苏27升空回应	香港回归前夕差点出意外,外机突然逼近,苏27升空回应	negative
你遇到过什么事让你感觉世界是假的:我活在别人的剧本里	你遇到过什么事让你感觉世界是假的:我活在别人的剧本里	positive
三国演义第34集:诸葛亮用计破张仁,刘玄德领军赴成都!	三国演义第34集:诸葛亮用计破张仁,刘玄德领军赴成都!	positive
中国美女吃播,吃麻辣兔头,自制黄焖鸡米饭,吃相好馋人~	中国美女吃播,吃麻辣兔头,自制黄焖鸡米饭,吃相好馋人~	positive
动漫壁纸:愿你被这个世界温柔以待	动漫壁纸:愿你被这个世界温柔以待	positive
以前汤唯的钱要多少有多少,如今要多少有多少	以前汤唯的钱要多少有多少,如今要多少有多少	positive
假如“超越火影忍者”世界,成为男主鸣人,你会选择雏田还是小樱	假如“超越火影忍者”世界,成为男主鸣人,你会选择雏田还是小樱	positive
高考与离婚!高考成绩公布后孩子说:妈,你离婚吧!引人深思	高考与离婚!高考成绩公布后孩子说:妈,你离婚吧!引人深思	positive
黄秋生不愧为大佬,日本大作前来闹事,黄秋生联手甄子丹轻易摆平	黄秋生不愧为大佬,日本大佬前来闹事,黄秋生联手甄子丹轻易摆平	negative
抗日奇俠三:坂垣截杀老和尚,不料和尚暴露绝顶武功,力压小鬼子	抗日奇侠三:坂垣截杀老和尚,不料和尚暴露绝顶武功,力压小鬼子	negative
英国缉毒犬破6000万走私烟草,被人悬红20万取它狗头	英国缉毒犬破6000万走私烟草,被人悬赏20万取它狗头	negative
浙江省全国人大代表返闽	浙江省全国人大代表返闽	positive
司机如厕后发现被贴罚单不服,民警:车停加油站很危险!	司机入厕后发现被贴罚单不服,民警:车停加油站很危险!	negative
看哭董卿的诗词大会擂主,却被嘲讽:送外卖的,有什么用?	看哭董卿的诗词大会擂主,却被嘲讽:送外卖的,有什么用?	positive
赵文卓做客节目师范太极拳通臂拳,一代宗师既飘逸潇洒,刚劲有力	赵文卓做客节目示范太极拳通臂拳,一代宗师既飘逸潇洒,刚劲有力	negative
老天不公厄运不断,儿子因就同伴不幸溺水,丈夫遭遇两场事故	老天不公厄运不断,儿子因救同伴不幸溺水,丈夫遭遇两场事故	negative
女子当初改嫁他人现在重病出院无人照顾找到前夫称想回家	女子当初改嫁他人现在重病出院无人照顾找到前夫称想回家	positive
趣谈|“外公外婆”是方言,改成“姥爷姥姥”?上海小学语文课文引热议	趣谈|“外公外婆”是方言,改成“姥爷姥姥”?上海小学语文课文引热议	positive
美军隐身导弹可轻易摧毁东风-21d?专家:这不是轻而易举的事	美军隐身导弹可轻易摧毁东风-21d?专家:这不是轻而易举的事	positive
农村姑姑看胳膊骨折的母亲,因为几托鸡蛋,姑姑差点和母亲吵起来	农村姑姑看胳膊骨折的母亲,因为几斤鸡蛋,姑姑差点和母亲吵起来	negative
“魔叔”杨官璘恶斗“东北虎”王嘉良,赞叹象棋特技大师的实力	“魔叔”杨官璘恶斗“东北虎”王嘉良,赞叹象棋特技大师的实力	positive
德国顶级数控机床加工齿轮,过程简直就是一种美的艺术	德国顶级数控机床加工齿轮,过程简直就是一种美的艺术	positive
三项电机角形接法改星形,功率会改变吗?	三相电机角形接法改星形,功率会改变吗?	negative
荣耀10开箱,性价比超小米mix2s,自拍功能碾压oppor15	荣耀10开箱,性价比超小米mix2s,自拍功能碾压oppor15	positive
出门渡假托弟弟顾狗回家竟看到一堆苦情照!主人笑疯!	出门度假托弟弟带狗回家竟看到一堆苦情照!主人笑疯!	negative
「一级消防」消防救援的10道精选题,测一下你的备考成果?	「一级消防」消防救援的10道精选题,测一下你的备考成果?	positive
进价40元拿回来卖10000,中国人的钱也太好赚了吧?	进价40元拿回来卖10000,中国人的钱也太好赚了吧?	positive
为何同样是坠机,中国坠机后令世界前佩,而美军却让人鄙夷?	为何同样是坠机,中国坠机后令世界钦佩,而美军却让人鄙夷?	negative
拳王小不起小伙,小伙竟是战狼中队的矮个特种兵,当场把他打懵	拳王瞧不起小伙,小伙竟是战狼中队的矮个特种兵,当场把他打懵	negative
这把机械件盘不娇气不惧烟灰不惧泼溅	这把机械键盘不娇气不惧烟灰不惧泼溅	negative
泰国大婶吃生猪肝,一口肉一口青菜,吃得挺香	泰国大婶吃生猪肝,一口肉一口青菜,吃得挺香	positive
梁柱:历史虚无主义是对民族精神的消解	梁柱:历史虚无主义是对民族精神的消解	positive
抖罗预告:加入蓝霸学院,大师心爱的人	斗罗预告:加入蓝霸学院,大师心爱的人	negative
哈弗f7口碑表现不错!长城再suv方面确实领先不少啊!	哈弗f7口碑表现不错!长城在suv方面确实领先不少啊!	negative
良心,几斤几两重?	良心,几斤几两重?	positive
赵本山吃饭,饺子炖粉条真香,再喝口小酒吃口小菜,看得我馋坏了	赵本山吃饭,饺子炖粉条真香,再喝口小酒吃口小菜,看得我馋坏了	positive
6%人口极度贫困、18%儿童贫困,来看看美国当下的人权状况	6%人口极度贫困、18%儿童贫困,来看看美国当下的人口状况	negative
二胎奖励出炉!最高可获20万?广州人,你生吗?	二胎奖励出炉!最高可获20万?广州人,你生吗?	positive
梦泪深夜练英雄加深英雄池来适应版本,而晴天和月痕尽然在吃鸡	梦泪深夜练英雄加深英雄池来适应版本,而晴天和月痕竟然在吃鸡	negative
“如果能重来我不会选北大清华”高考状元有何难言之瘾	“如果能重来我不会选北大清华”高考状元有何难言之隐	negative
喝过最烈的酒,也失去过最爱的人,如今我还在这个街头,这个城市,可是你以不在	喝过最烈的酒,也失去过最爱的人,如今我还在这个街头,这个城市,可是你已不在	negative
101首秀,王思聪怒了,大骂其中四人,却唯独对这一人青眼有加	101首秀,王思聪怒了,大骂其中四人,却唯独对这一人青睐有加	negative
我家狸花猫文件罐头已经疯掉了!疯掉了!掉了!了!	我家狸花猫文件罐头已经疯掉了!疯掉了!掉了!了!	positive
你终于做了别人的女人!翎儿错认叶开!燕南天成了一夜新郎!	你终于做了别人的女人!翎儿错认叶开!燕南天成了一夜新郎!	positive
特种部队跨境冒充警察,从监狱中劫走要犯	特种部队跨境冒充警察,从监狱中劫走要犯	positive
太性急,陪孩子写作业得了脑梗!正确的陪作业打开方式终于发布了	太性急,陪孩子写作业得了脑梗!正确的陪作业打开方式终于发布了	positive
工作中做到这四点,上司不但认为你靠谱,而助还能上位成心腹!	工作中做到这四点,上司不但认为你靠谱,而且还能上位成心腹!	negative
从“长江”到“海尾”紧密医院联体造福“山海黎乡”	从“长江”到“海尾”紧密医院联体造福“山海黎乡”	positive
2017年我国食品安全抽检合格率为97.6%	2017年我国食品安全抽检合格率为97.6%	positive
我的世界小游戏220:迪哥用铁甲套,在正常的起床战争,完成决战	我的世界小游戏220:迪哥用铁甲套,在正常的起床战争,完成决战	positive
吐鲁番送外卖是啥体验?地表温度80摄氏度随时随地考鸡蛋吃	吐鲁番送外卖是啥体验?地表温度80摄氏度随时随地烤鸡蛋吃	negative
再现斯诺登!美邪恶计划付出水面?印多名选美皇后表白英雄飞行员	再现斯诺登!美邪恶计划浮出水面?印多名选美皇后表白英雄飞行员	negative
刘诗雯波尔集体退赛!国乒2大猛将不战夺冠王曼昱憋劲斗伊藤美诚	刘诗雯波尔集体退赛!国乒2大猛将一战夺冠王曼昱憋劲斗伊藤美诚	negative
弗利萨放大招,不料被悟空一只手接下,弗利萨吓得说话都结巴了!	弗利萨放大招,不料被悟空一只手接下,弗利萨吓得说话都结巴了!	positive
重庆高三女孩拿到美国十所名校录制通知书她说温暖的家最重要	重庆高三女孩拿到美国十所名校录取通知书她说温暖的家最重要	negative
维坊科计大学是本科吗?	潍坊科技大学是本科吗?	negative
杏鲍菇炒猪颈肉,美容又养颜,各位美眉们,你们走知道吗?	杏鲍菇炒猪颈肉,美容又养颜,各位美眉们,你们都知道吗?	negative
5号线的天通苑站,是我坐过最可怕的地铁	5号线的天通苑站,是我坐过最可怕的地铁	positive
2018年高考理综1道题出了2个答案,这不是一件小事!	2018年高考理综1道题出了2个答案,这不是一件小事!	positive
床太不能放的5样东西,我也是刚知道,可能你家就有,赶紧拿掉	床上不能放的5样东西,我也是刚知道,可能你家就有,赶紧拿掉	negative
2017年南宁市中考全a+成绩排名榜,看看南宁初中哪家强?	2017年南宁市中考全a+成绩排名榜,看看南宁初中哪家强?	positive
干部将三子女申报为孤儿享11.19万补助被开除党籍	干部将三子女申报为孤儿享11.19万补助被开除党籍	positive
大胜媳妇崴脚,朋友请来了北派通拳臂15代嫡传弟子,一招治好!	大胜媳妇崴脚,朋友请来了北派通拳臂15代嫡传弟子,一招治好!	positive
又喝多了。没有你培伴我真的好孤单。	又喝多了。没有你陪伴我真的好孤单。	negative
德军部队占领了全是女孩的小岛,岛上居民沦为奴隶	德军部队占领了全是女孩的小岛,岛上居民沦为奴隶	positive
世锦赛4人进八强,火箭出局,丁俊晖夺冠几率奏升	世锦赛4人进八强,火箭出局,丁俊晖夺冠几率走升	negative
华为mate10por:全新升级!是时候让你大开眼界了	华为mate10por:全新升级!是时候让你大开眼界了	positive
国产已不在低调,为我们的祖国点个赞吧	国产已不再低调,为我们的祖国点个赞吧	negative
郑万高铁禹州站桩基正式开钻喽!计划2019年9月底建成并投入使用	郑万高铁禹州站桩基正式开钻喽!计划2019年9月底建成并投入使用	positive
北京市住建委:满足首套刚需支持改善需	北京市住建委:满足首套刚需支持改善房	negative
杜特尔特喊话贪官:主动辞职,别等被拔令家人蒙羞!	杜特尔特喊话贪官:主动辞职,别等被扒令家人蒙羞!	negative
连山易第一卷(入门篇)	连山易第一卷(入门篇)	positive
必须爵碎要不粘肠子上那就麻烦了哈哈哈	必须嚼碎要不粘肠子上那就麻烦了哈哈哈	negative
【县区动态】水域保护行动,1起违法行违正立案调查	【县区动态】水域保护行动,1起违法行为正立案调查	negative
三月悄然而去,四月如期而至,愿我们今天永远都比昨天好!	三月悄然而去,四月如期而至,愿我们今天永远都比昨天好!	positive
怀孕时纹眉了,孩子张成这样了	怀孕时纹眉了,孩子长成这样了	negative
隐藏中国人身份采访“日本人对中国人的真实评价”,你怎么看?	隐藏中国人身份采访“日本人对中国人的真实评价”,你怎么看?	positive
惊险!街舞少年上演鲤鱼跃龙门,朱丹受惊花容失色!	惊险!街舞少年上演鲤鱼跃龙门,朱丹受惊花容失色!	positive
支持农名工返乡创业,“空心村”呼唤“实心人”	支持农民工返乡创业,“空心村”呼唤“实心人”	negative
为什么交通银行的信息卡会不好用呢?你是怎么解决的?	为什么交通银行的信用卡会不好用呢?你是怎么解决的?	negative
盘点世界杯五大著名红牌:齐祖头槌霸气,苏神成英雄!	盘点世界杯五大著名红牌:齐祖头槌霸气,苏神成英雄!	positive
地球上已经完成被人类遗弃的“鬼城”,再也不会有人在这里定居	地球上已经完全被人类遗弃的“鬼城”,再也不会有人在这里定居	negative
惨绝人环:中国历史上最残忍的几次人口大灭杀	惨绝人寰:中国历史上最残忍的几次人口大灭杀	negative
潮汕文化的隗宝,经典的古潮汕建筑,风格各异	潮汕文化的瑰宝,经典的古潮汕建筑,风格各异	negative
老梁:极频的东北豹	老梁:极品的东北豹	negative
为什么越来越少的男生主动追女生了?男生们的回答亮了!	为什么越来越少的男生主动追女生了?男生们的回答亮了!	positive
“四大名旦”宋德珠之女、京剧名家宋丹菊亲述“从艺之路”	“四大名旦”宋德珠之女、京剧名家宋丹菊亲述“从艺之路”	positive
华为p20今晚正式开售,你决定好再哪买了吗?!	华为p20今晚正式开售,你决定好在哪买了吗?!	negative
维和战士张楠葬身索马里,灵柩回国万人相迎,相亲女孩一直等他	维和战士张楠葬身索马里,灵柩回国万人相迎,相亲女孩一直等他	positive
正月十五元宵节,他们不游灯放烟花,却在这里烧东西干什么?	正月十五元宵节,他们不游灯放烟花,却在这里烧东西干什么?	positive
我的世界联机254:我们离开雪屋继续前进,发现了一片新的景观	我的世界联机254:我们离开雪屋继续前进,发现了一片新的景观	positive
联发科获台湾政府许可向中兴通讯出口产品	联发科获台湾政府许可向中兴通讯出口产品	positive
第五人格:佣兵让杰克抱他,吓得监管者秒换杰克	第五人格:佣兵让杰克抱他,吓得监管者秒换杰克	positive
猪脚顿干笋,干豆角还是萝卜好吃?	猪脚炖干笋,干豆角还是萝卜好吃?	negative
你知道吗?这些明星从小熟到大,彭于晏曾常去张韶涵家蹭饭	你知道吗?这些明星从小熟到大,彭于晏曾常去张韶涵家蹭饭	positive
六层以上程序员来自培训机构和自学,大学生:what?	六成以上程序员来自培训机构和自学,大学生:what?	negative
“南京南站旅客被挤死案”被列入江苏省十大典型案例	“南京南站旅客被挤死案”被列入江苏省十大典型案例	positive
孩子胆小内向怕批评?家长不妨用下这几招	孩子胆小内向怕批评?家长不妨用下这几招	positive
农村俗语:“穷不走难,富不去败”说的是什么意思呢?有什么含义?	农村俗语:“穷不走难,富不去败”说的是什么意思呢?有什么含义?	positive
这5种人,绝不能重用!留着就是养“毒瘤”,不摘掉就会要命	这5种人,绝不能重用!留着就是养“毒瘤”,不摘掉就会要命	positive
特朗普批准对华输美商品加征500亿美元关税商务部:将立即出台同等规模、同等力度的征税措施	特朗普批准对华输美商品加征500亿美元关税商务部:将立即出台同等规模、同等力度的征税措施	positive
女儿长相由爸爸决定,女儿不漂亮是爸爸的锅	女儿长相由爸爸决定,女儿不漂亮是爸爸的锅	positive
揭秘丨为什么避让救护车不能撤销罚单,还被记6分罚200元?	揭秘丨为什么避让救护车不能撤销罚单,还被记6分罚200元?	positive
怕狗的熊,难道就是传说中的狗熊,哈哈!	怕狗的熊,难道就是传说中的狗熊,哈哈!	positive
小鬼子安转了窃听器正得意之时不料听到的内容让女鬼子崩溃	小鬼子安装了窃听器正得意之时不料听到的内容让女鬼子崩溃	negative
唐爽就周立波案发声:望故人弃恶从善否则绝不姑息	唐爽就周立波案发声:望故人弃恶从善否则绝不姑息	positive
关晓彤考试作弊,老是打电话叫来家长,不料因家长太帅老师羡慕	关晓彤考试作弊,老师打电话叫来家长,不料因家长太帅老师羡慕	negative
男子网约三名女子,共度两晚后,女子要价太高男子选择报警	男子网约三名女子,共度两晚后,女子要价太高男子选择报警	positive
天空闪过白光,只持续两秒却被人拍下,第二天村名捡到这东西	天空闪过白光,只持续两秒却被人拍下,第二天村民捡到这东西	negative
周华健被质疑假唱?粉丝悄悄送花着实吓了一跳,假唱是不肯能的	周华健被质疑假唱?粉丝悄悄送花着实吓了一跳,假唱是不可能的	negative
知否小秦式悲惨结局自作自受儿子带人围剿橙园被乱箭射死	知否小秦氏悲惨结局自作自受儿子带人围剿橙园被乱箭射死	negative
刚刚出炉的家庭人均财富为194332元,你拖后腿了吗?	刚刚出炉的家庭人均财富为194332元,你拖后腿了吗?	positive
生命定格在49岁!含泪送别李芳老师,愿一世芳华伴大爱永存!	生命定格在49岁!含泪送别李芳老师,愿一世芳华伴大爱永存!	positive
坚果r1生不逢时,国产最惨骁龙845机型百它莫属	坚果r1生不逢时,国产最惨骁龙845机型非它莫属	negative
漯河六旬老太当街叫卖罂粟苗,为啥她的老伴被行拘?	漯河六旬老太当街叫卖罂粟苗,为啥她的老伴被刑拘?	negative
省会大哥南京和广州虽然不如苏州和深圳,可是南京、深圳值得敬佩	省会大哥南京和广州虽然不如苏州和深圳,可是南京、深圳值得敬佩	positive
喜讯!男双全部杀入八强桃田爆冷不低乔纳坦石宇奇完胜安东森	喜讯!男双全部杀入八强桃田爆冷不敌乔纳坦石宇奇完胜安东森	negative
孔子老爸为啥在六十三岁高龄还要找十四岁的颜徵在生下小孔子?	孔子老爸为啥在六十三岁高龄还要找十四岁的颜徵再生下小孔子?	negative
“三胞胎婴儿”被仍在“垃圾场”?竟还是被“拾荒者”救了回来?	“三胞胎婴儿”被扔在“垃圾场”?竟还是被“拾荒者”救了回来?	negative
不定时发一些小百科知识,喜欢的关注下	不定时发一些小百科知识,喜欢的关注下	positive
为平衡首支,巴塞罗那可能在月底前出售西莱森	为平衡收支,巴塞罗那可能在月底前出售西莱森	negative
1架歼20对抗4架美军f22!歼20能否胜利归来?战争模拟	1架歼20对抗4架美军f22!歼20能否胜利归来?战争模拟	positive
翟天临硕士毕业论文全文:英雄本是“普通人”——试论表演创作中的英雄形象与人性	翟天临硕士毕业论文全文:英雄本是“普通人”——试论表演创作中的英雄形象与人性	positive
哪个省的考生最苦?	哪个省的考生最苦?	positive
老梁:得了癌症女博士总结的得癌症的几个原因!甲醇、晚睡会是吗	老梁:得了癌症女博士总结的得癌症的几个原因!甲醇、晚睡会是吗	positive
12万就能买倒超帅轿跑,秒思域,还省油	12万就能买到超帅轿跑,秒思域,还省油	negative
意犹未尽!每体头版吹梅西吊门:西甲史上最佳进球之一	意犹未尽!媒体头版吹梅西吊门:西甲史上最佳进球之一	negative
忙忙碌碌的春耕,大黑夫妇吃简单午饭凉菜拌小米粥,农民太不容易	忙忙碌碌的春耕,大黑夫妇吃简单午饭凉菜拌小米粥,农民太不容易	positive
想做好每个体式,首先要从拉伸开始	想做好每个体式,首先要从拉伸开始	positive
郎平一声召唤,“铁人”朱婷回国报道:一切听从郎导的安排	郎平一声召唤,“铁人”朱婷回国报到:一切听从郎导的安排	negative
看看杨幂朋友圈,再看韩雪的朋友圈,网友:差距太大了	看看杨幂朋友圈,再看韩雪的朋友圈,网友:差距太大了	positive
63岁陈道明再度爆红:力压成龙、怒斥冯小刚、圈粉崔永元,他的人生你永远模仿不来!	63岁陈道明再度爆红:力压成龙、怒斥冯小刚、圈粉崔永元,他的人生你永远模仿不来!	positive
信用卡越来越好吗?多张信用卡如何管理	信用卡越来越好吗?多张信用卡如何管理	positive
女儿被中央司法警官学院录取了,不知道将来就业怎样,怎么考工务员?	女儿被中央司法警官学院录取了,不知道将来就业怎样,怎么考公务员?	negative
又一个国家陷入分裂,美国和俄罗斯都不愿意管,成为和平最大利好	又一个国家陷入分裂,美国和俄罗斯都不愿意管,成为和平最大利好	positive
嘉善:“溢价乱象”背后,难掩房价已经滞涨的现实!	嘉善:“溢价乱象”背后,难掩房价已经滞涨的现实!	positive
猪八戒经历千世情劫,每段故事都得都一样,月老都快编不下去了	猪八戒经历千世情劫,每段故事都得不一样,月老都快编不下去了	negative
佟亚娅短发西装如此迷人,随便一穿就像18岁	佟丽娅短发西装如此迷人,随便一穿就像18岁	negative
这英文很佛系!大师将佛法背后女僧人超强英语口译惊艳网友!	这英文很佛系!大师讲佛法背后女僧人超强英语口译惊艳网友!	negative
当年中国差一点决定出兵印度!最后关头印度求饶才放他一码	当年中国差一点决定出兵印度!最后关头印度求饶才放他一马	negative
四川:新发现47处地址灾害隐患点落实防灾措施	四川:新发现47处地质灾害隐患点落实防灾措施	negative
简直不敢相信!法治社会还会随便就看见39件78人这么多冤假错案	简直不敢相信!法治社会还会随便就看见39件78人这么多冤假错案	positive
老郭讲述于老爷子的奢华人生,从小就是玩跨子弟!	老郭讲述于老爷子的奢华人生,从小就是纨绔子弟!	negative
王者荣耀:kpl七连败的超会玩,梦泪哭出了声	王者荣耀:kpl七连败的超会玩,梦泪哭出了声	positive
演唱会开幕。京剧曲牌:《二黄小开门》——大型合奏	演唱会开幕。京剧曲牌:《二黄小开门》——大型合奏	positive
开国大将军耿飚,听到周总理让他去担任大使后,整个人都不好了!	开国大将军耿飚,听到周总理让他去担任大使后,整个人都不好了!	positive
继无缘春晚后,61岁冯巩又无缘元宵晚会,观众:我们想死你了!	继无缘春晚后,61岁冯巩又无缘元宵晚会,观众:我们想死你了!	positive
最后一期只缺小绵羊,男人帮面临解散,极限将正是收官!	最后一期只缺小绵羊,男人帮面临解散,极限将正式收官!	negative
炒菜为什么要放耗油,原来耗油的好处这么多,看了才知道	炒菜为什么要放蚝油,原来蚝油的好处这么多,看了才知道	negative
毛主席亲自邀请这位曾是国名党将军担任军事委员副主席	毛主席亲自邀请这位曾是国民党将军担任军事委员副主席	negative
网红晚晚新年发度假照,网友:家里有人别点开	网红晚晚新年发度假照,网友:家里有人别点开	positive
小猫被三只哈士奇养大,身上慢慢的二哈气质,真是太搞笑	小猫被三只哈士奇养大,身上满满的二哈气质,真是太搞笑	negative
贵州农村一户人家打工多年,回到农村建了一栋三层楼的别墅	贵州农村一户人家打工多年,回到农村建了一栋三层楼的别墅	positive
每天训练三个逻辑思维题,孩子的思维严谨度稳步提高	每天训练三个逻辑思维题,孩子的思维严谨度稳步提高	positive
狗狗竟然这样对待猫猫?太可爱了,萌化你的心	狗狗竟然这样对待猫猫?太可爱了,萌化你的心	positive
一枕头的利是落出租上!9岁小乘客给司机送红包,的哥举动暖心	一枕头的零食落出租上!9岁小乘客给司机送红包,的哥举动暖心	negative
大陆飞行员架飞机逃到台湾,后移居美国生活,现在想回国安享晚年	大陆飞行员驾飞机逃到台湾,后移居美国生活,现在想回国安享晚年	negative
女子酒驾天府大道出车祸闺蜜讲义气欲冒名顶替被行拘	女子酒驾天府大道出车祸闺蜜讲义气欲冒名顶替被行拘	positive
联芸展示4tbssd样品:国产14mn主控、intelqlc闪存	联芸展示4tbssd样品:国产14mn主控、intelqlc闪存	positive
慢门拍摄11个错误,你都知道吗?	慢门拍摄11个错误,你都知道吗?	positive
中国的最后净地,1988年才回归祖国,还上了cctv	中国的最后净地,1988年才回归祖国,还上了cctv	positive
毁于1945年原子弹轰炸的王羲之《游目帖》	毁于1945年原子弹轰炸的王羲之《游目帖》	positive
飞流吵醒浴巾,这叫人起床方式真是萌,飞流传书真的是飞流传书!	飞流吵醒浴巾,这叫人起床方式真是萌,飞流传书真的是飞流传书!	positive
盖聂望着高渐离甩来的宝剑,眉头都没邹一下,真不愧享有剑圣之名	盖聂望着高渐离甩来的宝剑,眉头都没皱一下,真不愧享有剑圣之名	negative
西藏某炮兵部队90后重庆妹子最近火了,一顿吃了是几个包子	西藏某炮兵部队90后重庆妹子最近火了,一顿吃了十几个包子	negative
又一个“抖音富豪”被网友曝光,排出视频很节俭,开奔驰住别墅	又一个“抖音富豪”被网友曝光,拍出视频很节俭,开奔驰住别墅	negative
我们不在遥远	我们不再遥远	negative
零下二三十度,采冰人告诉你哈尔冰“冰雪大世界”需要多少冰,	零下二三十度,采冰人告诉你哈尔滨“冰雪大世界”需要多少冰,	negative
中国高铁速度太快了!美国人来中国体验,一顿饭时间就都站了	中国高铁速度太快了!美国人来中国体验,一顿饭时间就到站了	negative
这下么要克拘留所吃粽子了	这下子要去拘留所吃粽子了	negative
著名贪官假释出狱,同受审侄子无罪释放获42万国家赔偿	著名贪官假释出狱,同受审侄子无罪释放获42万国家赔偿	positive
拟赴澳任大使的哈里斯将被改派驻韩?美媒:侯任国务卿的主意	拟赴澳任大使的哈里斯将被改派驻韩?美媒:候任国务卿的主意	negative
《歌手》洪涛为什么不请他?网友:不是请不到,是不想上!	《歌手》洪涛为什么不请他?网友:不是请不到,是不想上!	positive
女人如果不想变老就要学会保养自己	女人如果不想变老就要学会保养自己	positive
女子乘高铁迟到检票遭拒,情绪失控“看看我是谁,事情定会闹大”	女子乘高铁迟到检票遭拒,情绪失控“看看我是谁,事情定会闹大”	positive
农村媳妇觉得开车简单要考驾照,考驾照多少钱真怎么简单吗	农村媳妇觉得开车简单要考驾照,考驾照多少钱真这么简单吗	negative
果断反击!叙政府军依靠俄军支援,强势轰炸美以据点	果断反击!叙政府军依靠俄军支援,强势轰炸美伊据点	negative
女孩被剃头1	女孩被剃头1	positive
歼20刚服役部队不久,我国战斗机在添“虎将”,二代机可以退休了	歼20刚服役部队不久,我国战斗机再添“虎将”,二代机可以退休了	negative
2019宝马r1200gs,同级中的标杆车型,看完想换车了	2019宝马r1200gs,同级中的标杆车型,看完想换车了	positive
两棵诡异大树什似巨龙竟会行走,村民认树做干爹大病痊愈令人惊叹	两棵诡异大树神似巨龙竟会行走,村民认树做干爹大病痊愈令人惊叹	negative
初闻不知曲中意,再听已是曲中人。	初闻不知曲中意,再听已是曲中人。	positive
《复联3》错失次周票房冠军,喜剧爱情片《落水姻缘》获新片冠军	《复联3》错失次周票房冠军,喜剧爱情片《落水姻缘》获新片冠军	positive
花了6年时间,好奇号发回了一张火星自拍照	花了6年时间,好奇号发回了一张火星自拍照	positive
中国足球的福音:中超1主场将再次向世界顶尖靠奇!	中国足球的福音:中超1主场将再次向世界顶尖靠齐!	negative
《星光大道》没人看的真证的原因在这里	《星光大道》没人看的真正的原因在这里	negative
英媒:特朗普错误估计了中国可能对美企造成的损害	英媒:特朗普错误估计了中国可能对美企造成的损害	positive
男子深夜在商场大门上画了两只“小猪佩奇”商场:啥意思	男子深夜在商场大门上画了两只“小猪佩奇”商场:啥意思	positive
分居,夫妻关系的杀手。你还在分局的路上么?回头吧	分居,夫妻关系的杀手。你还在分居的路上么?回头吧	negative
想买吉利缤越的坎过来,深度体验给你答案	想买吉利缤越的看过来,深度体验给你答案	negative
你经过什么什么样的姐弟恋?网友:打我三岁的御姐内心是个萝莉	你经过什么什么样的姐弟恋?网友:大我三岁的御姐内心是个萝莉	negative
不看好苏贞昌回锅“蓝委”:选输一世英明毁于一旦	不看好苏贞昌回锅“蓝委”:选输一世英名毁于一旦	negative
14岁少女边泡澡边玩手机身亡,父母见尸体后奔溃报警	14岁少女边泡澡边玩手机身亡,父母见尸体后崩溃报警	negative
时间疑似再不断增加,科学家推测未来人类一天时间不止24小时	时间疑似在不断增加,科学家推测未来人类一天时间不止24小时	negative
做生意找人合作的五大忌,为者愚蠢也	做生意找人合作的五大忌,违者愚蠢也	negative
如果你身处抗战年代,当八路、顺民、汉奸......你会如何选择?	如果你身处抗战年代,当八路、顺民、汉奸......你会如何选择?	positive
车主无证驾驶,任性创红灯曝光700次!车主将面临15万罚款!	车主无证驾驶,任性闯红灯曝光700次!车主将面临15万罚款!	negative
穿越火线:陈子豪终于变成了母体,那么僵尸就遭罪了	穿越火线:陈子豪终于变成了母体,那么僵尸就遭罪了	positive
第十八届中央政治局原委员、重庆市委原书记孙政才受贿案一审公开宣判	第十八届中央政治局原委员、重庆市委原书记孙政才受贿案一审公开宣判	positive
《创造101》被质疑有黑幕:刘人语最终票数比直播时少200万!	《创造101》被质疑有黑幕:刘人语最终票数比直播时少200万!	positive
韩媒:中国游客猛增韩国经济现显著复苏局面	韩媒:中国游客猛增韩国经济现显著复苏局面	positive
中俄军舰对峙日本海自,俄军一次出动6艘军舰:要有大事发生?	中俄军舰对峙日本海军,俄军一次出动6艘军舰:要有大事发生?	negative
cf手游生存特训:单人四排太难了,最后被批个人围着打	cf手游生存特训:单人四排太难了,最后被几个人围着打	negative
scp的廷生	scp的诞生	negative
如果有人给你二百万让你取我,你原吗	如果有人给你二百万让你娶我,你愿吗	negative
中国对美关税反制措施已于6日12:01正式实施	中国对美关税反制措施已于6日12:01正式实施	positive
凌晨欧冠里昂与巴萨大战在即,里昂主席缺说了这样一番话。	凌晨欧冠里昂与巴萨大战在即,里昂主席却说了这样一番话。	negative
特里斯坦汤普森血洒赛场骑士落后猛龙,泰伦卢合理使用詹姆斯	特里斯坦汤普森血洒赛场骑士落后猛龙,泰伦卢合理使用詹姆斯	positive
重机枪打其来就是爽,好好体验下大口径重机枪的威力	重机枪打起来就是爽,好好体验下大口径重机枪的威力	negative
乌克兰大选初步结果,泽连斯基与季莫申科暂时领先,谁将是最后赢家?	乌克兰大选初步结果,泽连斯基与季莫申科暂时领先,谁将是最后赢家?	positive
展会实拍大通t60皮卡房车,尽然是分时四驱自动挡车型,价格实惠	展会实拍大通t60皮卡房车,竟然是分时四驱自动挡车型,价格实惠	negative
倔!小女孩说自己错了,态度让人心疼,家长:冷静可以不要关门	倔!小女孩说自己错了,态度让人心疼,家长:冷静可以不要关门	positive
基辅大合围,六十多万苏军被圈猪	基辅大合围,六十多万苏军被圈住	negative
美国芯片巨头高通、英特尔“参入”中国半导体企业,寓意何为?	美国芯片巨头高通、英特尔“渗入”中国半导体企业,寓意何为?	negative
“7坐车”和“5坐车”年检到底有啥区别?	“7座车”和“5座车”年检到底有啥区别?	negative
美国现在才发现,美债已经成立便宜货,已无力阻止美元进一步下跌	美国现在才发现,美债已经成了便宜货,已无力阻止美元进一步下跌	negative
增至税下调二手车市场或提前迎来“卖旧潮”	增值税下调二手车市场或提前迎来“卖旧潮”	negative
房价破万城市已经超过60个,是什么在支撑高房价?	房价破万城市已经超过60个,是什么在支撑高房价?	positive
当初摘下这么多树然而现在排上用场了	当初栽下这么多树然而现在派上用场了	negative
战争在暴力面前不堪一击,屠杀,宗教迫害血写的战争史诗	战争在暴力面前不堪一击,屠杀,宗教迫害描写的战争史诗	negative
张嘉译人设有问题?戏亲密不断,有谁注意到张嘉译的手部动作?	张嘉译人设有问题?戏亲密不断,有谁注意到张嘉译的手部动作?	positive
男子得到报废的磨砂机,最享受的过程就是看他如何翻新	男子得到报废的磨砂机,最享受的过程就是看他如何翻新	positive
中国空军绕岛飞行台军喊破嗓子无人理会……	中国空军绕岛飞行台军喊破嗓子无人理会……	positive
文件已发!乡镇公务员要提高待遇,提拔快速通道也已开启!	文件已发!乡镇公务员要提高待遇,提拔快速通道也已开启!	positive
为何有不少球迷认为巴蒂尔能单防奥尼尔?这次防守能吹一辈子	为何有不少球迷认为巴蒂尔能单防奥尼尔?这次防守能吹一辈子	positive
抓捕四人帮:王洪文惟一被戴手铐且监管最严	抓捕四人帮:王洪文唯一被戴手铐且监管最严	negative
消费者质疑卤兔头长驱虫	消费者质疑卤兔头长蛆虫	negative
养尤骨要多久才开花?	养龙骨要多久才开花?	negative
我的世界动画:三分钟看完整个mc生存,输了末影龙却赢得崭新世界	我的世界动画:三分钟看完整个mc生存,输了末影龙却赢得崭新世界	positive
老公:“你要想你女儿变成二婚,你就继续跟我讲规矩!”	老公:“你要想你女儿变成二婚,你就继续跟我讲规矩!”	positive
凤凰传奇曾毅隐瞒了6年的妻子,玲花终于承认和曾毅的关系	凤凰传奇曾毅隐瞒了6年的妻子,玲花终于承认和曾毅的关系	positive
林俊杰说贾玲的酒窝真开爱,贾玲的回复,嗨爆全场,真的太会撩了	林俊杰说贾玲的酒窝真可爱,贾玲的回复,嗨爆全场,真的太会撩了	negative
“悬浮”3d斑马线司机剪了自觉减速	“悬浮”3d斑马线司机见了自觉减速	negative
妹子试吃超市买的人生果,10元一个买的,怎么吃起来口感像黄瓜?	妹子试吃超市买的人参果,10元一个买的,怎么吃起来口感像黄瓜?	negative
2万1千多的名牌手表,一年内连坏三次,商家:疑似私折,不予退换	2万1千多的名牌手表,一年内连坏三次,商家:疑似私拆,不予退换	negative
这道高考题出错了?刚刚,省教育考试院声明:选a选b,均给6分	这道高考题出错了?刚刚,省教育考试院声明:选a选b,均给6分	positive
传奇超模黑珍珠:娜奥米·坎贝尔,让老娘教你们怎么走台步	传奇超模黑珍珠:娜奥米·坎贝尔,让老娘教你们怎么走台步	positive
二炮手:连长为掩护部队撤退隔断绳梯,阻挡如本人追击,壮烈牺牲	二炮手:连长为掩护部队撤退割断绳梯,阻挡日本人追击,壮烈牺牲	negative
朋友花光继续回老家建的别墅,现在始终不想回去住,这又是为何?	朋友花光积蓄回老家建的别墅,现在始终不想回去住,这又是为何?	negative
英媒:英国博物馆被盗数件价值连城中国文物失窃	英媒:英国博物馆被盗数件价值连城中国文物失窃	positive
男子网购10辆带牌二手豪车让北京车主吃尽苦头	男子网购10辆带牌二手豪车让北京车主吃尽苦头	positive
当黑白无常遇上死神,工作能力被死神鄙视,这句话却感动了很多人	当黑白无常遇上死神,工作能力被死神鄙视,这句话却感动了很多人	positive
宇宙自转速度最快的星球,原来在太阳系,转一圈只要4小时!	宇宙自转速度最快的星球,原来在太阳系,转一圈只要4小时!	positive
银行“抢钱大战”爆发!利率骤升50%!	银行“抢钱大战”爆发!利率骤升50%!	positive
这下有狮子够瘦的,捕猎长颈鹿又风险!	这下有狮子够瘦的,捕猎长颈鹿有风险!	negative
老干妈陶碧华等一批企业家在坚守实体经济,上市那是欺骗人家的钱	老干妈陶碧华等一批企业家在坚守实体经济,上市那是欺骗人家的钱	positive
小伙玻璃棒塞体内,医生手术取出,一量发现长25厘米,最粗5厘米	小伙玻璃棒塞体内,医生手术取出,一量发现长25厘米,最粗5厘米	positive
小说:远征军溃败野人山,一支军阀部队也成误入原始森林中	小说:远征军溃败野人山,一支军阀部队也曾误入原始森林中	negative
人在没钱时,请戒了这五样东西,否则你永远是受穷的命	人在没钱时,请戒了这五样东西,否则你永远是受穷的命	positive
中小学老师诱导学生参加校外补课将被严肃处理,直至取消教师资格	中小学老师诱导学生参加校外补课将被严肃处理,直至取消教师资格	positive
2019新款奔驰cls53评测,真比奥迪a7还太多,最好的轿跑	2019新款奔驰cls53评测,真比奥迪a7还太多,最好的轿跑	positive
父母爱情:徳花又从乡下回来了,这可把无聊的王彩娥高兴坏了	父母爱情:德花又从乡下回来了,这可把无聊的王彩娥高兴坏了	negative
「绍兴·图说」昂桑湖边村庄——七里江	「绍兴·图说」昂桑湖边村庄——七里江	positive
铃木将协新车重返国内,外观更时尚,比飞度还省油,仅7万起售!	铃木将携新车重返国内,外观更时尚,比飞度还省油,仅7万起售!	negative
黑胡子一伙的阻击手到底有多强这么远都能打到	黑胡子一伙的狙击手到底有多强这么远都能打到	negative
麻将:中国最爱打麻将的身份排名,来看看有没有你的家乡呢?	麻将:中国最爱打麻将的省份排名,来看看有没有你的家乡呢?	negative
二胎全面开放,却在农村预冷!专家建议补贴3万!	二胎全面开放,却在农村遇冷!专家建议补贴3万!	negative
孕妇绊4岁男孩,“故意”让素质碎了一地	孕妇绊4岁男孩,“故意”让素质碎了一地	positive
注意:强制拆迁合法化,但必须满足这几个条件!	注意:强制拆迁合法化,但必须满足这几个条件!	positive
农村这些老话,交给了我们很多的道理,值得我们深深体会!	农村这些老话,教给了我们很多的道理,值得我们深深体会!	negative
每体:内马尔希望俱乐部引进苏亚雷斯,出售卡瓦尼	媒体:内马尔希望俱乐部引进苏亚雷斯,出售卡瓦尼	negative
赚钱机会0轻仓观望5-6月	赚钱机会0清仓观望5-6月	negative
老梁:当年雍正到低有没有篡改康熙传位诏书?把十字改成于字呢?	老梁:当年雍正到底有没有篡改康熙传位诏书?把十字改成于字呢?	negative
彩票店老板沉迷彩票两年输掉300万	彩票店老板沉迷彩票两年输掉300万	positive
贵阳金隔街围关的人好多	贵阳金凤街围观的人好多	negative
14岁独创美国如今入选男篮大名单,nba梦已放下只想大学顺利毕业	14岁独闯美国如今入选男篮大名单,nba梦已放下只想大学顺利毕业	negative
“限塑令”实施10年了,塑料袋消耗不减反增,谁的“锅”?	“限塑令”实施10年了,塑料袋消耗不减反增,谁的“锅”?	positive
俄专家计划12400年前复活僵尸狗,网友:这是在做梦吧?	俄专家计划12400年前复活僵尸狗,网友:这是在做梦吧?	positive
为什么说没钱的会越来越穷	为什么说没钱的会越来越穷	positive
这才是真爱呀,一口包子一口水的胃老奶奶,祝老奶奶早热康复	这才是真爱呀,一口包子一口水的喂老奶奶,祝老奶奶早日康复	negative
妻子整天打麻将还借了高利贷,丈夫气得奔溃,评委骂得她狗血淋头	妻子整天打麻将还借了高利贷,丈夫气得崩溃,评委骂得她狗血淋头	negative
宫颈短可以做飞机吗?	宫颈癌可以坐飞机吗?	negative
唐三、赵无极捕捉一条风尾鸡冠蛇,赵无极咋这么可爱!跟新22集	唐三、赵无极捕捉一条凤尾鸡冠蛇,赵无极咋这么可爱!更新22集	negative
25万买“70万”宝马535,捡漏还是入坑?抬起地盘,朋友直接吓愣	25万买“70万”宝马535,捡漏还是入坑?抬起底盘,朋友直接吓愣	negative
男子故意遮挡车牌,交警追到后,看到车窗内的画面,交警无奈放行	男子故意遮挡车牌,交警追到后,看到车窗内的画面,交警无奈放行	positive
中国到香港的高铁即将通车,港胞纷纷点赞,网友:开进中国台湾	中国到香港的高铁即将通车,港胞纷纷点赞,网友:开进中国台湾	positive
张军平终于知道,让他顶替了菊香上大学,全是妻子一手操作的	张军平终于知道,让他顶替了菊香上大学,全是妻子一手操作的	positive
lol:操作集锦top5,锐雯别逼退无可退怒举断剑豪取五杀	lol:操作集锦top5,锐雯被逼退无可退怒举断剑豪取五杀	negative
胡律师说法:高空坠狗致女子颈椎骨折粉碎人生谁来赔	胡律师说法:高空坠狗致女子颈椎骨折粉碎人生谁来赔	positive
萌宠:两只柴犬幼崽的嬉闹,就像像个可爱的小肉球在地上翻滚!	萌宠:两只柴犬幼崽的嬉闹,就像是个可爱的小肉球在地上翻滚!	negative
太惊险!猛虎死咬黑熊30分钟却被它逆风翻盘!	太惊险!猛虎死咬黑熊30分钟却被它逆风翻盘!	positive
大叔年前买华为手机,插上充电两小时,竟烧了起来!品控如何?	大叔年前买华为手机,插上充电两小时,竟烧了起来!品控如何?	positive
日产奇骏和丰田rav4荣放谁更强?差距很明显别再被忽悠了!	日产奇骏和丰田rav4荣放谁更强?差距很明显别再被忽悠了!	positive
《流浪地球》口碑炸裂背后:投资方跑了,吴京自讨腰包出演!	《流浪地球》口碑炸裂背后:投资方跑了,吴京自掏腰包出演!	negative
f22和歼20降落对比,谁跟胜一筹	f22和歼20降落对比,谁更胜一筹	negative
虚荣:这个新手是怎么完成两次4杀的?还多次差点儿5杀!	虚荣:这个新手是怎么完成两次4杀的?还多次差点儿5杀!	positive
试吃收到一本神奇的“今天吃什么”,再也不担心每天吃什么了	试吃收到一本神奇的“今天吃什么”,再也不担心每天吃什么了	positive
杭州公安打掉黑恶势力,举报人获奖励,带着卡通面具去领钱!	杭州公安打掉黑恶势力,举报人获奖励,带着卡通面具去领钱!	positive
不好匆骂	不好打骂	negative
从西藏高原到越南战场,这款抢走完了辉煌的一生——56半自动步枪	从西藏高原到越南战场,这款枪走完了辉煌的一生——56半自动步枪	negative
刑拘!“手欠”的代价!这个姑娘彻底懵了	刑拘!“手欠”的代价!这个姑娘彻底懵了	positive
梁安琪带鲁豫参观女儿的酒店,发现何超盈不在大发雷霆	梁安琪带鲁豫参观女儿的酒店,发现何超盈不在大发雷霆	positive
路遇偏僻山村,村名一夜之间离奇死亡,去山里调查却看到诡异画面	路遇偏僻山村,村民一夜之间离奇死亡,去山里调查却看到诡异画面	negative
中超第七轮,河南建业0:2不敌重庆斯威,遭遇三连败,如何评价这场比赛?	中超第七轮,河南建业0:2不敌重庆斯威,遭遇三连败,如何评价这场比赛?	positive
蔡徐坤1千万粉丝福利:感谢1000wkun&amp;ikun	蔡徐坤1千万粉丝福利:感谢1000wkun&amp;ikun	positive
父亲抱孩子坐电梯遇男子吸烟规劝无果后暴打吸烟者	父亲抱孩子坐电梯遇男子吸烟规劝无果后暴打吸烟者	positive
“炎帝”萧炎又如何让?“武祖”林动有如何?最终却败给了他?	“炎帝”萧炎又如何让?“武祖”林动又如何?最终却败给了他?	negative
700多万的兰博基尼开到洗车店,水破下去,洗车工人以为要赔钱	700多万的兰博基尼开到洗车店,水泼下去,洗车工人以为要赔钱	negative
如过韩信的大招改回和以前一样可以暴击,是否有资格称为最强刺客,没有之一?	如果韩信的大招改回和以前一样可以暴击,是否有资格成为最强刺客,没有之一?	negative
一部超级震撼的二战片,够猛够狠够震撼,全程火爆彪悍无尿点	一部超级震撼的二战片,够猛够狠够震撼,全程火爆彪悍无尿点	positive
纳粹屠杀犹太妇女的真实场景:拉脱维亚警方当帮凶,现场掺不忍睹	纳粹屠杀犹太妇女的真实场景:拉脱维亚警方当帮凶,现场惨不忍睹	negative
悉达多王子人生的最后时刻,涅槃后成为释迦牟尼佛祖	悉达多王子人生的最后时刻,涅槃后成为释迦牟尼佛祖	positive
普京行动了!俄就叙形势召开集安组织常设理事会紧急会议	普京行动了!俄就叙形势召开集安组织常设理事会紧急会议	positive
我坐月子的时候婆婆去照顾小姑子,我没有生气,还给她了一万块	我坐月子的时候婆婆去照顾小姑子,我没有生气,还给她了一万块	positive
用水冲的方式来搬运土豆,这方法是够科学也很机智	用水冲的方式来搬运土豆,这方法是够科学也很机智	positive
紫龙防务观察:中国30版fc31战机曝光?	紫龙防务观察:中国30版fc31战机曝光?	positive
艾伦为沈腾为什么想当明星,沈腾:来钱快,会挤眉弄眼就行	艾伦问沈腾为什么想当明星,沈腾:来钱快,会挤眉弄眼就行	negative
抚顺有奥特莱斯吗?	抚顺有奥特莱斯吗?	positive
车辆半路抛锚,执勤路员来助力	车辆半路抛锚,执勤人员来助力	negative
看到灰姑娘,心机女故意挽住霸道校草胳膊,没想到被校草直接甩开	看到灰姑娘,心机女故意挽住霸道校草胳膊,没想到被校草直接甩开	positive
农村大哥止咳靠偏方,当年满山的草药不值钱,如今一颗也找不到	农村大哥止咳靠偏方,当年满山的草药不值钱,如今一棵也找不到	negative
瓜农喝止小偷行窃被刺死案一审6人获刑,其中1死刑1无期	瓜农阻止小偷行窃被刺死案一审6人获刑,其中1死刑1无期	negative
妹子高速上违停遮挡号牌交警来到后面还不知道	妹子高速上违停遮挡号牌交警来到后面还不知道	positive
《奔跑吧6》预计在四月份开播陈赫瘦了张凯把握不住了!	《奔跑吧6》预计在四月份开播陈赫瘦了郑凯把握不住了!	negative
六十年代,三百余吨的人民英雄纪念碑如何辗转千里运抵天安门的?	六十年代,三百余吨的人民英雄纪念碑如何辗转千里运抵天安门的?	positive
注意他指的地方可能又嫌疑人	注意他指的地方可能有嫌疑人	negative
印度人自认的最安全村庄,夜不闭户女姓只能默默受苦	印度人自认的最安全村庄,夜不闭户女性只能默默受苦	negative
“碰瓷”碰出新高度,直接一头装上警车,民警见状都懵了!	“碰瓷”碰出新高度,直接一头撞上警车,民警见状都懵了!	negative
书法日历:在这里,手工界格只是装饰性了	书法日历:在这里,手工风格只是装饰性了	negative
年154期:宝宝解析3d太湖钓叟之竹叶青品几口	第154期:宝宝解析3d太湖钓叟之竹叶青品几口	negative
司令员下连当兵结束后,带中将军衔出来,连长吓得不会说话	司令员下连当兵结束后,带中将军衔出来,连长吓得不会说话	positive
谁最可能在2020台湾地区领导人选举中胜出?	谁最可能在2020台湾地区领导人选举中胜出?	positive
谁是非州手机之王?不是苹果三星,也不是华为小米	谁是非洲手机之王?不是苹果三星,也不是华为小米	negative
这是要干什么?加拿大的反潜巡逻机抵达日本冲绳,巡逻东海!	这是要干什么?加拿大的反潜巡逻机抵达日本冲绳,巡逻东海!	positive
预告:苏明诚说苏明钰财大气粗心狠手辣,舅舅听到立马就怂得不行	预告:苏明诚说苏明玉财大气粗心狠手辣,舅舅听到立马就怂得不行	negative
万科“10年房租180万”租赁项目试水运营首批出租率超80%	万科“10年房租180万”租赁项目试水运营首批出租率超80%	positive
百川大哥昨天刚给老奶奶说了不让她捡,她闲不着,看见有就原意捡	百川大哥昨天刚给老奶奶说了不让她捡,她闲不着,看见有就愿意捡	negative
土匪头子“座山雕”凭着技绝技活过三个朝代,最后却被活活憋死?	土匪头子“座山雕”凭这一绝技活过三个朝代,最后却被活活憋死?	negative
年轻人口断崖式萎缩城市“抢人大战”该走向何方	年轻人口断崖式萎缩城市“抢人大战”该走向何方	positive
一线主持人年薪曝光!撒贝宁1100万垫底,何炅让人可望不可即!	一线主持人年薪曝光!撒贝宁1100万垫底,何炅让人可望不可及!	negative
春节打麻将玩扑克变赌博哈尔滨市巴彦县40人被行拘	春节打麻将玩扑克变赌博哈尔滨市巴彦县40人被刑拘	negative
性能最强的ios设备,iphonex只能“屈居”第四名?苹果都不行了?	性能最强的ios设备,iphonex只能“屈居”第四名?苹果都不行了?	positive
陶铸同志生前收了多少苦,床头被放上500瓦灯泡,重病被赶出北京	陶铸同志生前受了多少苦,床头被放上500瓦灯泡,重病被赶出北京	negative
酒店大厨从不外传的炖肉秘方!农村小伙一招教你,拿走不谢!	酒店大厨从不外传的炖肉秘方!农村小伙一招教你,拿走不谢!	positive
一张图看明白正个区块链	一张图看明白整个区块链	negative
三星s9+体验评测到来,这一次全新的三星s9到底值不值得够买?	三星s9+体验评测到来,这一次全新的三星s9到底值不值得购买?	negative
一个无耻之徒,王湘用一纸协议掌控全中国,还猖狂说:不签就开战	一个无耻之徒,王湘用一纸协议掌控全中国,还猖狂说:不签就开战	positive
“铲屎官”注意了!小区内多只宠物狗离奇死亡,疑有人故意投毒	“铲屎官”注意了!小区内多只宠物狗离奇死亡,疑有人故意投毒	positive
75岁花甲老人带着私生子寻找43年前的婚外恋,门打开老人泪流满面	75岁花甲老人带着私生子寻找43年前的婚外恋,门打开老人泪流满面	positive
最便宜的进口suv,新款媲美途观,仅售13万,辛亏年前没买车	最便宜的进口suv,新款媲美途观,仅售13万,幸亏年前没买车	negative
中国“薄西装”一出,夹克不在吃香了,冲锋衣没戏,贼啦帅	中国“薄西装”一出,夹克不再吃香了,冲锋衣没戏,贼拉帅	negative
广东东莞出人出力智援四川九龙测绘	广东东莞出人出力支援四川九龙测绘	negative
西南航空引擎失灵一死七伤,女机长临危不乱挽救大局	西南航空引擎失灵一死七伤,女机长临危不乱挽救大局	positive
街舞的特殊舞种叫描声,全球会跳的人很稀有,易烊千玺一句话解释	街舞的特殊舞种叫描声,全球会跳的人很稀有,易烊千玺一句话解释	positive
猴子不要调皮了,再调皮女主都不这你了	猴子不要调皮了,再调皮女主都不爱你了	negative
老外点了一碗杂酱面二两饺子,直言要本地的味道	老外点了一碗炸酱面二两饺子,直言要本地的味道	negative
哈尔滨机场t2月底启用设置80个值机柜台	哈尔滨机场t2月底启用设置80个值机柜台	positive
命悬一线!一男子爬上郑州33曾高楼欲轻生被救下	命悬一线!一男子爬上郑州33层高楼欲轻生被救下	negative
中国盟友遇难题!3000亿吨甘蔗卖不出,中国:别急,我来发电	中国盟友遇难题!3000亿吨甘蔗卖不出,中国:别急,我来发电	positive
蜡笔小新-小新拿水枪对着小葵的脸,连射了几次	蜡笔小新-小新拿水枪对着小葵的脸,连射了几次	positive
广西加快铁路网络建设	广西加快铁路网络建设	positive
来世不想在为人,写的太经典!	来世不想再为人,写的太经典!	negative
萧何当初帮吕后除掉了韩信,却又为何偷偷救走了韩信的儿子?这种说法值得考究吗?	萧何当初帮吕后除掉了韩信,却又为何偷偷救走了韩信的儿子?这种说法值得考究吗?	positive
花了好久,涂色的时候发现颜色会吧铅笔画的图案遮住,要用油笔了	画了好久,涂色的时候发现颜色会把铅笔画的图案遮住,要用油笔了	negative
cba重型坦克韩德君内线强打合辑就是顶这你打	cba重型坦克韩德君内线强打合力就是顶着你打	negative
小伙跳入冰冷河中救人监控视频令人大跌眼镜	小伙跳入冰冷河中救人监控视频令人大跌眼镜	positive
如果美国宣布禁止我国手机使用安卓系统,我国手机行业会跨吗?	如果美国宣布禁止我国手机使用安卓系统,我国手机行业会垮吗?	negative
一字之差,哪为高人编的,太有才了!发给朋友也逗一逗	一字之差,哪位高人编的,太有才了!发给朋友也逗一逗	negative
一斤大虾,一罐辣椒,大嘴做油焖大虾,吃起来真过瘾	一斤大虾,一罐辣椒,大嘴做油焖大虾,吃起来真过瘾	positive
做过什么事让你觉得自己为祖国争光了:差点没把几个小日本扔海里	做过什么事让你觉得自己为祖国争光了:差点没把几个小日本扔海里	positive
楼市调控再次加码	楼市调控再次加码	positive
婆婆当着孙女面欺负儿媳,厉害孙女直接一杯豆浆泼过去,霸气互妈	婆婆当着孙女面欺负儿媳,厉害孙女直接一杯豆浆泼过去,霸气护妈	negative
年级轻轻就惨遭谢顶,不只有你,还有这只可怜的刺猬	年纪轻轻就惨遭谢顶,不只有你,还有这只可怜的刺猬	negative
福州适合拍艺术照的地方,海峡艺术中心彰显大片气质	福州适合拍艺术照的地方,海峡艺术中心彰显大片气质	positive
王健林和李家诚双双抛售房地产是房价下跌的征兆?	王健林和李嘉诚双双抛售房地产是房价下跌的征兆?	negative
西游是厉害的兵器是什么?如来的金钵孟只排在第三!	西游最厉害的兵器是什么?如来的金钵孟只排在第三!	negative
领导不喜欢的四种类型员工,在努力也不会被升职加薪!	领导不喜欢的四种类型员工,再努力也不会被升职加薪!	negative
美叙爆发地面冲突!美军遭伏击发动空袭报复,俄:局势彻底失控	美叙爆发地面冲突!美军遭伏击发动空袭报复,俄:局势彻底失控	positive
贸易战爆发,华为将退出美国市场?余成东霸气回应	贸易战爆发,华为将退出美国市场?余承东霸气回应	negative
很多购买suv的朋友后悔了,一个缺点毁掉suv!	很多购买suv的朋友后悔了,一个缺点毁掉suv!	positive
湖南娄底新化县三中2018高考英语听力放成2017年的听力了,是真的吗?	湖南娄底新化县三中2018高考英语听力放成2017年的听力了,是真的吗?	positive
小伙缀学供女友上大学,女友却爱上有钱人,2年后女友遭到报应!	小伙辍学供女友上大学,女友却爱上有钱人,2年后女友遭到报应!	negative
有多少人认识他?如今的他,有了自己的工作室,他和广东雨神很熟他一步步的努力,成了今天的网红,加油,许华升	有多少人认识他?如今的他,有了自己的工作室,他和广东雨神很熟他一步步的努力,成了今天的网红,加油,许华升	positive
美丽的武隆让人置身事外	美丽的武隆让人置身世外	negative
澳洲tpp正赛:4am功楼,aluka这波反应太快了,观众都尖叫了!	澳洲tpp正赛:4am攻楼,aluka这波反应太快了,观众都尖叫了!	negative
《最后的我们》看哭了多少人,最怕看懂一部电影	《最后的我们》看哭了多少人,最怕看懂一部电影	positive
苏联海军心目中的英雄,强大红色海军缔造者,另敌人敬佩不已	苏联海军心目中的英雄,强大红色海军缔造者,令敌人敬佩不已	negative
祁同伟和高育良、蔡成功、高小秦,这3对关系,职场人定要看透!	祁同伟和高育良、蔡成功、高小琴,这3对关系,职场人定要看透!	negative
杨国富麻辣烫配方首次公开	杨国福麻辣烫配方首次公开	negative
150万美元一根的绳子,中国无法造不出美国俄罗斯都不愿卖给中国	150万美元一根的绳子,中国无法造出美国俄罗斯都不愿卖给中国	negative
北京方便面为什么不是北京的二是河南省漯河市的?	北京方便面为什么不是北京的而是河南省漯河市的?	negative
宝宝体质鉴定表,所有妈妈都应该看看!	宝宝体质鉴定表,所有妈妈都应该看看!	positive
浪大了!中超冤大头5场比赛拿1分,三连败后预定中超首个降低队	浪大了!中超冤大头5场比赛拿1分,三连败后预定中超首个降级队	negative
男子殴打司机只因做过站	男子殴打司机只因坐过站	negative
电动车有福了!新型充电器,边骑边充,日行千里无担忧,真方便	电动车有福了!新型充电器,边骑边充,日行千里无担忧,真方便	positive
74年皮定均拉罗瑞卿“上山”:罗总长告诉我怎么打	74年皮定钧拉罗瑞卿“上山”:罗总长告诉我怎么打	negative
军火是大佬居然在杀手面前炫耀枪支,杀手告诉他抢是这样用的	军火师大佬居然在杀手面前炫耀枪支,杀手告诉他枪是这样用的	negative
每体预测西班牙人首发:武磊先发可能性不大	媒体预测西班牙人首发:武磊先发可能性不大	negative
做没做相,站没站相你说谁能娶你吧!	坐没坐相,站没站相你说谁能娶你吧!	negative
小丁宣布再战夏家联赛引多队哄抢入篮网或成留nba最佳机遇	小丁宣布再战夏季联赛引多队哄抢入篮网或成留nba最佳机遇	negative
为什么智商高的人不喜欢与人交往?	为什么智商高的人不喜欢与人交往?	positive
不敢消费,养老、买房更是缩手缩脚,谁偷走了日本年轻人的梦想?	不敢消费,养老、买房更是缩手缩脚,谁偷走了日本年轻人的梦想?	positive
成龙十八年前的这段,简直是白看不厌	成龙十八年前的这段,简直是百看不厌	negative
如何理解“做官不带家乡人,买房不听家里人”这句话?	如何理解“做官不带家乡人,买房不听家里人”这句话?	positive
小说:他实在太危险了,哪怕他坐在轮松上,也丝毫不减他的气势	小说:他实在太危险了,哪怕他坐在轮椅上,也丝毫不减他的气势	negative
雷军:增值税下降3%~13%是个好消息,我和别人开玩笑说今天股市一定会大涨	雷军:增值税下降3%~13%是个好消息,我和别人开玩笑说今天股市一定会大涨	positive
悲观的看法:高红波或与国足主帅的位置渐行渐远	悲观的看法:高洪波或与国足主帅的位置渐行渐远	negative
意大利将立法禁止商点周日营业违者罚款逾万欧元	意大利将立法禁止商店周日营业违者罚款逾万欧元	negative
这才是男人的归宿,比辉腾更低调,这三款车扮猪吃老虎!	这才是男人的归宿,比辉腾更低调,这三款车扮猪吃老虎!	positive
美女进寺送信,怎料和尚居然要拔光她衣服	美女进寺送信,怎料和尚居然要扒光她衣服	negative
首台沃尔沃cx40实车到店,售价不足20万	首台沃尔沃cx40实车到店,售价不足20万	positive
2018新款迈腾330豪华型,仅20万,省油又居家外观美爆绝对能火!	2018新款迈腾330豪华型,仅20万,省油又居家外观美爆绝对能火!	positive
陈翔六点半:球球在车内放屁,司机疯狂放屁,导致车辆途中爆炸	陈翔六点半:球球在车内放屁,司机疯狂放屁,导致车辆途中爆炸	positive
南昌:“黑校车”超远580%满满一车小朋友	南昌:“黑校车”超员580%满满一车小朋友	negative
程野戴上特殊眼睛在王小蒙的照片上乱化,台下王小蒙的表情想杀人	程野戴上特殊眼镜在王小蒙的照片上乱画,台下王小蒙的表情想杀人	negative
杨子荣在生擒座山雕不久后牺牲,他是怎么牺牲的?	杨子荣在生擒座山雕不久后牺牲,他是怎么牺牲的?	positive
河南高速公路最新路况信息,截止2月15日7点发布	河南高速公路最新路况信息,截止2月15日7点发布	positive
男友坐牢5年,出狱时,女友亲自来接他,还带着爸妈为他接风洗尘	男友坐牢5年,出狱时,女友亲自来接他,还带着爸妈为他接风洗尘	positive
晨读|父亲的大格局,母亲的好情绪,就是一个家最好的“风水”	晨读|父亲的大格局,母亲的好情绪,就是一个家最好的“风水”	positive
房地产不火了?上海夫妇假离婚成真,复婚无望上法庭,如何解释?	房地产不火了?上海夫妇假离婚成真,复婚无望上法庭,如何解释?	positive
lplwevsrng恭喜uzi拿下2000杀告诉你什么是世界第一adc	lplwevsrng恭喜uzi拿下2000杀告诉你什么是世界第一adc	positive
599元起!红米6/6a发布:联发科12nm新处理器加持	599元起!红米6/6a发布:联发科12nm新处理器加持	positive
“中国飞车王”徐浪葬礼,韩寒在追到会潸然泪下,百辆汽车相送!	“中国飞车王”徐浪葬礼,韩寒在追悼会潸然泪下,百辆汽车相送!	negative
珠海男子刚考过科目一,竟满载人直接上路,成绩作废被刑拘!	珠海男子刚考过科目一,竟然载人直接上路,成绩作废被刑拘!	negative
iphone9外观正式曝光!网友:设计是是小米派的?	iphone9外观正式曝光!网友:设计师是小米派的?	negative
世界500强:阿里第300、腾讯第331,京东第181“遥遥领先”!	世界500强:阿里第300、腾讯第331,京东第181“遥遥领先”!	positive
新手开新车,把刹车当油门,结果冲过去,碾压电瓶车	新手开新车,把刹车当油门,结果冲过去,碾压电瓶车	positive
韩系车的最后一搏:起亚novo即将上市,演值爆棚,你会买吗?	韩系车的最后一搏:起亚novo即将上市,颜值爆棚,你会买吗?	negative
他与周迅同居2年,分手后娶大2岁王菲,周迅至今对他不能释怀	他与周迅同居2年,分手后娶大2岁王菲,周迅至今对他不能释怀	positive
林志颖曝光儿子美照,眉毛长得惊人,网友:这眉毛怎么长的?	林志颖曝光儿子美照,眉毛长得惊人,网友:这眉毛怎么长的?	positive
刘岩参加活动,差点撑爆衣服图,首次爆光!	柳岩参加活动,差点撑爆衣服图,首次曝光!	negative
浅谈对中国手机市场看法	浅谈对中国手机市场看法	positive
《定风坡》,为何横绝北宋?众词家:只有“老苏”写得出!	《定风坡》,为何横绝北宋?诗词家:只有“老苏”写得出!	negative
1分种告诉你成龙的《新宿事件》,为何被禁播!	1分钟告诉你成龙的《新宿事件》,为何被禁播!	negative
厦门:开展“不信马列信鬼神”专项整治	厦门:开展“不信马列信鬼神”专项整治	positive
lol:当adc遇到无限火力,想“疯狗”一般,拉都拉不住!	lol:当adc遇到无限火力,像“疯狗”一般,拉都拉不住!	negative
htc手机大降价,为新品让道,老板手机也开始更新安卓8.0	htc手机大降价,为新品让道,老版手机也开始更新安卓8.0	negative
聪明的小朋友你们发现谁的题做错了呢?	聪明的小朋友你们发现谁的题做错了呢?	positive
多少g的数据才有一克重?	多少g的数据才有一克重?	positive
王者荣耀:s11赛季谁是最强法师?妲己上榜,盘点最强的五位法师	王者荣耀:s11赛季谁是最强法师?妲己上榜,盘点最强的五位法师	positive
你赞成中国取消死刑吗?	你赞成中国取消死刑吗?	positive
中科大28岁失联博士,遗体刚刚被找到,抑郁症,太可怕,怎么办	中科大28岁失联博士,遗体刚刚被找到,抑郁症,太可怕,怎么办	positive
王者荣耀搞笑小动画:世界杯热潮!没老板带你发家致富	王者荣耀搞笑小动画:世界杯热潮!煤老板带你发家致富	negative
本事一家人,是什么让你们兄弟姐妹反目成仇?评论让人深思	本是一家人,是什么让你们兄弟姐妹反目成仇?评论让人深思	negative
辽宁官方:真是难得的假期,老叔幸苦了	辽宁官方:真是难得的假期,老叔辛苦了	negative
这份员工手册,让人油生敬意!	这份员工手册,让人心生敬意!	negative
fifa排名:国足遭沙特超越跌至亚洲第6无缘成为亚洲杯种子球队	fifa排名:国足遭沙特超越跌至亚洲第6无缘成为亚洲杯种子球队	positive
雪见夸了飞蓬一句帅,景天大喊:我吃醋了,瞬间开大完爆魔尊	雪见夸了飞蓬一句帅,景天大喊:我吃醋了,瞬间开大完爆魔尊	positive
赶海遇到了啥?竟让大梅心里范呕,还是乖乖的去捡扇贝吧!	赶海遇到了啥?竟让大梅心里犯呕,还是乖乖的去捡扇贝吧!	negative
80年版的100元,现在值多少钱?	80年代的100元,现在值多少钱?	negative
特朗普5条推特令美国震动外媒:巨大分歧出现美已水火不容	特朗普5条推特令美国震动外媒:巨大分歧出现美已水火不容	positive
大姐患癌症需要治疗费跑来真不存在的家产,自知理亏开打感情牌	大姐患癌症需要治疗费跑来争不存在的家产,自知理亏开打感情牌	negative
刘德华与小两岁的甄子丹同框,网友:我华仔竟然败了?	刘德华与小两岁的甄子丹同框,网友:我华仔竟然败了?	positive
巴铁第四架军机被击落,印度苏-30mki功劳最大,战力不容小视	巴铁第四架军机被击落,印度苏-30mki功劳最大,战力不容小视	positive
人们所说的江南小镇是中国的哪些城市?有何依据?	人们所说的江南小镇是中国的哪些城市?有何依据?	positive
行窃是触电身亡,小偷家属索赔,赔还是不赔	行窃时触电身亡,小偷家属索赔,赔还是不赔	negative
酱爆超大八爪鱼,整条直接啃,4大条不够吃	酱爆超大八爪鱼,整条直接啃,4大条不够吃	positive
得知王爷带妻子来拜见,被软禁的皇后立刻穿上凤袍,不能丢了场面	得知王爷带妻子来拜见,被软禁的皇后立刻穿上凤袍,不能丢了场面	positive
中国的高速公路上,只能从右侧超车吗?为什么?这是什么原因造成的?	中国的高速公路上,只能从右侧超车吗?为什么?这是什么原因造成的?	positive
到了香港才知道,国内热销的大众,在香港一台都看不见	到了香港才知道,国内热销的大众,在香港一台都看不见	positive
按摩的地方	按摩的地方	positive
澳媒:中国南海阅兵时澳军舰在南海遭中方“挑战”	澳媒:中国南海阅兵时澳军舰在南海遭中方“挑战”	positive
13万起全系自动挡,1.6t动力8秒破百,这车为啥就是买不赢缤智	13万起全系自动挡,1.6t动力8秒破百,这车为啥就是卖不赢缤智	negative
黄河评论:不要动不动就动用“公安”	黄河评论:不要动不动就动用“公安”	positive
想要宝宝不生病,这10条育儿误区千万别沾,不然受罪的可是宝宝	想要宝宝不生病,这10条育儿误区千万别沾,不然受罪的可是宝宝	positive
全军出击和刺激战场的对比,网友这个吐槽让天美很无奈	全军出击和刺激战场的对比,网友这个吐槽让天美很无奈	positive
台湾最新民调:六成五民众对台军不报信心	台湾最新民调:六成五民众对台军不抱信心	negative
中國最牛死刑犯!智商高得可怕,槍決前日逆天改命!	中國最牛死刑犯!智商高得可怕,枪决前日逆天改命!	negative
范伟跟历史人物撞脸,看到照片后,网友:这肯定时范伟扮演的	范伟跟历史人物撞脸,看到照片后,网友:这肯定是范伟扮演的	negative
国产航母海试归来!专家:我国航母建造能力跻身世界前列	国产航母海试归来!专家:我国航母建造能力跻身世界前列	positive
58同城ceo街头卖皮衣,用实力告诉你,什么是销售高手!	58同城ceo街头卖皮衣,用实力告诉你,什么是销售高手!	positive
ac130上的105mm炮威力有多大,能击毁现代主流主站坦克吗?	ac130上的105mm炮威力有多大,能击毁现代主流主战坦克吗?	negative
男子在闲鱼上卖摩托车越好买家来试驾没给钱直接就给骑走了	男子在闲鱼上卖摩托车约好买家来试驾没给钱直接就给骑走了	negative
他曾一无所有,却颠覆了美国教育,比尔盖茨是他的粉丝,现在他把自己估值比苹果公司还高的项目免费化了	他曾一无所有,却颠覆了美国教育,比尔盖茨是他的粉丝,现在他把自己估值比苹果公司还高的项目免费化了	positive
大叔开店卖白斩鸡,200度滚油,直接把鸡淋熟,泡一泡就直接上桌	大叔开店卖白斩鸡,200度滚油,直接把鸡淋熟,泡一泡就直接上桌	positive
又不是在水下放了摄像机,都不知道这鱼饵怎么就没了	要不是在水下放了摄像机,都不知道这鱼饵怎么就没了	negative
穷小伙卖房帮卖花女看眼镜三年后相遇小伙却没脸见她	穷小伙卖房帮卖花女看眼睛三年后相遇小伙却没脸见她	negative
为什么北方城市多建高架桥,而南方城市却多建隧道?	为什么北方城市多建高架桥,而南方城市却多建隧道?	positive
广东一游客在沙滩遇搁浅鲸豚私自抗走渔政部门介入	广东一游客在沙滩遇搁浅鲸豚私自扛走渔政部门介入	negative
优雅的慢四跳起来	优雅的慢慢跳起来	negative
已故歌手陈百强的父亲去世,父子天上聚	已故歌手陈百强的父亲去世,父子天上聚	positive
病床上男人偶遇丝袜女,丝袜女一见钟倩,和男人开起暧昧玩笑	病床上男人偶遇丝袜女,丝袜女一见钟情,和男人开起暧昧玩笑	negative
日本球迷捡世界杯垃圾国足又躺枪,中国球迷啥时候有资格?	日本球迷捡世界杯垃圾国足又躺枪,中国球迷啥时候有资格?	positive
男子炫富造朋友质疑,把金链子扔到油锅后,男子瞬间后悔了	男子炫富遭朋友质疑,把金链子扔到油锅后,男子瞬间后悔了	negative
曾经在dnf中吃诧风云的自恋狂,如今为了生活选择卖掉自己的账号!	曾经在dnf中叱咤风云的自恋狂,如今为了生活选择卖掉自己的账号!	negative
重磅,2018最新税法法规,个税起征点3000提高至5000,请关注!	重磅,2018最新税法法规,个税起征点3000提高至5000,请关注!	positive
“已停产”10大童年零食,吃过5种的叫叔叔,全吃过的叫“大爷”	“已停产”10大童年零食,吃过5种的叫叔叔,全吃过的叫“大爷”	positive
这位副省长受贿1400余万元,一审被判12年	这位副省长受贿1400余万元,一审被判12年	positive
丈夫嫌弃妻子不做家务离婚后,三年后妻子改嫁,丈夫后悔却晚了	丈夫嫌弃妻子不做家务离婚后,三年后妻子改嫁,丈夫后悔却晚了	positive
情商低的妹妹19岁跟男人私奔,一出场另涂磊惊讶	情商低的妹妹19岁跟男人私奔,一出场令涂磊惊讶	negative
中美洲爆发大示威,痛斥政府忘恩负义、支持美帝,高喊普京万岁!	中美洲爆发大示威,痛斥政府忘恩负义、支持美帝,高喊普京万岁!	positive
靖王抵挡不住彩蝶的糖衣跑单的进宫,终于沦陷了	靖王抵挡不住彩蝶的糖衣炮弹的进攻,终于沦陷了	negative
外什么一个美国的iphone就是比安卓好	为什么一个美国的iphone就是比安卓好	negative
山东爆冷负吉林2连败出局,谁注意吴庆龙发言?无奈,球迷不满	山东爆冷负吉林2连败出局,谁注意吴庆龙发言?无奈,球迷不满	positive
《x战警》第一战中的x教受为什么不用能力使教授得到白皇后和各位美女的芳心并弃恶从善?	《x战警》第一战中的x教授为什么不用能力使教授得到白皇后和各位美女的芳心并弃恶从善?	negative
杀人诛心!科尔仅用一招便打垮了鹈鹕,并把隆多的弱点给无限放大	杀人诛心!科尔仅用一招便打垮了鹈鹕,并把隆多的弱点给无限放大	positive
学医的女生真的都那么可拍吗?解刨课后女同学徒手把兔子头拧下来	学医的女生真的都那么可怕吗?解刨课后女同学徒手把兔子头拧下来	negative
明台:还不让我走啊,那我就只能不还意思,搬出大哥了!	明台:还不让我走啊,那我就只能不好意思,搬出大哥了!	negative
中国到底干了啥?让世界多国都不知所措,欧美:根本没办法了!	中国到底干了啥?让世界多国都不知所措,欧美:根本没办法了!	positive
副市长、市公安局局长赵峰——奋斗正当全省公安机关排头兵	副市长、市公安局局长赵峰——奋斗争当全省公安机关排头兵	negative
毛主席并不想和美国发生冲突,但是在气势上,决对不能输	毛主席并不想和美国发生冲突,但是在气势上,绝对不能输	negative
37°的天气,老奶奶进来把豆角全卖给我,说她媳妇得癌症,她卖完去买条鱼坐车回家,篮子里的馒头是别人给的还不舍吃	37°的天气,老奶奶进来把豆角全卖给我,说她媳妇得癌症,她卖完去买条鱼坐车回家,篮子里的馒头是别人给的还不舍吃	positive
同学聚会45人每人两千除了	同学聚会45人每人两千出了	negative
湖南9岁女孩反对插队被打,打人者谎称怀孕不配合调查被行拘	湖南9岁女孩反对插队被打,打人者谎称怀孕不配合调查被刑拘	negative
数据爬虫:足总杯单关,曼城败走温布利	数据爬虫:足总杯单关,曼城败走温布利	positive
高考试题允许“双黄答案”是最不坏选择	高考试题允许“双黄答案”是最不错选择	negative
溥仪幼时和宫女做这些事,以至终生无子,五为妻子也遗憾致死	溥仪幼时和宫女做这些事,以至终生无子,五位妻子也遗憾致死	negative
女娲下旨斩龙神,龙神跪求姜子牙救命,姜子牙给他指了条名路	女娲下旨斩龙神,龙神跪求姜子牙救命,姜子牙给他指了条明路	negative
雪浓于水。替老奶奶高兴	血浓于水。替老奶奶高兴	negative
马克思墓碑被砸坏,英国网民怒了	马克思墓碑被砸坏,英国网民怒了	positive
第一次投资经历,哪年我22岁!	第一次投资经历,那年我22岁!	negative
定一个为止奋斗的目标	定一个为之奋斗的目标	negative
鬼探头引发事故,引以为戒!责任划分一会发,先听听你们的看法?	鬼探头引发事故,引以为戒!责任划分一会发,先听听你们的看法?	positive
饱受好评的flyem系统能否拯救越走越偏的魅族手机?	饱受好评的flyem系统能否拯救越走越偏的魅族手机?	positive
辛亏早知道了,办理退休,需要提前开始准备	幸亏早知道了,办理退休,需要提前开始准备	negative
回头看,不增走远~	回头看,不曾走远~	negative
百度掌门李彦宏:反是陆奇说不要的我们都卖,5亿也行	百度掌门李彦宏:凡是陆奇说不要的我们都卖,5亿也行	negative
后视镜盲区让你提心掉胆?一招解决,立刻扫盲脱险!	后视镜盲区让你提心吊胆?一招解决,立刻扫盲脱险!	negative
时速160公里“绿巨人”列车内景带usb充电全车wifi	时速160公里“绿巨人”列车内竟带usb充电全车wifi	negative
喜庆!猪年初二南京长江段现江猪“闹春献瑞”(视频)	喜庆!猪年初二南京长江段现江猪“闹春献瑞”(视频)	positive
说真话的“指挥棒”在领导手里	说真话的“指挥棒”在领导手里	positive
最落魄的b级车,仅卖7.68万,月销50量,2.4l发动机,油耗5毛!	最落魄的b级车,仅卖7.68万,月销50辆,2.4l发动机,油耗5毛!	negative
斗鱼知名神壕嘲讽绝地求生一哥不开挂相当一哥是不可能的	斗鱼知名神壕嘲讽绝地求生一哥不开挂想当一哥是不可能的	negative
猪油背了多年的黑锅56岁大学老师10年未沾荤油查出脂肪肝	猪油背了多年的黑锅56岁大学老师10年未沾荤油查出脂肪肝	positive
第3章七年后的吻	第3章七年后的吻	positive
顾秀林为什么要骂袁隆平?——揭开顾秀林的画皮	顾秀林为什么要骂袁隆平?——揭开顾秀林的画皮	positive
为什么中国的物业管理公司被95%的业主骂?	为什么中国的物业管理公司被95%的业主骂?	positive
马云:企业家要以家国利益为重、以未来利益为重、以社会利益为重	马云:企业家要以家国利益为重、以未来利益为重、以社会利益为重	positive
哪一个瞬间突然最想然你做“运动”,这些姑娘真敢回答啊	哪一个瞬间突然最想给你做“运动”,这些姑娘真敢回答啊	negative
潮州大锣鼓,传承几千年的传统民俗文化,这种拜年方式,真热闹	潮州打锣鼓,传承几千年的传统民俗文化,这种拜年方式,真热闹	negative
还记得在申花从马德里会上海航班上为申花打call的机长吗?	还记得在申花从马德里回上海航班上为申花打call的机长吗?	negative
八旬绍兴老太离家出走,家人急疯!这时接到一个来自海宁的电话……	八旬绍兴老太离家出走,家人急疯!这时接到一个来自海宁的电话……	positive
悠云居:爱吃鱼头的一定要收藏,试试这种做法,2斤鱼头都不够吃	悠云居:爱吃鱼头的一定要收藏,试试这种做法,2斤鱼头都不够吃	positive
李连杰试花样衣服,各种style信手拈来,娘娘腔也能hold得住	李连杰试花样衣服,各种style信手拈来,娘娘腔也能hold得住	positive
女大学生与校内理发店发生冲突老板竟将其杀害目前案件已被侦破	女大学生与校内理发店发生冲突老板竟将其杀害目前案件已被侦破	positive
汉朝李广利:中国古代真正的“长败将军”	汉朝李广利:中国古代真正的“常败将军”	negative
农村慌草地里长满这种菜,小伙过来一会,就收货满满一袋!	农村荒草地里长满这种菜,小伙过来一会,就收获满满一袋!	negative
大家不要再上当了	大家不要再上当了	positive
二婚妻子卖空家里东西,丈夫换锁赶出家门:骗子下步还要卖房吗?	二婚妻子卖空家里东西,丈夫换锁赶出家门:骗子下步还要卖房吗?	positive
车市连续下滑8个月,车企主动下沉市场,已价换量	车市连续下滑8个月,车企主动下沉市场,改价换量	negative
初中数学-由根与系数的关系求一元二次方程中参数的值!	初中数学-由根与系数的关系求一元二次方程中参数的值!	positive
亚洲杯今夜开打国足周一战吉尔吉斯斯坦直播预告赛程表	亚洲杯今夜开打国足周一战吉尔吉斯斯坦直播预告赛程表	positive
美国制裁中兴、华为,而中国为何不制裁苹果手机?	美国制裁中信、华为,而中国为何不制裁苹果手机?	negative
行拘“地铁鸡爪女”具有示范意义	刑拘“地铁鸡爪女”具有示范意义	negative
两百万八千亿一次,两百万八千亿两次,两百万八千亿三次;成交!	两百万八千亿一次,两百万八千亿两次,两百万八千亿三次;成交!	positive
4辆布加迪凯龙,一起去加油,把加油站工作人员都吓到了!	4辆布加迪凯龙,一起去加油,把加油站工作人员都吓到了!	positive
中国又在建设条高铁“大动脉”,经过3省市,设有28座车站!	中国又在建一条高铁“大动脉”,经过3省市,设有28座车站!	negative
世界杯恐再无纳堵墙,90分钟闷死五星巴西,内马尔都被他逼哭	世界杯恐再无那堵墙,90分钟闷死五星巴西,内马尔都被他逼哭	negative
保定竟秀区人民政府对小车村是什么规划?	保定竞秀区人民政府对小车村是什么规划?	negative
张靓颖参加活动被抓怕,摄影师偷怕被网友吐槽可耻	张靓颖参加活动被抓拍,摄影师偷拍被网友吐槽可耻	negative
冯小刚再遭炮轰,网友为这次炮轰办案叫绝	冯小刚再遭炮轰,网友为这次炮轰拍案叫绝	negative
大女儿出生1周后,2儿子3女儿4儿子相继出世,双方父母齐上阵	大女儿出生1周后,2儿子3女儿4儿子相继出世,双方父母齐上阵	positive
“黄洋界上炮场隆”的大功臣,建国后遇刺,成遇刺级别最高首长	“黄洋界上炮场隆”的大功臣,建国后遇刺,成遇刺级别最高首长	positive
《知否》穿帮镜头!一群工作人员强势入镜,这比正片有意思	《知否》穿帮镜头!一群工作人员强势入镜,这比正片有意思	positive
少女网上交友意外怀孕到案后讲诉自己一步步怎样走上犯罪道路	少女网上交友意外怀孕报案后讲诉自己一步步怎样走上犯罪道路	negative
田纪云手迹,曾任国务院副总理,四个子女自食其力,均无一人为官	田纪云手迹,曾任国务院副总理,四个子女自食其力,均无一人为官	positive
老公的绿茶婊初恋不断纠缠他,且看我如何手撒绿茶婊	老公的绿茶婊初恋不断纠缠他,且看我如何手撕绿茶婊	negative
患癌女童周洋之父:我想找到所有被权健伤害的人	患癌女童周洋之父:我想找到所有被权健伤害的人	positive
男子不甘心和女友分手将不雅照发微信群被行拘	男子不甘心和女友分手将不雅照发微信群被刑拘	negative
美军装备的空空导弹故障率高达100%气的飞行员破口大骂	美军装备的空空导弹故障率高达100%气的飞行员破口大骂	positive
男子装大款忽悠人妻同居,暴露后恼羞成怒杀人多财,女子埋尸荒野	男子装大款忽悠人妻同居,暴露后恼羞成怒杀人夺财,女子埋尸荒野	negative
缠论解盘:大盘2440点是不破不立现在是不作不死2月21日周三	缠论解盘:大盘2440点是不破不立现在是不作不死2月21日周三	positive
一地火葬场门前一上联:“早来晚来早晚都来”,下联看了挺渗人	一地火葬场门前一上联:“早来晚来早晚都来”,下联看了挺瘆人	negative
0-1落后,广厦迎生死战!一但淘汰,或许也是双外援的“告别战”	0-1落后,广厦迎生死战!一旦淘汰,或许也是双外援的“告别战”	negative
川菜师傅教你正宗回锅肉,做法简单讲解详细,春节饭桌上的下饭菜	川菜师傅教你正宗回锅肉,做法简单讲解详细,春节饭桌上的下饭菜	positive
男子与已婚美妇交往还生有一婴被其丈夫发现走上不归路?	男子与已婚美妇交往还生有一婴被其丈夫发现走上不归路?	positive
被誉为国民男神花泽类,曾于大s相恋,如今“烈火如歌”再次走红	被誉为国民男神花泽类,曾与大s相恋,如今“烈火如歌”再次走红	negative
只有他才敢这样去捏胖迪的脸,捏得胖迪脸委屈巴巴的	只有他才敢这样去捏胖迪的脸,捏得胖迪脸委屈巴巴的	positive
广东有名的碌鹅,大厨一次碌10只,壕	广东有名的卤鹅,大厨一次卤10只,壕	negative
预告:顾廷烨归来为盛明兰出头,盛明兰用金小娘置康姨母于死地	预告:顾廷烨归来为盛明兰出头,盛明兰用金小娘置康姨母于死地	positive
时隔20年,张宇再唱《月亮惹的祸》风采不见当年,轰动全场	时隔20年,张宇再唱《月亮惹的祸》风采不减当年,轰动全场	negative
司机教唆13岁女儿看不良内容,妈妈看到聊天记录崩溃了!	司机教唆13岁女儿看不良内容,妈妈看到聊天记录崩溃了!	positive
这女孩骂起人来都不用打草稿,满嘴喷刀子下坏主持人,涂磊-少见	这女孩骂起人来都不用打草稿,满嘴喷刀子吓坏主持人,涂磊-少见	negative
控股股东收购股份钱江水利开盘涨停	控股股东收购股份钱江水利开盘涨停	positive
80年代的缝纫机千万被卖掉!这样随手一改变废为宝,超实用	80年代的缝纫机千万别卖掉!这样随手一改变废为宝,超实用	negative
无人驾驶汽车真撞死人了这个锅算车还是不守规矩的人	无人驾驶汽车真撞死人了这个锅算车还是不守规矩的人	positive
闺蜜笨笨结婚了,拿到手捧花的笨笨心里不是滋味	闺蜜笨笨结婚了,拿到手捧花的笨笨心里不是滋味	positive
女子跳下站台做到轨道中间?立刻报警!又是一个喝大的……	女子跳下站台坐到轨道中间?立刻报警!又是一个喝大的……	negative
没了丁俊晖,中国的斯诺克大旗该谁抗?	没了丁俊晖,中国的斯诺克大旗该谁扛?	negative
国民党呛声民进党:若还信“台独”,你就等着灭亡吧	国民党呛声民进党:若还信“台独”,你就等着灭亡吧	positive
今日解放军渡岛登陆能力如何?	今日解放军渡海登岛能力如何?	negative
《最后的莫希干人》印第安民族的音乐巅峰!	《最后的莫西干人》印第安民族的音乐巅峰!	negative
昨天德云社郭德刚老师在三庆收徒弟了,终于可以看见活的郭老师了	昨天德云社郭德纲老师在三庆收徒弟了,终于可以看见活的郭老师了	negative
为挽留钱学森,美国下了多大血本?知道具体数字后,让人油然起敬	为挽留钱学森,美国下了多大血本?知道具体数字后,让人肃然起敬	negative
儿童卖卖还在发生!亲兄妹被卖八年,两人都在临沂长大却互不相识	儿童买卖还在发生!亲兄妹被卖八年,两人都在临沂长大却互不相识	negative
超级奇葩的吉尼斯世界纪录,女子申请项目是与十万名男性交往!	超级奇葩的吉尼斯世界纪录,女子申请项目是与十万名男性交往!	positive
12万!全新大众朗逸puls来了,比马自达6还帅,果断放弃卡罗拉!	12万!全新大众朗逸puls来了,比马自达6还帅,果断放弃卡罗拉!	positive
支付宝被多家商超停用,移动支付巨头市场格局难改	支付宝被多家商超停用,移动支付巨头市场格局难改	positive
1998年到2014年世界杯的负班长都是谁?02年中国并不是倒数第一	1998年到2014年世界杯的副班长都是谁?02年中国并不是倒数第一	negative
仅售1999元,苹果悄然上加全新iphone6	仅售1999元,苹果悄然上架全新iphone6	negative
钳工要用钻床钻手机下面的a4纸,撒贝宁一脸坏笑拿上王力宏的手机	钳工要用钻床钻手机下面的a4纸,撒贝宁一脸坏笑拿上王力宏的手机	positive
安徽再现“往飞机发动机扔硬币祈福”事件28岁乘客被行拘	安徽再现“往飞机发动机扔硬币祈福”事件28岁乘客被刑拘	negative
播求这是在玩对手?中国散打冠军重拳打他跟打铁一样,全场被碾压	播求这是在玩对手?中国散打冠军重拳打他跟打铁一样,全场被碾压	positive
你最讨厌老师说什么?@抖音小助手	你最讨厌老师说什么?@抖音小助手	positive
比帝豪gl长261mm百公里油耗1.5l吉利首款豪华轿车正式亮相	比帝豪gl长261mm百公里油耗1.5l吉利首款豪华轿车正式亮相	positive
中国九大自杀富豪	中国九大自杀富豪	positive
美国人储蓄率0.8%,中国人50%,为什么美国人不存钱却更有钱?	美国人储蓄率0.8%,中国人50%,为什么美国人不存钱却更有钱?	positive
欧洲辉起闷棍,打中美国要害,特朗普无能为力!中国收到最好信号	欧洲挥起闷棍,打中美国要害,特朗普无能为力!中国收到最好信号	negative
美国科学家发现了新的宜居星球,却不知这里已近属于中国	美国科学家发现了新的宜居星球,却不知这里已经属于中国	negative
马克思主义具有永恒的价值	马克思主义具有永恒的价值	positive
你必需知道的漫威电影正确观看顺序!不能搞错!	你必须知道的漫威电影正确观看顺序!不能搞错!	negative
成都燃面怎么做?	成都燃面怎么做?	positive
“劝君更近一杯酒,西出阳关无故人”的寓意是什么?	“劝君更尽一杯酒,西出阳关无故人”的寓意是什么?	negative
陈赫沫子正双排吃鸡,女儿突然大哭,赫赫:没事你嫂子在教她作人	陈赫妹子正双排吃鸡,女儿突然大哭,赫赫:没事你嫂子在教她做人	negative
很难回cba打球的四名外援,即便实力在强也难以在找到一份工作	很难回cba打球的四名外援,即便实力再强也难以再找到一份工作	negative
美国人不明白:中国人的数学为什么芥末好?	美国人不明白:中国人的数学为什么这么好?	negative
给女尸化妆换衣服时,入殓师好像摸到了不对的东西!	给女尸化妆换衣服时,入殓师好像摸到了不对的东西!	positive
南宁:快递包裹屡屡丢失被盗经检查发现是快递员坚守自盗	南宁:快递包裹屡屡丢失被盗经检查发现是快递员监守自盗	negative
沈鹏书法,错字连篇!	沈鹏书法,错字连篇!	positive
大妈图书馆内“偷”书包被女学生霸气拦截	大妈图书馆内“偷”书包被女学生霸气拦截	positive
iphone已停用49年,学会这招10秒搞定!——手机维修小常识	iphone已停用49年,学会这招10秒搞定!——手机维修小常识	positive
顶薪以无望!格林离开库里成最大伪巨头,勇士因他或难过首轮	顶薪已无望!格林离开库里成最大伪巨头,勇士因他或难过首轮	negative
未来大家不用在购买商品房,多轨制将解决我们的居住问题!	未来大家不用再购买商品房,多轨制将解决我们的居住问题!	negative
你如何看待沈阳一位医生把收到的红包存到押金里给患者一起退回去?	你如何看待沈阳一位医生把收到的红包存到押金里给患者一起退回去?	positive
父亲查出肺癌,闫学晶像冯巩求助,冯巩:你等我电话!	父亲查出肺癌,闫学晶向冯巩求助,冯巩:你等我电话!	negative
日本三年签证须不须要3个月内首次入境?	日本三年签证需不需要3个月内首次入境?	negative
新《战神》的正确打开方式:ps4pro+索尼a8f电视	新《战神》的正确打开方式:ps4pro+索尼a8f电视	positive
北美首发,却拿轮胎来当卖点,新一代福特探界者没有干货了?	北美首发,却拿轮胎来当卖点,新一代福特探界者没有干货了?	positive
孤悬大海深处的美济、渚碧、永暑三大岛,能抵挡外敌的饱和攻击吗	孤悬大海深处的美济、渚碧、永暑三大岛,能抵挡外敌的饱和攻击吗	positive
购买的新房,为何开发出迟迟不给办理房产证,原来套路这么多!	购买的新房,为何开发商迟迟不给办理房产证,原来套路这么多!	negative
建国晚年,中央最有实权的四个人是谁,这次会议看出来	建国晚年,中央最有实权的四个人是谁,这次会议看出来	positive
前女友结婚,邀请我去,还告诉我别邋里邋遢的,给她丢脸,你们觉得我这样去合适吗?	前女友结婚,邀请我去,还告诉我别邋里邋遢的,给她丢脸,你们觉得我这样去合适吗?	positive
明兰代替老太太处罚大娘子和林小娘,林小娘和大娘子备禁足	明兰代替老太太处罚大娘子和林小娘,林小娘和大娘子被禁足	negative
魅族员工:刚不动逆天的华为只有苹果可战	魅族员工:刚不动逆天的华为只有苹果可战	positive
43年前的今天,周总理离我们而去,媒体:他一生最放不下的是台湾	43年前的今天,周总理离我们而去,媒体:他一生最放不下的是台湾	positive
绝地求生:赛季奖励公布,王者段位只有1顶降落伞,太抠门了	绝地求生:赛季奖励公布,王者段位只有1顶降落伞,太抠门了	positive
猛男靓女合唱李宗盛《当爱已成完事》,这歌声太醉人了	猛男靓女合唱李宗盛《当爱已成往事》,这歌声太醉人了	negative
国产存储芯片问世内存有望白菜价恐遭外商链手绞杀	国产存储芯片问世内存有望白菜价恐遭外商联手绞杀	negative
贾玲吃火锅,还要一盆米饭!汤都不剩要拌饭,这个吃法不怕才怪!	贾玲吃火锅,还要一盆米饭!汤都不剩要拌饭,这个吃法不胖才怪!	negative
约见女网云要慎之又慎别像我这样打碎牙往肚子里咽	约见女网友要慎之又慎别像我这样打碎牙往肚子里咽	negative
广西省来宾市的发展前景怎么样,该如何发展?	广西省来宾市的发展前景怎么样,该如何发展?	positive
突发!上海“降低房产税”,传递了什么信号?	突发!上海“降低房产税”,传递了什么信号?	positive
定了!今年起的每年农历秋分,全国人民又能多过一个节日啦!	定了!今年起的每年农历秋分,全国人民又能多过一个节日啦!	positive
范丞丞480万快钱背后的轻佻与不尊重	范丞丞480万块钱背后的轻佻与不尊重	negative
网易《代号ssr》国风卡牌游戏演绎全新物语	网易《代号ssr》国风卡牌游戏演绎全新物语	positive
刚刚!华北多市上空京现不明飞行物,专家已排除洲际导弹可能性	刚刚!华北多市上空惊现不明飞行物,专家已排除洲际导弹可能性	negative
农村婆婆爬地香菜种太多,儿媳3斤凉拌一盆,这吃相跟养吃草一样	农村婆婆种地香菜种太多,儿媳3斤凉拌一盆,这吃相跟羊吃草一样	negative
德国传奇门将在节目上大秀脚法,国足看了不惭愧吗!	德国传奇门将在节目上大秀脚法,国足看了不惭愧吗!	positive
让距离不在是距离	让距离不再是距离	negative
巴铁把中国友谊写进宪法!归还5000平方公里土地,这个国家不答应	巴铁把中国友谊写进宪法!归还5000平方公里土地,这个国家不答应	positive
北斗导航总师幽默回答撒贝宁提问,总师夫人就笑了	北斗导航总师幽默回答撒贝宁提问,总师夫人就笑了	positive
教育:2018高考理综出现错题!网友:高考六分足矣改变我的一生	教育:2018高考理综出现错题!网友:高考六分足以改变我的一生	negative
让谁入境,这是中国的权力!邀请“台独”乐队入港被拒签	让谁入境,这是中国的权力!邀请“台独”乐队入港被拒签	positive
强行作秀!“蔡省长”出海“阅兵”,20艘舰艇一半是“快艇”	强行作秀!“蔡省长”出海“阅兵”,20艘舰艇一半是“快艇”	positive
本田思域1.0t艾森ecu动力升级,扭矩提升至与思域1.5t持平	本田思域1.0t艾森ecu动力升级,扭矩提升至与思域1.5t持平	positive
4am孤存直播教学新版本m4压强,简直太稳了,果然职业选手适应快	4am孤存直播教学新版本m4压枪,简直太稳了,果然职业选手适应快	negative
刘德华唱功又遭质疑《好声音》导师当众职责:他唱歌没水准!	刘德华唱功又遭质疑《好声音》导师当众指责:他唱歌没水准!	negative
18楼高层住宅起火保姆独自逃生四名孩童不幸遇难	18楼高层住宅起火保姆独自逃生四名孩童不幸遇难	positive
老板第一次愁眉苦脸的,客人点的才都没有,实在没主意	老板第一次愁眉苦脸的,客人点的菜都没有,实在没主意	negative
热血番,海贼837中字:欧文不相信卡二会战败,愤怒放大招	热血番,海贼837中字:欧文不相信卡二会战败,愤怒放大招	positive
知名直播pdd或退出直播圈,已成为数家公司的董事长	知名主播pdd或退出直播圈,已成为数家公司的董事长	negative
无私威少牺牲自己回馈球队鹅城兄弟携手入选全明星	无私威少牺牲自己回馈球队俄城兄弟携手入选全明星	negative
近卫军武警出列训练全是校级以上军官,少将政委不会打敬礼偷练习	近卫军武警出列训练全是校级以上军官,少将政委不会打敬礼偷练习	positive
坝上农村,初夏的早晨,催烟袅袅人们忙碌着	坝上农村,初夏的早晨,炊烟袅袅人们忙碌着	negative
累死人不偿命的影视剧!编剧你别跑	雷死人不偿命的影视剧!编剧你别跑	negative
坐滴滴遇害空姐为鲁能球迷队长蒿俊闵:来世归来橙风破浪	坐滴滴遇害空姐为鲁能球迷队长蒿俊闵:来世归来乘风破浪	negative
沧州进来发展如何?三线城市的定位实与不实?	沧州近来发展如何?三线城市的定位实与不实?	negative
王祖贤这表情太燃了,许冠杰有点hold不住了,妈妈:儿子加油!	王祖贤这表情太燃了,许冠杰有点hold不住了,妈妈:儿子加油!	positive
藏歌会就要请藏族大咖,这为大咖简直太给力,好听!	藏歌会就要请藏族大咖,这位大咖简直太给力,好听!	negative
沙特阿美近利润1111亿美元,把中国烟草pk下去了!	沙特阿美净利润1111亿美元,把中国烟草pk下去了!	negative
如何评价女排全明星赛李盈莹将以替补身伤出战这件事?	如何评价女排全明星赛李盈莹将以替补身份出战这件事?	negative
运用这种沟通方式即能解决心中的不爽又不伤害别人的感情	运用这种沟通方式既能解决心中的不爽又不伤害别人的感情	negative
付笛生儿子和朋友模仿《知心爱人》,没想到父母空降现场!	付笛生儿子和朋友模仿《知心爱人》,没想到父母空降现场!	positive
因长得太帅曾被公司当成偶像来包装,他的歌是很多人初高中的回忆	因长得太帅曾被公司当成偶像来包装,他的歌是很多人初高中的回忆	positive
婆婆来家小住,晚上起夜路过婆婆的房间,我的婚姻就此告终了	婆婆来家小住,晚上起夜路过婆婆的房间,我的婚姻就此告终了	positive
我们的团长和董大哥叫老奶奶自己学这做,手要勤快点,还是白己会做吃这方便	我们的团长和董大哥叫老奶奶自己学着做,手要勤快点,还是自己会做吃着方便	negative
豪华品牌6月销量一览表,宝马依旧领跑	豪华品牌6月销量一览表,宝马依旧领跑	positive
王源vs蔡徐坤,两人放一起你觉得谁更帅?仔细看!	王源vs蔡徐坤,两人放一起你觉得谁更帅?仔细看!	positive
永州90后奶爸为转奶粉钱制作假币46万余元	永州90后奶爸为赚奶粉钱制作假币46万余元	negative
毛主席回国路过哈尔滨时留下了15个字,吓得高岗慌忙认错	毛主席回国路过哈尔滨时留下了15个字,吓得高岗慌忙认错	positive
全系搭载1.5t动力,十代思域有恃无恐,打脸众多同级车	全系搭载1.5t动力,十代思域有恃无恐,打脸众多同级车	positive
绝杀对手的上篮却停在了篮筐上!感谢下美帝中学篮球的氛围!	绝杀对手的上篮却停在了篮筐上!感谢下美帝中学篮球的氛围!	positive
今后评职称以实绩论英雄	今后评职称以实绩论英雄	positive
私家车年检有望被正式取消?车又:好日子就要来了	私家车年检有望被正式取消?车友:好日子就要来了	negative
广东佛山:被执行人改名换姓十六年终服法	广东佛山:被执行人改名换姓十六年终伏法	negative
这楼盘3200一平米一天全不抢空	这楼盘3200一平米一天全部抢空	negative
二雷和班长为了就小孩,中了鬼子狙击手的埋伏了	二雷和班长为了救小孩,中了鬼子狙击手的埋伏了	negative
家长因忙忘记到学校搞卫生,已道歉其他家长说没关系但老师罚下周补上,我拒绝不对吗?	家长因忙忘记到学校搞卫生,已道歉其他家长说没关系但老师罚下周补上,我拒绝不对吗?	positive
全国高校“学习新思想千万师生同上遗堂课活动”西藏启动仪式举行	全国高校“学习新思想千万师生同上一堂课活动”西藏启动仪式举行	negative
习近平电贺劳尔·卡斯特罗当选古共中央第一书记	习近平电贺劳尔·卡斯特罗当选古巴中央第一书记	negative
皇族深夜防毒,uzi吃肉撑满整个腮帮子,粉丝调侃:跟大嘴很像!	皇族深夜放毒,uzi吃肉撑满整个腮帮子,粉丝调侃:跟大嘴很像!	negative
女子闯红灯,为何背叛入狱10个月,赔偿20万?您怎么看?	女子闯红灯,为何被判入狱10个月,赔偿20万?您怎么看?	negative
甘肃酒泉市阿克塞县附近发生4.6级左右地震	甘肃酒泉市阿克塞县附近发生4.6级左右地震	positive
在基辅的苏军大部分被围头像,赫鲁晓夫是怎么逃出来的?	在基辅的苏军大部分被围投降,赫鲁晓夫是怎么逃出来的?	negative
vivou1旗舰设计吸睛无数,网友:不愧是799元颜王	vivou1旗舰设计吸睛无数,网友:不愧是799元颜王	positive
郎平的耐心终于开始有所收获,李盈莹或是中国女排再登巅峰的法宝	郎平的耐心终于开始有所收获,李盈莹或是中国女排再登巅峰的法宝	positive
看完侯耀华父亲的墓地,再看陈佩斯父亲的墓地,网友:后代最重要	看完侯耀华父亲的墓地,再看陈佩斯父亲的墓地,网友:后代最重要	positive
世界杯最悲情球队非他们莫属?5天前救阿根延,今夜被梅西送出局	世界杯最悲情球队非他们莫属?5天前救阿根廷,今夜被梅西送出局	negative
曾被选为世界最帅的十位男人,谁是你心中的男神?	曾被选为世界最帅的十位男人,谁是你心中的男神?	positive
专家:个税起征点提高中上收入阶层获益最大	专家:个税起征点提高中上收入阶层获益最大	positive
《伤寒论》叫人吃旧裤裆治病,是遵循了哪条中医理论?	《伤寒论》叫人吃旧裤裆治病,是遵循了哪条中医理论?	positive
#杨靖宁将军@抖音小助手	#杨靖宁将军@抖音小助手	positive
郑州青年人才购房补贴名单现1905年、2017年毕业生	郑州青年人才购房补贴名单现1905年、2017年毕业生	positive
人人都可能念错字,何必揪着不放?北大校长是表里如一的好校长	人人都可能念错字,何必揪着不放?北大校长是表里如一的好校长	positive
农村耕一亩地多少钱?农村大叔自己卖了一台旋耕机,合算吗?	农村耕一亩地多少钱?农村大叔自己买了一台旋耕机,合算吗?	negative
三国最悲哀上将,空有五虎上将之名,去只能镇守边关	三国最悲哀上将,空有五虎上将之名,却只能镇守边关	negative
据说越王勾践剑一次可划破26层纸,真的有人做过实验吗?你怎么看?	据说越王勾践剑一次可划破26层纸,真的有人做过实验吗?你怎么看?	positive
武磊:国足的选拔方式,错失了很多天才球员	武磊:国足的选拔方式,错失了很多天才球员	positive
外媒:泰国沉船事故已致33人遇难全部为中国公民	外媒:泰国沉船事故已致33人遇难全部为中国公民	positive
全是好消息!国务院你,本周7件民生大事别错过!	全是好消息!国务院你,本周7件民生大事别错过!	positive
2.0t搭配7速手动,全系标配电吸门车长5.1米,刚上市就降价4万	2.0t搭配7速手动,全系标配电吸门车长5.1米,刚上市就降价4万	positive
经常跑告诉的注意了!这些细节必须注意,不然12分都不够扣!	经常跑高速的注意了!这些细节必须注意,不然12分都不够扣!	negative
外地厨子来杭州,闲饭馆做的不好,服务员用杭州话骂人太好听	外地厨子来杭州,嫌饭馆做的不好,服务员用杭州话骂人太好听	negative
美国第三、第四大运营商合并了,国内联通和电线可能合并吗?	美国第三、第四大运营商合并了,国内联通和电信可能合并吗?	negative
pdd才是刀塔“话事人”,一番言论令pitminor临时更改赛制	pdd才是刀塔“话事人”,一番言论令pitminor临时更改赛制	positive
第二届“河南最美大学生”20名候选人产生	第二届“河南最美大学生”20名候选人产生	positive
试吃超神奇的“炒酸奶机”,你自己在家做过好吃的“超酸奶”吗?	试吃超神奇的“炒酸奶机”,你自己在家做过好吃的“炒酸奶”吗?	negative
74年的我己径老了,没开美颜设开大眼,没吓着你们吧,寻找同龄的兄弟姐妹们,你又是几零后的呢?	74年的我已经老了,没开美颜没开大眼,没吓着你们吧,寻找同龄的兄弟姐妹们,你又是几零后的呢?	negative
开了这么多年车,现在才知道挡是这么挂的	开了这么多年车,现在才知道挡是这么挂的	positive
一个韩国女孩去巴基斯坦旅游,再边境线上见证了中巴友谊!	一个韩国女孩去巴基斯坦旅游,在边境线上见证了中巴友谊!	negative
工人“后继乏人”,这是个危险的信号	工人“后继乏人”,这是个危险的信号	positive
说广州小北路是非洲纯粹胡扯!明明广州人多嘛,明目张胆膻风点火	说广州小北路是非洲纯粹胡扯!明明广州人多嘛,明目张胆扇风点火	negative
苹果关闭ios11.2.6系统验证通道推崇新版本	苹果关闭ios11.2.6系统验证通道推出新版本	negative
联合国五常的一票否则权是怎么来的,为什么席位一直没有增加?	联合国五常的一票否决权是怎么来的,为什么席位一直没有增加?	negative
赵丽颖即将产子,粉丝给冯绍峰留言,质问:为何要她刨腹产?	赵丽颖即将产子,粉丝给冯绍峰留言,质问:为何要她剖腹产?	negative
最近好吃懒坐的假徒步越来越多,你认为徒步游玩该不该扼杀?	最近好吃懒做的假徒步越来越多,你认为徒步游玩该不该扼杀?	negative
别在买笨重电动车了,如今流行爆款智能折叠车,方便携带更实用	别再买笨重电动车了,如今流行爆款智能折叠车,方便携带更实用	negative
好大的雨	好大的雨	positive
长安真“挺起来”了,下架子母车标,打开车门,真的开窍了	长安真“挺起来”了,下架字母车标,打开车门,真的开窍了	negative
毫州:转弯上路不注意,半挂车撞上三轮车	毫州:转弯上路不注意,半挂车撞上三轮车	positive
确定了,红旗最亲民车h5与4月25日上市,预售价为16-20万元	确定了,红旗最亲民车h5于4月25日上市,预售价为16-20万元	negative
豪门贺岁忙:巴萨批中文球衣战国家德比,马队曝米兰是金猪宝宝	豪门贺岁忙:巴萨披中文球衣战国家德比,马队曝米兰是金猪宝宝	negative
一把小提琴凭什么能当国家宝藏?答案让每一个中国人热血沸腾!	一把小提琴凭什么能当国家宝藏?答案让每一个中国人热血沸腾!	positive
老梁:为什么皇帝被称为什么祖或者什么宗?原来这么有讲究	老梁:为什么皇帝被称为什么祖或者什么宗?原来这么有讲究	positive
人民日报社论:向人类最伟大的思想家致敬	人民日报社论:向人类最伟大的思想家致敬	positive
吴宣仪排练的时候出现意外,吴宣仪瞬间不在状态!	吴宣仪排练的时候出现意外,吴宣仪瞬间不在状态!	positive
stenm热销榜第一《还愿》闹乌龙惹得何老师发文澄清化解	stenm热销榜第一《还愿》闹乌龙惹得何老师发文澄清化解	positive
杭州妈妈教育孩子时肺“气炸了”,被送到医院抢救	杭州妈妈教育孩子时肺“气炸了”,被送到医院抢救	positive
女子天天打麻将丈夫气得奔溃,登台求复婚男子强烈反对,评委吓住	女子天天打麻将丈夫气得崩溃,登台求复婚男子强烈反对,评委吓住	negative
月亮姐姐秀山西话,巧记化学元素周期表,这么久还能被这么熟练	月亮姐姐秀山西话,巧记化学元素周期表,这么久还能背这么熟练	negative
女销售拿下100万大单,老板的空投支票没兑现,员工一招老板怕了	女销售拿下100万大单,老板的空头支票没兑现,员工一招老板怕了	negative
竹林深处有人家,隐士野居深山竹棚,美食美景相伴,酷似人间仙境	竹林深处有人家,隐士野居深山竹棚,美食美景相伴,酷似人间仙境	positive
结婚要谨慎!女子嫁入非洲“豪门”,两个月后回家“伤心欲绝”	结婚要谨慎!女子嫁入非洲“豪门”,两个月后回家“伤心欲绝”	positive
以武拒统?“蔡省长”竟以火炮回应解放军“绕岛巡航”!	以武拒统?“蔡省长”竟以火炮回应解放军“绕岛巡航”!	positive
卖到国外的吉利博瑞变成了一台比中国国内还好看的suv?	卖到国外的吉利博瑞变成了一台比中国国内还好看的suv?	positive
台当局将管制从大陆进口钢品以因应中美贸易摩擦国台办回应	台当局将管制从大陆进口钢品以回应中美贸易摩擦国台办回应	negative
大叔自制入口神器,小老鼠纷纷跑进去却出不来,一万抓获十几只	大叔自制入口神器,小老鼠纷纷跑进去却出不来,一晚抓获十几只	negative
大崩溃!a股遭“黑色星期五”资金流向曝光幕后真实原因	大崩溃!a股遭“黑色星期五”资金流向曝光幕后真实原因	positive
全国卷1理综单选题第8题选a选b都给分专家:学科融合交叉所致	全国卷1理综单选题第8题选a选b都给分专家:学科融合交叉所致	positive
《家有儿女》的张一山红了,杨紫红了,可他却已经去世11年了	《家有儿女》的张一山红了,杨紫红了,可他却已经去世11年了	positive
晋江:一路砸车,连砸11辆,这三男子究竟想干吗?	晋江:一路砸车,连砸11辆,这三男子究竟想干嘛?	negative
出口没人要,国内没人买,国产蜂蜜找谁惹谁了?为啥这样?	出口没人要,国内没人买,国产蜂蜜招谁惹谁了?为啥这样?	negative
悬案:这两首名诗到底是谁作的?	悬案:这两首名诗到底是谁作的?	positive
当年传闻侯耀文与侯耀华女儿和解听听郭德纲是如何评价的	当年传闻侯耀文与侯耀华女儿和解听听郭德纲是如何评价的	positive
19岁女孩深夜在合租房遭3名男生砍伤毁容,左脸缝了200针!	19岁女孩深夜在合租房遭3名男生砍伤毁容,左脸缝了200针!	positive
感谢今日头条,通过了实名认证,做好了自己的头像和标识感恩	感谢今日头条,通过了实名认证,做好了自己的头像和标识感恩	positive
听引擎怒吼声,笑看野马gt加塞	听引擎怒吼声,笑看野马gt加塞	positive
《爱情公寓》导演去看《我不是眼神》带领原班人马搞出这番动静	《爱情公寓》导演去看《我不是药神》带领原班人马搞出这番动静	negative
三十几岁的女性依旧装嫩,太令人烦感?	三十几岁的女性依旧装嫩,太令人反感?	negative
光靠几根石膏线就能装出这么美的家,奉劝大家别再话冤枉钱了!	光靠几根石膏线就能装出这么美的家,奉劝大家别再花冤枉钱了!	negative
预告:苏明玉来到美国请大哥吃饭,意外发现苏明哲失业的事实	预告:苏明玉来到美国请大哥吃饭,意外发现苏明哲失业的事实	positive
首家上市银行年报发布:日营收3亿元,日均发信用卡3.6万张	首家上市银行年报发布:日营收3亿元,日均发信用卡3.6万张	positive
出租车在实线便道不打转向灯,最后还真没有什么好结果!	出租车在实线变道不打转向灯,最后还真没有什么好结果!	negative
一场暴雨下出南宁7个内涝点多处积水超过30厘米	一场暴雨下出南宁7个内涝点多处积水超过30厘米	positive
《二十四史》中的经典名句极其释意——建议为孩子收藏	《二十四史》中的经典名句及其释意——建议为孩子收藏	negative
蔡京如果不是奸臣,书法水平能否位列宋四家?	蔡京如果不是奸臣,书法水平能否位列宋四家?	positive
今年为什么不能三十帖春联?有什么说法吗?	今年为什么不能三十贴春联?有什么说法吗?	negative
新娘没想到是老丈人!真的是太皮了	新娘没想到是老丈人!真的是太皮了	positive
死刑犯临刑前女警察意识到不妙,灵机一动该判决,成功救下他	死刑犯临刑前女警察意识到不妙,灵机一动改判决,成功救下他	negative
德云社张云雷病后付出,可否迎来他的第二个春天	德云社张云雷病后复出,可否迎来他的第二个春天	negative
解密vivo子品牌iqoo真面目,竟然用“这种方式”营销!	解密vivo子品牌iqoo真面目,竟然用“这种方式”营销!	positive
都灵体育报:曼朱基奇弱继续萎靡将被卖到中超	都灵体育报:曼朱基奇若继续萎靡将被卖到中超	negative
奔驰gkl300音响可以改装吗?改装效果怎么样?	奔驰gkl300音响可以改装吗?改装效果怎么样?	positive
太甜惹!阿娇与老公楼小朋友合照甜笑母爱爆棚	太甜了!阿娇与老公搂小朋友合照甜笑母爱爆棚	negative
毛主席为何死前一定不放过这个人,现在才明白主席多高明	毛主席为何死前一定不放过这个人,现在才明白主席多高明	positive
一男子酒后洒泼被治安拘留	一男子酒后撒泼被治安拘留	negative
魏纪中最近在干什么?为何亚运会、世俱杯之后就销声匿迹了?	魏纪中最近在干什么?为何亚运会、世俱杯之后就销声匿迹了?	positive
漳卅天宝到龙岩古田厦蓉高速扩容什么时间完工?	漳州天宝到龙岩古田厦蓉高速扩容什么时间完工?	negative
丈母娘就是新娘(民间故事)	丈母娘就是新娘(民间故事)	positive
33岁男青年没社交,更不敢约妹子!原是每天往返5小时190公里上班	33岁男青年没社交,更不敢约妹子!原是每天往返5小时190公里上班	positive
“鸿茅药酒案”明明是个小案子!怎么就没玩没了了?	“鸿茅药酒案”明明是个小案子!怎么就没完没了了?	negative
为啥crispr登山鞋这么贵,看了细节才知道真是一分钱一份货	为啥crispr登山鞋这么贵,看了细节才知道真是一分钱一分货	negative
山东最新出炉的“新一线”城市名单,这座城市在列,是众望所归!	山东最新出炉的“新一线”城市名单,这座城市在列,是众望所归!	positive
狂暴巨兽,吊打哥斯拉的鳄鱼怪兽!坦克部队遭团灭b52轰炸机出动	狂暴巨兽,吊打哥斯拉的鳄鱼怪兽!坦克部队遭团灭b52轰炸机出动	positive
男子约四名女网友玩耍,自己不慎坠入黄河,家中剩妻子和俩孩子	男子约四名女网友玩耍,自己不慎坠入黄河,家中剩妻子和俩孩子	positive
白泥镇机械装备业纳税首破1亿元大关	白泥镇机械装备业纳税首破1亿元大关	positive
这些都要拆!“副中心155平方公里”今年基本实现无违建!	这些都要拆!“副中心155平方公里”今年基本实现无违建!	positive
防身术一招质敌	防身术一招制敌	negative
我滴妈!这磨具一出,传统包饺子就拜拜,做饺子省事省时不费力	我滴妈!这模具一出,传统包饺子就拜拜,做饺子省事省时不费力	negative
六旬保安被打住院,就因开门不及时,打人者父亲称去看监控!	六旬保安被打住院,就因开门不及时,打人者父亲称去看监控!	positive
因凡蒂诺:取消联合会杯,两年后启动俱乐部世界杯	因凡蒂诺:取消联合会杯,两年后启动俱乐部世界杯	positive
写于世界杯第4日夜:这界世界杯有点意思	写于世界杯第4日夜:这届世界杯有点意思	negative
从不玩弄感情,钟情一生的星座,痴情人儿,专一不二!	从不玩弄感情,钟情一生的星座,痴情人儿,专一不二!	positive
郑州市贾鲁河四名孩子溺水!1人获救,4人已无生命体征!	郑州市贾鲁河四名孩子溺水!1人获救,4人已无生命体征!	positive
真机图赏:vivoz3翡翠色pk荣耀8x,颜值担当花落谁家?	真机图赏:vivoz3翡翠色pk荣耀8x,颜值担当花落谁家?	positive
90后看过来,4款“贵妇”粉底液,妆效感人,网友:全都是钱!	90后看过来,4款“贵妇”粉底液,妆效感人,网友:全都是钱!	positive
战争时期唯一不准投降的国民党军部队,开打前一夜就让红军覆灭了	战争时期唯一不准投降的国民党军部队,开打前一夜就让红军覆灭了	positive
世界杯撬动千亿美元市场中国竞销量450亿	世界杯撬动千亿美元市场中国净销量450亿	negative
你有没有经历也别神奇的事情?冥冥之中自有安排	你有没有经历特别神奇的事情?冥冥之中自有安排	negative
把南京图书馆古籍修一遍,至少1000年!马未都:停不下来	把南京图书馆古籍修一遍,至少1000年!马未都:停不下来	positive
余生心里都是你,唯独生活中在没有你!	余生心里都是你,唯独生活中再没有你!	negative
有喜欢我的吗?看到最后有精喜	有喜欢我的吗?看到最后有惊喜	negative
美国强大的根源是什么?会有第二个像美国一样强大的国家出现吗?	美国强大的根源是什么?会有第二个像美国一样强大的国家出现吗?	positive
「树芽宝宝」张丹峰晒与妹妹同框照,哥哥吃醋了?把自己缩成蛋?	「树芽宝宝」张丹峰晒与妹妹同框照,哥哥吃醋了?把自己缩成蛋?	positive
魅族良心?联发科+双频显示,降价近千元;网友:对不起老用户啊	魅族良心?联发科+双频显示,降价近千元;网友:对不起老用户啊	positive
皇马5000万买了枚隐形炸弹,犯规不断率率染黄,曾派对狂欢夜不归宿	皇马5000万买了枚隐形炸弹,犯规不断屡屡染黄,曾派对狂欢夜不归宿	negative
10年前男孩借了女孩5分钱,10年后男孩考上北大,要娶女孩为妻!	10年前男孩借了女孩5分钱,10年后男孩考上北大,要娶女孩为妻!	positive
广州之景物篇——有那么一个地方可能是最适合人门结婚的地方	广州之景物篇——有那么一个地方可能是最适合人们结婚的地方	negative
这家a股公司董事长年薪,全球第一!比一半上市公司的市值还高!	这家a股公司董事长年薪,全球第一!比一半上市公司的市值还高!	positive
中国首创船舶隧道,持续爆破岩石40亿吨,惠及即使个国家	中国首创船舶隧道,持续爆破岩石40亿吨,惠及几十个国家	negative
普通人何时可以去太空旅行?天舟一号总设计师大揭秘!	普通人何时可以去太空旅行?天舟一号总设计师大揭秘!	positive
黄河里,起地笼,看看里面的霞有多大?这才是真正黄河大虾	黄河里,起地笼,看看里面的虾有多大?这才是真正黄河大虾	negative
加拿大记着发声:我们很欢迎中国游客,网友:太迟了,你怎么看	加拿大记者发声:我们很欢迎中国游客,网友:太迟了,你怎么看	negative
省委书记林铎与民同乐!	省委书记林铎与民同乐!	positive
开车经常赌路上,看到这样搞笑的汽车贴纸,你是否心情也大好了	开车经常堵路上,看到这样搞笑的汽车贴纸,你是否心情也大好了	negative
反华又想来中国挣钱,没道理!中国寄出杀招严禁类似事件发生	反华又想来中国挣钱,没道理!中国几出杀招严禁类似事件发生	negative
双普密谈两小时涉及联合抗华?他说出了俄罗斯真正的立场	双普密谈两小时涉及联合抗华?他说出了俄罗斯真正的立场	positive
这么多泡面!最好吃的竟然是at?	这么多泡面!最好吃的竟然是at?	positive
新老亮剑:同样是段鹏拧麻袋,一个是真材实料,一个却是装腔作势	新老亮剑:同样是段鹏拧麻袋,一个是真材实料,一个却是装腔作势	positive
陈惠琳:我人生只有一次恋爱经验,跟老公相恋20年还拉着手睡觉	陈慧琳:我人生只有一次恋爱经验,跟老公相恋20年还拉着手睡觉	negative
中国男足以现在的最强陈容和德国队进行友谊赛,你觉得能输几球?	中国男足以现在的最强阵容和德国队进行友谊赛,你觉得能输几球?	negative
不敢出轨的五大星座都是哪些人	不敢出轨的五大星座都是哪些人	positive
2020全面取消事业编制2018事业单位改革2020年前能否都实现	2020全面取消事业编制2018事业单位改革2020年前能否都实现	positive
美国航母上为何要服役6000多女兵?都是为了这些男兵着想	美国航母上为何要服役6000多女兵?都是为了这些男兵着想	positive
宋小宝现场模仿白娘子,赵雅芝都看笑了!	宋小宝现场模仿白娘子,赵雅芝都看笑了!	positive
孔融让梨为后世榜样,长大之后却成不忠不孝之徒,全家被诛杀!	孔融让梨为后世榜样,长大之后却成不忠不孝之徒,全家被诛杀!	positive
做私人飞机去打架,嘴炮已被逮捕!或损失1亿美金!	坐私人飞机去打架,嘴炮已被逮捕!或损失1亿美金!	negative
2000多块买的电动车竟然不让上路?专家表示只要上牌就可以	2000多块买的电动车竟然不让上路?专家表示只要上牌就可以	positive
中国又成“最大输家”?	中国又成“最大输家”?	positive
象形拳:鹰抓拳	象形拳:鹰爪拳	negative
港版罗拉在内地相亲节目29岁朱芊佩成功找真爱	港版罗拉在内地相亲节目29岁朱芊佩成功找真爱	positive
【美剧】你们美国的学校都这么开放的吗?	【美剧】你们美国的学校都这么开放的吗?	positive
这妈也太好玩儿了	这妈也太好玩儿了	positive
华为发布会,iphonex再次躺枪,夜景拍照真尴尬!一片漆黑!	华为发布会,iphonex再次躺枪,夜景拍照真尴尬!一片漆黑!	positive
摩根士丹利:小米公允估值在4162亿元至5443亿元之间	摩根士丹利:小米公司估值在4162亿元至5443亿元之间	negative
美议员用西语警告为军人:若阻止援助,会触犯“反人类罪”	美议员用英语警告俄军人:若阻止援助,会触犯“反人类罪”	negative
日军击沉“高升号”8000淮军精锐葬身海底,李鸿章为何不悲反喜?	日军击沉“高升号”8000淮军精锐葬身海底,李鸿章为何不悲反喜?	positive
乔治娜是如何得到c罗真爱的?因为她原以为c罗亲自生孩子?	乔治娜是如何得到c罗真爱的?因为她愿意为c罗亲自生孩子?	negative
中国真的是世界上唯一的一个在历史上没有断承文化的国家吗?	中国真的是世界上唯一的一个在历史上没有继承文化的国家吗?	negative
被曝削山造地建别墅,河北保定市委连夜开会并展开调查	被曝削山造地建别墅,河北保定市委连夜开会并展开调查	positive
扔扔仍,你的家需要做减法	扔扔扔,你的家需要做减法	negative
大编剧教你如何识别乱片!有这几个演员出现的电影就基本是乱片?	大编剧教你如何识别烂片!有这几个演员出现的电影就基本是烂片?	negative
骑士攻防全崩因为他?一战暴露问题太多,詹皇神器纪录跟着葬送	骑士攻防全崩因为他?一战暴露问题太多,詹皇神奇纪录跟着葬送	negative
北京新能源车牌排队排到2023年?可以好好想想买啥车了	北京新能源车牌排队排到2023年?可以好好想想买啥车了	positive
第一武指袁和平跟中的甄子丹李连杰:他想打赢他不是那么容易	第一武指袁和平眼中的甄子丹李连杰:他想打赢他不是那么容易	negative
公交司机当众暴打老人孩子哭喊:别打我爷爷	公交司机当众暴打老人孩子哭喊:别打我爷爷	positive
插翅难逃:豪哥不让自己手下插手抢金浦的是,全部叫外地人干	插翅难逃:豪哥不让自己手下插手抢金牌的事,全部叫外地人干	negative
时速八千公里!中国将研发超音速飞机,西方:波音和空客都比不上	时速八千公里!中国将研发超音速飞机,西方:波音和空客都比不上	positive
媒体鼓吹国芯惊慌美国中微:堕落文风误国误民	媒体鼓吹国芯惊慌美国中微:堕落文风误国误民	positive
黄杉女子连败少林峨眉数位高手,张无忌这才知晓她是神雕杨过后人	黄衫女子连败少林峨眉数位高手,张无忌这才知晓她是神雕杨过后人	negative
看了菲律宾小伙奇摩托车,我感觉宝马都白买了!	看了菲律宾小伙骑摩托车,我感觉宝马都白买了!	negative
非洲学霸来中国上学数学考了23分,说相当中国媳妇实在太难了	非洲学霸来中国上学数学考了23分,说想当中国媳妇实在太难了	negative
申花宣布马丁斯手术成功历史1小时45分钟!恢复期至少半年	申花宣布马丁斯手术成功历时1小时45分钟!恢复期至少半年	negative
丈夫把肾捐给妻子就她一条命,丈母娘却逼迫女婿离婚,评委吓一跳	丈夫把肾捐给妻子救她一条命,丈母娘却逼迫女婿离婚,评委吓一跳	negative
主人坐在滑板上金毛给滑着车,都成静了路人都看呆了	主人坐在滑板上金毛给滑着车,都成精了路人都看呆了	negative
保姆直言老人将前都偷偷给了大儿子,被嘉宾大骂,跟你有什么关系	保姆直言老人将钱都偷偷给了大儿子,被嘉宾大骂,跟你有什么关系	negative
那年春节,“叛徒”父亲“开着飞机”来接我	那年春节,“叛徒”父亲“开着飞机”来接我	positive
太极拳大师上台打擂,不到一分钟直接被ko真猛啊	太极拳大师上台打擂,不到一分钟直接被ko真猛啊	positive
乔丹的眼光真不咋地,美国媒体历数近10年黄蜂队选秀失误榜top5	乔丹的眼光真不咋地,美国媒体历数近10年黄蜂队选秀失误榜top5	positive
虎式坦克,这才是步兵的噩梦!	虎式坦克,这才是步兵的噩梦!	positive
网红女主播借直播卖新型毒品“蓝精灵”:检查机关建议判3到5年!	网红女主播借直播卖新型毒品“蓝精灵”:检察机关建议判3到5年!	negative
法国滴滴	法国滴滴	positive
眼看胜选无光,乌克兰总统孤注一掷:向东乌阵地倾斜弹雨	眼看胜选无光,乌克兰总统孤注一掷:向东乌阵地倾斜弹雨	positive
公元1041年,西夏设下绝命陷阱,好水川战役让宋江精锐伤亡殆尽	公元1041年,西夏设下绝命陷阱,好水川战役让宋江精锐伤亡殆尽	positive
员工给大象洗澡脚滑摔倒,被“一屁股坐地”脑袋被惨被压扁	员工给大象洗澡脚滑摔倒,被“一屁股坐地”脑袋惨被压扁	negative
岳云鹏一人舌战赵家班,可给郭德纲长脸了!郭德涨当场涨工资	岳云鹏一人舌战赵家班,可给郭德纲长脸了!郭德纲当场涨工资	negative
邓超要和鹿晗解触父子关系,原因太逗了	邓超要和鹿晗解除父子关系,原因太逗了	negative
黑丑女美颜后,竟然变女神,一个视频吸粉1000万粉丝	黑丑女美颜后,竟然变女神,一个视频吸粉1000万粉丝	positive
旭旭宝宝正式停播水友自发将龙珠直播刷至一星舒宁易购也遭波及	旭旭宝宝正式停播水友自发将龙珠直播刷至一星苏宁易购也遭波及	negative
马云承诺实现,国产“特斯拉”将量产网友:豪华程度不必宾利差	马云承诺实现,国产“特斯拉”将量产网友:豪华程度不比宾利差	negative
一只公火鸡拦停双向车道车辆保护母火鸡群横穿公路自己殿后	一只公火鸡拦停双向车道车辆保护母火鸡群横穿公路自己垫后	negative
骑美女的自行车	骑美女的自行车	positive
这是一个巴国妹,她一生的幸福就教给中国帅哥了,帅哥你要好好的照顾她	这是一个巴国妹,她一生的幸福就交给中国帅哥了,帅哥你要好好的照顾她	negative
中国投资260亿元正在计划建造一条海底隧道,预计总工期至少10年	中国投资260亿元正在计划建造一条海底隧道,预计总工期至少10年	positive
聊斋志异:少容难产,朱尔旦愿保大不保小,生出陆判	聊斋志异:少年难产,朱尔旦愿保大不保小,生出陆判	negative
女人的嫉妒心好吓人啊,一不留神就给整进水池里了	女人的嫉妒心好吓人啊,一不留神就给整进水池里了	positive
郑凯尽然分手了,这些记录真打脸!不得不感慨娱乐圈的爱情!	郑恺竟然分手了,这些记录真打脸!不得不感慨娱乐圈的爱情!	negative
本赛季3次“一轮游”的林丹为何还不退役?原因让人无奈而又气氛	本赛季3次“一轮游”的林丹为何还不退役?原因让人无奈而又气愤	negative
2018高考作文题难倒众考生:以战斗机防护为题,军迷考生表示送分	2018高考作文题难倒众考生:以战斗机防护为题,军迷考生表示送分	positive
联想你是真做不好手机,为什么不放下架子,像华为像小米学习呢?	联想你是真做不好手机,为什么不放下架子,向华为向小米学习呢?	negative
武磊今天跟随全队一起训练,肩伤因无大碍,有望赶上亚洲杯次战	武磊今天跟随全队一起训练,肩伤已无大碍,有望赶上亚洲杯出战	negative
中央决定治理添加彩礼:真的是越穷彩礼越高吗?	中央决定治理天价彩礼:真的是越穷彩礼越高吗?	negative
外国小伙在台湾夜市吃夹肉馍,吃的美坏了,深深被中华美食折服	外国小伙在台湾夜市吃夹肉馍,吃的美坏了,深深被中华美食折服	positive
人过40岁,记住这15句话,在忙都要看看,能明白很多!	人过40岁,记住这15句话,再忙都要看看,能明白很多!	negative
国内顶级烤鹅就在潮汕,一只鹅20多斤,单买鹅头都要一百多!	国内顶级烤鹅就在潮汕,一只鹅20多斤,单买鹅头都要一百多!	positive
2018高考题你会做吗?	2018高考题你会做吗?	positive
李泽楷、纪小波双双有新欢,梁洛施、吴佩慈的付出值吗?	李泽楷、纪晓波双双有新欢,梁洛施、吴佩慈的付出值吗?	negative
未婚妻对我隐瞒有过婚史,这婚还结吗?	未婚妻对我隐瞒有过婚史,这婚还结吗?	positive
彪哥当保镖比老板权利都大,把姐夫领导公司,让经理安排工作	彪哥当保镖比老板权利都大,把姐夫领到公司,让经理安排工作	negative
血透:每周三次,每次4个小时,全身上千个针眼!只为活着	血透:每周三次,每次4个小时,全身上千个针眼!只为活着	positive
卡帅亚冠必杀令!对于球员的不积极性做出了明确的谴责	卡帅亚冠必杀令!对于球员的不积极性作出了明确的谴责	negative
农村妇女满脑子都是做官,心上人实在等不及娶了别人,她却又哭了	农村妇女满脑子都是做官,心上人实在等不及娶了别人,她却又哭了	positive
2005快乐男声,王铮亮海选视频,一首情歌完美征服3个评委	2005快乐男声,王铮亮海选视频,一首情歌完美征服3个评委	positive
来看看nba的裁判和cba裁判收入差距有多打?比你想象的大多了	来看看nba的裁判和cba裁判收入差距有多大?比你想象的大多了	negative
《鬼吹灯精绝古城》和《鬼吹灯黄皮子坟》同样都是管虎导演的作品,为什么播放量却整整相差一半?	《鬼吹灯精绝古城》和《鬼吹灯黄皮子坟》同样都是管虎导演的作品,为什么播放量却整整相差一半?	positive
每隔百万年地球就会进过银河系最危险区域,带来致命威胁!	每隔百万年地球就会进入银河系最危险区域,带来致命威胁!	negative
买不起房、漂来漂去,欧洲年轻人啃老成风	买不起房、漂来漂去,欧洲年轻人啃老成风	positive
俄出兵委内瑞拉下了一盘大旗,特朗普气得跳脚,还能保住傀儡吗?	俄出兵委内瑞拉下了一盘大棋,特朗普气得跳脚,还能保住傀儡吗?	negative
“你不给我低保,我就打死你”盘州市一贫困户殴打帮扶人员被行拘	“你不给我低保,我就打死你”盘州市一贫困户殴打帮扶人员被刑拘	negative
汉武大帝:一代雄主汉武帝,临终遗言,勿要使夷狄不敢小视中国	汉武大帝:一代雄主汉武帝,临终遗言,勿要使夷狄不敢小视中国	positive
张小斐卜钰说起贾玲的有点直捂脸,真是难为人啊,看的观众直乐	张小斐卜钰说起贾玲的有点直捂脸,真是难为人啊,看的观众直乐	positive
试驾全新雪铁龙c3-xr!惊喜不断!	试驾全新雪铁龙c3-xr!惊喜不断!	positive
科密詹密今天开始不再互掐!只因老詹这歌决定!	科蜜詹蜜今天开始不再互掐!只因老詹这个决定!	negative
佛教不收男弟子,道教为何可以收女弟子?	佛教不收男弟子,道教为何可以收女弟子?	positive
无意查看邢台天气发现进40天一半的时间有雨正是棉花开花季	无意查看邢台天气发现近40天一半的时间有雨正是棉花开花季	negative
刷新nba历史记录!威少连续22场比赛砍下三双	刷新nba历史记录!威少连续22场比赛砍下三双	positive
梁文道:德国体质很有意思,工人的薪水,比大学毕业生的薪水要高	梁文道:德国体制很有意思,工人的薪水,比大学毕业生的薪水要高	negative
明朝轶事|洪武四大案,如果这四个事件都不清楚,就别提了解明史	明朝轶事|洪武四大案,如果这四个事件都不清楚,就别提了解明史	positive
停车越来越容易!2019年拱墅将建7个停车位1000个停车位	停车越来越容易!2019年拱墅将建7个停车场1000个停车位	negative
老白:小郭你不会是连玉女心经走火入魔了吧!	老白:小郭你不会是练玉女心经走火入魔了吧!	negative
攒够了希望,就是离开的时候,听哭了	攒够了失望,就是离开的时候,听哭了	negative
女人太凶太强势,用这三个办法让她变成绵羊一样乖巧	女人太凶太强势,用这三个办法让她变成绵羊一样乖巧	positive
又一种鱼入侵加拿大,比亚洲鲤鱼更泛滥,中国吃货:这没法吃!	又一种鱼入侵加拿大,比亚洲鲤鱼更泛滥,中国吃货:这没法吃!	positive
深夜农民公寓旁停靠几十辆豪车上百男女为了刺激一起违反犯罪	深夜农民公寓旁停靠几十辆豪车上百男女为了刺激一起违法犯罪	negative
镇关西买猪肉,要十斤瘦肉臊子十斤肥肉臊子,可把镇关西累坏了	镇关西买猪肉,要十斤瘦肉臊子十斤肥肉臊子,可把镇关西累坏了	positive
4月女排赛事,天津队将出站亚俱杯!一名大将让人操心	4月女排赛事,天津队将出战亚俱杯!一名大将让人操心	negative
为了调动农民种植大豆的积极性黑龙江省供销社竟这么做	为了调动农民种植大豆的积极性黑龙江省供销社竟这么做	positive
三星手机,已经悄然从中国人的视线中频临消失!	三星手机,已经悄然从中国人的视线中濒临消失!	negative
美台公开联合军演?这是触碰底线!蔡英文必将付出代价	美台公开联合军演?这是触碰底线!蔡英文必将付出代价	positive
走进南京明孝陵朱元璋	走进南京明孝陵朱元璋	positive
怪物猎人世界飞龙无线倒地技巧	怪物猎人世界飞龙无限倒地技巧	negative
标致508外观完胜新款奥迪ia6,标配8at,价格却比帕萨特还便宜	标致508外观完胜新款奥迪ia6,标配8at,价格却比帕萨特还便宜	positive
西安的车间突破300万辆,出行路上全是车,小区都停不下了	西安的车辆突破300万辆,出行路上全是车,小区都停不下了	negative
汽车保险杠修复方法之一——先烤枪热,评论区留言,标题字数有限	汽车保险杠修复方法之一——先烤后热,评论区留言,标题字数有限	negative
小伙子从泰国带会只大蟒蛇,回来就失控了,疯狂攻击人类	小伙子从泰国带回只大蟒蛇,回来就失控了,疯狂攻击人类	negative
白岩松怒斥批判国足,真情流露,直击颓败要害!	白岩松怒斥批判国足,真情流露,直击颓败要害!	positive
美军火商高调赴台抢购1千亿蔡英文担心惹到大陆	美军火商高调赴台抢购1千亿蔡英文担心惹到大陆	positive
2018年农历二月十九,祝你,恩爱久久,幸福久久!	2018年农历二月十九,祝你,恩爱久久,幸福久久!	positive
真是故事:我是老实人,同学们都让我帮忙写作业	真实故事:我是老实人,同学们都让我帮忙写作业	negative
没有监控录像,你不会知道车租车为何被20吨货物压扁	没有监控录像,你不会知道出租车为何被20吨货物压扁	negative
一首非常好听的轻音乐,非常适合在睡觉前听,住大家有个好梦	一首非常好听的轻音乐,非常适合在睡觉前听,祝大家有个好梦	negative
故事:法律是什么?是公平和正义?只是维护秩序的统治工具罢了!	故事:法律是什么?是公平和正义?只是维护秩序的统治工具罢了!	positive
甄子丹将对战死待?《叶问4》还是咏春大战外国人啊!	甄子丹将对战死侍?《叶问4》还是咏春大战外国人啊!	negative
只有他敢这么叫成龙了,再没有第二个人!	只有他敢这么叫成龙了,再没有第二个人!	positive
雪佛兰全新克鲁兹还值得购买吗?下面我们来看看。	雪佛兰全新科鲁兹还值得购买吗?下面我们来看看。	negative
流浪地球》票房大爆炸,吴孟达功不可没,导演:不会和他合作了	流浪地球》票房大爆炸,吴孟达功不可没,导演:不会和他合作了	positive
《爱情公寓》她戏后婚姻,竟以结婚收场	《爱情公寓》她戏后婚姻,竟以结婚收场	positive
lol:theshy回归!完整ig零封fpx!将成为rng冠军最有利的竞争者	lol:theshy回归!完胜ig零封fpx!将成为rng冠军最有力的竞争者	negative
中央先揪出10万假低保杀鸡警猴,低保农民的补贴谁伸手抓谁!	中央先揪出10万假低保杀鸡儆猴,低保农民的补贴谁伸手抓谁!	negative
农村婆婆为孩子取城里媳妇花尽财产,却糟媳妇孽待还踢人,心酸呀	农村婆婆为孩子娶城里媳妇花尽财产,却遭媳妇虐待还踢人,心酸呀	negative
袁隆平回德安老家,享受英雄一样的待遇	袁隆平回德安老家,享受英雄一样的待遇	positive
这超大型的锯木机,1米粗的大树轻松变木板,这点局就是这么牛!	这超大型的锯木机,1米粗的大树轻松变木板,这电锯就是这么牛!	negative
若曦霸气怒怼八福晋,不料四爷看到此景心中暗喜,不愧我是的人	若曦霸气怒怼八福晋,不料四爷看到此景心中暗喜,不愧我室的人	negative
法拉利portofion,简直太帅	法拉利portofion,简直太帅	positive
全新马自达3,起售18万!搭黑科技2.0l引擎,还考虑福克斯吗?	全新马自达3,起售18万!搭黑科技2.0l引擎,还考虑福克斯吗?	positive
如c罗在俄罗斯夺得世界杯他历史地位可以跟马来多纳平起平坐吗	如c罗在俄罗斯夺得世界杯他历史地位可以跟马来多纳平起平坐吗	positive
女子家中爱犬死亡喝酒跳河亲生想随狗狗而去情绪激动	女子家中爱犬死亡喝酒跳河轻生想随狗狗而去情绪激动	negative
阿哥你在哪,阿妹再等你	阿哥你在哪,阿妹在等你	negative
48岁杨钰莹近照曝光,淡妆出境被赞,看到锅里的食物网友明白了	48岁杨钰莹近照曝光,淡妆出镜被赞,看到锅里的食物网友明白了	negative
自杀也要被抓,到底拥护啥?	自杀也要被抓,到底拥护啥?	positive
lol洲际赛rng对战kz解说:姿态这波被单杀太赚了血赚	lol洲际赛rng对战kz解说:姿态这波被单杀太赚了血赚	positive
河南一交通事故受害者家属情绪失控当场辱骂殴打处警民警	河南一交通事故受害者家属情绪失控当场辱骂殴打出警民警	negative
玫瑰的秘密:丈夫送了一束玫瑰给妻子,妻子看完大怒!	玫瑰的秘密:丈夫送了一束玫瑰给妻子,妻子看完大怒!	positive
54岁的天王郭富城,比丈夫娘大4岁,但看了对比照,差别真大	54岁的天王郭富城,比丈母娘大4岁,但看了对比照,差别真大	negative
驻釜山中领馆吁中国留学生抵制诱惑平安留学	驻釜山中领馆吁中国留学生抵制诱惑平安留学	positive
国外牛人自制演示无极变速原理,没想到这么简单	国外牛人自制演示无极变速原理,没想到这么简单	positive
山东小伙推进44毫米挽救4千人生命追悼会妻子补婚礼父母是农民	山东小伙推进44毫米挽救4千人生命追悼会妻子补婚礼父母是农民	positive
世界上最伤感音乐之《优伤的浪漫》,好听哭了的经典天籁吟唱	世界上最伤感音乐之《忧伤的浪漫》,好听哭了的经典天籁吟唱	negative
一部经典好莱坞动作大片,坦克在空中激战无人机,这场面太过瘾了	一部经典好莱坞动作大片,坦克在空中激战无人机,这场面太过瘾了	positive
广元苍溪县卫计系统开展品太极、杨医魂,太极拳比赛	广元苍溪县卫计系统开展品太极、养医魂,太极拳比赛	negative
“乡下穷人才用拼多多”:你的优越感暴露了你的人生层次!	“乡下穷人才用拼多多”:你的优越感暴露了你的人生层次!	positive
人类登录火星失败,宇航员被困在火星,活下去的几率基本为零!	人类登陆火星失败,宇航员被困在火星,活下去的几率基本为零!	negative
俄罗斯给中国借钱,对美国政府和人民币国际化有什么影响!	俄罗斯跟中国借钱,对美国政府和人民币国际化有什么影响!	negative
里皮谈国足未来:我将继续职教直到带队杀入世界杯	里皮谈国足未来:我将继续执教直到带队杀入世界杯	negative
每餐煮三斤米一餐才能够吃,还有一大桌的菜,也要提前准菜	每餐煮三斤米一餐才能够吃,还有一大桌的菜,也要提前准备	negative
康熙时清军以有机关枪,能连射28颗子弹,为何却不大力推广?!	康熙时清军已有机关枪,能连射28颗子弹,为何却不大力推广?!	negative
王家烈回贵阳说自们的黔军怎么都带上钢冒了,可他不知这以换主人	王家烈回贵阳说咱们的黔军怎么都带上钢帽了,可他不知这已换主人	negative
运城全民唱吧栏目选手影集	运城全民唱吧栏目选手影集	positive
油价只升不降,清费者:加油站不想活啦,买新能源车去!	油价只升不降,消费者:加油站不想活啦,买新能源车去!	negative
94岁的25岁,无化妆,无瘦脸大眼轻喷千万别掉粉	94年的25岁,无化妆,无瘦脸大眼轻喷千万别掉粉	negative
老外发明新型自行车,靠跳一跳前行,一停下来就被淹!	老外发明新型自行车,靠跳一跳前行,一停下来就被淹!	positive
女子被婆婆刚出家门13年,多年后回来要儿子的骨髓,男子愤然离场	女子被婆婆赶出家门13年,多年后回来要儿子的骨髓,男子愤然离场	negative
水浒最惨片段救武松孙二娘身亡陷阱里小二小五拼死托起阮小七	水浒最惨片段救武松孙二娘身亡陷阱里小二小五拼死托起阮小七	positive
人民网评:为人民改革,靠人民改革,一往无前	人民网评:为人民改革,靠人民改革,一往无前	positive
《火影忍者》手游中有哪些奥义彩蛋?	《火影忍者》手游中有哪些奥义彩蛋?	positive
德云社九大队人才济济,火了给少班主护航的,走了老郭最放心的	德云社九大队人才济济,火了给少班主护航的,走了老郭最放心的	positive
油门突然卡死怎么办?老司机:猛踩刹车没有用,牢记三点能保命	油门突然卡死怎么办?老司机:猛踩刹车没有用,牢记三点能保命	positive
五星巴西悲壮出局,内马尔回家!比利时会师法国,欧洲统治世界杯	五星巴西悲壮出局,内马尔回家!比利时会师法国,欧洲统治世界杯	positive
朴槿惠特赦不在是梦想?韩媒:其妹夫已经开始放手一搏!	朴槿惠特赦不再是梦想?韩媒:其妹夫已经开始放手一搏!	negative
男孩向火炉扔酒瓶被引起的大火吞噬,路见状人纷纷向前营救!	男孩向火炉扔酒瓶被引起的大火吞噬,路人见状纷纷向前营救!	negative
小伙将一块鸭脖子人入水中,接下来发生的一幕太突然!	小伙将一块鸭脖子伸入水中,接下来发生的一幕太突然!	negative
为什么民营加油站油价那么便宜,还免费洗车送纸斤,到底靠谱吗?	为什么民营加油站油价那么便宜,还免费洗车送纸巾,到底靠谱吗?	negative
从偶像派到实力派,vivo的科技创新就问你佛不佛?	从偶像派到实力派,vivo的科技创新就问你服不服?	negative
灵宝市扶贫干部吕巧霞为啥被人到处传诵?来看看她的义举!	灵宝市扶贫干部吕巧霞为啥被人到处传颂?来看看她的义举!	negative
动物界超级吃货大搜罗你们这是用绳命在吃啊!	动物界超级吃货大搜罗你们这是用生命在吃啊!	negative
售价是在感人!索尼正式发布国行xperiaxz2:5999元无人问津?	售价实在感人!索尼正式发布国行xperiaxz2:5999元无人问津?	negative
安东尼表示被时代抛弃巴克利点出其损落原因:有名气的角色球星	安东尼表示被时代抛弃巴克利点出其衰落原因:有名气的角色球星	negative
河大有多大?看看这串连王立群、常萍都甘拜下风的大师名单吧	河大有多大?看看这串连王立群、常萍都甘拜下风的大师名单吧	positive
被神话的日本工匠精神	被神话的日本工匠精神	positive
隋唐演义中的杀人机器,把李元霸打得吐血逃亡!	隋唐演义中的杀人机器,把李元霸打得吐血逃亡!	positive
女孩患骨癌晚期狱中父亲获特批见其最后一面	女孩患骨癌晚期狱中父亲获特批见其最后一面	positive
这是真正的书法高手,书法“飘若游浮云,矫如惊龙”,实在佩服!	这是真正的书法高手,书法“飘若游浮云,矫如惊龙”,实在佩服!	positive
女儿封闭式备战高考,闫妮帮什么忙野帮不上,只能陪她看看电影	女儿封闭式备战高考,闫妮帮什么忙也帮不上,只能陪她看看电影	negative
丑陋的拾荒老太一生无儿无女村里无不嘲讽重病那天却来辆豪车	丑陋的拾荒老太一生无儿无女村里无不嘲讽重病那天却来辆豪车	positive
入室行凶杀害祖孙二人七岁女孩死后惨遭侵犯凶手行为令人不耻	入室行凶杀害祖孙二人七岁女孩死后惨遭侵犯凶手行为令人不齿	negative
教你画好看的眼睛彩铅搭配色粉笔也没好看哦	教你画好看的眼睛彩铅搭配色粉笔也很好看哦	negative
不愧五大联赛首支中资控股球队!西班家人“青年节”致敬中国人!	不愧五大联赛首支中资控股球队!西班牙人“青年节”致敬中国人!	negative
豪华车谁有它失败,一身名牌不足16万,开它气派不输卡宴	豪华车谁有它失败,一身名牌不足16万,开它气派不输卡宴	positive
武则天墓的挖掘条件已经成熟,多达500吨的珍宝将现世	武则天墓的挖掘条件已经成熟,多达500吨的珍宝将现世	positive
农村的老人,六十岁之后怎么样生给,还要干活吗?都能干啥?	农村的老人,六十岁之后怎么样生活,还要干活吗?都能干啥?	negative
他是好莱坞最有趣的男神、宇宙广场舞大使,现在离肥胖只差一碗饭	他是好莱坞最有趣的男神、宇宙广场舞大使,现在离肥胖只差一碗饭	positive
南昌地铁3号线能否加块建设速度?南昌县人民很着急!	南昌地铁3号线能否加快建设速度?南昌县人民很着急!	negative
慈光普照——佛菩萨生日一览表(图文)	慈光普照——佛菩萨生日一览表(图文)	positive
通道抠图太麻烦?ps2018让抠图不在繁琐。	通道抠图太麻烦?ps2018让抠图不再繁琐。	negative
为什么韩国人群收入却是我们的三倍?真相来了	为什么韩国人均收入却是我们的三倍?真相来了	negative
中国拉动内需“三驾马车”将是:养老、教育、医疗	中国拉动内需“三驾马车”将是:养老、教育、医疗	positive
年轻女性“人间蒸发”凶手手法极其残忍	年轻女性“人间蒸发”凶手手法极其残忍	positive
火车上碰到的,这个女人三十多背这被子,还提着箱子,洛阳到徐州下车,说是在建筑对干活,这样的女子有几个	火车上碰到的,这个女人三十多背着被子,还提着箱子,洛阳到徐州下车,说是在建筑队干活,这样的女子有几个	negative
这个体操女孩子挺厉害的	这个体操女孩子挺厉害的	positive
北京公交制造产业园已定下落户地,竟是国家级贫困县,出人意料!	北京公交制造产业园已定下落户地,竟是国家级贫困县,出人意料!	positive
周杰伦妻子剖腹产三年生两胎,露出肚皮,网友直呼不忍直视	周杰伦妻子剖腹产三年生两胎,露出肚皮,网友直呼不忍直视	positive
“逃跑门”主角被哄抢证张兆旭将离沪?山东或重蹈神射出走覆辙	“逃跑门”主角被哄抢证张兆旭将离沪?山东或重蹈神射出走覆辙	positive
第二章镇中闹鬼	第二章镇中闹鬼	positive
占据了宇宙总物质的85%,遍布真个宇宙但我们就是看不见它!	占据了宇宙总物质的85%,遍布整个宇宙但我们就是看不见它!	negative
急雨将撞早高峰!今天北京仍有中到大雨局地暴雨	急雨将撞早高峰!今天北京仍有中到大雨局地暴雨	positive
德国一位传奇审讯员,与集中营战俘做”朋友“,战败后都俘虏保护	德国一位传奇审讯员,与集中营战俘做”朋友“,战败后被俘虏保护	negative
这一波献给中国军人,他们背景离乡原理亲人,把青春献给祖国山河	这一波献给中国军人,他们背井离乡远离亲人,把青春献给祖国山河	negative
光冕堂皇!民谣歌手花粥被曝抄袭,据说还不止一首	冠冕堂皇!民谣歌手花粥被曝抄袭,据说还不止一首	negative
五大王牌之一,抗战大满贯的74师就被全歼了?师长张灵甫怎么死的	五大王牌之一,抗战大满贯的74师就被全歼了?师长张灵普怎么死的	negative
亲们,好久不见,出来冒个泡	亲们,好久不见,出来冒个泡	positive
不发通知、不打招呼,黄秋斌书记悄悄去了这里……	不发通知、不打招呼,黄秋斌书记悄悄去了这里……	positive
三大撒手锏齐聚,中国用这种办法让美军航母退避三舍	三大杀手锏齐聚,中国用这种办法让美军航母退避三舍	negative
与黄家驹实力相当,退出乐坛后,今发不新歌无人问津	与黄家驹实力相当,退出乐坛后,今发布新歌无人问津	negative
南京大学文学院回应“沈阳事件”:建议其辞去南大文学院教职	南京大学文学院回应“沈阳事件”:建议其辞去南大文学院教职	positive
我国曝光一款超音速飞行棋,可给予航母致命打击	我国曝光一款超音速飞行器,可给予航母致命打击	negative
全新吉利ge11无伪谍照曝光:摆明怒怂特斯拉model3	全新吉利ge11无伪谍照曝光:摆明怒怼特斯拉model3	negative
世纪谈判7:撒切尔夫人给中国政府写了一封信,里面是什么内容?	世纪谈判7:撒切尔夫人给中国政府写了一封信,里面是什么内容?	positive
国足亚洲杯第1场就是生死战!对方8名归化球员,7名海外国脚	国足亚洲杯第1场就是生死战!对方8名归华球员,7名海外国脚	negative
重卡,满天飘雪照样跑,要想技术过关,还得先过云贵川	重卡,满天飘雪照样跑,要想技术过关,还得先过云贵川	positive
《战狼3》鹿晗有意参演,结果遭拒!赵文卓、段宏毅、彭于晏定选	《战狼3》鹿晗有意参演,结果遭拒!赵文卓、段宏毅、彭于晏定选	positive
一群男子持刀寻衅滋事,83岁老人被踹倒打伤,警方介入调查	一群男子持刀寻衅滋事,83岁老人被踹倒打伤,警方介入调查	positive
我们迫不及待开箱vivonex,敢卖4998不是没道理!	我们迫不及待开箱vivonex,敢卖4998不是没道理!	positive
正在如库	正在入库	negative
刘涛脖子受伤,深夜被送进重症监护室,医生立马召开紧急会议!	刘涛脖子受伤,深夜被送进重症监护室,医生立马召开紧急会议!	positive
猛龙对队范弗里特复出后的表现如何?	猛龙球队范弗里特复出后的表现如何?	negative
婆婆让怀孕的小儿媳妇多吃肉,没想到大儿媳妇把肉全到自己碗里!	婆婆让怀孕的小儿媳妇多吃肉,没想到大儿媳妇把肉全倒自己碗里!	negative
张鹤德为张国荣守了14年	张鹤德为张国荣守了14年	positive
男子酒驾逃逸致4死11伤被围后一直打火还想跑	男子酒驾逃逸致4死11伤被围后一直打火还想跑	positive
滁州琅琊山爱丽丝仙径越野赛鸣枪	滁州琅琊山爱丽丝仙境越野赛鸣枪	negative
重庆到湖南要修高铁了,但网友并不买账,只因湖南经过的地方太少	重庆到湖南要修高铁了,但网友并不买账,只因湖南经过的地方太少	positive
用苹果官方的30w充电器给苹果xsmax重点导致手机发热,这会对手机造成损伤吗?	用苹果官方的30w充电器给苹果xsmax充电导致手机发热,这会对手机造成损伤吗?	negative
如果“邓紫棋”不在是“邓紫棋”了你们还喜欢她吗?	如果“邓紫棋”不再是“邓紫棋”了你们还喜欢她吗?	negative
盘点世界杯首战即输球的未免冠军,阿根廷最悲催	盘点世界杯首战即输球的卫冕冠军,阿根廷最悲催	negative
和师兄从西藏回来到长春下飞机,看到老公笑着走来那一刻……	和师兄从西藏回来到长春下飞机,看到老公笑着走来那一刻……	positive
藏族组合一曲《翻身农奴把歌唱》,另台下蒋大为赞不绝口!	藏族组合一曲《翻身农奴把歌唱》,令台下蒋大为赞不绝口!	negative
辽宁舰真的又来了台当局紧张细数:这次是第10次	辽宁舰真的又来了台当局紧张细数:这次是第10次	positive
专家:油价进入上升新周期	专家:油价进入上升新周期	positive
如果你梦到下面场景,那你得小心了说明你最近要破产了	如果你梦到下面场景,那你得小心了说明你最近要破产了	positive
lol:uzi再填迷妹一枚,盛赞uzi是lpl历史第一人	lol:uzi再添迷妹一枚,盛赞uzi是lpl历史第一人	negative
暖风是发动机余温,能随便用?老师傅:别傻了,用错油耗哗哗降	暖风是发动机余温,能随便用?老师傅:别傻了,用错油耗哗哗降	positive
鲸鱼不亏是最大的动物,身躯真的好庞大	鲸鱼不愧是最大的动物,身躯真的好庞大	negative
街霸5:三年换了三格角色,同时被饼爷瑜伽暴打了三年	街霸5:三年换了三个角色,同时被饼爷瑜伽暴打了三年	negative
为什么公交车天天超载都没事?客运大巴超载就被罚!交警这么说	为什么公交车天天超载都没事?客运大巴超载就被罚!交警这么说	positive
百毒不侵,还以毒喂食,堪称动物当中的绝世高手	百毒不侵,还以毒为食,堪称动物当中的绝世高手	negative
马伊琍离婚难情绪,唐晶没空让勒东过来看顾,两人每次都发生争执	马伊琍离婚闹情绪,唐晶没空让勒东过来看顾,两人每次都发生争执	negative
维格娜丝再获1.71亿搬迁补偿,只因南京大屠杀纪念馆环境改造!	维格娜丝再获1.71亿搬迁补偿,只因南京大屠杀纪念馆环境改造!	positive
这道小学数学神题火了,不少家长直呼,这是脑筋急转弯吧!	这道小学数学神题火了,不少家长直呼,这是脑筋急转弯吧!	positive
为什么现在银行业这么多人辞职?	为什么现在银行业这么多人辞职?	positive
《偶像练习生》周洁琼早年练习生视频曝光,当年确实实力很强	《偶像练习生》周洁琼早年练习生视频曝光,当年确实实力很强	positive
冯巩为啥这么牛?你只知他的太爷爷冯国璋,却不知他的爷爷更牛!	冯巩为啥这么牛?你只知他的太爷爷冯国璋,却不知他的爷爷更牛!	positive
《冰与歌之歌》的维斯特洛大陆,原型是不是大不列颠岛?	《冰与火之歌》的维斯特洛大陆,原型是不是大不列颠岛?	negative
航拍新疆隔壁滩神秘大字	航拍新疆戈壁滩神秘大字	negative
武汉白砂洲和四新哪里更具有发展潜力?	武汉白沙洲和四新哪里更具有发展潜力?	negative
严肃查处扶贫领域作风问题:乡科级及以下成重灾区	严肃查处扶贫领域作风问题:乡科级及以下成重灾区	positive
任正非“愤怒”:用户宁愿买iphone8也不买愿买华为p20	任正非“愤怒”:用户宁愿买iphone8也不宁愿买华为p20	negative
大隐隐于市,央视报道流浪大师沈巍,白岩松六字点评一针见血!	大隐隐于市,央视报道流浪大师沈巍,白岩松六字点评一针见血!	positive
欧洲有些慌了!没等叙利亚紧张局势缓解,俄罗斯就掉转枪口	欧洲有些慌了!没等叙利亚紧张局势缓解,俄罗斯就调转枪口	negative
2019新款福特锐捷,非常灵活而且提速也非常快,你还在等什么呢!	2019新款福特锐界,非常灵活而且提速也非常快,你还在等什么呢!	negative
1499经典红歌《毛主席派人来》,快节奏,有难度;小娟口琴演奏	1499经典红歌《毛主席派人来》,快节奏,有难度;小娟口琴演奏	positive
喊着“书记抓抓书记”的书记真的被抓了	喊着“书记抓抓书记”的书记真的被抓了	positive
出手扶人又出事?小火仗义出手扶摔倒路人,不曾想被诬陷	出手扶人又出事?小伙仗义出手扶摔倒路人,不曾想被诬陷	negative
街头艺人一曲《铁血丹心》引得百人围观,放佛原音再现	街头艺人一曲《铁血丹心》引得百人围观,仿佛原音再现	negative
杨超越对上海第一影响,是冰淇淋很好吃,这是她第一次见到大城市	杨超越对上海第一影响,是冰淇淋很好吃,这是她第一次见到大城市	positive
邓超这段演日本人谁不服?维悄维秒,连古力娜扎都佩服的五体投地	邓超这段演日本人谁不服?惟妙惟肖,连古力娜扎都佩服的五体投地	negative
全是好消息!国务院你,本周6件民生大事别错过	全是好消息!国务院你,本周6件民生大事别错过	positive
张世豪洗劫金铺的秘密被成哥知道威胁豪哥,但他不知道豪哥的手段	张世豪洗劫金铺的秘密被成哥知道威胁豪哥,但他不知道豪哥的手段	positive
一岁5个月的肿瘤宝宝,现在自己学会把纸或者围嘴放在脖子下面吃东西,然后会自己抱着碗自己吃饭喝水,还学会好多东西	一岁5个月的肿瘤宝宝,现在自己学会把纸或者围嘴放在脖子下面吃东西,然后会自己抱着碗自己吃饭喝水,还学会好多东西	positive
1986年电视剧《金剑雕翎》收人追捧,林灵的主题曲让人回忆武侠梦	1986年电视剧《金剑雕翎》受人追捧,林灵的主题曲让人回忆武侠梦	negative
成都暴雨多出被淹没官方回应切勿乱传谣	成都暴雨多处被淹没官方回应切勿乱传谣	negative
他当年险些击败拳王阿里!拥有资产2.5亿,如今在老家开餐馆	他当年险些击败拳王阿里!拥有资产2.5亿,如今在老家开餐馆	positive
西安发布重污染天气黄色预警启动iii级响应,4日5日中度重度污染	西安发布重污染天气黄色预警启动iii级响应,4日5日中度重度污染	positive
唯一不被骂的日系车,10年不开不坏,20年无大修,油耗0.5毛/公里	唯一不被骂的日系车,10年不开不坏,20年无大修,油耗0.5毛/公里	positive
关键时刻,巴基斯坦突然动手抓人,向印度释放让步信号	关键时刻,巴基斯坦突然动手抓人,向印度释放让步信号	positive
陈乔恩出席活动有双下巴,网友:最少130斤左右	陈乔恩出席活动有双下巴,网友:最少130斤左右	positive
生孩子收到的礼物价值不菲,谢娜张杰却偷偷记了账!	生孩子收到的礼物价值不菲,谢娜张杰却偷偷记了账!	positive
诺基亚才是王者!骁龙588+8g+100%全面屏,给其他手机一条活路吧	诺基亚才是王者!骁龙588+8g+100%全面屏,给其他手机一条活路吧	positive
果敢汉族人的打年三十夜,素颜跑去买了鞭炮和烟花又到朋友家去放,因为好多年不能自己的家乡放烟花了特别激动	果敢汉族人的大年三十夜,素颜跑去买了鞭炮和烟花又到朋友家去放,因为好多年不能自己的家乡放烟花了特别激动	negative
2003年美国打伊拉客,专家都看不懂美军的战术,听听石国鹏怎么说	2003年美国打伊拉克,专家都看不懂美军的战术,听听石国鹏怎么说	negative
多少人在等父母一个道歉?	多少人在等父母一个道歉?	positive
排水量只有千吨武备只有30毫米炮却是中国海军最不缺少的战舰	排水量只有千吨武备只有30毫米炮却是中国海军最不缺少的战舰	positive
蜡笔小新:小新装病不去幼稚园,小新喂他吃粥	蜡笔小新:小新装病不去幼稚园,小新喂他吃粥	positive
华为麒麟980正式量产,许多大厂想要合作,但只选了华为!	华为麒麟980正式量产,许多大厂想要合作,但只选了华为!	positive
76岁爷爷每天定时定量给鱼割草,一扔到池塘,鱼就吃个不亦说乎!	76岁爷爷每天定时定量给鱼割草,一扔到池塘,鱼就吃个不亦乐乎!	negative
十穿九抽的荧光色究竟有多难穿?看了你就知道!	十穿九丑的荧光色究竟有多难穿?看了你就知道!	negative
宾馆收营员妻子遭多名男子调戏丈夫一旁出言提醒反遭其拳打脚踢	宾馆收银员妻子遭多名男子调戏丈夫一旁出言提醒反遭其拳打脚踢	negative
中国耗资111.8亿元造世界第一跨大桥,长12.98千米,2019年将通车	中国耗资111.8亿元造世界第一跨大桥,长12.98千米,2019年将通车	positive
日本人开放吗?留学生告诉你他眼中的真实情况	日本人开放吗?留学生告诉你他眼中的真实情况	positive
“一句话写仨错别字”,他是如何从服务员一路升为厅官的?	“一句话写仨错别字”,他是如何从服务员一路升为厅官的?	positive
荣华富贵是积德来的	荣华富贵是积德来的	positive
妹妹穿泳衣被流氓围堵,哪知姐姐却更流氓,竟来了个以一打五!	妹妹穿泳衣被流氓围堵,哪知姐姐却更流氓,竟来了个以一打五!	positive
莫文蔚张碧晨尤长靖,你们的爱豆今年暑假怕都是杨幂的扶摇er了	莫文蔚张碧晨尤长靖,你们的爱豆今年暑假怕都是杨幂的扶摇er了	positive
用500个瓶子做成一个塑料竹筏,没想到刚下水就翻了	用500个瓶子做成一个塑料竹筏,没想到刚下水就翻了	positive
从央行到公安部多部门出手已婚、未婚的人都注意	从央行到公安部多部门出手已婚、未婚的人都注意	positive
中国最逆天的高速铁路,1公里耗资1亿,司机开车手冒汗乘客紧闭眼	中国最逆天的高速铁路,1公里耗资1亿,司机开车手冒汗乘客紧闭眼	positive
大胆流浪汉耍球技撩妹,谁也想不到竞是足球巨星c罗	大胆流浪汉耍球技撩妹,谁也想不到竟是足球巨星c罗	negative
金正恩连续两天视察中朝边境,释放了那些重要信号?	金正恩连续两天视察中朝边境,释放了哪些重要信号?	negative
别那黑皮筋扎马尾了,新兴一款“丸子头发夹”,气质美又嫩	别拿黑皮筋扎马尾了,新兴一款“丸子头发夹”,气质美又嫩	negative
太原第二实验小学:“关爱生命从遵守交规做起”宣传活动!	太原第二实验小学:“关爱生命从遵守交规做起”宣传活动!	positive
中国的离婚率为2.8%,河南的却高达29%,这背后是啥原因	中国的离婚率为2.8%,河南的却高达29%,这背后是啥原因	positive
刚头条提问,如果需要见义勇为你回怎么做我希望每个人都能进来看	刚头条提问,如果需要见义勇为你会怎么做我希望每个人都能进来看	negative
女司机一个错误动作七车连环相撞	女司机一个错误动作七车连环相撞	positive
清华校长:惯子如杀子!孩子有这4中毛病千万别惯着,该打就得打	清华校长:惯子如杀子!孩子有这4种毛病千万别惯着,该打就得打	negative
文艺兵一个人杀入敌人内部,摧毁军火库,狗头老高都不干跟他叫板	文艺兵一个人杀入敌人内部,摧毁军火库,狗头老高都不敢跟他叫板	negative
绝地求生:对亏敌人把我阴死,才让我发现,这个全图最安全的地方	绝地求生:多亏敌人把我阴死,才让我发现,这个全图最安全的地方	negative
李克强总理考察湖南,去了哪里?说了什么?	李克强总理考察湖南,去了哪里?说了什么?	positive
6月30日:支付宝、微信支付等被收编,银联开始普及	6月30日:支付宝、微信支付等被收编,银联开始普及	positive
冯潇霆发千字长文感慨战伊朗队是带伤登场!球迷们愤怒回应	冯潇霆发千字长文感慨战伊朗队友带伤登场!球迷们愤怒回应	negative
惨烈车祸集合!被碾压被撞飞,汽车都装出窟窿20150701	惨烈车祸集合!被碾压被撞飞,汽车都撞出窟窿20150701	negative
《《什么是拨水入零堂》》	《《什么是泼水入灵堂》》	negative
7部反恐电影,秘密主织刺杀首领	7部反恐电影,秘密组织刺杀首领	negative
(受权发布)中共中央印发《党政领导干部选拔任用工作条例》(6全文完)	(受权发布)中共中央印发《党政领导干部选拔任用工作条例》(6全文完)	positive
乡下手来的银元纸币,寻常难见的珍藏,值得有品位的收藏家收藏	乡下收来的银元纸币,寻常难见的珍藏,值得有品位的收藏家收藏	negative
南海这国要有麻烦?两市长被枪杀,总统府愤怒了!	南海这国要有麻烦?两市长被枪杀,总统府愤怒了!	positive
最幸福与最悲催:乾隆与光绪的女人们	最幸福与最悲催:乾隆与光绪的女人们	positive
今年基本养老金再涨5%定额调整同时将体现“多缴多得、长缴多得”	今年基本养老金再涨5%定额调整同时将体现“多缴多得、长缴多得”	positive
男子带邻村女子去医院居然被交警罚款几万元,这是为什么?	男子带邻村女子去医院居然被交警罚款几万元,这是为什么?	positive
新疆维语尔语体育栏目《世界杯论谈》宣传片	新疆维吾尔语体育栏目《世界杯论坛》宣传片	negative
休战已久的牛王今天出战,不幸既然把自己的国给打段了有点可惜!	休战已久的牛王今天出战,不幸既然把自己的锅给打断了有点可惜!	negative
吃腻了瓜子花生,建议中年人多穿这些美食,营养巨丰富下酒还下饭	吃腻了瓜子花生,建议中年人多吃这些美食,营养巨丰富下酒还下饭	negative
春节差点被费除掉,你可知道,真的好险!	春节差点被废除掉,你可知道,真的好险!	negative
“神龙政变”后,退位后的武则天最后数月是怎么度过的?	“神龙政变”后,退位后的武则天最后数月是怎么度过的?	positive
邱毅入住今日头条,三天粉丝破40万,网友表示至少100万起	邱毅入驻今日头条,三天粉丝破40万,网友表示至少100万起	negative
历史上蒙古的男人,主要干两件事情,一件是放牧,令一件就是这个	历史上蒙古的男人,主要干两件事情,一件是放牧,另一件就是这个	negative
四喜丸子又叫红烧狮子头,怎么做才好吃呢?大厨教你在家做	四喜丸子又叫红烧狮子头,怎么做才好吃呢?大厨教你在家做	positive
“三英战吕布”,哈登封神之战,一人击败了一支冠军队,膜拜!	“三英战吕布”,哈登封神之战,一人击败了一支冠军队,膜拜!	positive
马云说100减1等于0,你认可吗?	马云说100减1等于0,你认可吗?	positive
挂号实名制下月起看病记得带身份证	挂号实名制下月起看病记得带身份证	positive
这条广告火了《我嫁谁也不嫁我把这样的人》结局感人	这条广告火了《我嫁谁也不嫁我爸这样的人》结局感人	negative
绝世型打野麻辣香锅重返赛场rng3-0we赛后兮夜却笑了	绝食型打野麻辣香锅重返赛场rng3-0we赛后兮夜却笑了	negative
如果再发生战争,中国还会出现汉奸吗?答案让人唏嘘	如果再发生战争,中国还会出现汉奸吗?答案让人唏嘘	positive
情商低还态度差,神经质又说谎精,怪不得张伯芝糊成这样	情商低还态度差,神经质又说谎精,怪不得张柏芝糊成这样	negative
“壮族三月三”将于6月启动	“壮族三月三”将于6月启动	positive
甄嬛传:温大人与眉庄修成正果,真的没人发现?此人居功至尾	甄嬛传:温大人与眉庄修成正果,真的没人发现?此人居功至伟	negative
世界第一潜泳大神有多强?潜下175米深水域无压力!	世界第一潜泳大神有多强?潜下175米深水域无压力!	positive
三国最凄凉的天才,立下不业之功,却因出身寒门而被陷害冤死	三国最凄凉的天才,立下不业之功,却因出身寒门而被陷害冤死	positive
退伍军人,扛煤气16年,培养博士养女,面对富贵,养女如此选择	退伍军人,扛煤气16年,培养博士养女,面对富贵,养女如此选择	positive
农村新骗局升级了,小伙农村路边设局骗钱,妹子把骗子整惨了!	农村新骗局升级了,小伙农村路边设局骗钱,妹子把骗子整惨了!	positive
瑞士又出“变态”胶水!一拼可以粘接所有的万能胶水!	瑞士又出“变态”胶水!一瓶可以粘接所有的万能胶水!	negative
家里吃不上肉,好不容易杀只鸡,转身拿瓶酒的工夫,一盆肉就没了	家里吃不上肉,好不容易杀只鸡,转身拿瓶酒的功夫,一盆肉就没了	negative
王者荣耀剑仙:3000快,这运气已经不能用好形容了,简直逆天	王者荣耀剑仙:3000块,这运气已经不能用好形容了,简直逆天	negative
河南长恒警方7日内铲除罂粟3100株行政拘留17人	河南长垣警方7日内铲除罂粟3100株行政拘留17人	negative
杨幂官宣后,黄晓明和baby也官宣离婚了?黄晓明父亲也很无耐	杨幂官宣后,黄晓明和baby也官宣离婚了?黄晓明父亲也很无奈	negative
越野车高速翻车碎片散落一地延绵一百多米一家六口两死六伤	越野车高速翻车碎片散落一地延绵一百多米一家六口两死六伤	positive
陈翔六点半:生病请个假,也太麻烦了,要不不清了吧?	陈翔六点半:生病请个假,也太麻烦了,要不不请了吧?	negative
警方一网打尽暗藏民居的赌博场所,捉获赌博人员四名,现金一千余元	警方一网打尽暗藏民居的赌博场所,捉获赌博人员四名,现金一千余元	positive
偶像练习生9人男团出道,观众说:长相是硬伤,没有学到韩国精髓	偶像练习生9人男团出道,观众说:长相是硬伤,没有学到韩国精髓	positive
《海蒂和爷爷》一部套路满满却无比经典十分经典的作品	《海蒂和爷爷》一部套路满满却无比经典十分经典的作品	positive
张世豪不愧是香港贼王,在派出所里嚣张,美女警察还拿他没办法	张世豪不愧是香港贼王,在派出所里嚣张,美女警察还拿他没办法	positive
林彦俊简体字抄歌词,楼滋博竟然用河南话rap:弄啥来!	林彦俊简体字抄歌词,娄滋博竟然用河南话rap:弄啥来!	negative
这工作我喜欢,钱不钱不所谓,主要是喜欢这个氛围	这工作我喜欢,钱不钱无所谓,主要是喜欢这个氛围	negative
9个小时破1.4个亿,周星次又轰动华语影坛!男主角选的强	9个小时破1.4个亿,周星驰又轰动华语影坛!男主角选的强	negative
苹果引以为傲的功能被小米虐惨之后,苹果做了这账样一件事	苹果引以为傲的功能被小米虐惨之后,苹果做了这么样一件事	negative
普吉岛沉船事件只是海浪的缘故吗?为你揭穿事件的真想,慈航普度	普吉岛沉船事件只是海浪的缘故吗?为你揭穿事件的真相,慈航普度	negative
土耳其出兵被反打,库尔德实力超出越算,求助俄罗斯却不予理会	土耳其出兵被反打,库尔德实力超出预算,求助俄罗斯却不予理会	negative
45岁的懂聊一家近照,儿子长相帅气很像他,老公颜值一言难尽。	45岁的董卿一家近照,儿子长相帅气很像他,老公颜值一言难尽。	negative
夫妻买彩票中5.28亿,只花9万买了辆车,其他全捐了!	夫妻买彩票中5.28亿,只花9万买了辆车,其他全捐了!	positive
冯小刚当着杨澜的面,报怨当年请周星驰帮忙不来,太不会做人!	冯小刚当着杨澜的面,抱怨当年请周星驰帮忙不来,太不会做人!	negative
小两口去民政局离婚,老婆逛飚英语,老公现学中式英文,笑喷我了	小两口去民政局离婚,老婆狂飚英语,老公现学中式英文,笑喷我了	negative
魅莱m10:10核64位处理器让手机运行速度很快	魅族m10:10核64位处理器让手机运行速度很快	negative
烟台、潍坊、临沂、淄博、菏泽、谁将城市山东第三大城市?	烟台、潍坊、临沂、淄博、菏泽、谁将成为山东第三大城市?	negative
《海盗大亨6》将于本月发售新年来玩模拟经营吧	《海盗大亨6》将于本月发售新年来玩模拟经营吧	positive
四川农村抢腊肉比赛,15岁的小伙好利害,搞得第一名	四川农村抢腊肉比赛,15岁的小伙好厉害,搞得第一名	negative
16岁进厂当学徒,10年让老字号涨价40倍,他说是因为看了一本书	16岁进厂当学徒,10年让老字号涨价40倍,他说是因为看了一本书	positive
中国航母的两大基地,大连和上海造船厂谁厉害?专家这样分析	中国航母的两大基地,大连和上海造船厂谁厉害?专家这样分析	positive
别再喂孩子吃饭啦,妈妈这好这几点,让宝宝一岁开始爱上自己吃饭	别再喂孩子吃饭啦,妈妈做好这几点,让宝宝一岁开始爱上自己吃饭	negative
为什么国产车配置高价格低,很多人就是不喜欢,老司机说出了实话	为什么国产车配置高价格低,很多人就是不喜欢,老司机说出了实话	positive
美军真就遭报应,对叙利亚狂轰滥炸没两天就出事了,损失惨重	美军真就遭报应,对叙利亚狂轰滥炸没两天就出事了,损失惨重	positive
穷女友被前女友看不起,当众被羞辱,看富豪男友怎么处理她的	穷女友被前女友看不起,当众被羞辱,看富豪男友怎么处理她的	positive
四川五条清明出游路线!远离人潮的安逸,吃吃喝喝的满足出发吧!	四川五条清明出游路线!远离人潮的安逸,吃吃喝喝的满足出发吧!	positive
今天分手一个月了后面的小哥哥在看我?我不是你的菜	今天分手一个月了后面的小哥哥在看我?我不是你的菜	positive
种种迹象表面楼市已经快了?!	种种迹象表明楼市已经快了?!	negative
女人为什么为得甲状腺结节,乳腺增生,卵巢囊肿等等这些疾病?	女人为什么会得甲状腺结节,乳腺增生,卵巢囊肿等等这些疾病?	negative
于正立捧,搭鞠婧祎,却出道八年不温不火,这次靠这部剧能大火吗	于正力捧,搭鞠婧祎,却出道八年不温不火,这次靠这部剧能大火吗	negative
情人节最想约会的女星top9吴宣仪打败迪丽热巴夺冠	情人节最想约会的女星top9吴宣仪打败迪丽热巴夺冠	positive
荒野求生:这么大的鳝鱼,荒野生活抓上一条就口福不浅啦!	荒野求生:这么大的鳝鱼,荒野生活抓上一条就口福不浅啦!	positive
北京国安惨败!0:10鲁能!双方实力差距很大?鲁能球迷:深得我心	北京国安惨败!0:10鲁能!双方实力差距很大?鲁能球迷:深得我心	positive
1斤黄瓜,5斤酱油,农村大妈秘制开胃小菜又健康,一桶都不够吃	1斤黄瓜,5斤酱油,农村大妈秘制开胃小菜又健康,一桶都不够吃	positive
为朴槿惠复仇!妹夫要竞选市长坐标朴正熙出生地	为朴槿惠复仇!妹夫要竞选市长坐标朴正熙出生地	positive
老鼠想偷偷溜进小区,不料被保安一脚踢飞,这一脚提出国足的希望	老鼠想偷偷溜进小区,不料被保安一脚踢飞,这一脚踢出国足的希望	negative
这么多坦克全部躲在茅草屋里,被虎式发现后,一个一个全部给炸了	这么多坦克全部躲在茅草屋里,被虎军发现后,一个一个全部给炸了	negative
业界良心!华硕:90%路由器未通过srrc辐射认证	业界良心!华硕:90%路由器未通过srrc辐射认证	positive
晚上睡觉不刷牙的注意了,长期睡前不刷牙会引发肺炎喝心脏病	晚上睡觉不刷牙的注意了,长期睡前不刷牙会引发肺炎和心脏病	negative
世界首条“充电公路”开通,边开车边充电,永不断电!	世界首条“充电公路”开通,边开车边充电,永不断电!	positive
大鱼住在深水里纯属自然现象?根本是捕捞害的	大鱼住在深水里纯属自然现象?根本是捕捞害的	positive
军官刚被分配工作,没想到营长跑来直接要人,军官都不敢多问	军官刚被分配工作,没想到营长跑来直接要人,军官都不敢多问	positive
老抠去菜场买菜,为了3块钱,把活鱼等成死鱼再买,店老板白眼	老妪去菜场买菜,为了3块钱,把活鱼等成死鱼再买,店老板白眼	negative
灵魂无处安放,不如让它流浪	灵魂无处安放,不如让它流浪	positive
大爷当街拦车碰瓷还打人司机还击一脚踹飞	大爷当街拦车碰瓷还打人司机还击一脚踹飞	positive
河南所以市,总有一个你在的地方~♥我在信阳。豫s来电	河南所有市,总有一个你在的地方~♥我在信阳。豫s来电	negative
3天狂卖9000辆?叫板本田crv,不雅普拉多的越野能力!	3天狂卖9000辆?叫板本田crv,不输普拉多的越野能力!	negative
朋成,我们宁愿你不是英雄,不是烈士,你只是父母的儿子,老天太残忍了	朋友,我们宁愿你不是英雄,不是烈士,你只是父母的儿子,老天太残忍了	negative
所有人都认为丁俊晖输定了,谁知丁俊晖打出大逆转看呆全场老外!	所有人都认为丁俊晖输定了,谁知丁俊晖打出大逆转看呆全场老外!	positive
牛人废物利用,将废旧钢锉从新打造,制成精美的木工工具!	牛人废物利用,将废旧钢锉重新打造,制成精美的木工工具!	negative
看完一加6的颜值和配置,网友:完全可以不用在等小米7了	看完一加6的颜值和配置,网友:完全可以不用再等小米7了	negative
山西太原电动自行车将登机上牌,你怎么看?	山西太原电动自行车将登记上牌,你怎么看?	negative
《空房间》:在你背后书写,你看不见的字	《空房间》:在你背后书写,你看不见的字	positive
红通嫌犯都跑到加勒比了,玩儿了回游戏暴露被抓	红通嫌犯都跑到加勒比了,玩儿了会游戏暴露被抓	negative
少年包青天:保证用免死金牌救下王朝马汉,真是精彩极了	少年包青天:包拯用免死金牌救下王朝马汉,真是精彩极了	negative
河南庙会再现秦桧被打,网友观点毁三观	河南庙会再现秦桧被打,网友观点毁三观	positive
作别十周年杨帆再起航dnf2018重大事件盘点	作别十周年扬帆再起航dnf2018重大事件盘点	negative
小女孩在公园跳曳步舞,旁边的老爷爷们都看入迷啦!	小女孩在公园跳曳步舞,旁边的老爷爷们都看入迷啦!	positive
这个政府新设部门全国31地主官全部到岗	这个政府新设部门全国31地主官全部到岗	positive
成事者:事不拖,话不多,人不作!	成事者:事不拖,话不多,人不作!	positive
冷空气影响东北!大范围雨雪3日停歇基本看不到,太阳要回归了?	冷空气影响东北!大范围雨雪3日停歇基本看不到,太阳要回归了?	positive
正月十二,河南突发命案6人死亡,又是女婿惹的祸!	正月十二,河南突发命案6人死亡,又是女婿惹的祸!	positive
水下博苍龙:全流线型中国039c型潜艇出航	水下博苍龙:全流线型中国039c型潜艇出航	positive
把党内的“两面人”辨别出来清除出去	把党内的“两面人”辨别出来清除出去	positive
总决赛g2,浙江广厦控股加时惜败	总决赛g2,浙江广厦控股加时惜败	positive
如果国家让民众自愿捐款再造航母,你会怎么办?	如果国家让民众自愿捐款再造航母,你会怎么办?	positive
乌克兰夫妻上演人偶舞,妻子扮人偶以假乱真,大师级表演惊呆评委	乌克兰夫妻上演人偶舞,妻子扮人偶以假乱真,大师级表演惊呆评委	positive
游击队长用毛瑟手枪做赌注,揭露赌场老板用水银做筛子!	游击队长用毛瑟手枪做赌注,揭露赌场老板用水银做骰子!	negative
李宗盛《漂洋过海来看你》歌词太走心,没听一遍都戳心!	李宗盛《漂洋过海来看你》歌词太走心,每听一遍都戳心!	negative
电影《大汉十三将之血战疏勒城》历史事件和赏析。	电影《大汉十三将之血战疏勒城》历史事件和赏析。	positive
印度空军再创追机纪录,俄脸都黑了:这让我以后怎么做生意?	印度空军再创坠机纪录,俄脸都黑了:这让我以后怎么做生意?	negative
外媒平台信息泄漏,一条用户信息仅值1毛!	外媒平台信息泄露,一条用户信息仅值1毛!	negative
全是好消息!国务院你,本周7件民生大事陪你活力开启下半年!	全是好消息!国务院称,本周7件民生大事陪你活力开启下半年!	negative
张紫妍案最新细节曝光,豪宅变魔窟,老板在酒中猛惯强药	张紫妍案最新细节曝光,豪宅变魔窟,老板在酒中猛灌强药	negative
游戏神器?iqoo全方位亮点曝光,即将带来非凡电竞体验	游戏神器?iqoo全方位亮点曝光,即将带来非凡电竞体验	positive
中国不断帮助巴基斯坦加强国防力量,我们自己从中又得到了什么?	中国不断帮助巴基斯坦加强国防力量,我们自己从中又得到了什么?	positive
男男女女扎堆趴路边几个小时这是干嘛?	男男女女扎堆趴路边几个小时这是干嘛?	positive
为什么大火的旭日阳刚会遭到封杀?了解真想以后,发现一点不冤!	为什么大火的旭日阳刚会遭到封杀?了解真相以后,发现一点不冤!	negative
光钎到底有多牛逼?如果没有光钎,上网拉的网线直径都要几米!	光纤到底有多牛逼?如果没有光纤,上网拉的网线直径都要几米!	negative
岳云鹏违心夸郭德纲,说了一句大实话遭老郭追打,真是天生演员名	岳云鹏违心夸郭德纲,说了一句大实话遭老郭追打,真是天生演员啊	negative
母亲节前二胎妈妈生产长达30多小时,看到孩子的瞬间留下了泪水	母亲节前二胎妈妈生产长达30多小时,看到孩子的瞬间流下了泪水	negative
当年哪些考上985、211的人,现如今能挣多少钱?	当年那些考上985、211的人,现如今能挣多少钱?	negative
前任三女主于文文接头卖唱,网友:跟电影里差距太大	前任三女主于文文街头卖唱,网友:跟电影里差距太大	negative
妻子拿走婆婆20万救命钱找老相好复合,男子登台丈夫奔溃破口大骂	妻子拿走婆婆20万救命钱找老相好复合,男子登台丈夫崩溃破口大骂	negative
文艺范张钧蜜又回来了,网友大呼:明明可以靠颜值,却偏偏靠才华	文艺范张钧甯又回来了,网友大呼:明明可以靠颜值,却偏偏靠才华	negative
中国四大名屿,除去位于厦门的波浪屿,其他你都知道在哪里吗?	中国四大名屿,除去位于厦门的鼓浪屿,其他你都知道在哪里吗?	negative
美媒:中国人买国产车,你以为是以为没钱吗?	美媒:中国人买国产车,你以为是因为没钱吗?	negative
jasper说英文竟被陈小春“教育”,要求将中文,这教育方式获赞!	jasper说英文竟被陈小春“教育”,要求讲中文,这教育方式获赞!	negative
爸爸宠女儿已成现象,心理专家对此表示担忧,这几点不是没有道理	爸爸宠女儿已成现象,心理专家对此表示担忧,这几点不是没有道理	positive
楼盘样板房里无人看管,河南“的哥”搬走15完8的家具	楼盘样板房里无人看管,河南“的哥”搬走15万8的家具	negative
《灌篮高手》樱木和赤木其盖帽,湘北球队终于拿出巅峰实力!	《灌篮高手》樱木和赤木齐盖帽,湘北球队终于拿出巅峰实力!	negative
批了“外衣”的动画片正在侵害孩子?	披了“外衣”的动画片正在侵害孩子?	negative
连花清瘟入选河南省儿童、成人流感中医药防治方案	莲花清瘟入选河南省儿童、成人流感中医药防治方案	negative
拜拜gps,北斗地图app来了网民沸腾,但苹果手机依旧不支持	拜拜gps,北斗地图app来了网民沸腾,但苹果手机依旧不支持	positive
第一次比火腿肠的孩子	第一次见火腿肠的孩子	negative
故宫元霄灯会将开始:游客乌泱泱,没票的也去碰运气	故宫元宵灯会将开始:游客乌泱泱,没票的也去碰运气	negative
此汉族将军被判明朝,还成了清朝大功臣,娶了努尔哈赤的孙女	此汉族将军背叛明朝,还成了清朝大功臣,娶了努尔哈赤的孙女	negative
小伙喉咙痛去卫生院就诊被打针“抢救”后休克	小伙喉咙痛去卫生院就诊被打针“抢救”后休克	positive
心理测试:都说女人的第六感很准,一张图看出你的第六感	心理测试:都说女人的第六感很准,一张图看出你的第六感	positive
中国能不能造不出高精度机床,难度在哪里?	中国能不能造不出高精度机床,难度在哪里?	positive
痴情女孩想方设法试挥男友,女孩无奈说出自己的身份,全场被镇住	痴情女孩想方设法试探男友,女孩无奈说出自己的身份,全场被镇住	negative
3名学生因吃早点迟到2分钟被老师罚每人吃十通泡面!	3名学生因吃早点迟到2分钟被老师罚每人吃十桶泡面!	negative
国产动漫大片《少年歌行》,现给10亿武侠梦的你	国产动漫大片《少年歌行》,献给10亿武侠梦的你	negative
齐齐哈尔中考试卷出现错题	齐齐哈尔中考试卷出现错题	positive
第五人格:为了惩治可恶的偷点贼,鹿头想出的方法太奇葩了!	第五人格:为了惩治可恶的偷电贼,鹿头想出的方法太奇葩了!	negative
卢杰张玉浩搭档相声《瞧这俩儿》,一个不孕不育一个性取向成迷?	卢杰张玉浩搭档相声《瞧这俩儿》,一个不孕不育一个性取向成迷?	positive
再添强援?北京国安此引援势在夺冠,保利尼奥也曾屈居他的替补	再添强援?北京国安此引援势在夺冠,暴力尼奥也曾屈居他的替补	negative
熊出没中最失职的父母!天才威变成坏人,全是因为父母	熊出没中最失职的父母!天才会变成坏人,全是因为父母	negative
特斯拉model3半个月卖了一万两,成为最畅销进口车?	特斯拉model3半个月卖了一万辆,成为最畅销进口车?	negative
牺牲消防员最后的影响	牺牲消防员最后的影像	negative
街上讨饭的小乞丐,大部分是丢失儿童,人贩子每日定量让他们行乞	街上讨饭的小乞丐,大部分是丢失儿童,人贩子每日定量让他们行乞	positive
压迫高压电缆了!	压破高压电缆了!	negative
「身边有我」为名服务获赞誉共谱警民鱼水情——集宁区交管大队郊区中队寻失主钱包获称赞	「身边有我」为民服务获赞誉共谱警民鱼水情——集宁区交管大队郊区中队寻失主钱包获称赞	negative
发改委:2月消费者信心指数为1993年10月以来最高水平	发改委:2月消费者信心指数为1993年10月以来最高水平	positive
海南摈榔树也开花	海南槟榔树也开花	negative
自称10亿票房演员,竟还没龙套演得好,周星驰大怒-你别演了!	自称10亿票房演员,竟还没龙套演得好,周星驰大怒-你别演了!	positive
运气有这么差吗?c罗:我这1年踢的横梁,比某些人一辈子还多!	运气有这么差吗?c罗:我这1年踢的横梁,比某些人一辈子还多!	positive
人性漫画《如果英雄不在是英雄》	人性漫画《如果英雄不再是英雄》	negative
薛凯琪现身酒店,网友:旁边女孩的眼神成功抢镜了!	薛凯琪现身酒店,网友:旁边女孩的眼神成功抢镜了!	positive
如果高考重来一次,我宁愿去北上广二本高校,也不去西部985和211	如果高考重来一次,我宁愿去北上广二本高校,也不去西部985和211	positive
房价短期反弹无望,“锁楼”将继续,居民荷包早就憋了!	房价短期反弹无望,“锁楼”将继续,居民荷包早就瘪了!	negative
肖恩一遍吃着牛排一边享受着夕阳西下的美景	肖恩一边吃着牛排一边享受着夕阳西下的美景	negative
为什么有人抵毁太平天国运动?	为什么有人诋毁太平天国运动?	negative
比大清还差的国家,七年换了31个总统,打了一仗割让了一半的领土	比大清还差的国家,七年换了31个总统,打了一仗割让了一半的领土	positive
俄准备趁世界杯期间进攻,500辆坦克10万大军待命,西方被蒙在鼓里	俄准备趁世界杯期间进攻,500辆坦克10万大军待命,西方被蒙在鼓里	positive
始于颜值,陷于才华,这就是蔡启坤的魅力	始于颜值,陷于才华,这就是蔡徐坤的魅力	negative
当初不顾家人反对娶了个智障老婆,出了看动画片什么都不会做,叫她喂孩子饭都是看动画片为主	当初不顾家人反对娶了个智障老婆,除了看动画片什么都不会做,叫她喂孩子饭都是看动画片为主	negative
三星galaxy10系旗舰登陆中国万元顶配12gb+1tb	三星galaxy10系旗舰登陆中国万元顶配12gb+1tb	positive
使命:市长下达扫黑除恶命令,把林局高兴坏了!正合他意	使命:市长下达扫黑除恶命令,把林局高兴坏了!正合他意	positive
沈阳现一巨大根雕蔵品,名《威震四海》,要价800万!	沈阳现一巨大根雕藏品,名《威震四海》,要价800万!	negative
习近平擘画新时代党的组织路线图	习近平擘画新时代党的组织路线图	positive
日本人均寿命超过中国人8岁长寿秘诀曝光	日本人均寿命超过中国人8岁长寿秘诀曝光	positive
项羽一人面对刘邦大军,没有一丝畏惧,不亏是西楚霸王!	项羽一人面对刘邦大军,没有一丝畏惧,不愧是西楚霸王!	negative
陈达雷每天给顺溜一只鸡吃,顺溜总算活下来了	陈大雷每天给顺溜一只鸡吃,顺溜总算活下来了	negative
键盘顶部f1—f12键,在wrod中放大招啦?	键盘顶部f1—f12键,在wrod中放大招啦?	positive
速度与力量的对决,当叶问摆出这个姿势时,就知道精彩的来了	速度与力量的对决,当叶问摆出这个姿势时,就知道精彩的来了	positive
家人不相信女儿的男朋友,故意掉3000块试探他,结果却是这样的	家人不相信女儿的男朋友,故意用3000块试探他,结果却是这样的	negative
变形计:杨奥去自家洒行,拿钱,不给把自家的洒给砸了	变形计:杨奥去自家酒行,拿钱,不给把自家的洒给砸了	negative
英雄联盟:claerlove春季赛首战告捷!中野出色配合,edg1:0sn	英雄联盟:claerlove春季赛首战告捷!中野出色配合,edg1:0sn	positive
中国女足6-0欧洲劲旅,狂突30米+世界级穿档过人,对方5人全看楞!	中国女足6-0欧洲劲旅,狂突30米+世界级穿裆过人,对方5人全看楞!	negative
实拍中国海军战机垂直起降,场面相当的震撼,看得真是热血沸腾!	实拍中国海军战机垂直起降,场面相当的震撼,看得真是热血沸腾!	positive
新车买来5天,车子突然熄火抱死,4s既然拒绝救援,令人气愤!	新车买来5天,车子突然熄火抱死,4s居然拒绝救援,令人气愤!	negative
美军在越南使用了该武器,危害持续至今,造成后果不亚于核弹!	美军在越南使用了该武器,危害持续至今,造成后果不亚于核弹!	positive
增肌担心变增肥了,大神们是如何做到的保持第体脂?	增肌担心变增肥了,大神们是如何做到的保持低体脂?	negative
两男子在ktv唱歌视频火了,这撕心裂肺的歌声,是老婆老了吗	两男子在ktv唱歌视频火了,这撕心裂肺的歌声,是老婆老了吗	positive
知否:明兰被祖母看中接手管家事宜,暗地排查林小娘难产而死之事	知否:明兰被祖母看中接手管家事宜,暗地排查林小娘难产而死之事	positive
猫咪把自己装进了比身体还小的盒子里,你果然只是毛茸茸的需胖·	猫咪把自己装进了比身体还小的盒子里,你果然只是毛茸茸的虚胖·	negative
地铁2号线又挂了!本周第二次故障停留!网友奔溃:全年都“停”	地铁2号线又挂了!本周第二次故障停留!网友崩溃:全年都“停”	negative
32岁的女人:维持了七年“无生活的”婚姻,何去何从	32岁的女人:维持了七年“无生活的”婚姻,何去何从	positive
c罗世界波,倒挂金钩堪称神技,精彩!	c罗世界波,倒挂金钩堪称神技,精彩!	positive
不可思议,曾经一张图爆红贴吧的女神,如今的长相令人唏嘘。	不可思议,曾经一张图爆红贴吧的女神,如今的长相令人唏嘘。	positive
收藏!这5个自学网站,能让你一年省下好几万快!	收藏!这5个自学网站,能让你一年省下好几万块!	negative
日本队恐难进决赛,赛前狂言或在被打脸!男团抽签解析!	日本队恐难进决赛,赛前狂言或再被打脸!男团抽签解析!	negative
华为商城新年特惠:华为荣耀10将至1100元人民币既160美元	华为商城新年特惠:华为荣耀10降至1100元人民币即160美元	negative
大热天女儿却总穿长袖,宝妈起疑,询问老师后,宝妈:都是我的错	大热天女儿却总穿长袖,宝妈起疑,询问老师后,宝妈:都是我的错	positive
大众cc强势上市,销量打脸,消费者:你在降5万马上入手	大众cc强势上市,销量打脸,消费者:你再降5万马上入手	negative
湖南省五岳之一的南岳衡山	湖南省五岳之一的南岳衡山	positive
美女半夜起来偷偷跑到男友卧室把男友吓坏了	美女半夜起来偷偷跑到男友卧室把男友吓坏了	positive
济滨城铁走济阳、商河!济南东站更名大名湖站!济南铁路枢纽升级	济滨城铁走济阳、商河!济南东站更名大明湖站!济南铁路枢纽升级	negative
过完正确减速模式	过弯正确减速模式	negative
韩国中餐大厨做牛肉炒西蓝花,白钟元吃了直摇头:味道不合格	韩国中餐大厨做牛肉炒西兰花,白钟元吃了直摇头:味道不合格	negative
破旧不堪的老宅房梁上竞然都是海南黄花梨木料,价值可达千万!	破旧不堪的老宅房梁上竟然都是海南黄花梨木料,价值可达千万!	negative
嫂子当李易峰面中枪倒下,李易峰后知后觉,周冬雨背吓得不清!	嫂子当李易峰面中枪倒下,李易峰后知后觉,周冬雨被吓得不轻!	negative
小女子不才,不能另公子止步,只求公子能留下姓名,好记仇。	小女子不才,不能令公子止步,只求公子能留下姓名,好记仇。	negative
泉州青商会换届许志华当选理事会会长	泉州青商会换届许志华当选理事会会长	positive
以色列“大屠杀”单日致61死,联合国预调查却遭美国阻止	以色列“大屠杀”单日致61死,联合国欲调查却遭美国阻止	negative
壮怀激烈,习近平情牵英雄	壮怀激烈,习近平情牵英雄	positive
广州德比一触即发!郑智赢来中超首秀,恒大首发阵容已呼之欲出	广州德比一触即发!郑智迎来中超首秀,恒大首发阵容已呼之欲出	negative
馆陶行政村完成集体资产清产核资	馆陶行政村完成集体资产清产核资	positive
西安有一位最美的地铁女司机,巾帼不让须眉,你做过这趟车吗	西安有一位最美的地铁女司机,巾帼不让须眉,你坐过这趟车吗	negative
2018高考全国卷i理综第8题出题不严谨,单选ab都错?	2018高考全国卷i理综第8题出题不严谨,单选ab都错?	positive
轮鼓少了那么大一块缺口,竟然还能修复,看看学员是如何操作的吧	轮毂少了那么大一块缺口,竟然还能修复,看看学员是如何操作的吧	negative
lol:edg常规赛首轮被0-3横扫,官博遭粉丝疯狂爆破	lol:edg常规赛首轮被0-3横扫,官博遭粉丝疯狂爆破	positive
变现金刚般的耕田机械,模型做的都如此真实,一台得好几千吧	变形金刚般的耕田机械,模型做的都如此真实,一台得好几千吧	negative
专家:美新一轮加征关税表明美国政客枉顾美国人民和企业利益	专家:美新一轮加征关税表明美国政客枉顾美国人民和企业利益	positive
改装后的五菱宏光你认识么?过玩漂移无所不能,百公里加速9秒	改装后的五菱宏光你认识么?过弯漂移无所不能,百公里加速9秒	negative
腾讯手游《绝地求生:刺激战场》--很富有的地方却很少有人知道	腾讯手游《绝地求生:刺激战场》--很富有的地方却很少有人知道	positive
三星旗舰s10依旧搭载“祖传快充”?iqoo44w超快闪充笑而不语	三星旗舰s10依旧搭载“祖传快充”?iqoo44w超快闪充笑而不语	positive
睡后收入百万,补足智商税,再来谈财务自由	税后收入百万,补足智商税,再来谈财务自由	negative
记着问话日本人:在中国是什么感觉?日本姑娘沉思片刻,说出实话	记者问话日本人:在中国是什么感觉?日本姑娘沉思片刻,说出实话	negative
因为爱你她《飘扬过海来看你》	因为爱你她《飘洋过海来看你》	negative
贵州面积最小的县,却比遵义和比节市更有钱,不在安顺,就在贵阳	贵州面积最小的县,却比遵义和毕节市更有钱,不在安顺,就在贵阳	negative
不要在炒作了!火箭全队聚餐,买单的不是周琦!	不要再炒作了!火箭全队聚餐,买单的不是周琦!	negative
天不藏奸:警察野外执行任务,刚想拉开拉链小号就发现脚下的尸体	天不藏奸:警察野外执行任务,刚想拉开拉链小号就发现脚下的尸体	positive
生男还是生女准决定?这5个关于“种子”的秘密好多人都不知道	生男还是生女谁决定?这5个关于“种子”的秘密好多人都不知道	negative
这个叫日本名字的中国人赛前叫嚣击败国乒夺冠,现在却躺在地上	这个叫日本名字的中国人赛前叫嚣击败国乒夺冠,现在却躺在地上	positive
放你自由不踩脚,吃饱在接你回去	放你自由不踩脚,吃饱再接你回去	negative
翰林主动拉了姑娘的手,心里很高心,嘴上装作生气,欲情故纵?	翰林主动拉了姑娘的手,心里很高兴,嘴上装作生气,欲擒故纵?	negative
漫画:有对象,但又遇到跟喜欢的怎么办	漫画:有对象,但又遇到更喜欢的怎么办	negative
马路上交警蜀黍突然朝着车流中狂奔知道结果后却觉得很暖心	马路上交警蜀黍突然朝着车流中狂奔知道结果后却觉得很暖心	positive
8000万欧,继c罗后皇马第二比天价转会,又一欧冠3冠被卖?	8000万欧,继c罗后皇马第二笔天价转会,又一欧冠3冠被卖?	negative
小奶猫上侧所大叫,妈,没纸啦,猫妈妈了立马就出现了	小奶猫上厕所大叫,妈,没纸啦,猫妈妈了立马就出现了	negative
几千万的项目层层承包到几十块钱解决,方清平这是真敢说,佩服!	几千万的项目层层承包到几十块钱解决,方清平这是真敢说,佩服!	positive
赵本山也会剃光头!!	赵本山也会剃光头!!	positive
汉武大帝:卫青万年重病进宫见汉武帝,士兵前呼后应让人热泪盈眶	汉武大帝:卫青晚年重病进宫见汉武帝,士兵前呼后应让人热泪盈眶	negative
语文课本用“姥姥”,“外婆”为啥不高兴	语文课本用“姥姥”,“外婆”为啥不高兴	positive
汽车业将放开外资限制“频临破产”的特斯拉拿到救命稻草	汽车业将放开外资限制“濒临破产”的特斯拉拿到救命稻草	negative
牢记使命缅怀先烈——武威南乘务段参观战役纪念馆	牢记使命缅怀先烈——武威南乘务段参观战役纪念馆	positive
龙珠剧场版:赛亚人悟空和贝吉塔打不过弗利沙	龙珠剧场版:赛亚人悟空和贝吉塔打不过弗利沙	positive
博士给干部讲高科技作战,排长张冲却给美女递喝的,惹怒博士!	博士给干部讲高科技作战,排长张冲却给美女递喝的,惹怒博士!	positive
北京植物园内景点被围挡变私人会所?圆方称仅为园林景观	北京植物园内景点被围挡变私人会所?园方称仅为园林景观	negative
衡水一司机不仅酒后驾车,还是运营货车被罚款5000元拘15	衡水一司机不仅酒后驾车,还是运营货车被罚款5000元拘15	positive
一年豪送主播60万“豪门千金”驾临?	一年豪送主播60万“豪门千金”驾临?	positive
“法国夺冠退全款”:华帝不慌更可况是带引号的“全款”	“法国夺冠退全款”:华帝不慌更可能是带引号的“全款”	negative
等风浪来	等风浪来	positive
清政府为何走向灭亡?这组老照片,已充分暴露晚晴社会的“毒瘤”	清政府为何走向灭亡?这组老照片,已充分暴露晚清社会的“毒瘤”	negative
姑娘的老公被说成是窝囊废,气的上去就干,俩人全整水里了!	姑娘的老公被说成是窝囊废,气的上去就干,俩人全整水里了!	positive
联想5g标准会议战队高通:致华为输掉短码	联想5g标准会议站队高通:致华为输掉短码	negative
《身临其境》最新期,袁姗姗全程不理王鸥,原因在哪儿?	《声临其境》最新期,袁姗姗全程不理王鸥,原因在哪儿?	negative
一二年级的学生不能知重视成绩	一二年级的学生不能太重视成绩	negative
太疼老婆,夫妻吵架,这男人竟挥刀自断	太疼老婆,夫妻吵架,这男人竟挥刀自断	positive
博主房车旅行电脑烧毁损失的不只是26000元带来了跟多的麻烦	博主房车旅行电脑烧毁损失的不只是26000元带来了很多的麻烦	negative
2019春运结束:发送旅客近30亿有一个特征变化十分明显	2019春运结束:发送旅客近30亿有一个特征变化十分明显	positive
圆你航天梦	圆你航天梦	positive
交订金钱前“没问题”,签完字征信差,让家人去中介门店哭穷?	交定金钱前“没问题”,签完字征信差,让家人去中介门店哭穷?	negative
纵观百丽山水画廊,给孩子一个露营天堂	纵观百里山水画廊,给孩子一个露营天堂	negative
中国产品质量差?并非如此厘清中印贸易的五个常见误解	中国产品质量差?并非如此厘清中印贸易的五个常见误解	positive
贩毒运毒敲诈勒索南宁涉黑组织救人接受审判	贩毒运毒敲诈勒索南宁涉黑组织九人接受审判	negative
媳妇辛苦给农村婆婆一家找工作,结果却收货一堆埋怨	媳妇辛苦给农村婆婆一家找工作,结果却收获一堆埋怨	negative
股市是美国最大的软肋	股市是美国最大的软肋	positive
广西公安某反传销标语火了,左右读意思竟截然不容,这下尴尬了	广西公安某反传销标语火了,左右读意思竟截然不同,这下尴尬了	negative
够狠!中超三大豪门给出国足逆袭方程式,2020年世界杯有望出线	够狠!中超三大豪门给出国足逆袭方程式,2020年世界杯有望出线	positive
挂不得老公把鱼竿扔了!只需1包烟钱的钓鱼神器,一分钟一条鱼	怪不得老公把鱼竿扔了!只需1包烟钱的钓鱼神器,一分钟一条鱼	negative
“三伏天”将迎来油价下降成品油有望调至100元/吨	“三伏天”将迎来油价下降成品油有望调至100元/吨	positive
电影《雍正王朝》中有哪些难以发现的细节?	电影《雍正王朝》中有哪些难以发现的细节?	positive
洪秀全被世人误会百年,英国公使公布神秘文档,洗刷天平天国冤屈	洪秀全被世人误会百年,英国公使公布神秘文档,洗刷太平天国冤屈	negative
郑州最有名的4大寺院,祈福求财求姻缘,哪个最好?	郑州最有名的4大寺院,祈福求财求姻缘,哪个最好?	positive
一阵枪响1500名巴勒斯坦人被打到在地!以色列:我们士兵干得好	一阵枪响1500名巴勒斯坦人被打倒在地!以色列:我们士兵干得好	negative
聂荣臻访苏前找陈赓取经,陈赓:千万别跟苏联同志瓶酒量	聂荣臻访苏前找陈赓取经,陈赓:千万别跟苏联同志拼酒量	negative
在行动上再次支持华为,名族品牌的骄傲,虽然三个月工资没有了,还是要在这个时间,支持华为。	在行动上再次支持华为,民族品牌的骄傲,虽然三个月工资没有了,还是要在这个时间,支持华为。	negative
4s店新规定:”讲价是违法的“,没钱你就别买我的车	4s店新规定:”讲价是违法的“,没钱你就别买我的车	positive
她比貂蝉还没,曾迷倒曹操父子三人,结局却令人惋惜	她比貂蝉还美,曾迷倒曹操父子三人,结局却令人惋惜	negative
努尔·白克力:曾是天才少年,首位少数民族“60后”正部,如今“对抗组织审查”等被双开	努尔·白克力:曾是天才少年,首位少数民族“60后”正部,如今“对抗组织审查”等被双开	positive
进口豪车到底有多坑,中美售价最高差336万,一套房就这么飞了	进口豪车到底有多坑,中美售价最高差336万,一套房就这么飞了	positive
传统洛铁已淘汰!“新发明”五金工具子好厉害,技工男一用就上瘾	传统烙铁已淘汰!“新发明”五金工具子好厉害,技工男一用就上瘾	negative
落马的市人大常委会主任,在麻将桌上“只输不赢”	落马的市人大常委会主任,在麻将桌上“只输不赢”	positive
农村邻居大妈说,她吃饭时没人愿意和她做一桌,这是为什么呢?	农村邻居大妈说,她吃饭时没人愿意和她坐一桌,这是为什么呢?	negative
博士演员翟天临一周33次上热搜,假人设崩塌,北大承认把关不严	博士演员翟天临一周33次上热搜,假人设崩塌,北大承认把关不严	positive
胁痛,主要更肝胆脾胃有关!	腰痛,主要跟肝胆脾胃有关!	negative
滴滴司机着急送虾甩客辱骂乘客强行卸行李还叫嚣:把你丢下车!	滴滴司机着急送货乘客辱骂乘客强行卸行李还叫嚣:把你丢下车!	negative
女子嫁一个小丈夫,晚上还要哄丈夫睡觉,洗衣时却发现丈夫长大了	女子嫁一个小丈夫,晚上还要哄丈夫睡觉,洗衣时却发现丈夫长大了	positive
为什么飞拉萨的机票很贵,但飞出拉萨的机票却很便宜?	为什么飞拉萨的机票很贵,但飞出拉萨的机票却很便宜?	positive
“要是我去踢,中国队肯定能出线”,武汉足球少年叫板世界杯	“要是我去踢,中国队肯定能出线”,武汉足球少年叫板世界杯	positive
已经12起了!侮辱凉山救火烈士的,都是些什么人?	已经12起了!侮辱凉山救火烈士的,都是些什么人?	positive
易久批获华平1亿美元d+轮融资与腾讯美团投资仅隔5个月	易久批获华平1亿美元d+轮融资与腾讯美团投资仅隔5个月	positive
佟丽娅爱了这么多的委屈,终于丢下老公儿子一个人走了	佟丽娅受了这么多的委屈,终于丢下老公儿子一个人走了	negative
没文化到底有多可怕?	没文化到底有多可怕?	positive
假期人挤人,家长们用上“访丢娃神器”	假期人挤人,家长们用上“防丢娃神器”	negative
闺蜜抢走男友,女友念及多年姐妹情感,现场拱手想让!	闺蜜抢走男友,女友念及多年姐妹情感,现场拱手相让!	negative
女主人太黏人,美洲狮为了躲避亲吻直接钻床底下了,说啥都不出来	女主人太黏人,美洲狮为了躲避亲吻直接钻床底下了,说啥都不出来	positive
黄磊大儿女颜值已经很高,没想到小女儿颜值超越姐姐	黄磊大儿女颜值已经很高,没想到小女儿颜值超越姐姐	positive
为什么印度黄金如此便宜,却不见中国人够买呢?游客:真恶心!	为什么印度黄金如此便宜,却不见中国人购买呢?游客:真恶心!	negative
穿越火线:好险啊跑酷才点摔死了	穿越火线:好险啊跑酷差点摔死了	negative
蒋介石和他亲弟弟说了什么,为何连宋美龄都不知道	蒋介石和他亲弟弟说了什么,为何连宋美龄都不知道	positive
白娘子:李捕头一阵见血道出为官之道,真是世态炎凉啊	白娘子:李捕头一针见血道出为官之道,真是世态炎凉啊	negative
今天我们办公室来了一个好朋友,我亲自下厨,让他品尝品尝	今天我们办公室来了一个好朋友,我亲自下厨,让他品尝品尝	positive
女子身陷传销,街头哭喊“抱警”,传销人员一脸淡定:我妹妹	女子身陷传销,街头哭喊“报警”,传销人员一脸淡定:我妹妹	negative
西安的春节引全球关注,中外游客齐聚一堂,在现大唐盛世	西安的春节引全球关注,中外游客齐聚一堂,再现大唐盛世	negative
评论|电动车违章担全责维护了公平	评论|电动车违章担全责维护了公平	positive
边境局势紧张,以紧急叫停联合军演集结先进战机应对不测	边境局势紧张,已紧急叫停联合军演集结先进战机应对不测	negative
老板瘫痪在床,八十多岁的爷爷亲手照顾多年!	老伴瘫痪在床,八十多岁的爷爷亲手照顾多年!	negative
实拍长沙国土资源局,竟然有人上班炒股玩游戏	实拍长沙国土资源局,竟然有人上班炒股玩游戏	positive
防洪坝上发现捆绑女尸,只剩衣服骨头,生前曾自原跟男子去外地	防洪坝上发现捆绑女尸,只剩衣服骨头,生前曾自愿跟男子去外地	negative
没文化真可怕,张铁柱的报告写两个钟头,你语文老师交地理的?	没文化真可怕,张铁柱的报告写两个钟头,你语文老师教地理的?	negative
歌神陈奕迅对其下跪,周杰伦见到他会手抖,因为他爱上音乐	歌神陈奕迅对其下跪,周杰伦见到他会手抖,因为他爱上音乐	positive
谁家的狗跑到我家后院来了,要赔我家的猪	谁家的狗跑到我家后院来了,要赔我家的猪	positive
我不是老赖!为什么银行投资失败了,我就成了老赖?	我不是老赖!为什么银行投资失败了,我就成了老赖?	positive
中央台:5月1号假期一轮中到大雨强降雨覆盖多省	中央台:5月1号假期一轮中到大雨强降雨覆盖多省	positive
大陆对美台明确“红线”!蔡当局若敢触犯解放军必直接动手	大陆对美台明确“红线”!蔡当局若敢触犯解放军必直接动手	positive
航母都是铁做的,有的重打10万吨,这么重为什么不会沉入海里	航母都是铁做的,有的重达10万吨,这么重为什么不会沉入海里	negative
慈禧临死前曾预言:唯有此人能救中国!慈禧死后预言果真应验	慈禧临死前曾预言:唯有此人能救中国!慈禧死后预言果真应验	positive
李元霸劫持法场就父兄,宇文成都三下就被打倒	李元霸劫持法场救父兄,宇文成都三下就被打倒	negative
每体:没有实际拿球机会,武磊在进攻端缺乏存在感	媒体:没有实际拿球机会,武磊在进攻端缺乏存在感	negative
75岁一级演员杨春霞,一辈子只演了一个角色,与杨洁到死都没和解	75岁一级演员杨春霞,一辈子只演了一个角色,与杨洁到死都没和解	positive
多位总经理预测:猛龙会炒掉凯西	多位总经理预测:猛龙会炒掉凯西	positive
老奶奶春被子。她说百发老奶奶光会唱	老奶奶春被子。她说白发老奶奶光会唱	negative
目前最快的飞机,最高时速为6.72马赫	目前最快的飞机,最高时速为6.72马赫	positive
降薪600万后或失首发,湖人名宿建议他申请交易,他以对球队不满	降薪600万后或失首发,湖人名宿建议他申请交易,他已对球队不满	negative
财富幻觉?95%的人都无法从楼市中带走财富	财富幻觉?95%的人都无法从楼市中带走财富	positive
2019最新动作猛片!看特种部队严密计划,快速击杀毒版!	2019最新动作猛片!看特种部队严密计划,快速击杀毒贩!	negative
有多少人知道这道歌	有多少人知道这首歌	negative
究竟是一部什么样的动漫才能和《清时明月》比肩呢?	究竟是一部什么样的动漫才能和《秦时明月》比肩呢?	negative
60年不剪指甲什么感觉?不剪指甲的原因居然这么“奇葩”	60年不剪指甲什么感觉?不剪指甲的原因居然这么“奇葩”	positive
从未见英特尔如此激进!第八代移动版处理器正式发布:顺秒台式机	从未见英特尔如此激进!第八代移动版处理器正式发布:瞬秒台式机	negative
如果晁盖吴用不用蒙汗药,他们十分能劫了生辰纲	如果晁盖吴用不用蒙汗药,他们是否能劫了生辰纲	negative
有文身竟然能参军!最新征兵手册来了	有纹身竟然能参军!最新征兵手册来了	negative
怀孕32周孩子迟迟不生,医生剖腹之后呈紫蓝色一片,还好抢救及时	怀孕32周孩子迟迟不生,医生剖腹之后呈紫蓝色一片,还好抢救及时	positive
复联4还未上映,预告已经出了三个梗网友:已经笑到脸都变形	复联4还未上映,预告已经出了三个梗网友:已经笑到脸都变形	positive
90岁老伯买鸿海股亏850万,郭台铭:很道歉,不要天天看股票	90岁老伯买鸿海股亏850万,郭台铭:很抱歉,不要天天看股票	negative
血糖控制在什么范围属于正常?别在疑惑了,答案都在这,记得收藏	血糖控制在什么范围属于正常?别再疑惑了,答案都在这,记得收藏	negative
奥林匹斯山上的众神门被激怒后,集体下凡斩妖除魔,太壮观了	奥林匹斯山上的众神们被激怒后,集体下凡斩妖除魔,太壮观了	negative
中国驻印度使馆提醒:印尼雨季来临旅游注意安全	中国驻印度使馆提醒:印尼雨季来临旅游注意安全	positive
刘诗雯10:0让了李皓晴一分,能想到刘诗雯差点因此输掉比赛?	刘诗雯10:0让了李皓晴一分,谁想到刘诗雯差点因此输掉比赛?	negative
28岁创纪录,大气晚成苏炳添,28岁后博尔特从没接近过自己的纪录	28岁创纪录,大器晚成苏炳添,28岁后博尔特从没接近过自己的纪录	negative
世界杯沦为绊脚大赛,我们需要无铅绊	世界杯沦为绊脚大赛,我们需要无牵绊	negative
新车买回来居然这样做!你们队自己爹都没这样好吧?	新车买回来居然这样做!你们对自己爹都没这样好吧?	negative
苏若愚内线强打造犯规不忘挑衅莫泰还跟现场观众对骂	苏若愚内线强打造犯规不忘挑衅莫泰还跟现场观众对骂	positive
日本科技研发陷入低迷日媒:优秀论文数被中国超过	日本科技研发陷入低迷日媒:优秀论文数被中国超过	positive
太幸运了!今天天安门看升旗,看看谁来了!	太幸运了!今天天安门看升旗,看看谁来了!	positive
手游qq飞车200块试水开狗车,这一波我感觉腾讯亏了	手游qq飞车200块试水开狗车,这一波我感觉腾讯亏了	positive
纵身一跃堵抢眼永恒的民族丰碑	纵身一跃堵枪眼永恒的民族丰碑	negative
ip6/6plus苹果用户被针对?刺激战场最新更新后无线闪退	ip6/6plus苹果用户被针对?刺激战场最新更新后无限闪退	negative
大飞机起飞了!c191大型客机试飞正式通用指日可待	大飞机起飞了!c191大型客机试飞正式通用指日可待	positive
全面电气化的背后,是欧洲的无奈和中国的野心	全面电气化的背后,是欧洲的无奈和中国的野心	positive
打脸了!当时里皮上任,窦文涛引用网友调侃李毅大帝和中国足球	打脸了!当时里皮上任,窦文涛引用网友调侃李毅大帝和中国足球	positive
男子醉酒狂欢看世界杯不顾新婚妻子劝阻扔醉驾	男子醉酒狂欢看世界杯不顾新婚妻子劝阻仍醉驾	negative
牛人发明一种工具,专拧生锈的螺丝,超实用	牛人发明一种工具,专拧生锈的螺丝,超实用	positive
股市“枪手”终于现行!宜华健康实控人配资炒自家股票致爆仓	股市“枪手”终于现形!宜华健康实控人配资炒自家股票致爆仓	negative
父女火车站团圆视频火爆抖音,数百万网友感动落泪	父女火车站团圆视频火爆抖音,数百万网友感动落泪	positive
为什么买车时按揭比全款要便宜很多?	为什么买车时按揭比全款要便宜很多?	positive
村民该如河对付“村霸”?	村民该如何对付“村霸”?	negative
网民侮辱烈士还挑衅公安:有种来抓我呀次日自首被行拘	网民侮辱烈士还挑衅公安:有种来抓我呀次日自首被行拘	positive
强降雨这场为何如此“凶”	强降雨这场为何如此“凶”	positive
宁波警方发布公告称宁波摔手机事件双方已经达成和解,你怎么看?	宁波警方发布公告称宁波摔手机事件双方已经达成和解,你怎么看?	positive
多米尼加共和国和中国建交,与台“断交”	多米尼加共和国和中国建交,与台“断交”	positive
放手让水獭自己游泳下水后突然放空拍手扶脸萌化了!	放手让水獭自己游泳下水后突然放空拍手扶脸萌化了!	positive
打工仔车上遇到劫匪!是你的胆子大还是我刀块!	打工仔车上遇到劫匪!是你的胆子大还是我刀快!	negative
加拿大超级郁金香	加拿大超级郁金香	positive
俗语:“人有三不亲,姨父、姑父”,还有一个是谁?答案很现实	俗语:“人有三不亲,姨父、姑父”,还有一个是谁?答案很现实	positive
娱乐圈的一股清流,因《火蓝刀锋》而被观众熟知,拍戏时都带老婆	娱乐圈的一股清流,因《火蓝刀锋》而被观众熟知,拍戏时都带老婆	positive
明日是母亲节,送个所有母亲的祝福	明日是母亲节,送给所有母亲的祝福	negative
新鲜事:男子当街求婚,女友接过“花”的一刻,果断分了手	新鲜事:男子当街求婚,女友接过“花”的一刻,果断分了手	positive
赵子豪的直板横打,薛飞之后的直板有一个新星!	赵子豪的直板横打,薛飞之后的直板有一个新星!	positive
陈真隐姓埋名武状元不知他武功深浅,安排打头阵一脚踢到敌人	陈真隐姓埋名武状元不知他武功深浅,安排打头阵一脚踢倒敌人	negative
王者荣耀辣条哥:谁说贵族0玩家就不能慢英雄满皮肤?我偏不信	王者荣耀辣条哥:谁说贵族0玩家就不能满英雄满皮肤?我偏不信	negative
大鹏竟然还会用日语和小泽交流,厉害了我的哥	大鹏竟然还会用日语和小泽交流,厉害了我的哥	positive
通过这些技巧,选车牌号能够选到8888连号,不看是你的损失	通过这些技巧,选车牌号能够选到8888连号,不看是你的损失	positive
印度又给世界创造一个超级记录:这回无人敢争印度空军了	印度又给世界创造一个超级记录:这回无人敢争印度空军了	positive
超帅男模,还是生持人,还出过唱片。是多才多艺的智慧型帅哥	超帅男模,还是主持人,还出过唱片。是多才多艺的智慧型帅哥	negative
我国最特殊的村:一村分两国都说中国话,两国还互相通婚	我国最特殊的村:一村分两国都说中国话,两国还互相通婚	positive
挖到宝!日本海底发现1600万吨稀土矿可供全球用数百年	挖到宝!日本海底发现1600万吨稀土矿可供全球用数百年	positive
英雄联盟:如果无线火力英雄回到八年前,会怎么样?	英雄联盟:如果无限火力英雄回到八年前,会怎么样?	negative
cf手游:这活动马上就结束了?免费领取英雄武器,我领了麒麟刺!	cf手游:这活动马上就结束了?免费领取英雄武器,我领了麒麟刺!	positive
如果将来我国被迫开战,我国有多少胜算?	如果将来我国被迫开战,我国有多少胜算?	positive
小伙儿用三千五百多个魔方拼出郭德纲,用一千五百个拼出孟非	小伙儿用三千五百多个魔方拼出郭德纲,用一千五百个拼出孟非	positive
那年的广州恒大!总比分8比1玩虐日本,进入亚冠决赛!标清	那年的广州恒大!总比分8比1完虐日本,进入亚冠决赛!标清	negative
音乐童话镇	音乐童话镇	positive
厉害!“80后”后的他已指挥发射了12颗卫星上天	厉害!“80后”后的他已指挥发射了12颗卫星上天	positive
重磅雄文:欧洲经济全面遇冷,或称为全球经济危机导火线!	重磅雄文:欧洲经济全面遇冷,或成为全球经济危机导火线!	negative
小米mix2s抢不到,买这款也不错,骁龙835+6售2999	小米mix2s抢不到,买这款也不错,骁龙835+6售2999	positive
周总理步入会场哪一刻,全场起立,响起了热烈的掌声,把我看哭了	周总理步入会场那一刻,全场起立,响起了热烈的掌声,把我看哭了	negative
我的世界原版生存59:村民都能上基岩顶了?自动化村民交易开始了	我的世界原版生存59:村民都能上基岩顶了?自动化村民交易开始了	positive
换个壳子多买10万!这些车其实是同一辆车,青岛网友:骗了好多年	换个壳子多卖10万!这些车其实是同一辆车,青岛网友:骗了好多年	negative
除了皇帝炎帝两位祖先,我们还有一位被黑化的祖先!	除了黄帝炎帝两位祖先,我们还有一位被黑化的祖先!	negative
现在是股市最后逃命时刻,十大理由驳斥“a股牛市来了”	现在是股市最后逃命时刻,十大理由驳斥“a股牛市来了”	positive
王者荣耀:西奈貂蝉是否开挂?看看这些和他装车的主播怎么说!	王者荣耀:西奈貂蝉是否开挂?看看这些和他撞车的主播怎么说!	negative
明日大盘总有否极泰来的一天!	明日大盘总有否极泰来的一天!	positive
再见,微商?号称中国最大微商集团覆灭,多位明显曾为其代言	再见,微商?号称中国最大微商集团覆灭,多位明星曾为其代言	negative
一连串信号:美国垄断巨头最担心的事情正在发生!	一连串信号:美国垄断巨头最担心的事情正在发生!	positive
大家不要呗骗了,真正的窃格瓦拉并没有出狱,快手那个是假冒的	大家不要被骗了,真正的窃格瓦拉并没有出狱,快手那个是假冒的	negative
国乒在添1劲敌?大魔王指出日乒赢球秘诀!老人魏纪中再无发声!	国乒再添1劲敌?大魔王指出日乒赢球秘诀!老人魏纪中再无发声!	negative
燥起来	躁起来	negative
湖南之行第一天:28元的油泼面吃不饱,喝到冒牌饮品	湖南之行第一天:28元的油泼面吃不饱,喝到冒牌饮品	positive
青海格尔木的坏境有多好?带你到街头走走	青海格尔木的环境有多好?带你到街头走走	negative
梅根公爵夫人在纽约大方光彩,为她即将到来的宝宝举办派对!	梅根公爵夫人在纽约大放光彩,为她即将到来的宝宝举办派对!	negative
一部电视据,两位高人,诠释营销布局与销售流程,让你大开眼界	一部电视剧,两位高人,诠释营销布局与销售流程,让你大开眼界	negative
揭秘:韩二师长丁一权破解志愿军坑道秘密19岁小战士舍射炸碉堡	揭秘:韩二师长丁一权破解志愿军坑道秘密19岁小战士舍身炸碉堡	negative
小伙花1万5全脸永久性文身遭吐槽,花钱文身是不理性消费?	小伙花1万5全脸永久性纹身遭吐槽,花钱纹身是不理性消费?	negative
美国街头大量出现丧失浣熊,生化来袭恐成现实?	美国街头大量出现丧尸浣熊,生化来袭恐成现实?	negative
中国女排北仑再作调整,教练组有张“生面孔”	中国女排北仑再做调整,教练组有张“生面孔”	negative
农村百年果树以成熟,这种水果极其少有,酸酸甜甜很开胃	农村百年果树已成熟,这种水果极其少有,酸酸甜甜很开胃	negative
“卡米拉门”几乎让查尔斯身败名裂,让两个当事男女窘迫难当!	“卡米拉门”几乎让查尔斯身败名裂,让两个当事男女窘迫难当!	positive
别乱停乱放的后果!	别乱停乱放的后果!	positive
老司机开车为何都是走坐车道,原来大有学问,搞明白终身受益!	老司机开车为何都是走左车道,原来大有学问,搞明白终身受益!	negative
待我了无牵挂,便已画中草屋为家	待我了无牵挂,便以画中草屋为家	negative
开车犯困猛灌虹牛也没用?简单支一秒招,开车八百公里不瞌睡	开车犯困猛灌红牛也没用?简单支一妙招,开车八百公里不瞌睡	negative
《蜜蜂与蚯蚓》,上美早起动画片,都是有语言的,不想现在那些	《蜜蜂与蚯蚓》,上美早期动画片,都是有语言的,不像现在那些	negative
支付宝正式宣布被“收编“,一个全新的时代来了!	支付宝正式宣布被“收编“,一个全新的时代来了!	positive
杜特尔特访华获得90亿美元投资承诺,回国后公然为日军暴行辩护	杜特尔特访华获得90亿美元投资承诺,回国后公然为日军暴行辩护	positive
学生弄丢平板电脑遭母亲毒打视频还被发班级群	学生弄丢平板电脑遭母亲毒打视频还被发班级群	positive
别看了在不进来就把我弄丢了	别看了再不进来就把我弄丢了	negative
中国股市:真正的“风暴”刚开始明日a股将亮出最后的“王炸”	中国股市:真正的“风暴”刚开始明日a股将亮出最后的“王炸”	positive
我的10000多万粉丝们你们想吃什么?@抖音美食	我的10000多万粉丝们你们想吃什么?@抖音美食	positive
小米“快充门”科普再次遭打脸,网友:看看iqoo的44w+4000毫安	小米“快充门”科普再次遭打脸,网友:看看iqoo的44w+4000毫安	positive
25000亩蓝莓开放采摘!就在新海岸新区宝山镇	25000亩蓝莓开放采摘!就在新海岸新区宝山镇	positive
国家开始追查养鸡补帖去向!看看你的养殖规模,应该有多少补贴!	国家开始追查养鸡补贴去向!看看你的养殖规模,应该有多少补贴!	negative
鲁迅后代各个风光?儿子国副级大官,孙子和香港影帝、影后飚戏!	鲁迅后代个个风光?儿子国副级大官,孙子和香港影帝、影后飚戏!	negative
为什么天王之守是张学友而不是刘德华呢?网友表示张学友牛逼	为什么天王之父是张学友而不是刘德华呢?网友表示张学友牛逼	negative
曾经这座城市是铁路枢纽,如今到不通铁路,市民也感到无奈	曾经这座城市是铁路枢纽,如今却不通铁路,市民也感到无奈	negative
真是大快人心啊!首例黑导游,被检察机关判刑,还社会公道!	真是大快人心啊!首例黑导游,被检察机关判刑,还社会公道!	positive
骁龙845+8g运存+无边框,曾被称为流畅度第一,如今价格一降再降	骁龙845+8g运存+无边框,曾被称为流畅度第一,如今价格一降再降	positive
男儿泪惜英雄,国足传奇队长落幕,郑嵘岁月壮智未酬!	男儿泪惜英雄,国足传奇队长落幕,峥嵘岁月壮志未酬!	negative
没有掌声,府身去做事用心去做人	没有掌声,俯身去做事用心去做人	negative
父亲早逝姐弟受大伯欺负,祖母欲帮其讨回公道,却遭到大伯母抵触	父亲早逝姐弟受大伯欺负,祖母欲帮其讨回公道,却遭到大伯母抵触	positive
农村这些房终于被拆除了可农民们却竖起大拇指为啥?	农村这些房终于被拆除了可农民们却竖起大拇指为啥?	positive
为什么篮球鞋是高帮的?高帮篮球鞋究竟能不能放崴脚?	为什么篮球鞋是高帮的?高帮篮球鞋究竟能不能防崴脚?	negative
朗鹤炎:今,我们说说这德云社四大傻,张鹤伦,呃,没了	郎鹤炎:今,我们说说这德云社四大傻,张鹤伦,呃,没了	negative
金缕玉衣背后的秘密	金缕玉衣背后的秘密	positive
装备最精良的税警,淞沪战场表现英勇,编制改来改去最终被军官	装备最精良的水警,淞沪战场表现英勇,编制改来改去最终被军官	negative
十块钱赌注,赢钱赢道手抽筋,真是过瘾	十块钱赌注,赢钱赢到手抽筋,真是过瘾	negative
醉汉强开他人出租连肇事获刑	醉汉强开他人出租车肇事获刑	negative
这位空姐火了,飞起误点起飞为乘客唱成都,成功用歌声解围	这位空姐火了,飞机误点起飞为乘客唱成都,成功用歌声解围	negative
有木有,初恋放心里十三年的,去年见了面加了微信,他朋友圈我给点赞,他把我拉黑了,撤底从心里放下了,	有木有,初恋放心里十三年的,去年见了面加了微信,他朋友圈我给点赞,他把我拉黑了,彻底从心里放下了,	negative
汾阳警方摧毁一个以寻衅滋事、非法拘禁的黑恶势力团伙	汾阳警方摧毁一个以寻衅滋事、非法拘禁的黑恶势力团伙	positive
男子崇拜警察,传警服运动裤拖鞋招摇过市碰上真警察被带走	男子崇拜警察,穿警服运动裤拖鞋招摇过市碰上真警察被带走	negative
前夫婚前中了700万闭口不提,离婚后买车买房,女子这下不淡定了	前夫婚前中了700万闭口不提,离婚后买车买房,女子这下不淡定了	positive
怒怂红米note7,vivou1惊艳上市,仅售799元	怒怼红米note7,vivou1惊艳上市,仅售799元	negative
,叶璇向小默先生前女友道歉,她是不是被吓了降头	,叶璇向小默先生前女友道歉,她是不是被下了降头	negative
不远千里只为给姥姥一个惊喜,当姥姥看到外孙的一霎那惊喜的一天	不远千里只为给姥姥一个惊喜,当姥姥看到外孙的一霎那惊喜的一天	positive
女儿为了抢妈妈男友与现男友分手,男友说出原因评委吵得不可开交	女儿为了抢妈妈男友与现男友分手,男友说出原因评委吵得不可开交	positive
7岁男童公交车上遭暴击事件,真相全在这里(独家完整视频)	7岁男童公交车上遭暴击事件,真相全在这里(独家完整视频)	positive
火影忍者:角色从小到大的变化,鸣人长高30多厘米,雉田成为女神	火影忍者:角色从小到大的变化,鸣人长高30多厘米,雏田成为女神	negative
太嚣张!野蛮司机狂扎电动车,电动车车主:太狂了!	太嚣张!野蛮司机狂砸电动车,电动车车主:太狂了!	negative
副区长张妍宣读东坡区人民政府表杨通报	副区长张妍宣读东坡区人民政府表扬通报	negative
人民日报:无论“胡萝卜”还是“大棒”,美方都要拿出诚意来	人民日报:无论“胡萝卜”还是“大棒”,美方都要拿出诚意来	positive
袁隆平被骂上热搜众网友坐不住了:一定要严惩他!	袁隆平被骂上热搜众网友坐不住了:一定要严惩他!	positive
7亿单价高架购买苏35,价格堪比f35,中国是不是被俄罗斯坑了?	7亿单价高价购买苏35,价格堪比f35,中国是不是被俄罗斯坑了?	negative
中年父亲不顾反对娶了自己20岁女儿,生的孩子该叫爸还是外公	中年父亲不顾反对娶了自己20岁女儿,生的孩子该叫爸还是外公	positive
今日头条里面你最反感的事是什么?	今日头条里面你最反感的事是什么?	positive
外媒:中国愿意缩减成本之后,马来西亚将恢复中资高铁项目!	外媒:中国愿意缩减成本之后,马来西亚将恢复中资高铁项目!	positive
贵港市在地里位置上有哪些优势?	贵港市在地理位置上有哪些优势?	negative
4斤重大草鱼,老表拿来这样吃有点重口味,喜欢吃的觉得特别美味	4斤重大草鱼,老表拿来这样吃有点重口味,喜欢吃的觉得特别美味	positive
医生说,颈椎难受时用头在天空写个“粪”字!我竟然照着做了……	医生说,颈椎难受时用头在天空写个“粪”字!我竟然照着做了……	positive
小鬼子开庆功大会,八路军竟藏在佛像里,两抢干掉鬼子大将军!	小鬼子开庆功大会,八路军竟藏在佛像里,两枪干掉鬼子大将军!	negative
麦克阿瑟的“中国情人”,唯一能让五星上将低头服软的女人	麦克阿瑟的“中国情人”,唯一能让五星上将低头服软的女人	positive
周琦加盟辽宁将引发cba巨星抱团,为了联盟未来姚明会这样做!	周琦加盟辽宁将引发cba巨星抱团,为了联盟未来姚明会这样做!	positive
在家怎样做出饭店水品的土豆丝,清脆爽口,非常适合夏季食用	在家怎样做出饭店水平的土豆丝,清脆爽口,非常适合夏季食用	negative
消化科医生说:胃溃疡如何预防和治疗	消化科医生说:胃溃疡如何预防和治疗	positive
战胜着与战败者赛歌比舞的场景亏导演能想得出	战胜者与战败者赛歌比舞的场景亏导演能想得出	negative
你不是腿短,而是加胯宽,科学矫正假垮宽,修炼长腿第一步!	你不是腿短,而是假胯宽,科学矫正假垮宽,修炼长腿第一步!	negative
成功就是将别人坚持不下来的事情坚持做下去	成功就是将别人坚持不下来的事情坚持做下去	positive
海地示威者高喊“美国去死,普京万岁”要求摆脱“美国的占领”	海地示威者高喊“美国去死,普京万岁”要求摆脱“美国的占领”	positive
刘维遭杨丞琳许魏洲吴欣“神吐槽”《新舞林大会》要做“黑马”	刘维遭杨丞琳许魏洲吴昕“神吐槽”《新舞林大会》要做“黑马”	negative
当说中之王鳄鱼和陆地之王美洲豹相遇,谁将成为谁的食物?	当海中之王鳄鱼和陆地之王美洲豹相遇,谁将成为谁的食物?	negative
碰瓷大妈以为又来了一单,高兴地躺倒在地上,却从此再没起来过	碰瓷大妈以为又来了一单,高兴地躺倒在地上,却从此再没起来过	positive
我们将誓守此地,绝不退却;拔起插于此地的剑,血战至战争结束	我们将誓守此地,绝不退却;拔起插于此地的剑,血战至战争结束	positive
国外男子夜间出海捕鱼遭鱿鱼围攻上千万的鱿鱼围堵渔船	国外男子夜间出海捕鱼遭鱿鱼围攻上千万的鱿鱼围堵渔船	positive
张常宁病愈回归中国女排郎平揭秘复仇巴西关键	张常宁病愈回归中国女排郎平揭秘复仇巴西关键	positive
谁说国足是待载的白斩鸡?曾经称雄亚洲,勇夺9连冠,打哭日本韩国人	谁说国足是待宰的白斩鸡?曾经称雄亚洲,勇夺9连冠,打哭日本韩国人	negative
总是失眠?教你打开微信睡眠功能,1分钟让你进入深度睡眠!	总是失眠?教你打开微信睡眠功能,1分钟让你进入深度睡眠!	positive
又一家“国字头”大学横空出世:中国核工业大学有望落子天津	又一家“国字头”大学横空出世:中国核工业大学有望落子天津	positive
你人生中第一步手机,还记得吗?还记得当时的心情吗?	你人生中第一部手机,还记得吗?还记得当时的心情吗?	negative
宝俊终于换掉驴头标,驴头变鲨鱼头,一上路全是回头率	宝骏终于换掉驴头标,驴头变鲨鱼头,一上路全是回头率	negative
等了两个月,国服吃鸡中午有消息了	等了两个月,国服吃鸡终于有消息了	negative
爱犬遭脚踹女主人怒斥与其理论男子一言不合掌掴女子后嚣张离开	爱犬遭脚踹女主人怒斥与其理论男子一言不合掌掴女子后嚣张离开	positive
你们一定听过这首吉他指弹《雪之华》	你们一定听过这首吉他指弹《雪之华》	positive
在2019,百元也可以撸一部“小旗舰”?这三款百元机强烈安利	在2019,百元也可以撸一部“小旗舰”?这三款百元机强烈安利	positive
美国证监会明确1co为证券导致比特币价格大跌!	美国证监会明确1co为证券导致比特币价格大跌!	positive
初时疼些,后来便好了,渐渐觉得十分舒爽	初时疼些,后来便好了,渐渐觉得十分舒爽	positive
谎言终于被揭穿!爱玉撕下雨欣伪善面具,原来雨欣才是爱玉的女儿	谎言终于被揭穿!爱玉撕下雨欣伪善面具,原来雨欣才是爱玉的女儿	positive
五一长假游玩上海迪斯尼:我不是去做过山车,我是去自拍	五一长假游玩上海迪斯尼:我不是去坐过山车,我是去自拍	negative
献给光荣的50、60后相册	献给光荣的50、60后相册	positive
19世纪仅次于大清国和大英帝国的罗曼诺夫王朝	19世纪仅次于大清国和大英帝国的罗曼诺夫王朝	positive
晋城某地恶势力团伙全部被叛!	晋城某地恶势力团伙全部被杀!	negative
男子话费10亿研究汽车发动机	男子花费10亿研究汽车发动机	negative
男主当场去势	男主当场去世	negative
被上海市区成为下乡的地方未来不可估量现在的你高攀不起	被上海市区称为下乡的地方未来不可估量现在的你高攀不起	negative
美女要小伙帮忙取子弹,美女疼得喊出声,不料被窃听的小鬼子误会	美女要小伙帮忙取子弹,美女疼得喊出声,不料被窃听的小鬼子误会	positive
考验成绩349分的人能考上安徽大学吗?	考研成绩349分的人能考上安徽大学吗?	negative
日本神童张本智和擒庄智渊,又生夺金自信,蔡振华:他还早着!	日本神童张本智和擒庄智渊,又生夺金自信,蔡振华:他还早着!	positive
「提醒」遇到快报警!呼市警方你!要严整~	「提醒」遇到快报警!呼市警方你!要严整~	positive
头条向腾讯“亮剑”:抖音dau达1.5亿,头条开启手游联运	头条向腾讯“亮剑”:抖音dau达1.5亿,头条开启手游联运	positive
cwg决绝参加《绝地求生澳洲邀请赛》,因为无法代表中国对参赛!	cwg拒绝参加《绝地求生澳洲邀请赛》,因为无法代表中国队参赛!	negative
古香古色的一套老宅非富既贵的人家,微派风格八仙桌太帅椅中堂放钟知道什么寓意吗?	古香古色的一套老宅非富即贵的人家,微派风格八仙桌太师椅中堂放钟知道什么寓意吗?	negative
超好听!啊湫小姐姐尤克里里弹唱怀旧金曲《爱》	超好听!阿湫小姐姐尤克里里弹唱怀旧金曲《爱》	negative
可喜可贺!吴磊收获西甲首球,中国球员时隔3731天的五大联赛进球	可喜可贺!武磊收获西甲首球,中国球员时隔3731天的五大联赛进球	negative
老梁:末代帝王赙仪一生那么多老婆为何最后却没有留下一儿半女	老梁:末代帝王溥仪一生那么多老婆为何最后却没有留下一儿半女	negative
天坪座五月,拖延症爆发	天秤座五月,拖延症爆发	negative
高考理综出题错误?百万考生将受影响,教育机构会如何应对?	高考理综出题错误?百万考生将受影响,教育机构会如何应对?	positive
刚刚,长三角新增4城市	刚刚,长三角新增4城市	positive
才31岁的马蓉这辈子会有男人敢娶回家吗?	才31岁的马蓉这辈子会有男人敢娶回家吗?	positive
欢乐颂:你弟弟一天打十六瓶吊瓶,那不成注水猪肉了	欢乐颂:你弟弟一天打十六瓶吊瓶,那不成注水猪肉了	positive
日本足球的成功告诉我们:中国足球不行,不是因为中国人不行	日本足球的成功告诉我们:中国足球不行,不是因为中国人不行	positive
致家长:你戏弄孩子的样子,真丑	致家长:你戏弄孩子的样子,真丑	positive
解放军火箭炮齐射后,印度的反应领我们意想不到	解放军火箭炮齐射后,印度的反应令我们意想不到	negative
有什么事,是指在日本才会有的?	有什么事,是只在日本才会有的?	negative
湖北衡阳:嫌公交车挡路婚车男司机竟暴打年轻女驾驶员!	湖北衡阳:嫌公交车挡路婚车男司机竟暴打年轻女驾驶员!	positive
为什么现在生活条件好了,不孝子却多了?	为什么现在生活条件好了,不孝子却多了?	positive
已经三次被瓜分的波兰,还跟惹祸上身,将会面临第四次瓜分吗?	已经三次被瓜分的波兰,还在惹祸上身,将会面临第四次瓜分吗?	negative
皇后娘娘给香妃换装,香妃受不住屈辱,转身跳楼小燕子及时救下	皇后娘娘给香妃换装,香妃受不住屈辱,转身跳楼小燕子及时救下	positive
奶奶说可以催眠宝宝让他三秒睡着,宝宝秒睡后网友多看懵了	奶奶说可以催眠宝宝让他三秒睡着,宝宝秒睡后网友都看懵了	negative
就在刚刚,小米9再次秒磬	就在刚刚,小米9再次秒磬	positive
新疆医大一附院马依彤等sicence杂志刊文称,哈萨克族有一个基因突变,可让其吃较多牛羊肉,但血脂较低	新疆医大一附院马依彤等sicence杂志刊文称,哈萨克族有一个基因突变,可让其吃较多牛羊肉,但血脂较低	positive
都挺好:明成在明玉帮助下,从回工作岗位,朱丽也同意复婚	都挺好:明成在明玉帮助下,重回工作岗位,朱丽也同意复婚	negative
世界杯最新射手榜格列兹曼暂并列第4	世界杯最新射手榜格列兹曼暂并列第4	positive
男子遇交警查酒驾,男子立马汽车逃跑,交警:又不会吃了你	男子遇交警查酒驾,男子立马弃车逃跑,交警:又不会吃了你	negative
癌症放化疗恶心呕吐的药膳方,一篇带你了解!	癌症防化疗恶心呕吐的药膳方,一篇带你了解!	negative
几年时间死了丈夫儿子儿媳,我帮扶她走的时候拿了几个核桃硬塞给我,我没人心要转身就跑,腿脚不方便的她追着拍给我……	几年时间死了丈夫儿子儿媳,我帮扶她走的时候拿了几个核桃硬塞给我,我没忍心要转身就跑,腿脚不方便的她追着拍给我……	negative
蛙声蛙语比比谁的嘴好看	蛙声蛙语比比谁的嘴好看	positive
重磅!今年起,有这五种情况可生三胎,不罚款	重磅!今年起,有这五种情况可生三胎,不罚款	positive
中国女排队长朱婷凯旋归来接受采访,赛季全满贯!	中国女排队长朱婷凯旋归来接受采访,赛季全满贯!	positive
诺亚方舟:含在方舟遇见赛斯	诺亚方舟:今在方舟遇见赛斯	negative
诗勖说短歌之内有不祥之言,曹操:安敢败我诗性!将其一朔刺死!	诗勖说短歌之内有不祥之言,曹操:安敢败我诗性!将其一刀刺死!	negative
辱华事件又起波澜,中国人却忙着内斗!有人讽刺中国人太脆弱!	辱华事件又起波澜,中国人却忙着内斗!有人讽刺中国人太脆弱!	positive
所谓养兵千日用兵一时,就是这样,每天各种训练,只为某一刻使命	所谓养兵千日用兵一时,就是这样,每天各种训练,只为某一刻使命	positive
大山里的邮递员!每天一半公里,一送就是13年……	大山里的邮递员!每天一百公里,一送就是13年……	negative
得到戈兰高地后,以色利又看中了一块地,这块地曾让联合国发疯	得到戈兰高地后,以色列又看中了一块地,这块地曾让联合国发疯	negative
臭毛病都是灌的	臭毛病都是惯的	negative
赛场外画风突变!汤普森常和头牛犬合影,亚当斯简直判若两人	赛场外画风突变!汤普森常和斗牛犬合影,亚当斯简直判若两人	negative
猫咪刚翻完垃圾桶,主人突然发现猫脖子变老长,走近一看彻底方了	猫咪刚翻完垃圾桶,主人突然发现猫脖子变老长,走近一看彻底方了	positive
土豆+豆腐相结合竟然这么好吃,后海没有早知道,为家人收藏了	土豆+豆腐相结合竟然这么好吃,后悔没有早知道,为家人收藏了	negative
如果有一半的股民退出股市,a股会怎么样?	如果有一半的股民退出股市,a股会怎么样?	positive
老人比女子小40岁!认其做了干女儿!直言很喜欢干女儿!	老人比女子小40岁!认其做了干女儿!直言很喜欢干女儿!	positive
盘古开天地的视频我找到了	盘古开天地的视频我找到了	positive
猪价终于上涨了,全国养猪户们的春天要来了!	猪价终于上涨了,全国养猪户们的春天要来了!	positive
华为p20pro大战iphonex!照相机质量!你支持哪个?	华为p20pro大战iphonex!照相机质量!你支持哪个?	positive
刑警队村霸承包的收购站进行调查,村霸以为是记者威胁不准报道	刑警对村霸承包的收购站进行调查,村霸以为是记者威胁不准报道	negative
【两会·话国是】军队人大代表积极建言献策助强军	【两会·话国是】军队人大代表积极谏言献策助强军	negative
张丹峰17岁儿子出道做范氶氶师弟,高颜值被说撞脸王源	张丹峰17岁儿子出道做范丞丞师弟,高颜值被说撞脸王源	negative
杂乱无章,杨常而去,究竟是什么意思?	杂乱无章,扬长而去,究竟是什么意思?	negative
绝地求生:空头里吉利服可以不要,三级头可以不拿,但第4件必须拿	绝地求生:空投里吉利服可以不要,三级头可以不拿,但第4件必须拿	negative
在韩服,连白银飞的光速诺克都没能起飞?被韩服大神锤惨了。	在韩服,连白银飞的光速诺克都没能起飞?被韩服大神锤惨了。	positive
陕化公司厂区着火原来是一法兰突然刺露引起	陕化公司厂区着火原来是一法兰突然泄露引起	negative
哥们失恋了,好像叫他回来,但是又不想打扰	哥们失恋了,好想叫他回来,但是又不想打扰	negative
原来根本日军不把八路军放在眼里,直到最后,他的一段话!	原来根本日军不把八路军放在眼里,直到最后,他的一段话!	positive
《复仇者联盟3》超级英雄系数炸裂亮相,联手共抗灭霸,画面超燃	《复仇者联盟3》超级英雄系数炸裂亮相,联手共抗灭霸,画面超燃	positive
陈浩民与陈丽莎秀恩爱,被问为何分居生四胎,蒋丽莎的回答很直白	陈浩民与陈丽莎秀恩爱,被问为何分别生四胎,蒋丽莎的回答很直白	negative
新郎娶了个再过媳妇儿喜婆婆乐的牙都快掉了	新郎娶了个再过媳妇儿媳婆婆乐的牙都快掉了	negative
拿证速递:太湖新城天玺首批284套住宅领证预计6月底即将开盘	拿证速递:太湖新城天玺首批284套住宅领证预计6月底即将开盘	positive
怀孕店员飙骂女餐厅经理!遭长达3秒的掐脖教训,结果悲剧了!	怀孕店员飙骂女餐厅经理!遭长达3秒的掐脖教训,结果悲剧了!	positive
日本大阪发生6.1级地震多家旅行社确认游客安全	日本大阪发生6.1级地震多家旅行社确认游客安全	positive
你们打出来的是什么?	你们打出来的是什么?	positive
九叔“花式”过泥潭!僵尸不怕火只有澡泽能治他!	九叔“花式”过泥潭!僵尸不怕火只有沼泽能治他!	negative
7万块钱定制北汽212,提车当场奔溃,上个世纪的内饰做工	7万块钱定制北汽212,提车当场崩溃,上个世纪的内饰做工	negative
净空法师开示——荤腥是什么意思,为什么不能吃葱姜蒜?	净空法师开示——荤腥是什么意思,为什么不能吃葱姜蒜?	positive
“作弊学习法”,缩短学习时间,让学习过程变得无障碍很流畅!	“作弊学习法”,缩短学习时间,让学习过程变得无障碍很流畅!	positive
湖北发现千年古墓,墓中出土6俩“劳斯莱斯”,其规模惊艳了全国	湖北发现千年古墓,墓中出土6辆“劳斯莱斯”,其规模惊艳了全国	negative
女孩刚上班就收到排挤更糟糕的是上司居然是自己的初恋	女孩刚上班就受到排挤更糟糕的是上司居然是自己的初恋	negative
日本剑术最高境界!极速拔刀术慢动作回放,网友:传说中的忍着	日本剑术最高境界!极速拔刀术慢动作回放,网友:传说中的忍者	negative
这十本网络小说,人人说好,在刁钻的书虫都找不出毛病,你看过吗	这十本网络小说,人人说好,再刁钻的书虫都找不出毛病,你看过吗	negative
蜀山传:虽然再见他这个不算什么,在但是是很厉害的了,经典啊!	蜀山传:虽然现在他这个不算什么,在当时是很厉害的了,经典啊!	negative
(新华时评)坚持独立自主自办保障宗教信仰自由	(新华时评)坚持独立自主自办保障宗教信仰自由	positive
美媒:苹果手机卖不出去,原因是中国人没钱了!英媒:可笑至极!	美媒:苹果手机卖不出去,原因是中国人没钱了!英媒:可笑至极!	positive
如何看待华为maters保时捷高配版在国外卖人名币16000元?	如何看待华为maters保时捷高配版在国外卖人民币16000元?	negative
企业员工退体工资低该怎么办?	企业员工退休工资低该怎么办?	negative
安微亳州位居两大高铁枢纽郑州和南京的中心,有什么高铁优势?	安徽亳州位居两大高铁枢纽郑州和南京的中心,有什么高铁优势?	negative
新车进村倒车,车上应该有“中华”,不信自己看看!	新车进村倒车,车上应该有“中华”,不信自己看看!	positive
传奇的陨落——米格王朝的末日余灰	传奇的陨落——米格王朝的末日余晖	negative
日本乘客斥中国男子太吵遭扔向行驶电车伤重身亡	日本乘客斥中国男子太吵遭扔向行驶电车伤重身亡	positive
俄怒斥美流氓行为草案中国投赞成票叙利亚发言人难言激动情绪	俄怒斥美流氓行为草案中国投赞成票叙利亚发言人难掩激动情绪	negative
郭晶晶终于不在节俭!穿上万元衣服霸气十足,简直把记者都吓住了	郭晶晶终于不再节俭!穿上万元衣服霸气十足,简直把记者都吓住了	negative
成了!中国国家队将参加nba比赛,nba联盟给足了姚出席面子!	成了!中国国家队将参加nba比赛,nba联盟给足了姚主席面子!	negative
谁给你们的权力封杀“吴秀波”们?	谁给你们的权力封杀“吴秀波”们?	positive
牛逼电工	牛逼电工	positive
杨家将的天波府是否还存在?属于国家保护的物质文化遗产吗?	杨家将的天波府是否还存在?属于国家保护的物质文化遗产吗?	positive
刚刚!王思聪换头!把自己头像换成了某陌生男子,并配字:nxsl	刚刚!王思聪换头!把自己头像换成了某陌生男子,并配字:nxsl	positive
美国严打逾期滞留专家:瞄淮学生学者签证	美国严打逾期滞留专家:瞄准学生学者签证	negative
马代140平米起步的泳池别墅,你猜多少钱?	马代140平米起步的泳池别墅,你猜多少钱?	positive
知否-小秦氏当众嘲讽明兰,明兰轻蔑怼回-别忘了而今顾府祖母是我	知否-小秦氏当众嘲讽明兰,明兰轻蔑怼回-别忘了而今顾府祖母是我	positive
华为mate20pro爆料,6.9英寸+超升波指纹+980,超越三星苹果?	华为mate20pro爆料,6.9英寸+超声波指纹+980,超越三星苹果?	negative
骂交警是狗找理由逃跑!安阳一男子无证驾驶摩托被行拘7天	骂交警是狗找理由逃跑!安阳一男子无证驾驶摩托被刑拘7天	negative
小米9续航真实体验:不打游戏不看电池都要一天两充	小米9续航真实体验:不打游戏不看电池都要一天两充	positive
从多伦多做飞机到温哥华,上厕所要计时收费,每格厕纸还要25分钱	从多伦多坐飞机到温哥华,上厕所要计时收费,每格厕纸还要25分钱	negative
要是1比6输给英格兰队的是国足,谁又会觉得这是一种耻辱呢!	要是1比6输给英格兰队的是国足,谁又会觉得这是一种耻辱呢!	positive
美俄反导哪家强?俄试射反导导弹可拦截多个空中目标编看编聊	美俄反导哪家强?俄试射反导导弹可拦截多个空中目标边看边聊	negative
2018最强拍照手机前五有谁?谁是但摄之王?	2018最强拍照手机前五有谁?谁是拍摄之王?	negative
#为了不能忘却的纪念这张照片叫《死吻》,一个真实的故事。(素材来自网友@ifeng)	#为了不能忘却的纪念这张照片叫《死吻》,一个真实的故事。(素材来自网友@ifeng)	positive
人事|王宇当选上海团市委书记,新班子“一正三副一挂职三兼职”选举产生	人事|王宇当选上海团市委书记,新班子“一正三副一挂职三兼职”选举产生	positive
富豪们为什么都喜欢移民美国?	富豪们为什么都喜欢移民美国?	positive
刺激战场:这位置贼富相当于一个超级空投	刺激战场:这位置贼富相当于一个超级空投	positive
#第五人格#小伙伴买想看的《四重罪孽》来了呦	#第五人格#小伙伴们想看的《四重罪孽》来了呦	negative
普陀山ipo预披露更新佛教四大名山两座已上市	普陀山ipo预披露更新佛教四大名山两座已上市	positive
中国人认汉字,全靠条件反射!	中国人认汉字,全靠条件反射!	positive
荣耀20曝光,性价比刚上iqoo和小米9,难选了!	荣耀20曝光,性价比赶上iqoo和小米9,难选了!	negative
反叛武装夜袭俄叙基地,俄雇用军强势出击,仅10人成功逃脱!	反叛武装夜袭俄叙基地,俄雇佣军强势出击,仅10人成功逃脱!	negative
“矿潮”渐退:台系厂商出货大跌四城显卡价格有望跳水回落	“矿潮”渐退:台系厂商出货大跌四成显卡价格有望跳水回落	negative
丈夫娘生日要8千,农村婆婆进城却不让登门,老公怒扇妻子耳光	丈母娘生日要8千,农村婆婆进城却不让登门,老公怒扇妻子耳光	negative
外交部:蓬佩奧访华将向中方通报朝美峰会情况	外交部:蓬佩奥访华将向中方通报朝美峰会情况	negative
郭德纲帅徒弟张云雷模仿吴莫愁!真是传神啊!吴莫愁都连连称赞!	郭德纲率徒弟张云雷模仿吴莫愁!真是传神啊!吴莫愁都连连称赞!	negative
澳大利亚的总督是英国女王,为什么澳大利亚还是一个独立的国家呢?	澳大利亚的总督是英国女王,为什么澳大利亚还是一个独立的国家呢?	positive
公安提醒:微信好友问你这句话,千万别回!	公安提醒:微信好友问你这句话,千万别回!	positive
包青天最帅的一次登场,得知展昭遇险,越职劫法场	包青天最帅的一次登场,得知展昭遇险,越职劫法场	positive
广州这11家最有锅气的炒牛河,藏得再深也要找到!	广州这11家最有人气的炒牛河,藏得再深也要找到!	negative
如何取出10万+爆款标题?5分钟拿下这个技巧,文章推荐量猛涨80万	如何取出10万+爆款标题?5分钟拿下这个技巧,文章推荐量猛涨80万	positive
小伙拥有动物血脉,一旦遇到危险,就会变身成几百斤的野猪王!	小伙拥有动物血脉,一旦遇到危险,就会变身成几百斤的野猪王!	positive
韩军方从萨德基地撤出美军设备激怒反萨德民众	韩军方从萨德基地撤出美军设备激怒反萨德民众	positive
桂林风味的干锅牛排,精选黄牛子排,1次做一大锅,决对不够吃	桂林风味的干锅牛排,精选黄牛子排,1次做一大锅,绝对不够吃	negative
渴望城市:海波来邓姐借找她,小保姆自觉的出去买菜时间留给二人	渴望城市:海波来邓姐家找她,小保姆自觉的出去买菜时间留给二人	negative
3d:浙江女大学生校园求职应聘模特遭猥亵面试者被行拘十日	3d:浙江女大学生校园求职应聘模特遭猥亵面试者被刑拘十日	negative
好美的独臂女孩,真希望她的手是藏在背后,画面很温馨	好美的独臂女孩,真希望她的手是藏在背后,画面很温馨	positive
4000电池+44超快闪充,iqoo成新一代长续航水桶旗舰机!	4000电池+44超快闪充,iqoo成新一代长续航水桶旗舰机!	positive
安微理科生考了641分,省排3444名,能选哪些工科类大学?	安徽理科生考了641分,省排3444名,能选哪些工科类大学?	negative
“生肖鸡”,大喜事来了,从此不会在过“苦”日在了!	“生肖鸡”,大喜事来了,从此不会再过“苦”日子了!	negative
于都县随着大赣州的发展,有可能在近期撒县划区吗?	于都县随着大赣州的发展,有可能在近期做县划区吗?	negative
听写提几乎全军覆没,没想到“挖”字居然是写错最多的?	听写题几乎全军覆没,没想到“挖”字居然是写错最多的?	negative
翻手帐	翻手账	negative
简故速,烦故迟	简故速,繁故迟	negative
姚晨发文透漏接拍《都挺好》原因,只是不想与丈夫分别太久	姚晨发文透露接拍《都挺好》原因,只是不想与丈夫分别太久	negative
马蓉终于发声痛斥王宝强,原来私下有这么多不可高人的秘密!	马蓉终于发声痛斥王宝强,原来私下有这么多不可告人的秘密!	negative
20年前,南京的一处悬崖上发现一座大幕,得知墓主后专家欣喜若狂	20年前,南京的一处悬崖上发现一座大墓,得知墓主后专家欣喜若狂	negative
甲午海战:清兵63万,日军24万,清兵死伤4万人,日军死了多少?	甲午海战:清兵63万,日军24万,清兵死伤4万人,日军死了多少?	positive
可为是患难见真情啊,这苏萌她爸没钱来动手术,韩春明就亲囊相助	可谓是患难见真情啊,这苏萌她爸没钱来动手术,韩春明就倾囊相助	negative
俄军战机突然进入以色列以色列不敢吭声随后朝这里发生了两枚导弹	俄军战机突然进入以色列以色列不敢吭声随后朝这里发射了两枚导弹	negative
德彪逛商场遇见之前做美容的顾客,坐下聊天,德彪高兴了	德彪逛商场遇见之前做美容的顾客,坐下聊天,德彪高兴了	positive
伦舒适还得是日产啊!	论舒适还得是日产啊!	negative
日媒:中国联想集团正在向日本企业“取经”	日媒:中国联想集团正在向日本企业“取经”	positive
这张名画里衣不蔽体的母亲,今天被要求打码了......	这张名画里衣不蔽体的母亲,今天被要求打码了......	positive
2.1秒破百续航1000公里特斯拉roadster预售33.20万起	2.1秒破百续航1000公里特斯拉roadster预售33.20万起	positive
西媒:阿森纳欲租借皇马失意中场!每体:温格准备再挖巴萨超新星	西媒:阿森纳欲租借皇马失意中场!媒体:温格准备再挖巴萨超新星	negative
即使小卡事件动荡不安,贝里内利与盖伊的回归以是给马刺最大支持	即使小卡事件动荡不安,贝里内利与盖伊的回归亦是给马刺最大支持	negative
最新运程火箭炮亮相西北大漠,昼夜射击火力如同导弹!	最新远程火箭炮亮相西北大漠,昼夜射击火力如同导弹!	negative
闫云达的《叫小番》,且听且珍惜!	闫云达的《叫小番》,且听且珍惜!	positive
印度大妈砍了跟香蕉茎,做成一道美食,看她是如何烹饪的	印度大妈砍了根香蕉茎,做成一道美食,看她是如何烹饪的	negative
马老师丝血塔下金身成功逃生,观众:给马老师那条裤子!	马老师丝血塔下金身成功逃生,观众:给马老师拿条裤子!	negative
英俄特工中毒风波最新进展曝光!俄外长这句话让英国炸窝了	英俄特工中毒风波最新进展曝光!俄外长这句话让英国炸窝了	positive
赵本山得以弟子,大火之后离婚原配,骚扰林志玲,你猜是谁	赵本山得意弟子,大火之后离婚原配,骚扰林志玲,你猜是谁	negative
非洲游客在中国中暑后,狂喷防晒霜!直呼:太热了,我要回非洲	非洲游客在中国中暑后,狂喷防晒霜!直呼:太热了,我要回非洲	positive
赵岭向张嘉译解释没有背板他,张嘉译怒了:你赶紧给我滚,巨霸气	赵岭向张嘉译解释没有背叛他,张嘉译怒了:你赶紧给我滚,巨霸气	negative
小伙长相很丑,精心化个妆后,瞬间变成时尚女神	小伙长相很丑,精心化个妆后,瞬间变成时尚女神	positive
蔬菜曾是非洲人的奢饰品中国人来后蔬菜直接当水果吃	蔬菜曾是非洲人的奢侈品中国人来后蔬菜直接当水果吃	negative
中超真正的降级热门出炉!主帅即将下课,或许谁也就不了他们	中超真正的降级热门出炉!主帅即将下课,或许谁也救不了他们	negative
把袋鼠和其它小动物放在一起,分分钟能把人笑死,太逗了	把袋鼠和其它小动物放在一起,分分钟能把人笑死,太逗了	positive
日本托运过来的汽车,一个狭窄的集装箱里居然塞进去了4量车	日本托运过来的汽车,一个狭窄的集装箱里居然塞进去了4辆车	negative
中欧商学院教授:人材制度是阿里巴巴的世界级创新	中欧商学院教授:人才制度是阿里巴巴的世界级创新	negative
利用简便方法计算:66666×133322,这道数学题,看谁的方法最快	利用简便方法计算:66666×133322,这道数学题,看谁的方法最快	positive
28岁女子选择事业抛弃男友,得知男子已经结婚那刻,女友几度奔溃	28岁女子选择事业抛弃男友,得知男子已经结婚那刻,女友几度崩溃	negative
华为mate20pro爆料,6.9英寸+超升波指纹+980,能超越三星苹果?	华为mate20pro爆料,6.9英寸+超声波指纹+980,能超越三星苹果?	negative
世界上最安全的电锯?碰到手就缩回,简直是手指的救星!	世界上最安全的电锯?碰到手就缩回,简直是手指的救星!	positive
大唐军队于公元751年7月在恒罗斯大战阿拉伯军队,为什么主将高仙芝战败职位不降反升?	大唐军队于公元751年7月在俄罗斯大战阿拉伯军队,为什么主将高仙芝战败职位不降反升?	negative
联合国秘书长古特雷斯:军事干涉拉美的日子己过去	联合国秘书长古特雷斯:军事干涉拉美的日子已过去	negative
许三多演戏抓了高连长,连长气的话都不会说了,全班差点笑趴!	许三多演戏抓了高连长,连长气的话都不会说了,全班差点笑趴!	positive
中国又一巨头的“倒下”成定局?市值蒸发百亿,5万工人面临失业	中国又一巨头的“倒下”成定局?市值蒸发百亿,5万工人面临失业	positive
对摔狗者死亡威胁:不爱人何以爱狗?	对摔狗者死亡威胁:不爱人何以爱狗?	positive
越南这座城市已被韩国人“攻陷”,韩流随处可见中国品牌却无影踪	越南这座城市已被韩国人“攻陷”,韩流随处可见中国品牌却无影踪	positive
我就想知道,霹雳舞大叔和他的小徒弟们的脖子是咋练出来了呢,我跟我一样想法的吗?	我就想知道,霹雳舞大叔和他的小徒弟们的脖子是咋练出来了呢,我跟我一样想法的吗?	positive
海口警方严查销售、燃放烟花爆竹,已行拘12人!	海口警方严查销售、燃放烟花爆竹,已刑拘12人!	negative
电钻还有如此用法,超级实用,牛人这脑洞不得不佩服	电钻还有如此用法,超级实用,牛人这脑洞不得不佩服	positive
女孩不堪爱情长跑穿婚纱登台求婚男友,一通吐槽把涂磊说的哑口无言,东北女孩都这么豪爽的吗!男友会答应吗?	女孩不堪爱情长跑穿婚纱登台求婚男友,一通吐槽把涂磊说的哑口无言,东北女孩都这么豪爽的吗!男友会答应吗?	positive
电动车被列入机动车范围,还会有人买吗?网友给出神回复	电动车被列入机动车范围,还会有人买吗?网友给出神回复	positive
个税改革料实现新突破从上调起征点与专项扣除入手	个税改革将实现新突破从上调起征点与专项扣除入手	negative
父母靠这个养我长大,现在是我提父母分担的压力的时候了	父母靠这个养我长大,现在是我替父母分担的压力的时候了	negative
终于知道胧月为什么要帮甄嬛指证皇后了静妃说了这话	终于知道胧月为什么要帮甄嬛指证皇后了静妃说了这话	positive
50岁的男人留给60岁的女人一个拦摊子,揭露英国脱欧乱象根源	50岁的男人留给60岁的女人一个烂摊子,揭露英国脱欧乱象根源	negative
大叔看上女教练,想要用条件,直接征服女教练!	大叔看上女教练,想要用条件,直接征服女教练!	positive
回顾经典!一人一脚成名球!盘点足坛巨星们的封神瞬间	回顾经典!一人一脚成名球!盘点足坛巨星们的封神瞬间	positive
费玉清演唱凤凰传奇《爱情买卖》,杨坤和莫文蔚笑得前仰后合	费玉清演唱凤凰传奇《爱情买卖》,杨坤和莫文蔚笑得前仰后合	positive
《绝地求生》出现新武器外挂把s1987当m16a4用	《绝地求生》出现新武器外挂把s1987当m16a4用	positive
成都到蒲江城际铁路开通在即,沿途美景美食帅呆了!	成都到蒲江城际铁路开通在即,沿途美景美食帅呆了!	positive
中国又一项技术超越美国,美国需要三农才能实施,而中国只需一年	中国又一项技术超越美国,美国需要三年才能实施,而中国只需一年	negative
心存侥幸!日本全日空机组乘员又被查出驾机前饮酒	心存侥幸!日本全日空机组成员又被查出驾机前饮酒	negative
闯红灯逆行拖行辅警十多米,外卖员:马上要超时了	闯红灯逆行拖行辅警十多米,外卖员:马上要超时了	positive
长三角第一豪宅,总价600多万,依山傍水,3800亩高尔夫,户户通温泉,山脚下就是市区@火山小助手	长三角第一豪宅,总价600多万,依山傍水,3800亩高尔夫,户户通温泉,山脚下就是市区@火山小助手	positive
小李飞刀大结局,姬无命失手而亡,最终上官金虹死于木飞刀	小李飞刀大结局,姬无命失手而亡,最终上官金虹死于木飞刀	positive
凭操控和汉兰达正面刚,马自达cx-8真的有这能耐?	凭操控和汉兰达正面刚,马自达cx-8真的有这能耐?	positive
关于2018年高考全国卷i理综第8题选a选b都给6分,你怎么看?	关于2018年高考全国卷i理综第8题选a选b都给6分,你怎么看?	positive
回国后,范冰冰首次公开现身看望33为救助儿童,平易近人没有架子	回国后,范冰冰首次公开现身看望33位救助儿童,平易近人没有架子	negative
22中4,本场却飚进7记3分!火箭防守大神归位,球迷现在不慌了!	22中4,本场却飚进7记3分!火箭防守大神归位,球迷现在不慌了!	positive
天津一网民侮辱四川凉山消防烈士被刑拘	天津一网民侮辱四川凉山消防烈士被刑拘	positive
重大消息!叙利亚罕见空袭以色列,50枚导弹全被拦截,大战爆发	重大消息!叙利亚罕见空袭以色列,50枚导弹全被拦截,大战爆发	positive
美国对叙狂轰乱炸中国这个行为低调却备受赞誉	美国对叙狂轰滥炸中国这个行为低调却备受赞誉	negative
足球史上门将大脚解围,却没想到一脚直接轰进对方球门	足球史上门将大脚解围,却没想到一脚直接轰进对方球门	positive
吴京的电影接连火爆,未来他还能创记录吗?	吴京的电影接连火爆,未来他还能创纪录吗?	negative
一个人的素质能有多高?如果世上多些这样的人,一定非常没好吧	一个人的素质能有多高?如果世上多些这样的人,一定非常美好吧	negative
驾驶辽宁舰庆祝海军成立69周年,舵手居然是个小姑凉	驾驶辽宁舰庆祝海军成立69周年,舵手居然是个小姑娘	negative
教育减负政策为何迟迟不见效果?真实原因另人可笑又可悲	教育减负政策为何迟迟不见效果?真实原因令人可笑又可悲	negative
看今日叙利亚遥想过去中国:因缺少防空导弹,只能靠民兵防空	看今日叙利亚遥想过去中国:因缺少防空导弹,只能靠民兵防空	positive
潜行极战粤语02_03苗侨伟吴卓义保护的卧底被杀	潜行极战粤语02_03苗侨伟吴卓义保护的卧底被杀	positive
超可爱的小奶猫,一害羞就捂住自己的小脸,好萌啊!	超可爱的小奶猫,一害羞就捂住自己的小脸,好萌啊!	positive
九岁小女孩爱猫去世,母亲准备惊喜让她秒喷泪	九岁小女孩爱猫去世,母亲准备惊喜让她秒喷泪	positive
盘龙江即将告别单飞时代——赌城昆明咸鱼翻身的机会来了!	盘龙江即将告别单飞时代——赌城昆明咸鱼翻身的机会来了!	positive
什么样的女入能让男入欲罢不能?以下家常菜会烧5样的小娇妻能!	什么样的女人能让男人欲罢不能?以下家常菜会烧5样的小娇妻能!	negative
为什么中国那么多美国飞行员?看完恍然大悟!	为什么中国那么多美国飞行员?看完恍然大悟!	positive
中国突破技术限制海上建铁路,全长345公路,火车也可以上海面	中国突破技术限制海上建铁路,全长345公里,火车也可以上海面	negative
女子狂追男子掌掴脚踹上演全武行,原因却让人苦笑不得!20170506	女子狂追男子掌掴脚踹上演全武行,原因却让人哭笑不得!20170506	negative
大姑做的秋刀鱼,放了两罐啤酒,在拌个猪皮凉菜,山里的一大家人	大姑做的秋刀鱼,放了两罐啤酒,再拌个猪皮凉菜,山里的一大家人	negative
连按喇叭催促奔驰遭3男子围殴的哥被打后踩油门反复冲撞奔驰	连按喇叭催促奔驰遭3男子围殴的哥被打后踩油门反复冲撞奔驰	positive
忠臣之子为洗刷父亲冤屈,亲面武则天理论	忠臣之子为洗刷父亲冤屈,亲面武则天理论	positive
十二星座6月18日运势:端午节快乐~	十二星座6月18日运势:端午节快乐~	positive
最高法院关于非法吸收公众存款、变相吸收公众存款可免予刑事	最高法院关于非法吸收公众存款、变相吸收公众存款可免予刑罚	negative
微信支付出新规已执行,看看你损失多少钱!网友:不想在用了	微信支付出新规已执行,看看你损失多少钱!网友:不想再用了	negative
马云看呆!马化腾又将收割一家上市公司,估值高达250亿美元!	马云看呆!马化腾又将收割一家上市公司,估值高达250亿美元!	positive
浙江舟山普陀山自驾一日游	浙江舟山普陀山自驾一日游	positive
别把机器学习和人工智能搞混了!	别把机器学习和人工智能搞混了!	positive
潘石屹清仓买楼!紧追李嘉诚避险!大佬们都在逃什么?	潘石屹清仓买楼!紧追李嘉诚避险!大佬们都在逃什么?	positive
旅行社订越南游几小时后想退款,对方称信息以确认拒绝退款	旅行社订越南游几小时后想退款,对方称信息已确认拒绝退款	negative
精明!李秋平终于放弃2分2板却拿着200万的废柴,上海有希望了	精明!李秋平终于放弃2分2板却拿着200万的废柴,上海有希望了	positive
帅气总裁遭酷拽富二代抛尸荒野,将如何绝地求生?	帅气总裁遭酷拽富二代抛尸荒野,将如何绝地求生?	positive
国内有哪些比较好的医科大学吗?	国内有哪些比较好的医科大学吗?	positive
手机发热真的是手机的锅吗?其实是你忽略了这些小设置!	手机发热真的是手机的锅吗?其实是你忽略了这些小设置!	positive
郑州欧米奇学员作品:粗粮全麦面包	郑州欧米奇学员作品:粗粮全麦面包	positive
最后摩瑞500的油箱容容积18生升说错了,这个车褒贬不一,酌情购买。#重机#机车机车梦#机车	最后摩瑞500的油箱容容积18升升说错了,这个车褒贬不一,酌情购买。#重机#机车机车梦#机车	negative
虎牙上好佳:气到挂机,橘右京成垃圾英雄?这可以我的本命啊	虎牙上好佳:气到挂机,橘右京成垃圾英雄?这可是我的本命啊	negative
郑州通报学生坠楼事故:校长停职全力救治3名学生	郑州通报学生坠楼事故:校长停职全力救治3名学生	positive
lol:你们真的错怪马老师了,白银局灵活组排的事确实是个误会!	lol:你们真的错怪马老师了,白银局灵活组排的事确实是个误会!	positive
大众朗逸puls实车已到店,快马加鞭上市,只要15万之内都能火!	大众朗逸puls实车已到店,快马加鞭上市,只要15万之内都能火!	positive
还原晚晴官员“妻妾成群”的真实生活,只有贫富没有爱情	还原晚清官员“妻妾成群”的真实生活,只有贫富没有爱情	negative
文化博物馆系列:南京博物馆	文化博物馆系列:南京博物馆	positive
权健真相曝光:权健实际控制人束某某被刑拘,曝队内已下封口令	权健真相曝光:权健实际控制人束某某被刑拘,曝队内已下封口令	positive
邓超、李晨、杨颖三人做游戏,谁会被第一个淘汰?期待	邓超、李晨、杨颖三人做游戏,谁会被第一个淘汰?期待	positive
民国时期身份证长啥样?陕西籍女子后人展示历史物证	民国时期身份证长啥样?陕西籍女子后人展示历史物证	positive
关见时候来电话,嗯	关键时候来电话,嗯	negative
世界杯最新积分榜,阿根廷梅西出线截止至27日4:00,11出线队伍	世界杯最新积分榜,阿根廷梅西出线截止至27日4:00,11出线队伍	positive
今年第一批手回来的二手车,看看有没有你看得上的	今年第一批收回来的二手车,看看有没有你看得上的	negative
那年那兔那些事:兔子和脚盆鹤谈判,可兔子脾气不好,张嘴就骂妈	那年那兔那些事:兔子和脚盆鹤谈判,可兔子脾气不好,张嘴就骂妈	positive
张杰化身《创造101》声乐导师,一首《我们不一样》带入旧回忆	张杰化身《创造101》声乐导师,一首《我们不一样》带入旧回忆	positive
月赚3000人民币在上海和3000美刀在纽约获得的生活品质一样吗?	月赚3000人民币在上海和3000美刀在纽约获得的生活品质一样吗?	positive
零界全面屏+4800万三摄!vivo新机x27pk小米华为,胜在这几点	零界全面屏+4800万三摄!vivo新机x27pk小米华为,胜在这几点	positive
朱之文想吃榛子,厨师为啥不给?还一巴掌拍碎了!	朱之文想吃榛子,厨师为啥不给?还一巴掌拍碎了!	positive
郑州的方文山胡辣汤,真的有那么辣?	郑州的方文山胡辣汤,真的有那么辣?	positive
海贼王:索隆的身世被揭开?父亲竟是个连四皇都畏惧的地痞流氓	海贼王:索隆的身世被揭开?父亲竟是个连四皇都畏惧的地痞流氓	positive
世界各地对中国好感动飙升中国领导力贡献力领先全球	世界各地对中国好感度飙升中国领导力贡献力领先全球	negative
嫦娥四号登月成功,nasa忠于承认自己的登月计划造假	嫦娥四号登月成功,nasa终于承认自己的登月计划造假	negative
汶川·十年十人|4岁男童被记者背出震中如今14岁的他要说声谢谢	汶川·十年十人|4岁男童被记者背出震中如今14岁的他要说声谢谢	positive
骑士本可在13年选中奥拉迪波、字母歌,却选中了这位史上最水状元	骑士本可在13年选中奥拉迪波、字母哥,却选中了这位史上最水状元	negative
皇帝杀了皇子的亲信,皇子不再委屈求全掀房造反,太帅了!	皇帝杀了皇子的亲信,皇子不再委屈求全掀房造反,太帅了!	positive
司机轻轻按了声喇叭,女路人当时就不干了,一些列举动让司机费解	司机轻轻按了声喇叭,女路人当时就不干了,一系列举动让司机费解	negative
谢谢你怎么爱我	谢谢你这么爱我	negative
女大学生的试卷,老师当场念出,笑傻全班人	女大学生的试卷,老师当场念出,笑傻全班人	positive
异常天气要来我国了!厄尔尼诺持续发威,汛期雨水或南多北方!	异常天气要来我国了!厄尔尼诺持续发威,汛期雨水或南多北方!	positive
有这一步一胜景,一景一传说的陕南“九寨沟”原来就在秦岭安康	有着一步一胜景,一景一传说的陕南“九寨沟”原来就在秦岭安康	negative
老人骑三轮车闯红灯不幸被撞遇难家属当街痛哭并怒打货车司机	老人骑三轮车闯红灯不幸被撞遇难家属当街痛哭并怒打货车司机	positive
魅族pro6plus成神机,连续两月霸占好评样第一的位置	魅族pro6plus成神机,连续两月霸占好评榜第一的位置	negative
卢本伟微博时隔两年再现动态,看到微博内容,网友:求胜欲很强	卢本伟微博时隔两年再现动态,看到微博内容,网友:求生欲很强	negative
建议大家:无伦此油汽油车,这个孔一定要月月清理,马力十足省油	建议大家:无论柴油汽油车,这个孔一定要月月清理,马力十足省油	negative
印度一次出动千架作战飞机举行大军演:专家只说了四个字	印度一次出动千架作战飞机举行大军演:专家只说了四个字	positive
祸从天降驻!马店村民家中一声巨响!老汉被炸面目全非	祸从天降了!马店村民家中一声巨响!老汉被炸面目全非	negative
俞飞鸿:你们只知道叫我女神,却不知我最想虚度此生	俞飞鸿:你们只知道叫我女神,却不知我最想虚度此生	positive
刚刚,十堰这座跨线桥合龙了!这里的交通将发生大变化	刚刚,十堰这座跨线桥合拢了!这里的交通将发生大变化	negative
4s点不只能买车,一男子将4s店当做自己家食堂,4s店员怒斥:无耻	4s店不只能买车,一男子将4s店当做自己家食堂,4s店员怒斥:无耻	negative
刚刚,中印联手要做一件大好事,美媒挑拨离间:小心这可能是陷进	刚刚,中印联手要做一件大好事,美媒挑拨离间:小心这可能是陷井	negative
宋小宝饭店吃饭,上的菜居然这么多问题,这店胆子真大	宋小宝饭店吃饭,上的菜居然这么多问题,这店胆子真大	positive
勇士队的替补奇兵文斯顿,受伤之前是怎样的水平?	勇士队的替补奇兵温斯顿,受伤之前是怎样的水平?	negative
日本发明机器人比人内灵活6倍,‘霍金’预言可能真的会实现	日本发明机器人比人类灵活6倍,‘霍金’预言可能真的会实现	negative
一箭双星!北斗三号第五、第六课组网卫星发射成功	一箭双星!北斗三号第五、第六颗组网卫星发射成功	negative
苏炳添室内60米夺冠后主动和对手拥抱致意,一美国选手显得爱理不理,你怎么看?	苏炳添室内60米夺冠后主动和对手拥抱致意,一美国选手显得爱理不理,你怎么看?	positive
特朗普10岁儿子平静如湖水,对白宫不敢兴趣,父亲演讲时常打瞌睡	特朗普10岁儿子平静如湖水,对白宫不感兴趣,父亲演讲时常打瞌睡	negative
梦芽:美雅姐你可是我们小川家做什么都只有三分钟热度的代表人物	梦芽:美雅姐你可是我们小川家做什么都只有三分钟热度的代表人物	positive
满山跑的黑猪肉,看着都流口水,还聪明,饲养员吹哨就会集合	满山跑的黑猪肉,看着都流口水,还聪明,饲养员吹哨就会集合	positive
“14万买包子”的顾客找到了:付款额误输成密码,没看新闻	“14万买包子”的顾客找到了:付款错误输成密码,没看新闻	negative
逻辑比道德更重要	逻辑比道德更重要	positive
手段残忍!三名村民遭遇蒙面人打断双腿,真凶目的是组织他们上访	手段残忍!三名村民遭遇蒙面人打断双腿,真凶目的是阻止他们上访	negative
中国最牛文物,专家坚定都很难,连假的都价值不菲	中国最牛文物,专家鉴定都很难,连假的都价值不菲	negative
看看mk3825毫米机枪开火你能承受几下	看看mk3825毫米机枪开火你能承受几下	positive
华为余承东回应在美收阻:我们太强大了,老美害怕了	华为余承东回应在美受阻:我们太强大了,老美害怕了	negative
张召忠如果英国在打一次马岛战争比上一次还利索	张召忠如果英国再打一次马岛战争比上一次还利索	negative
最稳妥的选择爱卡测2018款广丰汉兰达	最稳妥的选择爱卡测2018款广丰汉兰达	positive
无视幼儿生命连疫苗的钱都贪,这个世界已无他们的容身之地了	无视幼儿生命连疫苗的钱都贪,这个世界已无他们的容身之地了	positive
丈夫在照顾妻子失眠三年后,查出自己得了胃癌晚期,以照顾妻子为名离婚,把眼角膜捐给妻子,为好丈夫点赞!	丈夫在照顾妻子失明三年后,查出自己得了胃癌晚期,以照顾妻子为名离婚,把眼角膜捐给妻子,为好丈夫点赞!	negative
男子对孩7年不管不问,前妻刚去世就要扶养权,继父:门都没有	男子对孩7年不管不问,前妻刚去世就要抚养权,继父:门都没有	negative
辐射最大的手机品牌:苹果倒数,一加第2,第一是谁?	辐射最大的手机品牌:苹果倒数,一加第2,第一是谁?	positive
《华山论剑》片尾曲主题曲,唱得真好听	《华山论剑》片尾曲主题曲,唱得真好听	positive
刀郎一首《披着羊皮的浪》勾起我童年回忆、听醉了	刀郎一首《披着羊皮的狼》勾起我童年回忆、听醉了	negative
gputurbo技术是什么?华为首次公开解读,并开始打造自有生态!	gputurbo技术是什么?华为首次公开解读,并开始打造自有生态!	positive
李显龙表态了:狠狠打了美国的脸,直击霸权主义本质!	李显龙表态了:狠狠打了美国的脸,直击霸权主义本质!	positive
湖北19个县市gdp出炉,枣阳老河口宜城前三,巴东竹山竹溪垫底	湖北19个县市gdp出炉,枣阳老河口宜城前三,巴东竹山竹溪垫底	positive
儿子整天睡觉不工作如何撑起苦难的家	儿子整天睡觉不工作如何撑起苦难的家	positive
亚当熊飙酷车神2:土豪熊总喜提兰博基尼大牛,好运来!	亚当熊飙酷车神2:土豪熊总喜提兰博基尼大牛,好运来!	positive
央视名嘴欧阳夏丹自爆一个月的工资,还不如农名赚得多	央视名嘴欧阳夏丹自爆一个月的工资,还不如农民赚得多	negative
用打抗美援朝的意志打对美贸易战!	用打抗美援朝的意志打对美贸易战!	positive
广东打工妹:节端午节回老家,打工妹心情好开心,终于不用再加班	广东打工妹:借端午节回老家,打工妹心情好开心,终于不用再加班	negative
抖音火变校园	抖音火遍校园	negative
一年之廋始于春,这个减肥全攻略,教你挑着吃,保准半月瘦5斤!	一年之瘦始于春,这个减肥全攻略,教你挑着吃,保准半月瘦5斤!	negative
人民日报:1000亿美元唬谁呢?中国不是吓大的!	人民日报:1000亿美元唬谁呢?中国不是吓大的!	positive
传说中的“迷人妙物”,瞧下图这些”维密款“,气质高雅心动不已	传说中的“迷人妙物”,瞧下图这些”维密款“,气质高雅心动不已	positive
90%的农人看哭了!著名外企在中国做农业的10年惨败历程	90%的农人看哭了!著名外企在中国做农业的10年惨败历程	positive
当地球下一场持续200万年的雨,人类怎么办?比《流浪地球》真实	当地球下一场持续200万年的雨,人类怎么办?比《流浪地球》真实	positive
不过对手留时间和市场,p20继任者来临	不给对手留时间和市场,p20继任者来临	negative
老公偷卖给我的生日礼物,俩人在家偷偷穿都脸红,夏天穿着真舒服	老公偷买给我的生日礼物,俩人在家偷偷穿都脸红,夏天穿着真舒服	negative
女主播被骗财偏色,登门讨说法为何遭拒,警察到来才开门?	女主播被骗财骗色,登门讨说法为何遭拒,警察到来才开门?	negative
东风41刚试射成功,美国就宣布一个决定,全球70一人受影响	东风41刚试射成功,美国就宣布一个决定,全球70亿人受影响	negative
国内这种“国产犬”被正名,它们不在是中华田园犬!	国内这种“国产犬”被正名,它们不再是中华田园犬!	negative
再引强援!psg有望天价合同签下富勒姆神通!曼联或引援无望!	再引强援!psg有望天价合同签下富勒姆神童!曼联或引援无望!	negative
一次性做100个俯卧撑和一天内做100个俯卧撑,会有怎样的区别?	一次性做100个俯卧撑和一天内做100个俯卧撑,会有怎样的区别?	positive
世界杯!亚洲五虎已有两只出局,日本、伊朗、澳大利亚形式不利	世界杯!亚洲五虎已有两只出局,日本、伊朗、澳大利亚形势不利	negative
熬过7年干旱,却熬不过10天暴雨,50万头澳洲牛惨遭没顶之灾!	熬过7年干旱,却熬不过10天暴雨,50万头澳洲牛惨遭灭顶之灾!	negative
赌博导致倾家荡产开戒毒面馆从头再来	赌博导致倾家荡产开戒赌面馆从头再来	negative
王伟,王伟,祖国命令你立即反航!	王伟,王伟,祖国命令你立即返航!	negative
载这盆植物除了美观还有要用价值,你觉得好看么?欣姐的盆栽!	栽这盆植物除了美观还有药用价值,你觉得好看么?欣姐的盆栽!	negative
男人五十五岁后适合哪种丰田车?	男人五十五岁后适合哪种丰田车?	positive
湖人不再等戴,迅速和活塞完成交易,球迷高呼:真痛快!	湖人不再等待,迅速和活塞完成交易,球迷高呼:真痛快!	negative
阿尔池天池:世界上唯一没有水怪的天池,水平如镜!	阿尔山天池:世界上唯一没有水怪的天池,水平如镜!	negative
这几家称霸大半个西安寿司届的馆子,你吃过吗?	这几家称霸大半个西安寿司界的馆子,你吃过吗?	negative
学校怀疑美女学霸考试作弊,美女重考给出的答卷竟让他们看不懂	学校怀疑美女学霸考试作弊,美女重考给出的答卷竟让他们看不懂	positive
4岁失去双臂,90后女孩寻找一面之缘的哥哥,开门后两人相拥落泪	4岁失去双臂,90后女孩寻找一面之缘的哥哥,开门后两人相拥落泪	positive
多么痛的领悟!夏天夜钓的这几条千万要留意	多么痛的领悟!夏天夜钓的这几条千万要留意	positive
上海滩大佬杜月笙去世后,独自一人的孟小冬在香港是如何某生的?	上海滩大佬杜月笙去世后,独自一人的孟小冬在香港是如何谋生的?	negative
死亡小组,最后一轮都有可能出现,世界杯死亡小组!	死亡小组,最后一轮都有可能出线,世界杯死亡小组!	negative
伊朗出线铁定无望?b组形势远比想象中的乱!	伊朗出线铁定无望?b组形势远比想象中的乱!	positive
大爷古法做酒酿45年,酸甜可口一出缸就遭疯抢,一年做5吨不购卖	大爷古法做酒酿45年,酸甜可口一出缸就遭疯抢,一年做5吨不够卖	negative
顾客:你家汤丽为什么有苍蝇大白:恭喜您那是中奖了	顾客:你家汤里为什么有苍蝇大白:恭喜您那是中奖了	negative
长见识了!愿来身份证还有这层意思,太神奇了	长见识了!原来身份证还有这层意思,太神奇了	negative
歼-20作为最先进战机,从中国最北方飞到最南方,到底需要多久?	歼-20作为最先进战机,从中国最北方飞到最南方,到底需要多久?	positive
美女玩飞镖与老板起争执,欲扎老板,谁知却扎穿6岁小男孩眼睛	美女玩飞镖与老板起争执,欲扎老板,谁知却扎穿6岁小男孩眼睛	positive
100万白人渴望回归祖国是假的?他们说自己是中国人后代	100万白人渴望回归祖国是假的?他们说自己是中国人后代	positive
4大帅位最稳教练:科尔垫底,一人球队已经改朝换代数次他还在	4大帅位最稳教练:科尔垫底,一人球队已经改朝换代数次他还在	positive
为什么越发达国家,越是反对无现金社会?	为什么越发达国家,越是反对无现金社会?	positive
湖北省的一匹黑马,这么多年一直排第三,如今终于讲宜昌甩掉	湖北省的一匹黑马,这么多年一直排第三,如今终于将宜昌甩掉	negative
故事:为采圣药他踏入了生死交界之地,他采到了药但去被困死在生死界	故事:为采圣药他踏入了生死交界之地,他采到了药但却被困死在生死界	negative
中美高科技人才争夺激烈,德国反水肠道全球科技人才进入中国!	中美高科技人才争夺激烈,德国反水倡导全球科技人才进入中国!	negative
此人清楚皇室后裔,依旧黄袍加身,想让一家四口回到紫禁城生活	此人清除皇室后裔,依旧黄袍加身,想让一家四口回到紫禁城生活	negative
地球最强名族?《韩国史》中的朝鲜历史地图,中国哪里去了?	地球最强民族?《韩国史》中的朝鲜历史地图,中国哪里去了?	negative
京东于义乌战略合作,打造现代化物流基地	京东与义乌战略合作,打造现代化物流基地	negative
英雄回家了,一级国宾迎接,但在高的荣誉人却已不在,一路走好	英雄回家了,一级国宾迎接,但再高的荣誉人却已不在,一路走好	negative
电焊师傅是怎么半段电流大小的,让十多年的师傅告诉你,长知识了	电焊师傅是怎么判断电流大小的,让十多年的师傅告诉你,长知识了	negative
读完研究生是否要度博士?	读完研究生是否要读博士?	negative
选不选2020赖清德成韩国瑜最值得借镜的失败范例	选不选2020赖清德成韩国瑜最值得借鉴的失败范例	negative
超重本线73分,脑瘫理科考生高考成绩619分!	超重本线73分,脑瘫理科考生高考成绩619分!	positive
如果让你投票解散国足,你会支持吗?	如果让你投票解散国足,你会支持吗?	positive
男子在穿上徒手抓住一只大海鸥,愤怒的海鸥:我可不是吃素的!	男子在船上徒手抓住一只大海鸥,愤怒的海鸥:我可不是吃素的!	negative
明末至晚清前两百年列强为啥未来宰割中国?原来是崇祯帝打出来的	明末至晚清前两百年列强为啥会来宰割中国?原来是崇祯帝打出来的	negative
“学渣”的戏剧人生,被名校拒绝无奈报考中系,却意外进入娱乐圈	“学渣”的戏剧人生,被名校拒绝无奈报考中戏,却意外进入娱乐圈	negative
乡村爱情9的拍摄地,大脚的超市广坤的小驴车还要收费	乡村爱情9的拍摄地,大脚的超市广坤的小驴车还要收费	positive
给你们示范一下什么才叫样生迪	给你们示范一下什么才叫养生迪	negative
被汪涵骂有眼无珠,当年“欧弟不红、天理难容”现在确淡出娱乐圈	被汪涵骂有眼无珠,当年“欧弟不红、天理难容”现在却淡出娱乐圈	negative
难怪张靓颖能驾驭起1米8的长裙,原来是站在“钢琴”上,服了!	难怪张靓颖能驾驭起1米8的长裙,原来是站在“钢琴”上,服了!	positive
中国4月70气象站发生极端日降温事件沙尘为五年来最多	中国4月70气象站发生极端性降温事件沙尘为五年来最多	negative
一碗荡气回肠的酸汤肥牛乌冬面,手机来不及吃就已经光盘了	一碗荡气回肠的酸汤肥牛乌冬面,手机来不及吃就已经光盘了	positive
两会进行时2000多名全国政协委员共商国是	两会进行时2000多名全国政协委员共商国是	positive
王者荣耀:粉丝要求把皮肤折现了,今天父情节要给他一个惊喜	王者荣耀:粉丝要求把皮肤折现了,今天父亲节要给他一个惊喜	negative
太好听了,梁红演唱《争什么争》唱的太现实了,唱出了人生百态	太好听了,梁红演唱《争什么争》唱的太现实了,唱出了人生百态	positive
四川搞笑视频自贡话《老表拜年》	四川搞笑视频自贡话《老表拜年》	positive
李影梅开二度女足获世界杯入场券	李影梅开二度女足获世界杯入场券	positive
凶猛的腾讯	凶猛的腾讯	positive
国足终于等来前锋苗子!除了进球意外,黄紫昌这三点比武磊强	国足终于等来前锋苗子!除了进球以外,黄紫昌这三点比武磊强	negative
侠客奥利尔和老周用饶舌互相diss,两人嘴炮全开嗨翻全场	侠客奥尼尔和老周用饶舌互相diss,两人嘴炮全开嗨翻全场	negative
岳云鹏:师傅常年教导我台上无大小,郭德纲:回去在弄死你	岳云鹏:师傅常年教导我台上无大小,郭德纲:回去再弄死你	negative
总决赛如火如荼!八一南昌男篮逆风翻盘,重夺赛点	总决赛如火如荼!八一南昌男篮逆风翻盘,重夺赛点	positive
陈赫:你大二就开始掉头发了,徐峥:我带和不带帽子相差十七岁	陈赫:你大二就开始掉头发了,徐峥:我戴和不戴帽子相差十七岁	negative
父亲遭电击抢救多次依然面临死亡女儿痛哭哀求医生救命	父亲遭电击抢救多次依然面临死亡女儿痛哭哀求医生救命	positive
准备一“赖”到底?内乡法院拒你15天没商量	准备一“赖”到底?内乡法院拘你15天没商量	negative
解放战争中的67个军资料大全(军长最高大将,最低大校)	解放战争中的67个军资料大全(军长最高大将,最低大校)	positive
欧洲神车再度国产,操控虐飞度,加速秒polo	欧洲神车再度国产,操控虐飞度,加速秒polo	positive
18岁凭《加油!好男儿》冠军出道,进入娱乐圈后3年内热度消耗殆尽,井柏然如何用10年转型成为真正的演员?	18岁凭《加油!好男儿》冠军出道,进入娱乐圈后3年内热度消耗殆尽,井柏然如何用10年转型成为真正的演员?	positive
谢天笑:圈里古笋谁比的过我?	谢天笑:圈里古董谁比的过我?	negative
詹姆斯43分乐福31分骑士吊打猛龙!赛后詹姆斯点出乐福爆发原因	詹姆斯43分乐福31分骑士吊打猛龙!赛后詹姆斯点出乐福爆发原因	positive
上错厕所没纸,看神男是怎么问女生借低的?	上错厕所没纸,看神男是怎么问女生借纸的?	negative
日本大恶青年,令整个家族羞愧辞职、退婚、自杀	日本大恶青年,令整个家族羞愧辞职、退婚、自杀	positive
奥尼尔评选历史“最强”12人,詹姆斯超乔丹、科比,杜兰特落选	奥尼尔评选历史“最强”12人,詹姆斯超乔丹、科比,杜兰特落选	positive
恭喜!2018年非洲最大经济体gdp突破4000亿美元,南非继续排第二	恭喜!2018年非洲最大经济体gdp突破4000亿美元,南非继续排第二	positive
两女子为乘电梯闹矛盾一言不合呼扇耳光打起来	两女子为乘电梯闹矛盾一言不合互扇耳光打起来	negative
300万人围观,中国丈母娘将别墅花园改菜园,澳洲洋女婿内心崩溃	300万人围观,中国丈母娘将别墅花园改菜园,澳洲洋女婿内心崩溃	positive
上诉得直格拉内罗的黄牌被取消	上诉得知格拉内罗的黄牌被取消	negative
姆巴佩发合照助王霜新年快乐,霜妹:一起为psg多进球	姆巴佩发合照祝王霜新年快乐,霜妹:一起为psg多进球	negative
江苏淮安一网民公然侮辱救火牺牲英雄被行拘15日	江苏淮安一网民公然侮辱救火牺牲英雄被行拘15日	positive
斯洛克中国公开赛,夺冠大热门仅输一个球被淘汰,美女裁判成风景	斯诺克中国公开赛,夺冠大热门仅输一个球被淘汰,美女裁判成风景	negative
澳6成矶钓死亡者在外国出生纽省拟罚款吁穿救生衣	澳6成矶钓死亡者在外国出生纽省拟罚款需穿救生衣	negative
大爷“百米冲刺”上演“惊天碰瓷”	大爷“百米冲刺”上演“惊天碰瓷”	positive
瓜贩见义勇为喝止盗窃被害主犯获死刑	瓜贩见义勇为阻止盗窃被害主犯获死刑	negative
国产手机这几个品牌最烈害,大家都喜欢用!	国产手机这几个品牌最厉害,大家都喜欢用!	negative
小学一年级语文期中考试真题来了!考前测一测,看你能拿多少分?	小学一年级语文期中考试真题来了!考前测一测,看你能拿多少分?	positive
悲喜自渡,他人难悟,大师不一般的人生	悲喜自渡,他人难悟,大师不一般的人生	positive
车友:开上红旗h5,回头率挺高,有点很多,缺点也不少!	车友:开上红旗h5,回头率挺高,优点很多,缺点也不少!	negative
三星galaxys10e评测电容式指纹s10e比超声波屏幕内传感器更精确	三星galaxys10e评测电容式指纹s10e比超声波屏幕内传感器更精确	positive
竞彩足球世界杯推荐:乌拉圭vs法国乌拉圭不败	竞彩足球世界杯推荐:乌拉圭vs法国乌拉圭不败	positive
【回顾】1995年乔丹复出身穿45号的乔帮主依旧所向睥睨	【回顾】1995年乔丹复出身穿45号的乔帮主依旧所向披靡	negative
沙特少女上演跨国大“逃亡”,只因想信无神论	沙特少女上演跨国大“逃亡”,只因相信无神论	negative
11个男人爱着她,戚薇还是无法在北京立足	11个男人爱着她,戚薇还是无法在北京立足	positive
你中了吗?哈啊哈那就坚持下去吧!	你中了吗?哈哈哈那就坚持下去吧!	negative
华谊兄弟:王忠军兄弟近4年未减持公司股份,不存在抛售套现	华谊兄弟:王中军兄弟近4年未减持公司股份,不存在抛售套现	negative
当代学生体质下降、体能不足,甚至有大学生在千米长跑体侧猝死	当代学生体质下降、体能不足,甚至有大学生在千米长跑体测猝死	negative
奈何boss:灰姑娘去见总裁父母,不料早已被当成儿媳妇,幸福	奈何boss:灰姑娘去见总裁父母,不料早已被当成儿媳妇,幸福	positive
2017骑边疆第139天,富康市,吉木萨尔县,千佛洞,县城遇骑友	2017骑边疆第139天,富康市,吉木萨尔县,千佛洞,县城遇骑友	positive
这位反击战英雄,因为这两件事声名狼藉,经历了真正的大起大落	这位反击战英雄,因为这两件事声名狼藉,经历了真正的大起大落	positive
河北梆子大登殿	河北梆子大登殿	positive
海豚这生活都能生无可恋?都精力了啥?	海豚这生活都能生无可恋?都经历了啥?	negative
大数据之谜spark基础篇,spark是什么	大数据之谜spark基础篇,spark是什么	positive
境外媒体:辽宁舰西太演练战机起降引关注	境外媒体:辽宁舰西太演练战机起降引关注	positive
中国新型核潜艇浮出水面,性能全球领先,令美国忌惮不几	中国新型核潜艇浮出水面,性能全球领先,令美国忌惮不已	negative
女子考试因长得太漂亮被监考老师盯上,上网调查发现果然不简单	女子考试因长得太漂亮被监考老师盯上,上网调查发现果然不简单	positive
又一黑心国产车被揪出,车主抱团投诉,网友:这质量怎么支持国产	又一黑心国产车被揪出,车主抱团投诉,网友:这质量怎么支持国产	positive
够浪!“大礼包”据给全欧当陪练,32岁罗马最强底牌让全欧都眼馋	够浪!“大礼包”拒给全欧当陪练,32岁罗马最强底牌让全欧都眼馋	negative
老兵帮战友扮烈士证,工作人员却在玩游戏,老兵怒了直接砸办公室	老兵帮战友办烈士证,工作人员却在玩游戏,老兵怒了直接砸办公室	negative
18世纪的时候科学家是如何知道,恒星是由什么物质构成的?	18世纪的时候科学家是如何知道,恒星是由什么物质构成的?	positive
网红李子柒家菜园引讨论,网友:这个菜园是有多大啊?	网红李子柒家菜园引讨论,网友:这个菜园是有多大啊?	positive
特朗普:正式下令成立台空军	特朗普:正式下令成立太空军	negative
毛台:你要三金我给五斤你为啥还不乐意?大白打球绝招够狠	茅台:你要三斤我给五斤你为啥还不乐意?大白打球绝招够狠	negative
清涧交警:客车超员?查你设商量	清涧交警:客车超员?查你没商量	negative
男子杀死两个6岁左右的女儿,简直是畜牲不如	男子杀死两个6岁左右的女儿,简直是畜生不如	negative
淮北相山区家长殴打老师事件:家长刑拘校长免职	淮北相山区家长殴打老师事件:家长刑拘校长免职	positive
高处不胜寒啊,谁又相当亡国奴,大汉奸呢?	高处不胜寒啊,谁又想当亡国奴,大汉奸呢?	negative
教大家怎么叼龙虾	教大家怎么钓龙虾	negative
中国10年后将不再进口芯片,赌城澳门发挥重要作用!	中国10年后将不再进口芯片,赌城澳门发挥重要作用!	positive
如今的三四线城市的房价仍在涨,那么现在够买房是好时机吗?	如今的三四线城市的房价仍在涨,那么现在购买房是好时机吗?	negative
pr的简单高级实用技巧,轻松实现电影及开场特效	pr的简单高级实用技巧,轻松实现电影级开场特效	negative
农村老话说“七十不留坐,八十不宿,九十不留饭”,是什么意思?	农村老话说“七十不留坐,八十不宿,九十不留饭”,是什么意思?	positive
光沭节目现场被赵寅成掌掴,全场嘉宾都拍手叫好	光洙节目现场被赵寅成掌掴,全场嘉宾都拍手叫好	negative
德州扑克:dwan毒王哥一遍打电话一遍打牌霸气侧漏	德州扑克:dwan赌王哥一边打电话一遍打牌霸气侧漏	negative
中超形式明显,恒大后劲足,建业需填坑,贵州已订中甲票	中超形势明显,恒大后劲足,建业需填坑,贵州已订中甲票	negative
不比小涴熊、张君雅差的干脆面,已经停产很多年!吃过的都30岁啦	不比小浣熊、张君雅差的干脆面,已经停产很多年!吃过的都30岁啦	negative
山东省委常委、济南市委书记王忠林和市民代表一起体验地铁1号线	山东省委常委、济南市委书记王忠林和市民代表一起体验地铁1号线	positive
天下布衣一家亲	天下布衣一家亲	positive
农民:电费越交越多、电表越走越快,专家给出了原因,你赞同吗?	农民:电费越交越多、电表越走越快,专家给出了原因,你赞同吗?	positive
康熙兑现承若请矿山苦力人吃御宴,大家吃得津津有味	康熙兑现承诺请矿山苦力人吃御宴,大家吃得津津有味	negative
胆大!飙车族公路玩竞逐,昆明交警严惩不贷	胆大!飙车族公路玩竞逐,昆明交警严惩不贷	positive
郭德纲于谦相声已经了不得了,在来个冯小刚,直接是从头笑到尾	郭德纲于谦相声已经了不得了,再来个冯小刚,直接是从头笑到尾	negative
沈金波等演出的现代京剧《红灯记》选场	沈金波等演出的现代京剧《红灯记》选场	positive
日媒高度关注中国两会“劝导”中国放弃强国路线	日媒高度关注中国两会“劝导”中国放弃强国路线	positive
岳飞孙子拿岳母所刻大字来鉴宝,感动的王刚落泪,专家大呼了不起	岳飞孙子拿岳母所刻大字来鉴宝,感动的王刚落泪,专家大呼了不起	positive
世界杯再现凄惨“内马尔滚”!再这样踢下去巴西天王恐会被踢废	世界杯再现凄惨“内马尔滚”!再这样踢下去巴西天王恐会被踢废	positive
江西奉新发现大型抗战将士墓群,九成是湖南将士,都是民主英雄!	江西奉新发现大型抗战将士墓群,九成是湖南将士,都是民族英雄!	negative
郑州最没存在感的高铁站,经常有游客做错站,曾创造一个全国纪录	郑州最没存在感的高铁站,经常有游客坐错站,曾创造一个全国纪录	negative
江苏341省道全线贯通构建溧水南部交通动脉	江苏341省道全线贯通构建溧水南部交通动脉	positive
《王者荣耀》赵云的引擎之心皮肤即将返厂,值得入手吗?这款皮肤手感如何?	《王者荣耀》赵云的引擎之心皮肤即将返场,值得入手吗?这款皮肤手感如何?	negative
潘石屹:谁要说房价会跌,谁就会挨板砖	潘石屹:谁要说房价会跌,谁就会挨板砖	positive
印度女孩到中国旅游-我下错了高铁站?怎么像是到了非洲	印度女孩到中国旅游-我下错了高铁站?怎么像是到了非洲	positive
70岁许冠杰祖孙三代全家照,老婆年轻时很漂亮,早婚真想曝光	70岁许冠杰祖孙三代全家照,老婆年轻时很漂亮,早婚真相曝光	negative
重获新生!一场未赛却嗅到下课的味道,八冠王让中超新规全程陪跑	重获新生!一场未赛却嗅到下课的味道,八冠王让中超新贵全程陪跑	negative
鉴定完毕,是我见过最贵的鸟窝,熊猫:悠着点,被老在一个地方薅	鉴定完毕,是我见过最贵的鸟窝,熊猫:悠着点,别老在一个地方薅	negative
如何定位查看微信好友位置?打开这个功能就知道,太厉害了	如何定位查看微信好友位置?打开这个功能就知道,太厉害了	positive
日本捕获900斤巨型蓝鲫金枪鱼,实拍:金枪鱼变成刺身全过程	日本捕获900斤巨型蓝鳍金枪鱼,实拍:金枪鱼变成刺身全过程	negative
同类相残!黑猩猩组团猎杀猴子,每两天就吃掉一只猴子	同类相残!黑猩猩组团猎杀猴子,每两天就吃掉一只猴子	positive
美男子取款时遭抢劫后枪杀少年犯面临终身监禁	美男子取款时遭抢劫后枪杀少年犯面临终身监禁	positive
私生活不爱面子的明星	私生活不爱面子的明星	positive
穆里尼奥出局!孔蒂透露建队思路,一原因另国际米兰管理层看好!	穆里尼奥出局!孔蒂透露建队思路,一原因令国际米兰管理层看好!	negative
你吃惊的模样,同样惹人爱!	你吃惊的模样,同样惹人爱!	positive
聪明人钓鱼早不带伞了!如今流行“倭瓜帐篷,遮风大雨抵御紫外线	聪明人钓鱼早不带伞了!如今流行“倭瓜帐篷,遮风挡雨抵御紫外线	negative
广西一载5人轿车追尾货车,5人全身亡	广西一载5人轿车追尾货车,5人全身亡	positive
1998年抗洪牺牲了多少军人?20年了!原英雄安息!!!	1998年抗洪牺牲了多少军人?20年了!愿英雄安息!!!	negative
曹云金当台怒打岳云鹏。积怨已久终于爆发?	曹云金当台怒打岳云鹏。积怨已久终于爆发?	positive
妈妈是著名导演爸爸是富豪,这个女孩是我们不知道的富二代星二代	妈妈是著名导演爸爸是富豪,这个女孩是我们不知道的富二代星二代	positive
为什么一些厂子宁可多养几个闲管理,也不想多养一个闲工人?	为什么一些厂子宁可多养几个闲管理,也不想多养一个闲工人?	positive
孝庄要改建后宫,陈延敬说:没钱!康熙知道真相大笑,立马重赏	孝庄要改建后宫,陈延敬说:没钱!康熙知道真相大笑,立马重赏	positive
济宁新驿镇授予“2017年度全市美丽乡村建设工作先进市级片区”	济宁新驿镇授予“2017年度全市美丽乡村建设工作先进市级片区”	positive
现在的智能手表实在太高级,甚称——手挽上的高科技,太牛了	现在的智能手表实在太高级,堪称——手腕上的高科技,太牛了	negative
如何把普通女孩派出女神效果,这里有几招告诉你	如何把普通女孩拍出女神效果,这里有几招告诉你	negative
中国舰艇吨位已超日韩印总量,001a型航母还未下水002型已开工	中国舰艇吨位已超日韩印总量,001a型航母还未下水002型已开工	positive
airjordan4retro李维斯合作款潮味十足	airjordan4retro李维斯合作款潮味十足	positive
5秒延误至指挥官被杀美军称阿联酋自己干的翼龙无人机再立功	5秒延误致指挥官被杀美军称阿联酋自己干的翼龙无人机再立功	negative
城区占到经营治理初见成效,小贩没有了,道路畅通了	城区占道经营治理初见成效,小贩没有了,道路畅通了	negative
8年感情输给夜店老板,在遇胡杏儿,眼神却出卖了黄宗泽!	8年感情输给夜店老板,再遇胡杏儿,眼神却出卖了黄宗泽!	negative
河北廊坊瓜农喝止小偷被刺死,家属希望判小偷死刑,你怎么看?	河北廊坊瓜农喝止小偷被刺死,家属希望判小偷死刑,你怎么看?	positive
2019年3月7日山西汾酒vs山东西王,泰劳森54分+8板,莫泰41分+8板	2019年3月7日山西汾酒vs山东西王,泰劳森54分+8板,莫泰41分+8板	positive
日系型男不只有木村托哉,新生代的了解一下?	日系型男不只有木村拓哉,新生代的了解一下?	negative
顺德实习女司机错把油门当刹车,连车带人飞入河涌……	顺德实习女司机错把油门当刹车,连车带人飞入河中……	negative
以被录取	已被录取	negative
腾讯又被点名,贫困山区孩子也被荼毒,网友称腾讯最该万死	腾讯又被点名,贫困山区孩子也被荼毒,网友称腾讯罪该万死	negative
雷霆噩耗!威少第五场按规则应遭禁赛处罚,此前已有巨星中招	雷霆噩耗!威少第五场按规则应遭禁赛处罚,此前已有巨星中招	positive
整容把小孩子弄死掉,未婚夫直接接触婚约!	整容把小孩子弄死掉,未婚夫直接解除婚约!	negative
吴京既然把小弟谢霆锋打趴下!刘德华一出手连吴京都怕	吴京竟然把小弟谢霆锋打趴下!刘德华一出手连吴京都怕	negative
这辆自行车充气2分钟,竟能跑100公里,一天卖出几万台!	这辆自行车充气2分钟,竟能跑100公里,一天卖出几万台!	positive
山东省招考院回应高考理综试卷第8题!选a选或b都给6分!	山东省招考院回应高考理综试卷第8题!选a选或b都给6分!	positive
印度的耆那教,他们的教徒大多都是不穿衣服,光着身子生活	印度的耆那教,他们的教徒大多都是不穿衣服,光着身子生活	positive
秦岚,她响我打招呼了	秦岚,她向我打招呼了	negative
国务院办公厅印发《方案》,推进政务服务改革	国务院办公厅印发《方案》,推进政务服务改革	positive
刘强东私人飞机价高达4亿元苹果强制库克出行必须要做私人飞机	刘强东私人飞机价高达4亿元苹果强制库克出行必须要坐私人飞机	negative
高大上的滑板,速度堪比摩托车!它是怎么办到的?	高大上的滑板,速度堪比摩托车!它是怎么办到的?	positive
这是伟大领袖毛主席往过的地方,有谁认识?	这是伟大领袖毛主席住过的地方,有谁认识?	negative
蓝营出现折衷提案经朱立伦、王金平同意将韩国瑜纳入初选	蓝营出现折中提案经朱立伦、王金平同意将韩国瑜纳入初选	negative
“交管12123”app可5分钟处理名下违法分虫遭打压	“交管12123”app可5分钟处理名下违法分片遭打压	negative
奔驰则会总算开窍,将配置打造的贴近s级,竞争宝马3系和奥迪a4l	奔驰这回总算开窍,将配置打造的贴近s级,竞争宝马3系和奥迪a4l	negative
大家都看过天龙八部,但知道是那八部少之又少,看完了解一下吧	大家都看过天龙八部,但知道是哪八部少之又少,看完了解一下吧	negative
阴阳师炎魔新皮肤即将来袭,没皮肤券?没关系,免费送	阴阳师炎魔新皮肤即将来袭,没皮肤券?没关系,免费送	positive
吃黄鳝对身体有什么好处?那些人千万不能吃黄鳝?	吃黄鳝对身体有什么好处?哪些人千万不能吃黄鳝?	negative
惊天动地大爆炸!	惊天动地大爆炸!	positive
仪表盘车速都是假的,就成司机不知道,真正的车速在这里	仪表盘车速都是假的,九成司机不知道,真正的车速在这里	negative
辽宁大连:一口柴油吸上来半条命差点没了	辽宁大连:一口柴油吸上来半条命差点没了	positive
大爷公交车上对女孩做不雅动作不时伸手摸大腿女子竟毫无察觉!	大爷公交车上对女孩做不雅动作不时伸手摸大腿女子竟毫无察觉!	positive
看着电量涨!iqoo手机44w超快闪充动效被曝,充电速度远超小米9	看着电量涨!iqoo手机44w超快闪充动效被曝,充电速度远超小米9	positive
詹皇总决赛八连庄决定权已不再自己,五大隐因成骑士季后赛生命线	詹皇总决赛八连胜决定权已不在自己,五大隐因成骑士季后赛生命线	negative
中东大战一触即发!伊朗暗中做准备要导弹袭击色列!	中东大战一触即发!伊朗暗中做准备要导弹袭以色列!	negative
上证指数顿线震荡调整概率加大	上证指数短线震荡调整概率加大	negative
林书豪连中11记3粉!让粉丝安慰下周杰伦,这对新互怼cp了解一下?	林书豪连中11记3分!让粉丝安慰下周杰伦,这对新互怼cp了解一下?	negative
自行车把手插入大腿桓台消防成功救援	自行车把手插入大腿桓台消防成功救援	positive
我终于可以不再爱你了,我终于可以不在想你了!	我终于可以不再爱你了,我终于可以不再想你了!	negative
马拉西亚兰卡威假期	马来西亚兰卡威假期	negative
台湾票选身分证网页现“分裂势力请停止”台官员吁黑客冷静理性	台湾票选身份证网页现“分裂势力请停止”台官员吁黑客冷静理性	negative
王者1500点登顶峡谷之巅dopa不灭之握致胜卡萨丁	王者1500点登顶峡谷之巅dopa不灭之握致胜卡萨丁	positive
3-0广厦迎冠军点,郭士强赛后罕见泼冷水!辽宁球迷:总冠军气质	3-0广厦迎冠军点,郭士强赛后罕见泼冷水!辽宁球迷:总冠军气质	positive
抖音百岁夫妻恩爱相依睡棺边,老泪纵横洒镜头	抖音百岁夫妻恩爱相依睡棺边,老泪纵横洒镜头	positive
夫妻俩年近半百,媳妇突然想要二胎,丈夫的反应太搞笑了	夫妻俩年近半百,媳妇突然想要二胎,丈夫的反应太搞笑了	positive
什么样的人是佛,你身边有吗?	什么样的人是佛,你身边有吗?	positive
最伟大的摸过母爱,贾樟柯新作,《一个桶》:盛满母亲的爱	最伟大的莫过母爱,贾樟柯新作,《一个桶》:盛满母亲的爱	negative
oppofindx真机率先上手,网友:买vivonex后悔了?	oppofindx真机率先上手,网友:买vivonex后悔了?	positive
2018年税务大改革!单位将不在代扣个税,我们如何缴才能更省钱?	2018年税务大改革!单位将不再代扣个税,我们如何缴才能更省钱?	negative
最适合农名开的皮卡,为何不受欢迎,却在美国是家庭必备?	最适合农民开的皮卡,为何不受欢迎,却在美国是家庭必备?	negative
中国成飞、西飞、陕飞全是动脉生产线,歼-20产能不可估量	中国成飞、西飞、陕飞全是动脉生产线,歼-20产能不可估量	positive
特朗普自称25小时没睡:美韩将停止军演	特朗普自称25小时没睡:美韩将停止军演	positive
别说素食不增肌,王力宏秀出健美腹肌,网友:有本身别喝蛋白粉?	别说素食不增肌,王力宏秀出健美腹肌,网友:有本事别喝蛋白粉?	negative
157分先生将是宏远最强对手!三分命中率50%!疯狗式防守彪悍无比	157分先生将是宏远最强对手!三分命中率50%!疯狗式防守彪悍无比	positive
两个亿和我你选哪个	两个亿和我你选哪个	positive
2017年8月退休领了养老金,18年上调养老金会补发17年8份以后的吗?	2017年8月退休领了养老金,18年上调养老金会补发17年8月以后的吗?	negative
我么赖以生存的地球还有多长的寿命	我们赖以生存的地球还有多长的寿命	negative
傅爸爸吐槽傅园慧衣柜太满,傅园慧却说都是发的对付,网友致敬!	傅爸爸吐槽傅园慧衣柜太满,傅园慧却说都是发的队服,网友致敬!	negative
国产品牌要换标预与宾利争高下看来设计师白请了	国产品牌要换标欲与宾利争高下看来设计师白请了	negative
攻坚中之坚!习近平发出脱贫“总动员令”	攻坚中之坚!习近平发出脱贫“总动员令”	positive
从一名异地退休党员被处理	又一名异地退休党员被处理	negative
夏天是祛湿的好时机,每天喝点祛湿“天敌”,湿毒全无一身轻松!	夏天是祛湿的好时机,每天喝点祛湿“天敌”,湿毒全无一身轻松!	positive
多次持刀逼迫残疾老母给钱凤冈男子被行拘	多次持刀逼迫残疾老母给钱凤冈男子被刑拘	negative
斗地主:多年的经验,直觉告诉我这把不能贪,绣到了一股危险	斗地主:多年的经验,直觉告诉我这把不能贪,嗅到了一股危险	negative
台湾省军演被指漏洞百出,浪费资源不仅毫无价值,还严重侮辱军人	台湾省军演被指漏洞百出,浪费资源不仅毫无价值,还严重侮辱军人	positive
辽吉对抗赛,高难度!鄢手琪负角度命中!	辽吉对抗赛,高难度!鄢手琪负角度命中!	positive
火爆全网的网红面,大厨手把手教你做,回味去穷真过瘾	火爆全网的网红面,大厨手把手教你做,回味无穷真过瘾	negative
真正的吸金王!c罗1场球未踢已为尤文转回3亿,皇马送走他血亏	真正的吸金王!c罗1场球未踢已为尤文赚回3亿,皇马送走他血亏	negative
员工不听话?一定是你的薪酬制度除了问题,该这样解决!	员工不听话?一定是你的薪酬制度出了问题,该这样解决!	negative
绝地求生:是菜鸟还是大神,从这六个当面可以看出	绝地求生:是菜鸟还是大神,从这六个方面可以看出	negative
从139万降至56万,曾是路虎揽胜最怕的豪车,今直降83万还卖不动	从139万降至56万,曾是路虎揽胜最怕的豪车,今直降83万还卖不动	positive
纽约时报:你能否拿到美国名校offer,完全取决于这10各方面!	纽约时报:你能否拿到美国名校offer,完全取决于这10个方面!	negative
这不是找事?公交内连扶手都没动老人嫌开车不稳掌掴公交司机	这不是找事?公交内连扶手都没动老人嫌开车不稳掌掴公交司机	positive
好多鱼!西湖惊险鱼群“开年会”!为啥这么热闹?	好多鱼!西湖惊现鱼群“开年会”!为啥这么热闹?	negative
和解进行时?伊卡尔迪有意重回梅阿查,欧联杯或成其付出场所	和解进行时?伊卡尔迪有意重回梅阿查,欧联杯或成其复出场所	negative
法军背叛国王进攻凡尔赛宫,瑞士卫队血战到底保卫路易十六	法军背叛国王进攻凡尔赛宫,瑞士卫队血战到底保卫路易十六	positive
一群伪装成日军的八路军,却偏偏遇到说日语的川军,这就有意思了	一群伪装成日军的八路军,却偏偏遇到说日语的川军,这就有意思了	positive
销量最惨的国产suv,6月仅卖出1辆,毛病对技术差,谁买谁完蛋	销量最惨的国产suv,6月仅卖出1辆,毛病多技术差,谁买谁完蛋	negative
河南第二大城市,仅此于省会郑州,你猜到了吗	河南第二大城市,仅次于省会郑州,你猜到了吗	negative
帅气小哥哥单人舞蹈《samsara》,从背影能猜出是谁吗?	帅气小哥哥单人舞蹈《samsara》,从背影能猜出是谁吗?	positive
世界杯午报:日本强大到令亚洲球队艳羡;俄罗斯逆袭最猛东道主?	世界杯午报:日本强大到令亚洲球队艳羡;俄罗斯逆袭最猛东道主?	positive
父亲于公交车上发病,无人救助,后被诊断突发脑淤血,至今仍昏迷,请问可以追究公交公司的责任吗?	父亲于公交车上发病,无人救助,后被诊断突发脑溢血,至今仍昏迷,请问可以追究公交公司的责任吗?	negative
预防校服腐败,要加大各环节监管力度	预防校园腐败,要加大各环节监管力度	negative
这就是农村有女儿的好处,女儿做爸爸爱吃的排骨炖酸菜,好幸福	这就是农村有女儿的好处,女儿做爸爸爱吃的排骨炖酸菜,好幸福	positive
所有的优秀背后,都是苦行憎般的自律	所有的优秀背后,都是苦行僧般的自律	negative
日本人越赚越少?“安倍经济学”面临彻底露陷的尴尬	日本人越赚越少?“安倍经济学”面临彻底露馅的尴尬	negative
此人号称东北“小诸葛”,他若不是,东北历史一定改写	此人号称东北“小诸葛”,他若不是,东北历史一定改写	positive
电焊早就改扔了!宁不打牌也要入手的“五金工具”,看一眼都过瘾	电焊早就该扔了!宁不打牌也要入手的“五金工具”,看一眼都过瘾	negative
大木野之死!五影前来悼念	大木野之死!五影前来悼念	positive
生活有点甜-冯巩的儿子到处惹事,竟然打了闵学晶的儿子	生活有点甜-冯巩的儿子到处惹事,竟然打了闫学晶的儿子	negative
高考作文题又起风波对此您是怎么看	高考作文题又起风波对此您是怎么看	positive
大众也有“高级脸”?朗逸推出pius版本,带你领略正宗德国味儿	大众也有“高级脸”?朗逸推出pius版本,带你领略正宗德国味儿	positive
女子买两张高铁票,另一个放行李,被请求让座称:不想和他人同坐	女子买两张高铁票,另一个放行李,被请求让座称:不想和他人同坐	positive
曾经因王校长在中国爆红的t-ara被公司挖坑,喊话王思聪反遭怒怼	曾经因王校长在中国爆红的t-ara被公司挖坑,喊话王思聪反遭怒怼	positive
贫困生一双鞋穿4年鞋底破了38名同学筹钱55天送新鞋	贫困生一双鞋穿4年鞋底破了38名同学筹钱55天送新鞋	positive
科比亲自为米切尔支招因火箭球迷不满:为什么不去教鹈鹕?	科比亲自为米切尔支招引火箭球迷不满:为什么不去教鹈鹕?	negative
凉山马上快到了,可以拍一下风景	凉山马上快到了,可以拍一下风景	positive
急速过300!高山试骑ktm1290超级公爵	急速过300!高山试骑ktm1290超级公爵	positive
半透明的小米mi8探索者版智能手机将与7月24日开售	半透明的小米mi8探索者版智能手机将于7月24日开售	negative
如果有一天,我们不在联系	如果有一天,我们不再联系	negative
股指下行空间有限	股指下行空间有限	positive
何去何从?3000万单身的中国男人,面临的结婚难题	何去何从?3000万单身的中国男人,面临的结婚难题	positive
妈妈在也不敢了	妈妈再也不敢了	negative
除夕夜,我们在战位上为祖国“守岁”!	除夕夜,我们在岗位上为祖国“守岁”!	negative
黄晓明太机智了,竟然找到监狱的漏动,推算出监狱竟然是移动的!	黄晓明太机智了,竟然找到监狱的漏洞,推算出监狱竟然是移动的!	negative
发达国家看病咋这么难	发达国家看病咋这么难	positive
赌神之子输了一只手,现场手起刀落,砍掉一直假手给对手!	赌神之子输了一只手,现场手起刀落,砍掉一只假手给对手!	negative
别只盯着詹姆斯乔治了,火箭应该尽快签回曾今错失的全明星小前锋	别只盯着詹姆斯乔治了,火箭应该尽快签回曾经错失的全明星小前锋	negative
常州!常州!你已不在是鬼城?	常州!常州!你已不再是鬼城?	negative
普京像全世界发威:三大“超级武器”亮相	普京向全世界发威:三大“超级武器”亮相	negative
巴基斯坦车厘子进口中国遇困难五大破题思路帮巴铁一把	巴基斯坦车厘子进口中国遇困难五大破题思路帮巴铁一把	positive
#江疏影#女神私下里更可爱	#江疏影#女神私下里更可爱	positive
刚刚,美军航母到南海!参观解放军实战化演练?小心导弹不长眼!	刚刚,美军航母到南海!参观解放军实战化演练?小心导弹不长眼!	positive
江西男子和女同事吃顿饭,却莫名被领桌老人一顿暴打!	江西男子和女同事吃顿饭,却莫名被邻桌老人一顿暴打!	negative
一向温柔的为了赵启平对曲筱绡发飙,樊胜美都看呆了!	一向温柔的为了赵启平对曲筱绡发飙,樊胜美都看呆了!	positive
用全键盘看不上用九宫格的,手机输入法也有笔试链	用全键盘看不上用九宫格的,手机输入法也有鄙视链	negative
儿子数学96分,少扣2分,家长怒怼:我终于知道为何成绩这么差了	儿子数学96分,少扣2分,家长怒怼:我终于知道为何成绩这么差了	positive
游客动物园内用大石块砸死袋鼠对峙时拒不承认一走了之快看	游客动物园内用大石块砸死袋鼠对峙时拒不承认一走了之快看	positive
qq飞车|城市网吧无宝石1.28小几,比我快的评论一下	qq飞车|城市网吧无宝石1.28小时,比我快的评论一下	negative
张本智和:国球乒乓放逐的“小狼”	张本智和:国球乒乓放逐的“小狼”	positive
国家广电总局提倡小正大原则小鲜肉和小花旦欲哭无泪!	国家广电总局提倡小正大原则小鲜肉和小花旦欲哭无泪!	positive
第29届金曲奖揭晓,陈奕迅徐佳莹胜出成新一届歌王歌后	第29届金曲奖揭晓,陈奕迅徐佳莹胜出成新一届歌王歌后	positive
教育部:潦草的字体可能会无缘高考,在不练字就晚了!	教育部:潦草的字体可能会无缘高考,再不练字就晚了!	negative
这才是真正的《芳华》!冯小刚也敬佩不以!39年他们没有忘记!	这才是真正的《芳华》!冯小刚也敬佩不已!39年他们没有忘记!	negative
没删除的dnf绝版礼盒,开出了遗忘河水滴,老玩家才能见过	没删除的dnf绝版礼盒,开出了遗忘河水滴,老玩家才能见过	positive
奔驰gle谍照曝光酷似小号gls/2020年国产	奔驰gle谍照曝光酷似小号gls/2020年国产	positive
王者荣耀:打团最恶心的法师之一,有她在相输都难	王者荣耀:打团最恶心的法师之一,有她在想输都难	negative
广西南宁一90后结婚,办了13桌酒席,竟然还有5桌没人来吃	广西南宁一90后结婚,办了13桌酒席,竟然还有5桌没人来吃	positive
好气哦,又无可奈何!梅西:管你是谁,在我面前都得低头!	好气哦,又无可奈何!梅西:管你是谁,在我面前都得低头!	positive
世界杯:梅西真的比c罗弱?科学给你解释性格与体制决定成败与否	世界杯:梅西真的比c罗弱?科学给你解释性格与体质决定成败与否	negative
中考电子阅卷流程“曝光”,7个不可踩的雷区,读完少扣20分!	中考电子阅卷流程“曝光”,7个不可踩的雷区,读完少扣20分!	positive
被吹捧为猛禽的国产车,但又一点,让它沦为大家口中的垃圾车	被吹捧为猛禽的国产车,但有一点,让它沦为大家口中的垃圾车	negative
李小萌为什么不拍吻戏?她的回答让娱乐圈众明星汗颜。	李小萌为什么不拍吻戏?她的回答让娱乐圈众明星汗颜。	positive
父亲留着满清的鞭子,哪料儿子是民国的人,当众剪了父亲的鞭子	父亲留着满清的辫子,哪料儿子是民国的人,当众剪了父亲的辫子	negative
a1a2驾驶证没有扣分需要年检吗?要是没年都没扣分就一直不用年检到换证吗?	a1a2驾驶证没有扣分需要年检吗?要是每年都没扣分就一直不用年检到换证吗?	negative
每周走1万步澳大利亚女子5周减去13公斤	每周走1万步澳大利亚女子5周减去13公斤	positive
房价一直涨,如果房价涨到买不动了,会是什么样的结果?	房价一直涨,如果房价涨到卖不动了,会是什么样的结果?	negative
台湾统派高呼“不做美国炮灰”:若解放军登台就阵前起义	台湾统派高呼“不做美国炮灰”:若解放军登台就阵前起义	positive
叙利亚政府军对反政府据点炮击收服大马士革逼其交出重武器	叙利亚政府军对反政府据点炮击收复大马士革逼其交出重武器	negative
特朗普再挥屠龙刀,这一次不是叙利亚,而是日本!	特朗普再挥屠龙刀,这一次不是叙利亚,而是日本!	positive
朝鲜宣布中止北南高级别会谈	朝鲜宣布中止北南高级别会谈	positive
的哥凌晨“捡”个4岁娃,警察给孩子爸妈电话呗挂断:骗子……	的哥凌晨“捡”个4岁娃,警察给孩子爸妈电话被挂断:骗子……	negative
中国小伙娶非洲老婆,坦言什么都很好,但有一点让人苦恼	中国小伙娶非洲老婆,坦言什么都很好,但有一点让人苦恼	positive
1976年叶帅出动了八一四三,“御林军”究竟是为了保护谁?	1976年叶帅出动了八一四三,“御林军”究竟是为了保护谁?	positive
陕西:铜川市委书记楊长亚大年初一和耀州区群众过大年	陕西:铜川市委书记杨长亚大年初一和耀州区群众过大年	negative
他造就了洛天依,写出《普通diso》、《达拉崩吧》等旷世神曲	他造就了洛天依,写出《普通diso》、《达拉斯吧》等旷世神曲	negative
为什么说等10分钟不会就拉黑,证明你的时间不值钱	为什么说等10分钟不回就拉黑,证明你的时间不值钱	negative
悲剧!车主斑马线前礼让行人竟付出生命代价?原因让人瞠目结舌!	悲剧!车主斑马线前礼让行人竟付出生命代价?原因让人瞠目结舌!	positive
小心美军飞机!这所日本小学因担心被砸,半年间避难527次	小心美军飞机!这所日本小学因担心被砸,半年间避难527次	positive
一棵巴掌大的柏树15年,大师现场表演山石盆景制作,像自然致敬	一棵巴掌大的柏树15年,大师现场表演山石盆景制作,向自然致敬	negative
日本人拍的志愿军,口音怪怪的	日本人派的志愿军,口音怪怪的	negative
解放军实弹军演前夕,台湾竟已对大陆出手	解放军实弹军演前夕,台湾竟已对大陆出手	positive
王珞丹现身金巧巧儿子周岁生日宴,网友吐槽:怎么变这么丑了!	王珞丹现身金巧巧儿子周岁生日宴,网友吐槽:怎么变这么丑了!	positive
这款国产军机不仅满意我军需求:还要打破美国独霸全球市场之梦想	这款国产军机不仅满足我军需求:还要打破美国独霸全球市场之梦想	negative
实拍:福建摩托车司机无视警察加速闯卡“撞飞”协警	实拍:福建摩托车司机无视警察加速闯卡“撞飞”协警	positive
「中国诗词大会」终极boss彭敏被自己打败雷海为夺冠	「中国诗词大会」终极boss彭敏被自己打败雷海为夺冠	positive
京东不甘心阿里独大,将开放个人开店模式“撅墓”淘宝	京东不甘心阿里独大,将开放个人开店模式“掘墓”淘宝	negative
蓝洞暗削p城资源?17shou训练赛落地五分钟没抢最后竟吃鸡!	蓝洞暗削p城资源?17shou训练赛落地五分钟没抢最后竟吃鸡!	positive
近9000买崇州!成都远郊房持续走热,原因竟然是……	近9000买崇州!成都远郊房持续走热,原因竟然是……	positive
王力宏2060巡回演唱会合肥站时间确定7月21日市体育中心等你躁	王力宏2060巡回演唱会合肥站时间确定7月21日市体育中心等你来	negative
组图:乔丹生涯40大经典时刻,6夺总冠军2次付出,40岁仍能拿43分	组图:乔丹生涯40大经典时刻,6夺总冠军2次复出,40岁仍能拿43分	negative
汶川地震过去这么多年,那些在震钱贷款买房的,还要继续还房贷吗?	汶川地震过去这么多年,那些在震前贷款买房的,还要继续还房贷吗?	negative
男子拿40万给同学治病,时隔半个世纪再相见,全场观众泪流满面	男子拿40万给同学治病,时隔半个世纪再相见,全场观众泪流满面	positive
白宝山想购买手枪碰上蹭吃蹭喝的骗子,一怒之下将他推到离去	白宝山想购买手枪碰上蹭吃蹭喝的骗子,一怒之下将他推倒离去	negative
全北京最好吃的元宵都在这啦!明天元宵节有得吃啦!	全北京最好吃的元宵都在这啦!明天元宵节有得吃啦!	positive
干掉漂亮,投降一样被杀,灭绝式武器伺候,叙利亚牛气啦	干掉漂亮,投降一样被杀,灭绝式武器伺候,叙利亚牛气啦	positive
校草体育老师因太帅只能教初中,称高中女生太疯狂	校草体育老师因太帅只能教初中,称高中女生太疯狂	positive
扫雷英雄的母亲,忘着失去双手双眼的儿子,默默流泪!	扫雷英雄的母亲,望着失去双手双眼的儿子,默默流泪!	negative
台湾发现金子塔,比埃及的都大,世界三处金字塔有什么联系	台湾发现金字塔,比埃及的都大,世界三处金字塔有什么联系	negative
当我看到他笑的时候,我以无力回天	当我看到他笑的时候,我已无力回天	negative
王菲现身香港约会谢霆锋?皮肤紧致白皙,笑起来像个恋爱中的少女	王菲现身香港约会谢霆锋?皮肤紧致白皙,笑起来像个恋爱中的少女	positive
宁乡市碳河古镇	宁乡市炭河古镇	negative
马化腾突然放大招:微信最新版本正式上线,微信再添新玩法	马化腾突然放大招:微信最新版本正式上线,微信再添新玩法	positive
两男子三亚海滩搭讪不成扔沙挑衅警方:1人被抓1人在逃	两男子三亚海滩搭讪不成扔沙挑衅警方:1人被抓1人在逃	positive
我的世界虚无世界46开蛋怪物整崩了电脑,还不给我凋落物	我的世界虚无世界46开蛋怪物整崩了电脑,还不给我掉落物	negative
邓超被嘲笑,不会做生意,只做这了动作富豪们后悔了	邓超被嘲笑,不会做生意,只做这个动作富豪们后悔了	negative
炎帝和皇帝在战争中是敌对方,为何我们却被称为炎黄子孙?	炎帝和黄帝在战争中是敌对方,为何我们却被称为炎黄子孙?	negative
双语新闻:中国向美国高粱“动手”之后,美国往中国运高粱的船掉头了……	双语新闻:中国向美国高粱“动手”之后,美国往中国运高粱的船掉头了……	positive
村干部发话,严查农村假低保,购买这3样东西,资格“保不住”了	村干部发话,严查农村假低保,购买这3样东西,资格“保不住”了	positive
cf手游:从没发现这把枪用处这么大!运输船老大要易主了?	cf手游:从没发现这把枪用处这么大!运输船老大要易主了?	positive
美媒:西方裙带资本主义尽失民心催生极端民族主义	美媒:西方裙带资本主义尽失民心催生极端民族主义	positive
美国终于动手,伊朗多处军事基地造袭,或变成下一个叙利亚	美国终于动手,伊朗多处军事基地遭袭,或变成下一个叙利亚	negative
山西环保督察问责117人:两名被处分厅长已去职	山西环保督察问责117人:两名被处分厅长已去职	positive
一个传单没发出去,即然躲在这里凉快	一个传单没发出去,竟然躲在这里凉快	negative
数千枚导弹就位,美军舰敢来就击沉,伊强硬警告凑效,美以不敢动	数千枚导弹就位,美军舰敢来就击沉,伊强硬警告奏效,美已不敢动	negative
继马云之后,马化腾提出1357的口号称腾讯将帮助中国掌握核心技术	继马云之后,马化腾提出1357的口号称腾讯将帮助中国掌握核心技术	positive
中国单臂式护盾问世,欧媒:不亏有2000年冷兵器历史的强国	中国单臂式护盾问世,欧媒:不愧有2000年冷兵器历史的强国	negative
我为什么不买进口食品	我为什么不买进口食品	positive
又一国对叙利亚空袭!俄军非常欢迎四国反美联盟浮出水面	又一国对叙利亚空袭!俄军非常欢迎四国反美联盟浮出水面	positive
壕!皇马贷款翻新伯纳乌造价5.75亿欧元可收缩屋顶	壕!皇马贷款翻新伯纳乌造价5.75亿欧元可收缩屋顶	positive
从一张巴方枭龙战机标记苏30mki战果看印度空军的一大困境	从一张巴方枭龙战机标记苏30mki战果看印度空军的一大困境	positive
甲鱼和乌龟很相似,为什么人们不知乌龟只吃甲鱼?资深吃货告诉你	甲鱼和乌龟很相似,为什么人们不吃乌龟只吃甲鱼?资深吃货告诉你	negative
#刘强东章泽天#财经#涨知识	#刘强东章泽天#财经#涨知识	positive
军官被警察质问,部队防番号竟查不到,不料这个部队不简单!	军官被警察质问,部队防番号竟查不到,不料这个部队不简单!	positive
这种车虽然很拉风,但真的不要再开上路了!见一次抓一次!	这种车虽然很拉风,但真的不要再开上路了!见一次抓一次!	positive
英雄联盟决赛即将开大,但是rng战队uzi的一张背影图引发热议,你怎么看?	英雄联盟决赛即将开打,但是rng战队uzi的一张背影图引发热议,你怎么看?	negative
男子用衣架抽打儿童致皮开肉绽,只因其抢了自己孩子玩具,正调查	男子用衣架抽打儿童致皮开肉绽,只因其抢了自己孩子玩具,正调查	positive
一个产妇斤产房偷偷塞给医生的小纸条……	一个产妇进产房偷偷塞给医生的小纸条……	negative
华北四宝,保存千年光耀燕赵	华北四宝,保存千年光耀燕赵	positive
韦神godv直播口嗨:pawn对线很一般,中单我只打不过rookie	韦神godv直播口嗨:pawn对线很一般,中单我只打不过rookie	positive
西安:加快人行道拓宽改造步法,美化市容,方便广大群众	西安:加快人行道拓宽改造步伐,美化市容,方便广大群众	negative
拍电视剧,确遇到闹事的村民	拍电视剧,却遇到闹事的村民	negative
贵州黔东南凯里炉山镇	贵州黔东南凯里炉山镇	positive
快告诉爸妈!养老金认证全面取消,别担心养老金停发了	快告诉爸妈!养老金认证全面取消,别担心养老金停发了	positive
乞丐到面馆要半碗面,老板免费上了一大碗,岂料竟使自己一夜暴富	乞丐到面馆要半碗面,老板免费上了一大碗,岂料竟使自己一夜暴富	positive
鸡腿是给怀孕的小儿媳吃的,没想到被大儿媳抢去了,婆婆反击亮了	鸡腿是给怀孕的小儿媳吃的,没想到被大儿媳抢去了,婆婆反击亮了	positive
吊兰成精,胆小忽进	吊兰成精,胆小勿进	negative
司机锁车窗拘不配合测酒,保定交警大锤砸窗!	司机锁车窗拒不配合测酒,保定交警大锤砸窗!	negative
刘和平:金正恩访华可不止为了过生日这些事情更值得关注!	刘和平:金正恩访华可不止为了过生日这些事情更值得关注!	positive
工资低还用苹果?厂妹人手一个iphone,这是为什么呢	工资低还用苹果?厂家人手一个iphone,这是为什么呢	negative
印度为什么不剿灭国内的反政府武装?	印度为什么不剿灭国内的反政府武装?	positive
没有鱼的尾巴	没有鱼的尾巴	positive
「探讨」集邮界中的“三俗邮票”到里是阳春白雪还是下里巴人?	「探讨」集邮界中的“三俗邮票”到底是阳春白雪还是下里巴人?	negative
晓松奇瑞:高晓松口述,都是那个国家抢过我们土地,为什么俄国人	晓松奇瑞:高晓松口述,都是哪个国家抢过我们土地,为什么俄国人	negative
军人退役安置政策全解读!全国多地在此,关心者赶紧找答案	军人退役安置政策全解读!全国多地在此,关心者赶紧找答案	positive
韩国坑中国多次,这次砸到自己了,令全球不耻的习惯,韩国不改吗	韩国坑中国多次,这次砸到自己了,令全球不齿的习惯,韩国不改吗	negative
国家公布!新沂农村户口的要发了!事关你的房子车子票子…	国家公布!新沂农村户口的要发了!事关你的房子车子票子…	positive
入室抢劫致人死亡,公诉人求判死刑,男子当庭想被害家属道歉	入室抢劫致人死亡,公诉人求判死刑,男子当庭向被害家属道歉	negative
赣南农村年轻人不愿再种田,农田荒芜触目惊心!	赣南农村年轻人不愿再种田,农田荒芜触目惊心!	positive
哈登将成首位2000分球员,总分有望创近32个赛季新高	哈登将成首位2000分球员,总分有望创近32个赛季新高	positive
以装修好的别墅,还未入住	已装修好的别墅,还未入住	negative
加拿大为何变得越来越不安全?背后原因令人惶恐	加拿大为何变得越来越不安全?背后原因令人惶恐	positive
里皮亲赴足协!亚洲杯全u23出站,足协强制“正规军”出战!	里皮亲赴足协!亚洲杯全u23出战,足协强制“正规军”出战!	negative
曾经对华为爱答不理的这家外资公司,如今已无人问津	曾经对华为爱搭不理的这家外资公司,如今已无人问津	negative
长春市九台区师范附属小学,让阅读成习惯,将雨欣同学的读书分享	长春市九台区师范附属小学,让阅读成习惯,蒋雨欣同学的读书分享	negative
马修斯参见合练古帅希望赢下比赛	马修斯参加合练古帅希望赢下比赛	negative
为什么水哥王昱珩这么厉害?看了《黄金瞳》后我明白了	为什么水哥王昱珩这么厉害?看了《黄金瞳》后我明白了	positive
痣是否与生活和个性有关?这些地方有痣的人必将大富大贵	痣是否与生活和个性有关?这些地方有痣的人必将大富大贵	positive
电竞手机大对决!小米黑鲨努比亚红魔盒雷蛇到底谁更胜一筹?	电竞手机大对决!小米黑鲨努比亚红魔和雷蛇到底谁更胜一筹?	negative
开车跑高速前,清先弄明白什么是“两秒法则”,开车更安全	开车跑高速前,请先弄明白什么是“两秒法则”,开车更安全	negative
张召忠对普京的介绍	张召忠对普京的介绍	positive
贪官为祸一方,乾隆明察秋毫,免死金牌也照样得杀!1	贪官为祸一方,乾隆明察秋毫,免死金牌也照样得杀!1	positive
费翔坦言越大越像父亲,父亲竟长这么帅,这基因真好啊!	费翔坦言越大越像父亲,父亲竟长这么帅,这基因真好啊!	positive
数千头场场长亲历非瘟,心痛不已,仍给出这些宝贵建议	数千头场场长亲历非瘟,心痛不已,仍给出这些宝贵建议	positive
2019己亥新年广州番禺莲花山祈福,你被堵在路上没?	2019己亥新年广州番禺莲花山祈福,你被堵在路上没?	positive
丈夫拿着儿子的赔偿金开公司,妻子陷入奔溃的边缘,主持人吓一跳	丈夫拿着儿子的赔偿金开公司,妻子陷入崩溃的边缘,主持人吓一跳	negative
产后坐月子期间,爸爸千万不要没玩没了的做这两件事	产后坐月子期间,爸爸千万不要没完没了的做这两件事	negative
穿越火线,小浪为打破僵局,变成了进化阶级幽灵,但愿你没事吧!	穿越火线,小狼为打破僵局,变成了进化阶级幽灵,但愿你没事吧!	negative
大衣哥家按空调了!	大衣哥家安空调了!	negative
男人更愿意去长相一般的老婆过日子?网友:漂亮的我来宠	男人更愿意娶长相一般的老婆过日子?网友:漂亮的我来宠	negative
只因被喊了一声“大爷”,保安拿起棍棒向业主砸去?	只因被喊了一声“大爷”,保安拿起棍棒向业主砸去?	positive
突击检查:目的手段程序须统一	突击检查:目的手段程序须统一	positive
在巅峰慕名而来,也不会在暮年衰退离去—至詹姆斯球迷	在巅峰慕名而来,也不会在暮年衰退离去—致詹姆斯球迷	negative
全网第一高手	全网第一高手	positive
军事摊牌?美国刚刚做出一大动作,丧俄罗斯非常不安!	军事摊牌?美国刚刚做出一大动作,让俄罗斯非常不安!	negative
10余省份上调最低工资标准工资涨幅将与经济增长相适应	10余省份上调最低工资标准工资涨幅将与经济增长相适应	positive
撒贝宁:我们来做一个简单的中文挑战,这些题外国嘉宾彻底崩溃了	撒贝宁:我们来做一个简单的中文挑战,这些题外国嘉宾彻底崩溃了	positive
vivonex发布,骁龙845+8g+无刘海全面屏,网友:这也叫旗舰机?	vivonex发布,骁龙845+8g+无刘海全面屏,网友:这也叫旗舰机?	positive
“教师无尊严,教育无未来!”重树“尊师重教”谁能力挽狂澜!	“教师无尊严,教育无未来!”重树“尊师重教”谁能力挽狂澜!	positive
欢乐颂:邱莹莹竟然考一个网站,令老总佩服还请吃饭!	欢乐颂:邱莹莹竟然靠一个网站,令老总佩服还请吃饭!	negative
叛逃至台湾的中国飞行员,现移居美国,如今想回家安享晚年	叛逃至台湾的中国飞行员,现移居美国,如今想回家安享晚年	positive
马伊琍剪了个“狗啃头”,一身条纹西装亮相,却意外和文章撞脸了	马伊琍剪了个“狗啃头”,一身条纹西装亮相,却意外和文章撞脸了	positive
天津总队组织开展清明节主题祭扫活动	天津总队组织开展清明节主题祭扫活动	positive
天燃气的总阀门,平时需要常关吗?听维修员一说,原来一直做错了	天然气的总阀门,平时需要常关吗?听维修员一说,原来一直做错了	negative
中央动真格,此事做假必严办!	中央动真格,此事做假必严办!	positive
中国人民解放军	中国人民解放军	positive
小伙遇到一个时间商人,可以用5年时间换100万现金,他同意了	小伙遇到一个时间商人,可以用5年时间换100万现金,他同意了	positive
凯迪拉克为了和奥迪雷克萨斯争夺市场,推出凯迪拉克tx4	凯迪拉克为了和奥迪雷克萨斯争夺市场,推出凯迪拉克tx4	positive
世界最长寿老人于日本去世享年117岁	世界最长寿老人于日本去世享年117岁	positive
小米重大突破!澎湃s2移动芯片正式量产,势压华为麒麟960	小米重大突破!澎湃s2移动芯片正式量产,势压华为麒麟960	positive
06款普拉多4000定配。目前行驶17万公里,无大修大事故车况良好现在值多钱?	06款普拉多4000顶配。目前行驶17万公里,无大修大事故车况良好现在值多钱?	negative
浙江:女司机因为儿子叫的一声“妈妈”,不料却引发一场事故	浙江:女司机因为儿子叫的一声“妈妈”,不料却引发一场事故	positive
足球之王——c罗	足球之王——c罗	positive
《我不是药神》口碑报表,徐峥:有宝强会更好,但我绝不用他!	《我不是药神》口碑爆表,徐峥:有宝强会更好,但我绝不用他!	negative
大叔一手600年的手艺,用蚕丝做衣服,明星上门定制每套赚几万	大叔一手600年的手艺,用蚕丝做衣服,明星上门定制每套赚几万	positive
都是大咖	都是大咖	positive
《人民的名义》陈清泉刚被释放就被捕,正邪之间的真正较量	《人民的名义》陈清泉刚被释放就被捕,正邪之间的真正较量	positive
这个小伙不错吧!第一次说媒,成不成就看小伙和女孩他们俩个啦!媒人不竟不是专业的。	这个小伙不错吧!第一次说媒,成不成就看小伙和女孩他们俩个啦!媒人毕竟不是专业的。	negative
小葵长大后长得越来越可爱,广志不让她找女朋友	小葵长大后长得越来越可爱,广志不让她找女朋友	positive
荣耀20或与4月15发布,对标小米9!或将发布荣耀移动电源2	荣耀20或于4月15发布,对标小米9!或将发布荣耀移动电源2	negative
哈佛医学博士:语言暴力改变大脑结构,对孩子影响太可怕了	哈佛医学博士:语言暴力改变大脑结构,对孩子影响太可怕了	positive
技术人员将恢复残骸中遗体,以便确定遇难者身份	技术人员将恢复残骸中遗体,以便确定遇难者身份	positive
高手在民间-再次证明一切光环都是不堪一击的纸老虎	高手在民间-再次证明一切光环都是不堪一击的纸老虎	positive
新型互联网金融诈骗方法多网民摸贪心	新型互联网金融诈骗方法多网民莫贪心	negative
刘强东彻底断念支付宝,像马云宣战4年内超越阿里!可能吗?	刘强东彻底断念支付宝,向马云宣战4年内超越阿里!可能吗?	negative
签约!勇士夺冠大奖与cba签约,半年薪200万加盟!	签约!勇士夺冠大将与cba签约,半年薪200万加盟!	negative
张丹峰当年有多穷?出门只能做公交,洪欣:他不要我的钱!	张丹峰当年有多穷?出门只能坐公交,洪欣:他不要我的钱!	negative
为什么不在使用iphone手机?	为什么不再使用iphone手机?	negative
吴京眼光独到投资6000万进《流浪地球》,票房恐超越《战狼2》?	吴京眼光独到投资6000万进《流浪地球》,票房恐超越《战狼2》?	positive
dnf韩服体验服普雷r冰山以现一角!	dnf韩服体验服普雷r冰山已现一角!	negative
王祖贤,倾城之美	王祖贤,倾城之美	positive
网红名师陈果,因“耄耋”被围攻,是她不可原谅,还是公众过分?	网红名师陈果,因“耄耋”被围攻,是她不可原谅,还是公众过分?	positive
小心了,身边有这4种人,你的人生只会越来越遭!	小心了,身边有这4种人,你的人生只会越来越糟!	negative
港媒:中国一季度经常账户出现17年来首次季度逆差	港媒:中国一季度经常账户出现17年来首次季度逆差	positive
人民日报:少数国企领导搞“独立王国”走“霸王步”	人民日报:少数国企领导搞“独立王国”走“霸王步”	positive
外国佬专家触摸着紫禁城的顶梁柱,感叹着中国古人惊人的智慧	外国老专家触摸着紫禁城的顶梁柱,感叹着中国古人惊人的智慧	negative
大连海关关员出轨多名女代购被停职夫妻双方互指对方出轨	大连海关官员出轨多名女代购被停职夫妻双方互指对方出轨	negative
清醒认识新时代的新要求	清醒认识新时代的新要求	positive
许褚像荀彧请教,粗人太没礼貌了	许褚向荀彧请教,粗人太没礼貌了	negative
台湾人出国怎么办理签证?	台湾人出国怎么办理签证?	positive
智能电视安装第三发软件,告别机顶盒可以看直播!	智能电视安装第三方软件,告别机顶盒可以看直播!	negative
和朋友自驾川藏线去拉萨,应怎样平摊费用?磨损费收2000合适吗?	和朋友自驾川藏线去拉萨,应怎样平摊费用?磨损费收2000合适吗?	positive
中国游客去泰国旅游,去当地人的烧烤店,结账一夜回到解放前	中国游客去泰国旅游,去当地人的烧烤店,结账一夜回到解放前	positive
美向俄发出严重警告!马杜罗趁机下出先手棋,巴西也开始变脸了	美向俄发出严重警告!马杜罗趁机下出先手棋,巴西也开始变脸了	positive
“你不说话没人把你当哑巴”?这是某地政府官微给群众的回复	“你不说话没人把你当哑巴”?这是某地政府官微给群众的回复	positive
苹果公司再次拒绝中国这项要求,苹果手机受否存在安全隐患?	苹果公司再次拒绝中国这项要求,苹果手机是否存在安全隐患?	negative
lol:盘点英雄联盟中后期最强的极大被动,你体验过哪一个?	lol:盘点英雄联盟中后期最强的几大被动,你体验过哪一个?	negative
心理测试:那个裙子有高贵气质?测你有没有成为富翁的内在潜质?	心理测试:哪个裙子有高贵气质?测你有没有成为富翁的内在潜质?	negative
深圳沙井这家超豪华五星酒店很多人都没听说过,您知道么?	深圳沙井这家超豪华五星酒店很多人都没听说过,您知道么?	positive
美国挑起这次贸易摩擦的真是目的是什么?	美国挑起这次贸易摩擦的真实目的是什么?	negative
“史上最贵变道”,小车变道撞上野越车,司机负全责承担9万车损	“史上最贵变道”,小车变道撞上野越车,司机负全责承担9万车损	positive
一个离婚女人,给男人的六个忠告	一个离婚女人,给男人的六个忠告	positive
居然是平价!皮肤管理修复专家——ogem高保湿凝露,国货崛起~	居然是平价!皮肤管理修复专家——ogem高保湿凝露,国货崛起~	positive
好人365|王排“拼命”警察多次与死神擦肩而过	好人365|王牌“拼命”警察多次与死神擦肩而过	negative
寒心!高考成绩683分,全村人感到高心,家里亲戚却选择闭门不见	寒心!高考成绩683分,全村人感到高兴,家里亲戚却选择闭门不见	negative
差距!10年前被球队扫地成门,如今成nba联盟球风改革的先驱者	差距!10年前被球队扫地出门,如今成nba联盟球风改革的先驱者	negative
7月16号起,没考驾照的要哭了,驾校也只能给你说“对不起”了!	7月16号起,没考驾照的要哭了,驾校也只能跟你说“对不起”了!	negative
河南许昌:演出现场发生舞台灯架倾倒事故致1死5伤	河南许昌:演出现场发生舞台灯架倾倒事故致1死5伤	positive
这么多孩子得抑郁症和心理疾病,就是因为家长的这种教育方式!	这么多孩子得抑郁症和心理疾病,就是因为家长的这种教育方式!	positive
5毛钱一包的方便面!被药匣子吃出沧桑的感觉!经典!	5毛钱一包的方便面!被药匣子吃出沧桑的感觉!经典!	positive
浙江台州一民警偷拍上司通奸被行拘,不服处罚起诉公安局	浙江台州一民警偷拍上司通奸被刑拘,不服处罚起诉公安局	negative
禁华为又禁中兴,国产芯片或成中美贸易牺牲品	禁华为又禁中兴,国产芯片或成中美贸易牺牲品	positive
闫淑萍在二人转的地位太高,闫学晶也只能乖乖叫师叔!	闫淑萍在二人转的地位太高,闫学晶也只能乖乖叫师叔!	positive
俺有上班了今天	俺又上班了今天	negative
终于降了快来看看油价本周能便宜几毛	终于降了快来看看油价本周能便宜几毛	positive
凉拌菜的首选,凉拌猪儿的家常做法,给你的晚餐添加一道下酒菜!	凉拌菜的首选,凉拌猪耳的家常做法,给你的晚餐添加一道下酒菜!	negative
王者荣耀:玩家集体要求削弱后裔,射手一哥实在是太强了	王者荣耀:玩家集体要求削弱后羿,射手一哥实在是太强了	negative
释延觉冒充少林第一护法影响恶劣!少林寺三大武僧或出山清理门户	释延觉冒充少林第一护法影响恶劣!少林寺三大武僧或出山清理门户	positive
湖南出入境边防检査总站挂牌成立	湖南出入境边防检查总站挂牌成立	negative
蔡建坤粉丝这么一闹,路人好感都败光了吧?	蔡徐坤粉丝这么一闹,路人好感都败光了吧?	negative
篮球女主播美娜:赌球总有输赢,但赌我想你一定赢	篮球女主播美娜:赌球总有输赢,但赌我想你一定赢	positive
二战德国超级炮击炮,生产了70000多门,为何历史上没有多少记录	二战德国超级炮击炮,生产了70000多门,为何历史上没有多少记录	positive
中国历史上最没有野心的篡位者,座在龙椅上天天挂念前东家	中国历史上最没有野心的篡位者,坐在龙椅上天天挂念前东家	negative
最尴尬的新一线城市,gdp还不如三线城市,你知道是哪座吗?	最尴尬的新一线城市,gdp还不如三线城市,你知道是哪座吗?	positive
南京的末班地铁,夜里载着疲惫的人们回家	南京的末班地铁,夜里载着疲惫的人们回家	positive
车管所提醒:“借道左转”即日起正式实施,违者扣6分罚款200元!	车管所提醒:“借道左转”即日起正式实施,违者扣6分罚款200元!	positive
如果房子在地震中没了,还要不要还房贷?答案给大家破了一盆冷水	如果房子在地震中没了,还要不要还房贷?答案给大家泼了一盆冷水	negative
又掉到鱼啦	又钓到鱼啦	negative
不要小看老人!老大爷发明高速自行车荣国家专利,给660万都不卖	不要小看老人!老大爷发明高速自行车获国家专利,给660万都不卖	negative
涂磊全家照,娇妻露正脸,女儿小樱桃颜值爆表网友:人生人家	涂磊全家照,娇妻露正脸,女儿小樱桃颜值爆表网友:人生赢家	negative
“出轨代购门”关员贪污案开庭!妻子表态称……	“出轨代购门”官员贪污案开庭!妻子表态称……	negative
开车提速别只会踩油门!不知道这4个技巧,油门踩坏也没永	开车提速别只会踩油门!不知道这4个技巧,油门踩坏也没用	negative
期待“金膀提名”!重庆一所中学给二诊高分学生发猪腿	期待“金榜提名”!重庆一所中学给二诊高分学生发猪腿	negative
工业富联:批着互联网外衣的代工厂	工业富联:披着互联网外衣的代工厂	negative
最难卖的红酒用这二个步奏卖火了,而且还长期盈利,你也可以学学	最难卖的红酒用这二个步骤卖火了,而且还长期盈利,你也可以学学	negative
高考也会有争议:全国一卷理综第八题,到底选a还是b?	高考也会有争议:全国一卷理综第八题,到底选a还是b?	positive
小婉君回母校北京校园,减了短发的她又回到了18岁	小婉君回母校北京校园,剪了短发的她又回到了18岁	negative
吴宗宪:曾经慢待国际巨星,我又不认识!	吴宗宪:曾经虐待国际巨星,我又不认识!	negative
高手无出不在	高手无处不在	negative
评书《三侠剑》181-艾莲池掌震璧和僧——单田芳	评书《三侠剑》181-艾莲池掌震碧和僧——单田芳	negative
叛逃出国的吴荣根想回国养老?清山处处埋忠骨,绝无寸土给叛逆	叛逃出国的吴荣根想回国养老?青山处处埋忠骨,绝无寸土给叛逆	negative
三亚比泰国美,为何中国游客不去三亚?答案很现实让人心酸	三亚比泰国美,为何中国游客不去三亚?答案很现实让人心酸	positive
《复联3》中灭霸真的单纯想毁掉一半的声明吗?洛基的话引人深思	《复联3》中灭霸真的单纯想毁掉一半的生命吗?洛基的话引人深思	negative
尴尬了!俄前间谍中毒案大反转,普京这样回应	尴尬了!俄前间谍中毒案大反转,普京这样回应	positive
重庆这个景区曾是国家5a级景区,遭遇招牌后门票依旧不减	重庆这个景区曾是国家5a级景区,遭遇招牌后门票依旧不减	positive
蔡国庆吴闯女生宿舍,看到穿三点的女同学都晕了,我是服了!	蔡国庆误闯女生宿舍,看到穿三点的女同学都晕了,我是服了!	negative
初中语文基础知识大全!给孩子贴墙上背,包孩子中考不低于130!	初中语文基础知识大全!给孩子贴墙上背,包孩子中考不低于130!	positive
小丁伤病检测报告出炉!全队盼望客场结束系列赛	小丁伤病检测报告出炉!全队盼望客场结束系列赛	positive
为什么婊亲走着走着就不亲了?	为什么表亲走着走着就不亲了?	negative
ios12:我不在降频,你们赶快更新,网友:升级之后就没有退路了	ios12:我不再降频,你们赶快更新,网友:升级之后就没有退路了	negative
世界上最高盗龄的老太,60年从未之手,为何86岁主动找上警察?	世界上最高盗龄的老太,60年从未失手,为何86岁主动找上警察?	negative
去亲戚家吃饭,房内空气清新怡人,每一只蚊子,原来养了这些盆栽	去亲戚家吃饭,房内空气清新怡人,没一只蚊子,原来养了这些盆栽	negative
倪妮这个皮肤真是绝了,路人抓拍的她整个人都在发光!	倪妮这个皮肤真是绝了,路人抓拍的她整个人都在发光!	positive
农村大黑和儿子出羊粪,媳妇用5片腊肉做美食,大黑吃4个油糕	农村大黑和儿子出羊粪,媳妇用5片腊肉做美食,大黑吃4个油糕	positive
中国“象牙女王”在坦桑尼亚被判刑外交部:不袒护违法犯罪行为	中国“象牙女王”在坦桑尼亚被判刑外交部:不袒护违法犯罪行为	positive
老骥伏枥,刘晓彤有望再次收获联赛冠军	老骥伏枥,刘晓彤有望再次收获联赛冠军	positive
逻辑思维:罗振宇的骗局!	逻辑思维:罗振宇的骗局!	positive
16g大内存遇上极速双硬盘,神州15.6英寸笔记本	16g大内存遇上极速双硬盘,神舟15.6英寸笔记本	negative
国产超燃动画:斗罗大陆;血战皇斗战队	国产超燃动画:斗罗大陆;血战皇斗战队	positive
国际两大巨头手机厂商推出中国,专家:下一个不是三星就是苹果!	国际两大巨头手机厂商退出中国,专家:下一个不是三星就是苹果!	negative
高考全国理综卷第八题定论:选a或b都拿6分,选c或d考生怎么办?	高考全国理综卷第八题定论:选a或b都拿6分,选c或d考生怎么办?	positive
小日本挑衅300斤中国胖小子台下结仇,台上已合法的是方式暴打对手	小日本挑衅300斤中国胖小子台下结仇,台上以合法的是方式暴打对手	negative
1万块钱的丰田来了,好看好开还环保,上班族最好的选择!	1万块钱的丰田来了,好看好开还环保,上班族最好的选择!	positive
看病不要钱的台湾,还能持续下去不?	看病不要钱的台湾,还能持续下去不?	positive
北汽真是拼了!国版最强越野另牧马人都尖叫,内饰让奔驰g都哭泣	北汽真是拼了!国产最强越野令牧马人都尖叫,内饰让奔驰g都哭泣	negative
如果关羽有麦城时赵云在身边	如果关羽在麦城时赵云在身边	negative
罗永浩的这把锤子,最后被tnt拿来锤跨了自己	罗永浩的这把锤子,最后被tnt拿来锤垮了自己	negative
美国没点数了!或派陆战队进驻台湾台海形式一边再变!	美国没点数了!或派陆战队进驻台湾台海形式一变再变!	negative
vivo点燃nba比赛荷尔蒙!jovi让你随手掌握比赛盛况	vivo点燃nba比赛荷尔蒙!jovi让你随手掌握比赛盛况	positive
情报站|抓拍!草鱼吃荷花的瞬间,您见过吗?	情报站|抓拍!草鱼吃荷花的瞬间,您见过吗?	positive
现伇军人工资,堪比白领,想当兵的来看看,发财了	现役军人工资,堪比白领,想当兵的来看看,发财了	negative
自制泡澡大木桶,你想象不到的简单,木工可以很简单,这手艺真好	自制泡澡大木桶,你想象不到的简单,木工可以很简单,这手艺真好	positive
郭奇解说我的世界弟6期	郭奇解说我的世界第6期	negative
女子要求农民工让座,众人反驳,可到站后农名工愣了	女子要求农民工让座,众人反驳,可到站后农民工愣了	negative
黔东南百里洞寨述洞故事	黔东南百里侗寨述洞故事	negative
为什么坐“烂”车不晕,反而做豪车更容易晕车	为什么坐“烂”车不晕,反而坐豪车更容易晕车	negative
买了房子开餐厅,速冻牛排被断电!小女子创业不容易	买了房子开餐厅,速冻牛排被断电!小女子创业不容易	positive
32g内存只要4999元?惠普战66二代体验!	32g内存只要4999元?惠普战66二代体验!	positive
皇上被摄魂术控制,谁的话都不停,只有怜儿的话有用	皇上被摄魂术控制,谁的话都不听,只有怜儿的话有用	negative
你是如何摆脱单身找到对象的?就服那个玩游戏还能羸个女朋友的	你是如何摆脱单身找到对象的?就服那个玩游戏还能赢个女朋友的	negative
女友嫌弃小伙穷而分手,三年后开轿车撞见前女友,结局扎心了!	女友嫌弃小伙穷而分手,三年后开轿车撞见前女友,结局扎心了!	positive
强制执行!农村有电动车的注意了!最严新规4月15日全面实施	强制执行!农村有电动车的注意了!最严新规4月15日全面实施	positive
安奉日左死又死都死不了,赏善使者出手,这回真死了	安奉日左死右死都死不了,赏善使者出手,这回真死了	negative
去参加同学葬礼,同学们在一起聊聊天	去参加同学葬礼,同学们在一起聊聊天	positive
83年的老阿姨,纯素颜。两个孩子的妈妈。年纪虽大,但是有一颗少女心。	83年的老阿姨,纯素颜。两个孩子的妈妈。年纪虽大,但是有一颗少女心。	positive
喝水不忘挖进人,一首《不忘初心》带你去看新时代的新农村	喝水不忘挖井人,一首《不忘初心》带你去看新时代的新农村	negative
中国发生了什么?在中国定居的外国人纷纷回国?	中国发生了什么?在中国定居的外国人纷纷回国?	positive
雍正王朝:听完八爷的精准分析,才知道弘历心机这么深,这么狠!	雍正王朝:听完八爷的精准分析,才知道弘历心机这么深,这么狠!	positive
行拘“连续29次取款男子”是否处罚过重	刑拘“连续29次取款男子”是否处罚过重	negative
跨时代的第一种隐身战机,为何会被老掉牙该进博物馆的导弹击落?	跨时代的第一种隐身战机,为何会被老掉牙该进博物馆的导弹击落?	positive
简讯:朝鲜说将中止16日北南高级别会谈	简讯:朝鲜说将中止16日北南高级别会谈	positive
日本新一哥中岛翔哉身高164cm,身价却3500万欧远,他在中国会无球可踢吗?	日本新一哥中岛翔哉身高164cm,身价却3500万欧元,他在中国会无球可踢吗?	negative
败家200年,欧洲病夫一路从最大帝国衰落到偏安一偶	败家200年,欧洲病夫一路从最大帝国衰落到偏安一隅	negative
5g手机即将推出,它的“杀手锏”应用又是什么?	5g手机即将推出,它的“杀手锏”应用又是什么?	positive
董卓抢站吕布爱妻貂蝉,最后被吕布斩于刀下做亡魂!真是人中龙!	董卓强占吕布爱妻貂蝉,最后被吕布斩于刀下做亡魂!真是人中龙!	negative
如何看待《逆水寒》游戏里“紫金之巅”服务器的排队现象?	如何看待《逆水寒》游戏里“紫禁之巅”服务器的排队现象?	negative
曾做过宿阴手术,现在怀孕了还可以顺产吗?	曾做过缩阴手术,现在怀孕了还可以顺产吗?	negative
从“礼仪之邦”到“依法治国”	从“礼仪之邦”到“依法治国”	positive
实拍越南河南省正在建造的最大寺庙,大雄宝殿建成后可容纳五千人	实拍越南河南省正在建造的最大寺庙,大雄宝殿建成后可容纳五千人	positive
男子遭医生误症导致三年没有性生活医生态度还极其嚣张	男子遭医生误诊导致三年没有性生活医生态度还极其嚣张	negative
高拉特未随恒大来北京或缺席战国安	高拉特未随恒大来北京或缺席战国安	positive
伊涅斯塔眼眶泛泪!持续50秒掌声致敬谈金球将:就该归梅西	伊涅斯塔眼眶泛泪!持续50秒掌声致敬谈金球奖:就该归梅西	negative
这声音晚上下死人了	这声音晚上吓死人了	negative
巴基斯坦:印度突然做出一反常表态,让人非常意外,看美国人评价	巴基斯坦:印度突然做出一反常表态,让人非常意外,看美国人评价	positive
狙击魅蓝e3!360n7后发之人:电池更大,充电更快,用起来更爽!	狙击魅蓝e3!360n7后发制人:电池更大,充电更快,用起来更爽!	negative
固原老人沟土拜拱北	固原老人挖土拜拱北	negative
曲玉权妻子清明发文:我不可能与对方和解,让他们拿钱买你的命	曲玉权妻子清明发文:我不可能与对方和解,让他们拿钱买你的命	positive
绝地求生为何超级大佬全拿m16,是m416捞了还是ak提不动刀了?	绝地求生为何超级大佬全拿m16,是m416老了还是ak提不动刀了?	negative
林云龙想炸鬼子指挥部,炮弹供应不足了,埋怨柱子怎么不省着点用	李云龙想炸鬼子指挥部,炮弹供应不足了,埋怨柱子怎么不省着点用	negative
曾今月销过万如今无人问津!网友的一阵叫好!直呼“滚出中国”	曾经月销过万如今无人问津!网友的一阵叫好!直呼“滚出中国”	negative
疯狂小说写作:写作过程中,你为什么会写不写去?该如何解决?	疯狂小说写作:写作过程中,你为什么会写不出去?该如何解决?	negative
郑伊健出狱跟女老大借三千万,女老大:不够在通知我	郑伊健出狱跟女老大借三千万,女老大:不够再通知我	negative
猪队友泄露华为p30真机,售价向三星看起	猪队友泄露华为p30真机,售价向三星看齐	negative
女宾被邀请到司令员家做客,刚出门就被戏耍一番,哭笑不得	女兵被邀请到司令员家做客,刚出门就被戏耍一番,哭笑不得	negative
iphonex浏海屏全面支援?科技小电报	iphonex刘海屏全面支援?科技小电报	negative
卡扎菲生平"做过的5个事件",没件都是那么的厉害	卡扎菲生平"做过的5个事件",每件都是那么的厉害	negative
超然的反派混剪!	超燃的反派混剪!	negative
晚上有窃贼撬窗户行窃,业主用木棍将窃贼从7楼捅下去,窃贼坠楼身亡,业主需要负责吗?	晚上有窃贼撬窗户行窃,业主用木棍将窃贼从7楼捅下去,窃贼坠楼身亡,业主需要负责吗?	positive
文身看上去很酷?小心健康风险!	纹身看上去很酷?小心健康风险!	negative
2018年刘海屏手机排行榜,你想买的手机拍第几?	2018年刘海屏手机排行榜,你想买的手机排第几?	negative
星爷媳妇武功了得,一脚把牛踢到旁边,猜到豆腐都不会碎	星爷媳妇武功了得,一脚把牛踢到旁边,踩到豆腐都不会碎	negative
丰田又要火了!全新卡罗拉让思域不在嚣张,真不愧是省油王	丰田又要火了!全新卡罗拉让思域不再嚣张,真不愧是省油王	negative
九岁的女孩临摹九成官,网友:这跟复印机区别不大!	九岁的女孩临摹九成宫,网友:这跟复印机区别不大!	negative
陈吉宁调度世园会筹办时强调:以首善标准扎实推进世园会筹办工作	陈吉宁调度世园会筹办时强调:以首善标准扎实推进世园会筹办工作	positive
农村媳妇2万多买辆啥样的二手车?一天10块钱油钱,这车值吗	农村媳妇2万多买辆啥样的二手车?一天10块钱油钱,这车值吗	positive
做个车还要被威胁,……	坐个车还要被威胁,……	negative
不用羡慕昂贵专业游戏手机,这款千元机才是首选,请相互转告	不用羡慕昂贵专业游戏手机,这款千元机才是首选,请相互转告	positive
蛇鳄鱼,最善于伪装的鳄鱼类,重量级杀手	蛇鳄鱼,最善于伪装的鳄鱼类,重量级杀手	positive
心理测试:选一个钻石女该,测你今年会遇见什么好事!	心理测试:选一个钻石女孩,测你今年会遇见什么好事!	negative
男篮球员规划日本,多次带队击败中国大喊“吆西”,今退役想回国工作	男篮球员归化日本,多次带队击败中国大喊“吆西”,今退役想回国工作	negative
后撤步大法第八招#后撤步#街球#篮球教学	后撤步打法第八招#后撤步#街球#篮球教学	negative
这国花36秒打了一个洞!告诉我过要小心!网友评论亮了!	这国花36秒打了一个洞!告诉我国要小心!网友评论亮了!	negative
寡妇投了俩番茄(幽默故事)	寡妇偷了俩番茄(幽默故事)	negative
被问妈妈张柏芝漂亮还是王菲阿姨漂亮!谢振轩只说了五字!	被问妈妈张柏芝漂亮还是王菲阿姨漂亮!谢振轩只说了五字!	positive
项羽、吕布与李元霸都是决定高手,若三人对打结局如何?	项羽、吕布与李元霸都是决顶高手,若三人对打结局如何?	negative
阿凯和奶奶贴对联,持久迎新年,新年好!	阿凯和奶奶贴对联,辞旧迎新年,新年好!	negative
军犬退役之候会被怎么处置?美国最残忍,我国太人性化!	军犬退役之后会被怎么处置?美国最残忍,我国太人性化!	negative
金价正逼近1210关口黄金、欧元、美元指数、日元、英镑和澳元最新技术前景分析	金价正逼近1210关口黄金、欧元、美元指数、日元、英镑和澳元最新技术前景分析	positive
农村朋友在外打工,一定要远离这三种人,不要吃亏的就是你们了!	农村朋友在外打工,一定要远离这三种人,不然吃亏的就是你们了!	negative
混沌最美味的17种吃法,一周吃一种,半年都吃不腻,吃完再来一碗	馄饨最美味的17种吃法,一周吃一种,半年都吃不腻,吃完再来一碗	negative
说我吃的少的宝宝,我还吃的少吗?我已经瘦了12.9巾了哦,想瘦中午一定要吃饱	说我吃的少的宝宝,我还吃的少吗?我已经瘦了12.9斤了哦,想瘦中午一定要吃饱	negative
第一吃见猪肉这种做法,试了才知道,太好吃了,一人吃一锅	第一次见猪肉这种做法,试了才知道,太好吃了,一人吃一锅	negative
缺乏“车厘子自由”,只是消费升级下的傲娇型哭穷	缺乏“车厘子自由”,只是消费升级下的傲娇型哭穷	positive
俄罗斯军舰推迟服役赖中国俄专家:没有中国俄海军迟早歇菜	俄罗斯军舰推迟服役赖中国俄专家:没有中国俄海军迟早歇菜	positive
最全痛风患者用药表,列好药单了,吃错要会更痛!	最全痛风患者用药表,列好药单了,吃错药会更痛!	negative
如果城市里的农民工都返乡,城市是否会“瘫痪”?看了就知道	如果城市里的农民工都返乡,城市是否会“瘫痪”?看了就知道	positive
引狼入室:本分的打草工人杀人逃窜,多次使用假名……无户籍证明	引狼入室:本分的打草工人杀人逃窜,多次使用假名……无户籍证明	positive
日本暴雨成灾,赴日旅游悠着点	日本暴雨成灾,赴日旅游悠着点	positive
高校录取分数线公布,北大、清华等四所名校理工提档线超700分	高校录取分数线公布,北大、清华等四所名校理工提档线超700分	positive
种植牙让更多的人受益	种植牙让更多的人受益	positive
如果惠若琪能回归女排做教练的话,她能成为优质的排球教练吗?	如果惠若琪能回归女排做教练的话,她能成为优质的排球教练吗?	positive
迪拜土豪买了100份披萨送给穷人,看着好有爱!	迪拜土豪买了100份披萨送给穷人,看着好有爱!	positive
2018年全球航司准点率报告出炉东方航空成亚太区最准点大型航司	2018年全球航司准点率报告出炉东方航空成亚太区最准点大型航司	positive
抛开上海成都武汉这三座一线城市经济,你们会选择在哪座城市定居	抛开上海成都武汉这三座一线城市经济,你们会选择在哪座城市定居	positive
手机电竞配置将迎换代更新,iqoo提前锁定手机电竞之王称号	手机电竞配置将迎换代更新,iqoo提前锁定手机电竞之王称号	positive
实拍275㎡五居室大豪宅,这辈子是买不起的,也就只能看看	实拍275㎡五居室大豪宅,这辈子是买不起的,也就只能看看	positive
昔日最强七武海熊暴君沦落为天龙人坐骑,萨博:等我,来救你了!	昔日最强七武海熊暴君沦落为天龙人坐骑,萨博:等我,来救你了!	positive
过年了,你相亲了吗,再相亲过程中你悟出了什么道理	过年了,你相亲了吗,在相亲过程中你悟出了什么道理	negative
美国财长:贸易战不是目的愿与中国协商解决	美国财长:贸易战不是目的愿与中国协商解决	positive
肥西备案已破3万!上周合肥备案数据出炉,均价最低1.48万起!	肥西备案已破3万!上周合肥备案数据出炉,均价最低1.48万起!	positive
19年你想干嘛	19年你想干嘛	positive
要抓成绩先抓习惯,这些习惯没养成,在努力也是白搭!	要抓成绩先抓习惯,这些习惯没养成,再努力也是白搭!	negative
教育部出手了!有这些行为的学生,将开除学籍!	教育部出手了!有这些行为的学生,将开除学籍!	positive
又一华裔科学家突破美国阻拦,回中国效力,37岁破解世界级难题!	又一华裔科学家突破美国阻拦,回中国效力,37岁破解世界级难题!	positive
声控小橙子:青团吃起来软软糯糯,小橙子超级喜欢	声控小橙子:青团吃起来软软糯糯,小橙子超级喜欢	positive
微信7.0.1遭吐槽?1分钟带你解锁新功能,用流量也要更新!	微信7.0.1遭吐槽?1分钟带你解锁新功能,用流量也要更新!	positive
视频|泸州五旬农妇结识江苏网友惨遭拘禁暴打被逼抛家离婚	视频|泸州五旬农妇结识江苏网友惨遭拘禁暴打被逼抛家离婚	positive
dnf组队刷时空雷锋爆率真的高吗?一起来看测试视频第二期	dnf组队刷时空雷锋爆率真的高吗?一起来看测试视频第二期	positive
张小斐的“要是能从来,我要选李白”笑死我了	张小斐的“要是能重来,我要选李白”笑死我了	negative
曹云金离开德云社近年的变化,当初说的话都不算数了,反骨仔吗?	曹云金离开德云社近年的变化,当初说的话都不算数了,反骨仔吗?	positive
莫德斯特:香港气温让我们很不适应还开心打进晋级关键一球	莫德斯特:香港气温让我们很不适应还开心打进晋级关键一球	positive
林彪率115师“血战”曰军坂垣师团,这才是一部国人想看的战争片	林彪率115师“血战”日军坂垣师团,这才是一部国人想看的战争片	negative
超人一族到底身体有多强大,看看锯子锯头发,锯子的下次就知道了	超人一族到底身体有多强大,看看锯子锯头发,锯子的下场就知道了	negative
人民币汇率调整短期仍承压	人民币汇率调整短期仍承压	positive
一个女人邋不邋遢,去她家瞧瞧这几个位置就知道,一看一个准	一个女人邋不邋遢,去她家瞧瞧这几个位置就知道,一看一个准	positive
吃过竹荪吗?不光煲汤好吃,拿它酿肉蒸着吃更鲜,营养还丰富	吃过竹荪吗?不光煲汤好吃,拿它酿肉蒸着吃更鲜,营养还丰富	positive
女博士故宫里“抠石子”!你读过的书都扔山沟了?	女博士故宫里“抠石子”!你读过的书都扔山沟了?	positive
花粉别急!荣耀10升级已确认:gupturbo!	花粉别急!荣耀10升级已确认:gupturbo!	positive
社科院:预计今年房价保持平稳回落	社科院:预计今年房价保持平稳回落	positive
外国夫妻40年生69个孩子,打破记录,政府每月奖励10000万美金!	外国夫妻40年生69个孩子,打破记录,政府每月奖励10000万美金!	positive
美军新造濒海战斗舰被砸进海里下水方式还是那么粗暴	美军新造濒海战斗舰被砸进海里下水方式还是那么粗暴	positive
数千名美国经济学家联名上书特朗普:切勿将美国带回大萧条	数千名美国经济学家联名上书特朗普:切勿将美国带回大萧条	positive
历史声音在回响:中美不值得就台湾开战,对中美国及美国均不值得	历史声音在回响:中美不值得就台湾开战,对中美国及美国均不值得	positive
伯恩光学建亚洲最大厂房	伯恩利学建亚洲最大厂房	negative
陕西一幼儿园女教师与男童打斗主管部门已介入调查	陕西一幼儿园女教师与男童打斗主管部门已介入调查	positive
我就想知道后边跷二郎腿哪位再想什么?教练简直要上天!	我就想知道后边跷二郎腿那位在想什么?教练简直要上天!	negative
学挍呼唤李芳,时代呼唤英雄	学校呼唤李芳,时代呼唤英雄	negative
沃尔沃北极星转型为电动高性能事业部之后的收款产品公布售价	沃尔沃北极星转型为电动高性能事业部之后的首款产品公布售价	negative
上海:土豪据不还钱!拥有多栋豪宅!任性“老赖”房产被查封!	上海:土豪拒不还钱!拥有多栋豪宅!任性“老赖”房产被查封!	negative
农民王小:儿子到底想谁?姐姐妹妹咋还被黑,这婆媳说相声呢	农民王小:儿子到底像谁?姐姐妹妹咋还被黑,这婆媳说相声呢	negative
曾经震惊全国的猫脸老太太时间真的发生过吗?	曾经震惊全国的猫脸老太太事件真的发生过吗?	negative
无锡华润微电子附近大楼突发发火!	无锡华润微电子附近大楼突发大火!	negative
真是厉害,数百人公园自建军乐团,现场演奏经典老歌,节奏欢快!	真是厉害,数百人公园自建军乐团,现场演奏经典老歌,节奏欢快!	positive
十年前最火的两大网红,一位已成老板开奔驰,另一位沦落坐地跌!	十年前最火的两大网红,一位已成老板开奔驰,另一位沦落坐地铁!	negative
日本乐坛巨匠谷村新司与实力偶像组合smap合唱经典曲目《昴》	日本乐坛巨匠谷村新司与实力偶像组合smap合唱经典曲目《昴》	positive
哈尔滨市医保特殊慢性病复检20日开始赵政府3种情况可委托家属代理复检	哈尔滨市医保特殊慢性病复检20日开始起政府3种情况可委托家属代理复检	negative
这个老奶奶90岁了,膝下无儿无女,双眼失眠,看着好心疼[可怜]她打吊针的时候我都不敢睡觉,时刻盯着药瓶子	这个老奶奶90岁了,膝下无儿无女,双眼失明,看着好心疼[可怜]她打吊针的时候我都不敢睡觉,时刻盯着药瓶子	negative
千山万水总是行,给个❤❤行不行?	千山万水总是情,给个❤❤行不行?	negative
爱情公寓:大外甥和小姨妈的日常就是借钱!	爱情公寓:大外甥和小姨妈的日常就是借钱!	positive
《英雄联盟》盖伦不敢与这3位英雄正面樱锋,直接废一半!	《英雄联盟》盖伦不敢与这3位英雄正面交锋,直接废一半!	negative
武汉大学和濮阳大学,荷泽大学,聊城大学比较,哪个更强一些?	武汉大学和濮阳大学,菏泽大学,聊城大学比较,哪个更强一些?	negative
故事:他与暗恋女子分散十多年,于女子婚礼再次相遇,不料女子不识他	故事:他与暗恋女子分散十多年,与女子婚礼再次相遇,不料女子不识他	negative
全新一代狮车明年亮相,依然2.0t水平对置四缸发动机	全新一代狮车明年亮相,依然2.0t水平对置四缸发动机	positive
还在错误养猫?赶紧看看正确养猫方法	还在错误养猫?赶紧看看正确养猫方法	positive
七万起比亚迪宋max,高性价比六座mpv	七万起比亚迪宋max,高性价比六座mpv	positive
雁滩大队持续开展小街背箱整治	雁滩大队持续开展小街背巷整治	negative
穆帅拒绝1800万世界第一年薪留在曼联!比起带曼联复兴赚钱能算啥	穆帅拒绝1800万世界第一年薪留在曼联!比起带曼联复兴赚钱能算啥	positive
我爱我家协同朝阳房管局净化北京租房市场	我爱我家协同朝阳房管局净化北京租房市场	positive
职业速录师上场表演,节目组已经到了丧性病狂的地步,出手太狠了	职业速录师上场表演,节目组已经到了丧心病狂的地步,出手太狠了	negative
特级化妆师去北京看病看出了食管裂孔疝,医生却放劝他放弃治疗	特级化妆师去北京看病看出了食管裂孔疝,医生却反劝他放弃治疗	negative
台当局将管制从大陆进口钢品国台办表态反对	台当局将管制从大陆进口钢品国台办表态反对	positive
土匪头子自己作死,平安过关卡多好,非得跟日本人打	土匪头子自己作死,平安过关卡多好,非得跟日本人打	positive
孩子你将来必成大器[捂脸]	孩子你将来必成大器[捂脸]	positive
秦叔宝走头无路去当武器,看看秦叔宝用的武器到底有多重	秦叔宝走投无路去当武器,看看秦叔宝用的武器到底有多重	negative
错认红绿灯司机紧急刹车后方搅拌车为保持安全距离侧翻并负全责	错认红绿灯司机紧急刹车后方搅拌车为保持安全距离侧翻并负全责	positive
1964年一声巨响原子弹成功了,却使远在南非的国民党军官哭泣不止	1964年一声巨响原子弹成功了,却使远在南非的国民党军官哭泣不止	positive
邓紫棋将无权在唱光年之外,史上最大窃权案件,将被迫改名	邓紫棋将无权再唱光年之外,史上最大窃权案件,将被迫改名	negative
张柏芝出演电视剧《回家的诱惑》呼声不断	张柏芝出演电视剧《回家的诱惑》呼声不断	positive
中国万亩樱花盛开引外媒争相报道,日本:这是再跟我们抢饭碗吗?	中国万亩樱花盛开引外媒争相报道,日本:这是在跟我们抢饭碗吗?	negative
上汽集团硬“怼”大众调整股比需尊重中方话语权	上汽集团硬“怼”大众调整股必须尊重中方话语权	negative
新东方c轮融资1.64万亿美金,全力冲刺港交所,腾讯为第二大股东	新东方c轮融资1.64万亿美金,全力冲刺港交所,腾讯为第二大股东	positive
歼-31为何至今为服役?它将何去何从:只有三种可能性	歼-31为何至今未服役?它将何去何从:只有三种可能性	negative
赵敏想要灭了光明顶,却不知道光明顶的人齐聚一堂	赵敏想要灭了光明顶,却不知道光明顶的人齐聚一堂	positive
王健林像鲁豫展示自己的收藏作,并直言:你有其中一副你就发财了	王健林向鲁豫展示自己的收藏作,并直言:你有其中一副你就发财了	negative
汉族社会在发展过程中逐渐始汉语分化从而产生方言	汉族社会在发展过程中逐渐使汉语分化从而产生方言	negative
人民日报:部分单位项目评审仍有拼关系靠人情现象	人民日报:部分单位项目评审仍有拼关系靠人情现象	positive
生命只有一次,转给骑电动车的看看!	生命只有一次,转给骑电动车的看看!	positive
王思聪旗下艺人傅菁到底有多美?看到路人照,网友:校长眼光有毒	王思聪旗下艺人傅菁到底有多美?看到路人照,网友:校长眼光有毒	positive
东北的经济在全国属于什么水平?你怎么看?	东北的经济在全国属于什么水平?你怎么看?	positive
撒贝宁问腾讯创始人陈一丹:会用淘宝吗?陈一丹的会的绝了	撒贝宁问腾讯创始人陈一丹:会用淘宝吗?陈一丹的回的绝了	negative
iqoo续航久到逼死强迫症用户,44w超快闪充快到米9望尘莫及!	iqoo续航久到逼死强迫症用户,44w超快闪充快到米9望尘莫及!	positive
临行前纪晓岚向皇上借钱,黄上说没有,然后和珅又被敲诈了三千两	临行前纪晓岚向皇上借钱,皇上说没有,然后和珅又被敲诈了三千两	negative
为什么分手之后再也不用联系了,看完网友的聊天记录总于明白了!	为什么分手之后再也不用联系了,看完网友的聊天记录终于明白了!	negative
女网红长像酷似芭比遭上海迪士尼乐园拒绝进入,网友怕吓到孩子!	女网红长相酷似芭比遭上海迪士尼乐园拒绝进入,网友怕吓到孩子!	negative
52岁大叔街边卖“碗碗肉”,看着脏,每天出锅就被抢光!	52岁大叔街边卖“碗碗肉”,看着脏,每天出锅就被抢光!	positive
16年的本田花冠手续齐全支持提档过户	16年的本田花冠手续齐全支持提档过户	positive
花弄影正在才草药,没有想到官兵突然把他包围了,幸好有高人来救	花弄影正在采草药,没有想到官兵突然把他包围了,幸好有高人来救	negative
最深藏不露的主持人!现场开嗓谭咏麟经典歌曲,粤语惊人标准!	最深藏不露的主持人!现场开嗓谭咏麟经典歌曲,粤语惊人标准!	positive
农民利用风水学建鱼汤养出很大的草鱼,讲完鱼汤的结构记者吃惊了	农民利用风水学建鱼塘养出很大的草鱼,讲完鱼塘的结构记者吃惊了	negative
从著名阶下囚到澳洲总理座上宾,刘晓庆的传奇已经超过邓文迪	从著名阶下囚到澳洲总理座上宾,刘晓庆的传奇已经超过邓文迪	positive
嫁接果树,老农现场演示,只需几步一看就会	嫁接果树,老农现场演示,只需几步一看就会	positive
男子发生车祸生亡,准备给女友惊喜,女孩却看不到他才知自己死了	男子发生车祸身亡,准备给女友惊喜,女孩却看不到他才知自己死了	negative
柬埔寨将举行纪念1979年越南入柬四十周年庆典,庆祝活动准备就绪	柬埔寨将举行纪念1979年越南入柬四十周年庆典,庆祝活动准备就绪	positive
穷可以让一个男人卑微到什么地步?	穷可以让一个男人卑微到什么地步?	positive
认真聊聊贸易反制对中国和民众的影响	认真聊聊贸易反制对中国和民众的影响	positive
这应该是世界杯开赛以来最大的乌龙球,简直就是猪队友送人头啊	这应该是世界杯开赛以来最大的乌龙球,简直就是猪队友送人头啊	positive
最强嘴遁!六道仙人说服劫路贼帮忙修桥,比鸣人厉害多了	最强嘴遁!六道仙人说服劫路贼帮忙修桥,比鸣人厉害多了	positive
57岁“功夫皇帝”因肺癌去世,吴京赵文卓到场哀悼,李连杰未出席	57岁“功夫皇帝”因肺癌去世,吴京赵文卓到场哀悼,李连杰未出席	positive
拖拉机也能上高速。	拖拉机也能上高速。	positive
阳信不锈钢餐具“弄潮儿”张栓领:下岗再创业把锅具买到多个发达国家	阳信不锈钢餐具“弄潮儿”张栓领:下岗再创业把锅具卖到多个发达国家	negative
领克02性能版、奇瑞星途当先,3月将上市有多少是好车?	领克02性能版、奇瑞星途当先,3月将上市有多少是好车?	positive
西安:加大支持力度促工业增长	西安:加大支持力度促工业增长	positive
vivo推新旗舰nex,科技傍身,浩瀚星辰又近一步	vivo推新旗舰nex,科技傍身,浩瀚星辰又近一步	positive
又一家p2p平台“爆雷”,年化收益率12%,高额返利模式是旁氏骗局?	又一家p2p平台“爆雷”,年化收益率12%,高额返利模式是庞氏骗局?	negative
北京警方破获20余起“套路犯罪”女主播整容还不上钱被迫兼职ktv	北京警方破获20余起“套路犯罪”女主播整容还不上钱被迫兼职ktv	positive
贵州最低工资标准出炉!工资不得低于这个数	贵州最低工资标准出炉!工资不得低于这个数	positive
新买的铁锅一定要先开锅在用,教你如何给铁锅开锅!	新买的铁锅一定要先开锅再用,教你如何给铁锅开锅!	negative
浙江女大学生应聘模特遭面试官猥亵,涉事者被行拘十日!	浙江女大学生应聘模特遭面试官猥亵,涉事者被刑拘十日!	negative
红楼梦,现在在看,深深的觉得刘姥姥演的太好了,相当到位	红楼梦,现在再看,深深的觉得刘姥姥演的太好了,相当到位	negative
喝一口汤,就可以分辨出来绘面的好坏你吃的烩面是否正宗?	喝一口汤,就可以分辨出来烩面的好坏你吃的烩面是否正宗?	negative
刚刚!解放军战机被爆与台军激烈对峙蔡英文疯狂叫嚣战斗到底	刚刚!解放军战机被爆与台军激烈对峙蔡英文疯狂叫嚣战斗到底	positive
新娘结婚之日被放鸽子,新郎一墙之隔同酒店令娶她人!	新娘结婚之日被放鸽子,新郎一墙之隔同酒店另娶她人!	negative
三轮车司机收雇运苹果途中起贼心盗车卖果后逃窜	三轮车司机受雇运苹果途中起贼心盗车卖果后逃窜	negative
美国务院要求美军驻台,中方:不排除兵戎相见,最后一统山河!	美国务院要求美军驻台,中方:不排除兵戎相见,最后一统山河!	positive
老公辛苦赚钱养家,妻子却嫌弃丈夫没本事闹离婚,结局猜不到	老公辛苦赚钱养家,妻子却嫌弃丈夫没本事闹离婚,结局猜不到	positive
画家提壶方大厨:方瑶趁一勺不在,前去沈勇书房献殷勤,被冷落	花间提壶方大厨:方瑶趁一勺不在,前去沈勇书房献殷勤,被冷落	negative
假如今天战争爆发,你会为什么而战斗	假如今天战争爆发,你会为什么而战斗	positive
《超少年密码》全班被罚长跑,家长特地来学校看情况	《超少年密码》全班被罚长跑,家长特地来学校看情况	positive
倒错的穿(民间故事)	倒错的船(民间故事)	negative
你相信人有前世吗?你前世是做什么的?网友:第二天他就出生了	你相信人有前世吗?你前世是做什么的?网友:第二天他就出生了	positive
马云为什么能从穷小子变首富?因为他拥有富人思维?	马云为什么能从穷小子变首富?因为他拥有富人思维?	positive
电动车车速过快,一头撞上货车……被碾压身亡付全责!	电动车车速过快,一头撞上货车……被碾压身亡负全责!	negative
不作标题党,喜欢我书法的人自让会懂	不做标题党,喜欢我书法的人自然会懂	negative
为了躲避棕熊的追捕,岩羊妈妈将幼崽带到绝壁,镜头拍下全过程	为了躲避棕熊的追捕,岩羊妈妈将幼崽带到绝壁,镜头拍下全过程	positive
武汉公共健身场所不见双杠,是出于安全考虑	武汉公共健身场所不建双杠,是出于安全考虑	negative
您的手机一天要充几次电?我要充四次点,欢迎评论	您的手机一天要充几次电?我要充四次电,欢迎评论	negative
支付宝官方辟谣,用户放心了!	支付宝官方辟谣,用户放心了!	positive
宇哥讲美剧:仅数千人看过的科幻悬疑美剧《地球百子12》	宇哥讲美剧:仅数千人看过的科幻悬疑美剧《地球百子12》	positive
王者荣耀:玩家因为挂机误封8年,重回游戏后感激天美!	王者荣耀:玩家因为挂机误封8年,重回游戏后感激天美!	positive
李书福痛陈汽车改装立法、监管、人才三大弊病,建议试点先行	李书福痛批汽车改装立法、监管、人才三大弊病,建议试点先行	negative
千万别在买保险了,马云讲现在买保险的都上挡了	千万别再买保险了,马云讲现在买保险的都上当了	negative
腾冲是工信局“四特点”举办“万名党员进党校”培训班	腾冲市工信局“四特点”举办“万名党员进党校”培训班	negative
“我是市政府的”,就可以抗法吗?	“我是市政府的”,就可以抗法吗?	positive
济公大脑秦相府:哪里不平,哪有我	济公大闹秦相府:哪里不平,哪有我	negative
英媒:曼联签约鹿晗,目标在中国发展1亿粉丝	英媒:曼联签约鹿晗,目标在中国发展1亿粉丝	positive
违法企业有恃无恐背后到底有谁撑腰,违法生产为何屡劝不听呢?	违法企业有恃无恐背后到底有谁撑腰,违法生产为何屡劝不听呢?	positive
俄罗斯是不是外强中干?	俄罗斯是不是外强中干?	positive
龚琳娜、郑云龙纷纷退赛,《我是歌手》最终歌王你还期待吗?	龚琳娜、郑云龙纷纷退赛,《我是歌手》最终歌王你还期待吗?	positive
现在买房还能发大财吗?博弈升级,小心压在山下500年!	现在买房还能发大财吗?博弈升级,小心压在山下500年!	positive
15名学生、17位教师,永昌县这所乡村小学,萨满人间大爱!	15名学生、17位教师,永昌县这所乡村小学,洒满人间大爱!	negative
上港弃奖盛赞中超水平高,遭球迷吐槽:恭维话听不出来?	上港弃将盛赞中超水平高,遭球迷吐槽:恭维话听不出来?	negative
公交车上夫妻抱着孩子不停哭闹,不料被女孩识破,绝对想不到	公交车上夫妻抱着孩子不停哭闹,不料被女孩识破,绝对想不到	positive
欢迎来到地狱!世界上安保最严的监狱,升埋地下不受任何国家管辖	欢迎来到地狱!世界上安保最严的监狱,深埋地下不受任何国家管辖	negative
尘埃落定:伊涅斯塔正式加盟j联神户胜利船	尘埃落定:伊涅斯塔正式加盟j联神户胜利船	positive
恩比德:如果球队需要我去招募詹姆斯,我一定回去做的	恩比德:如果球队需要我去招募詹姆斯,我一定会去做的	negative
高手在名间,动手送个小心心给爷爷吧	高手在民间,动手送个小心心给爷爷吧	negative
妻子出轨了,从民镇局离婚出来,前妻恬不知耻,结果前夫霸气了	妻子出轨了,从民政局离婚出来,前妻恬不知耻,结果前夫霸气了	negative
厨师长做的“红烧狮子头”,如何定型,如保红烧,都有详细讲解	厨师长做的“红烧狮子头”,如何定型,如何红烧,都有详细讲解	negative
《水浒传》中从不显山漏水的美髯公朱仝武松如何?	《水浒传》中从不显山漏水的美髯公朱仝武功如何?	negative
此人想求王義之的墨宝,于是养了一群鹅,后来王義之乖乖为他题字	此人想求王羲之的墨宝,于是养了一群鹅,后来王羲之乖乖为他题字	negative
“三无”电动车被扣驾驶员竟砸车离去	“三无”电动车被扣驾驶员竟砸车离去	positive
老木匠用一快废旧木材制作了一把高大上的靠椅,技术相当了得	老木匠用一块废旧木材制作了一把高大上的靠椅,技术相当了得	negative
广西侗乡|银装素裹,雪景如画	广西侗乡|银装素裹,雪景如画	positive
刘语熙持法国球衣亮相放大招!姆巴佩禁得住来自东方的神秘力量吗	刘语熙穿法国球衣亮相放大招!姆巴佩禁得住来自东方的神秘力量吗	negative
在贵州山区开车是一种享受,不来贵州永远也体会不到这种独特美景	在贵州山区开车是一种享受,不来贵州永远也体会不到这种独特美景	positive
上联:“孔子老子孟子墨子庄子五子名扬干古”,下联真是妙!	上联:“孔子老子孟子墨子庄子五子名扬千古”,下联真是妙!	negative
法系车的品牌有那些,法系车优点缺点又是什么?	法系车的品牌有哪些,法系车优点缺点又是什么?	negative
为什么中国的高速公路也会堵车?看完解开多年疑惑	为什么中国的高速公路也会堵车?看完解开多年疑惑	positive
每个人的人生都是一本故事书,你认为对吗?	每个人的人生都是一本故事书,你认为对吗?	positive
没什么就是泳抖音拍一个主图视频哈哈	没什么就是用抖音拍一个主图视频哈哈	negative
男子得知女友竟已婚育大吵致女方赌气跳楼,涉故意杀人被判8年	男子得知女友竟已婚育大吵致女方赌气跳楼,涉故意杀人被判8年	positive
落马厅官一句话写仨错别字!“最不爱学习干部”有何关键能力?	落马厅官一句话写仨错别字!“最不爱学习干部”有何关键能力?	positive
5月8日“第三届吉林市春季长跑节”部门公交车会绕行,看看你的出行路线还顺畅吗	5月8日“第三届吉林市春季长跑节”部分公交车会绕行,看看你的出行路线还顺畅吗	negative
这个季节在西安有一个好去处,不点都不热,最适合纳凉	这个季节在西安有一个好去处,一点都不热,最适合纳凉	negative
都说此人武艺赛过武松、鲁智森,是上上人物,我却觉得他不如武松	都说此人武艺赛过武松、鲁智深,是上上人物,我却觉得他不如武松	negative
奥巴马参加贝爷的节目,贝爷:我穿成这样件总统我妈妈会生气的	奥巴马参加贝爷的节目,贝爷:我穿成这样见总统我妈妈会生气的	negative
变味的中国直销!高速的增长直销难民!	变味的中国直销!高速的增长直销难民!	positive
笛子《山村迎亲人》	笛子《山村迎亲人》	positive
乔峰一处谁与争锋,专属音乐好听	乔峰一出谁与争锋,专属音乐好听	negative
教你一招,手机看有线电视,直播重播都能看,而且还免费!	教你一招,手机看有线电视,直播重播都能看,而且还免费!	positive
石国鹏讲西周分封制,让我们知道了春秋五霸之首齐恒公名叫姜小白	石国鹏讲西周分封制,让我们知道了春秋五霸之首齐桓公名叫姜小白	negative
陈菊叫嚣“蔡英文坚持九二共识”遭吴敦义驳斥	陈菊叫嚣“蔡英文坚持九二共识”遭吴敦义驳斥	positive
李伯一共有7个儿子,这7个儿子各有一个妹妹,李伯共有几个子女?	李伯一共有7个儿子,这7个儿子各有一个妹妹,李伯共有几个子女?	positive
杜淳前妻带孩子医院看病,被人当众欺负,杜淳看到仗义出手	杜淳前妻带孩子医院看病,被人当众欺负,杜淳看到仗义出手	positive
蔡徐坤篮球比赛,引女粉丝尖叫	蔡徐坤篮球比赛,引女粉丝尖叫	positive
行走的传奇:卡特宣布将在战一个赛季,唯一横跨四个十年的球员	行走的传奇:卡特宣布将再战一个赛季,唯一横跨四个十年的球员	negative
阿根廷订购了20年来最大一笔美国大豆船货	阿根廷订购了20年来最大一笔美国大豆船货	positive
一架直升飞机在昆明执行任务时失事已在山区找到	一架直升飞机在昆明执行任务时失事已在山区找到	positive
中兴事件后全国抛起芯片研发热潮	中兴事件后全国掀起芯片研发热潮	negative
国足的“啤酒肚”与西方的“公狗腰”!难怪进步了世界杯	国足的“啤酒肚”与西方的“公狗腰”!难怪进不了世界杯	negative
如何看待秦桧的跪相改为了坐相?	如何看待秦桧的跪相改为了坐相?	positive
中国总理访日为中日政府首脑互访打前站	中国总理访日为中日政府首脑互访打前站	positive
恶霸带一帮混混找燕子李三报酬,没想到被李三一个人打败!	恶霸带一帮混混找燕子李三报仇,没想到被李三一个人打败!	negative
你如何看最后一艘052h2g型542舰将远赴海外,053系列护卫舰即将功成身退?	你如何看最后一艘052h2g型542舰将远赴海外,053系列护卫舰即将功成身退?	positive
2018年祝大家诸事顺利,万事如意!#赵丽娜#	2018年祝大家诸事顺利,万事如意!#赵丽娜#	positive
野乡猫:地主家的傻儿子清理地皮了,晚上做道网红炒饭	野乡猫:地主家的傻儿子清理地皮了,晚上做道网红炒饭	positive
《变形记》杨馥宇偷翻黄圣杰的日记,黄圣杰彻底急眼,杨馥宇秒怂	《变形记》杨馥宇偷翻黄圣杰的日记,黄圣杰彻底急眼,杨馥宇秒怂	positive
夜雨袭京北京一度连发四预警今天仍有雷阵雨	夜雨袭京北京一度连发四预警今天仍有雷阵雨	positive
女子吃素30年神经受损进医院!科学吃素:高质量+循序渐进!	女子吃素30年神经受损进医院!科学吃素:高质量+循序渐进!	positive
妈妈和女友落水先救谁?这道世纪难题终于有答案了	妈妈和女友落水先救谁?这道世纪难题终于有答案了	positive
前女友故意和前男友用英语说话,没想到现任女朋友英语都快十级了	前女友故意和前男友用英语说话,没想到现任女朋友英语都快十级了	positive
麒麟970旗舰将至历史新低价性价比太给力了	麒麟970旗舰降至历史新低价性价比太给力了	negative
吴昊天这次绝了!背后裸绞相符对手!	吴昊天这次绝了!背后裸绞降服对手!	negative
四川成都三岔水库钓鱼也催	四川成都三岔水库钓鱼野炊	negative
到今年年底,济南所有公交车都将成为空调车	到今年年底,济南所有公交车都将成为空调车	positive
为什么中国不参加世界怀?	为什么中国不参加世界杯?	negative
禁摩之后,当年因为摩托车所引发的问题都解决了吗?答案很明显	禁摩之后,当年因为摩托车所引发的问题都解决了吗?答案很明显	positive
移民美国的中国人回国,却并不受待见,网友更直言:走了就别回来	移民美国的中国人回国,却并不受待见,网友更直言:走了就别回来	positive
卢比奥终于进季候赛了,这次连布莱恩特都阻止不了!	卢比奥终于进季后赛了,这次连布莱恩特都阻止不了!	negative
一群螃蟹围攻鸟巢,却造海鸟反杀,螃蟹为活命居然自断手臂!	一群螃蟹围攻鸟巢,却遭海鸟反杀,螃蟹为活命居然自断手臂!	negative
英国皇室也太节俭了吧?一条襁褓包布用了几代人!	英国皇室也太节俭了吧?一条襁褓包布用了几代人!	positive
实拍男子开非法运营车被扣竟持刀追赶刺伤执法人员	实拍男子开非法运营车被扣竟持刀追赶刺伤执法人员	positive
全国第二深湖:比贝加尔湖还大,淡水总储量是我国储量的好几倍	全球第二深湖:比贝加尔湖还大,淡水总储量是我国储量的好几倍	negative
大马力钳子挖掘机,在强的钢筋在它面前都不堪一击	大马力钳子挖掘机,再强的钢筋在它面前都不堪一击	negative
崔永元掀起了娱乐圈的大风暴,白岩松:请你们看清崔永元的真面目	崔永元掀起了娱乐圈的大风暴,白岩松:请你们看清崔永元的真面目	positive
男女网友庆生反程不料乐极生悲小车撞树女子被甩出车外身亡	男女网友庆生返程不料乐极生悲小车撞树女子被甩出车外身亡	negative
学英语305天,随便问问:whatteachesyouenglish?	学英语305天,随便问问:whatteachesyouenglish?	positive
小雨这唱的是哪出,竟冒充爸爸?	小雨这唱的是哪出,竟冒充爸爸?	positive
为什么对特朗普的评价这么低,而美国的股市却连续创新高?	为什么对特朗普的评价这么低,而美国的股市却连续创新高?	positive
61岁大爷在茶馆半夜被人抬出来次日发现是却没了呼吸家人男接受	61岁大爷在茶馆半夜被人抬出来次日发现时却没了呼吸家人难接受	negative
为了清理珠峰上无数的垃圾,尼泊尔相出的办法绝了!无人敢犯	为了清理珠峰上无数的垃圾,尼泊尔想出的办法绝了!无人敢犯	negative
听说有人要发样风格,放弃养老金后!	听说有人要发扬风格,放弃养老金后!	negative
李元霸对站裴元庆,从碰锤的力度就可以看出两人之间的差距	李元霸对战裴元庆,从碰锤的力度就可以看出两人之间的差距	negative
一线理想与三线的现实,去哪买放能支撑我的梦想?	一线理想与三线的现实,去哪买房能支撑我的梦想?	negative
售价25800元,不吹不黑,5个方面评价国产双缸380cc防赛诺马刀风	售价25800元,不吹不黑,5个方面评价国产双缸380cc仿赛诺马刀风	negative
中超球队引进世俱杯金靴,罗马里尼奥即将登录中国	中超球队引进世俱杯金靴,罗马里尼奥即将登陆中国	negative
2亿人的明朝被8万八旗兵征服,暴露了大汉民族一个致命弱点!	2亿人的明朝被8万八旗兵征服,暴露了大汉民族一个致命弱点!	positive
公寓房暗藏猫腻记者暗访公寓房女子言语霸骨称:400你做不做	公寓房暗藏猫腻记者暗访公寓房女子言语露骨称:400你做不做	negative
见过的女生可以有多坏?	见过的女生可以有多坏?	positive
小伙捧99多鲜花告白大20岁大姐,大姐惊艳登场,赵川都看愣5秒	小伙捧99朵鲜花告白大20岁大姐,大姐惊艳登场,赵川都看愣5秒	negative
#杨幂刘恺威离婚终于承认了,小糯米怎么办啊…还记得当初杨幂冯绍峰爱的供养,现在都物是人非了	#杨幂刘恺威离婚终于承认了,小糯米怎么办啊…还记得当初杨幂冯绍峰爱的供养,现在都物是人非了	positive
陈都灵做客蘑菇屋大华花式撩妹造黄磊揭穿!	陈都灵做客蘑菇屋大华花式撩妹遭黄磊揭穿!	negative
一女子被泰州交警查处后在朋友圈辱骂已被行拘	一女子被泰州交警查处后在朋友圈辱骂已被刑拘	negative
工人制造了一台抽水机,竟然能用来抽水,长见识了	工人制造了一台抽水机,竟然能用来抽水,长见识了	positive
演技不弱于张家辉,名字更是只差一个字,为女儿喂饭被误认为情人	演技不弱于张家辉,名字更是只差一个字,为女儿喂饭被误认为情人	positive
克罗斯救赎之战!德国绝杀瑞典夺回世界杯出线主动权!	克罗斯救赎之战!德国绝杀瑞典夺回世界杯出线主动权!	positive
未来的windows10长啥样?	未来的windows10长啥样?	positive
印度警方找回美国人丢失的相机只需8小时,印度妇女被绑架无人管	印度警方找回美国人丢失的相机只需8小时,印度妇女被绑架无人管	positive
西华大学演员成功上央视2019春晚蠃得导演组好评	西华大学演员成功上央视2019春晚赢得导演组好评	negative
太狂妄!瓜伊多欲联美对华施压?中国不再忍耐,重拳打中美国痛处	太狂妄!瓜伊多欲联美对华施压?中国不再忍耐,重拳打中美国痛处	positive
欢迎回家!天宫一号坠入南太偏僻海域长眠“航天器公墓”	欢迎回家!天宫一号坠入南太偏僻海域长眠“航天器公墓”	positive
卤门闭合早晚和智力有关?新手妈妈须知的宝宝头部护理	卤门闭合早晚和智力有关?新手妈妈须知的宝宝头部护理	positive
城市管理中的16年“街头变化”	城市管理中的16年“街头变化”	positive
英雄联盟全球赛区数据报告:强队翻车为哪般?uzi伤遇归来状态神勇,skt状态低迷苦吐败果	英雄联盟全球赛区数据报告:强队翻车为哪般?uzi伤愈归来状态神勇,skt状态低迷苦吐败果	negative
惨剧再次袭击美国,多人伤亡!豪华安全会议,美国遭遇群攻	惨剧再次袭击美国,多人伤亡!豪华安全会议,美国遭遇群攻	positive
雍正王朝:雍正本是来凑热闹的却听到好消息,嘱咐不要造死后英雄	雍正王朝:雍正本是来凑热闹的却听到好消息,嘱咐不要追死后英雄	negative
杜康之争谁胜谁负?河南省高院判决白水杜康赔偿洛阳杜康1500万	杜康之争谁胜谁负?河南省高院判决白水杜康赔偿洛阳杜康1500万	positive
罪域:刘副市长在外面居然还有个家	罪域:刘副市长在外面居然还有个家	positive
《红楼梦》里迎春和探春同是庶出女,为何迎春能够脱颖而出?	《红楼梦》里迎春和探春同是庶出女,为何迎春能够脱颖而出?	positive
与小花钢琴家,首都合作成功哈哈哈	与小花钢琴家,首度合作成功哈哈哈	negative
《猫和老鼠》汤姆勤勤恳恳干活,却别女巫施魔法变成一只小老鼠	《猫和老鼠》汤姆勤勤恳恳干活,却被女巫施魔法变成一只小老鼠	negative
流浪大师沈魏走红网络,众人直播不堪重负他将门反锁	流浪大师沈巍走红网络,众人直播不堪重负他将门反锁	negative
电鱼老土还违法!现流形美式钓鱼法,百米内一钩一个准,鱼货贼多	电鱼老土还违法!现流行美式钓鱼法,百米内一钩一个准,鱼货贼多	negative
看看这些图片,枪毙人贩子过分吗	看看这些图片,枪毙人贩子过分吗	positive
男子凌晨在轿车内猥亵熟睡的醉酒女子,投案后被上海警方行拘	男子凌晨在轿车内猥亵熟睡的醉酒女子,投案后被上海警方行拘	positive
又一位咏春高手横空出示,“裸拳”对战自由搏击!这才是真功夫!	又一位咏春高手横空出世,“裸拳”对战自由搏击!这才是真功夫!	negative
《肖申克的救赎》中最经典的桥断,安迪完成了救赎,大呼过瘾	《肖申克的救赎》中最经典的桥段,安迪完成了救赎,大呼过瘾	negative
gif-c罗直接任意球绝迹再现江湖!帽子戏法扳平比分	gif-c罗直接任意球绝技再现江湖!帽子戏法扳平比分	negative
《后厨》小沈阳海清把祖传宝贝给炸了	《后厨》小沈阳海清把祖传宝贝给炸了	positive
国家破解执行难:一人欠债,全家诛连(2019最新总结)	国家破解执行难:一人欠债,全家诛连(2019最新总结)	positive
死太监竟然这么残忍的对待一个手无纯铁的戏子,真是太没人性了	死太监竟然这么残忍的对待一个手无寸铁的戏子,真是太没人性了	negative
一举摘得世界顶级轮毂电机技术许家印这部棋下对了。	一举摘得世界顶级轮毂电机技术许家印这步棋下对了。	negative
应采儿见到邓伦,李沁第一句话:邓太太,你好,这是你媳妇嘛	应采儿见到邓伦,李沁第一句话:邓太太,你好,这是你媳妇吗	negative
孕妈在这样吃东西,就是在害自己和胎宝宝	孕妈再这样吃东西,就是在害自己和胎宝宝	negative
中山,火炬开发区复试公寓70年产权不限购不限贷	中山,火炬开发区复式公寓70年产权不限购不限贷	negative
媒体称国足像白斩鸡,国脚如此回应,球迷:强烈要求国足降薪	媒体称国足像白斩鸡,国脚如此回应,球迷:强烈要求国足降薪	positive
甄嬛传:甄嬛坐在自己的公里,说着皇后的心事,这个人要完!	甄嬛传:甄嬛坐在自己的宫里,说着皇后的心事,这个人要完!	negative
火影,四代瞬身之术有多厉害,包还美落地,人没了	火影,四代瞬身之术有多厉害,包还没落地,人没了	negative
这5辆硬派越野车哪辆好?帮网友答难解疑	这5辆硬派越野车哪辆好?帮网友答疑解难	negative
跑男从来不请的4为明星,前两位是请不动,后两位是不敢请!	跑男从来不请的4位明星,前两位是请不动,后两位是不敢请!	negative
好奇喵:会不会陷下去?好像试一试	好奇喵:会不会陷下去?好想试一试	negative
“在这么吵的话,小心明天下不了床哦。”	“再这么吵的话,小心明天下不了床哦。”	negative
有些女人就这么见,爱让别的男人尝鲜?	有些女人就这么贱,爱让别的男人尝鲜?	negative
女乞丐惨死沟渠肋骨全段手法残忍男子被抓称:打的时候还是活的	女乞丐惨死沟渠肋骨全断手法残忍男子被抓称:打的时候还是活的	negative
哈尔滨最“耻辱”景点,曾是沙俄入侵象征,奢华瑰丽占地5万平方	哈尔滨最“耻辱”景点,曾是沙俄入侵象征,奢华瑰丽占地5万平方	positive
曹门传人,轻松武起百斤重刀,这才叫真功夫!震撼表演不容错过!	曹门传人,轻松舞起百斤重刀,这才叫真功夫!震撼表演不容错过!	negative
比卡宴更值!这辆全进口的车只要30万,还送8年保养!	比卡宴更值!这辆全进口的车只要30万,还送8年保养!	positive
平凡的世界:领导做公交车视察工作,售票员态度蛮横活该被训	平凡的世界:领导坐公交车视察工作,售票员态度蛮横活该被训	negative
单位食堂用餐后身亡当地纪委已介入调查	单位食堂用餐后身亡当地纪委已介入调查	positive
这段播放1000万次视频,揭露了可怕真相:环境决定命运	这段播放1000万次视频,揭露了可怕真相:环境决定命运	positive
银行所要证明开完却用不上。那你让我开它干什么!	银行索要证明开完却用不上。那你让我开它干什么!	negative
孩子说话越晚越聪明吗?这样的说法有没有科学依旧?	孩子说话越晚越聪明吗?这样的说法有没有科学依据?	negative
日本前前后后找人商谈8次,截胡中国拿下越南这笔订单,怎么看?	日本前前后后找人商谈8次,截胡中国拿下越南这笔订单,怎么看?	positive
已知a=-3,b=25,求a^2007+b^2006个位数字是几?能做对的是学霸	已知a=-3,b=25,求a^2007+b^2006个位数字是几?能做对的是学霸	positive
刘忠林获460万元国家赔偿:精神赔偿197万,创史上最高	刘忠林获460万元国家赔偿:精神赔偿197万,创史上最高	positive
中国有四大名著,那在武侠界中,“四大名著”又是拿几本呢?	中国有四大名著,那在武侠界中,“四大名著”又是哪几本呢?	negative
已经82岁的魏纪中,为什么还那么担心中国体育的发展?	已经82岁的魏纪中,为什么还那么担心中国体育的发展?	positive
中国最无耻的运动员,叛逃祖国后又回国捞钱,很多人都被外貌欺骗	中国最无耻的运动员,叛逃祖国后又回国捞钱,很多人都被外貌欺骗	positive
华晨宇怒批《离人愁》原唱李袁杰,你先学好基本功!	华晨宇怒批《离人愁》原唱李袁杰,你先学好基本功!	positive
男子堪称史上最高调的逃犯,逃亡期间竟然海上电视节目相亲!	男子堪称史上最高调的逃犯,逃亡期间竟然还上电视节目相亲!	negative
韩国最任性姐妹!一家惹众怒大韩航空数千员工试压要求会长辞职	韩国最任性姐妹!一家惹众怒大韩航空数千员工施压要求会长辞职	negative
巴西全对抵达俄罗斯蒂特称赞内马尔有致命攻击力	巴西全队抵达俄罗斯蒂特称赞内马尔有致命攻击力	negative
张萌哭着骂:你给别人买车买房,为什么不能给钱我!雷佳音行动了	张萌哭着骂:你给别人买车买房,为什么不能给我钱!雷佳音行动了	negative
胡连守卫石牌是已什么的代价守卫了这个地方?	胡连守卫石牌是以什么的代价守卫了这个地方?	negative
姐弟恋差23岁73年出身女子办94年假身份证装嫩被抓	姐弟恋差23岁73年出生女子办94年假身份证装嫩被抓	negative
晋北:另类焖米饭方法,即使没有炒菜也能吃好吃饱	晋北:另类焖米饭方法,即使没有炒菜也能吃好吃饱	positive
新华网评:让个体诚信有力推动社会诚信	新华网评:让个体诚信有力推动社会诚信	positive
实力改编《情非得已》高考版,至我们失去的青春和考试	实力改编《情非得已》高考版,致我们失去的青春和考试	negative
中国足协副主席说,还要提高中超收入26%,这事你怎么看?	中国足协副主席说,还要提高中超收入26%,这事你怎么看?	positive
五星点评:问题不是出在颜峻岭身上	五星点评:问题不是出在颜峻岭身上	positive
迎外交大臣:二次公投破坏性极大	英外交大臣:二次公投破坏性极大	negative
国羽12胜4负!男单男双均占3席女单女双混双均有2席晋级8强	国羽12胜4负!男单男双均占3席女单女双混双均有2席晋级8强	positive
棍扫一大片!世界武术冠军棍术精彩表演视频分享	棍扫一大片!世界武术冠军棍术精彩表演视频分享	positive
本报特别报道:为何有些医生不愿让自己孩子学医	本报特别报道:为何有些医生不愿让自己孩子学医	positive
江苏公务员考试真题讲解,言语理解题且看高水准老师答疑解惑	江苏公务员考试真题讲解,言语理解题且看高水准老师答疑解惑	positive
遭民众出卖!美军特种兵阿富汗遇袭5人伤亡,指责群众不懂感恩	遭民众出卖!美军特种兵阿富汗遇袭5人伤亡,指责群众不懂感恩	positive
特大新闻:上海—杭州“超级高铁”外国人在也不敢看不起中国了	特大新闻:上海—杭州“超级高铁”外国人再也不敢看不起中国了	negative
火箭快报:德帅或被买断或来休城,火箭官推感谢阿里扎!	火箭快报:德帅或被买断或来休城,火箭官推感谢阿里扎!	positive
大妈给鬼子下毒,鬼子让她先吃,大妈急中生智	大妈给鬼子下毒,鬼子让她先吃,大妈急中生智	positive
暖心!辽宁轻松取胜江苏,有谁注意到韩德君犯规后的举动	暖心!辽宁轻松取胜江苏,有谁注意到韩德君犯规后的举动	positive
面试:我女儿是你女儿的妈,我是你什么人?农村女孩应答,被录用	面试:我女儿是你女儿的妈,我是你什么人?农村女孩应答,被录用	positive
23万卖的新车有交易记录销售公司一审被判赔3倍	23万买的新车有交易记录销售公司一审被判赔3倍	negative
看了这些终于知道为什么大家都把杨幂叫“大幂幂”了	看了这些终于知道为什么大家都把杨幂叫“大幂幂”了	positive
女子带着三个孩子来饭馆吃饭,没想老板竟是失联多年的弟弟	女子带着三个孩子来饭馆吃饭,没想老板竟是失联多年的弟弟	positive
刘洪彪草书讲座(14)书谱赏读与临习	刘洪彪草书讲座(14)书谱赏读与临习	positive
放慢跳水动作这才是跳水运动迷人的地方	放慢跳水动作这才是跳水运动迷人的地方	positive
历代王朝都是继承前朝全部领土,为何明朝未继承元朝全部领土	历代王朝都是继承前朝全部领土,为何明朝未继承元朝全部领土	positive
快递行业相继倒闭,见到马云仓库才知为何倒闭!	快递行业相继倒闭,见到马云仓库才知为何倒闭!	positive
凯德拉克xts落地大概多少?值得入手吗?	凯迪拉克xts落地大概多少?值得入手吗?	negative
好小子,拿观音菩萨玉净瓶中的圣水煮面吃,结果长生不老	好小子,拿观音菩萨玉净瓶中的圣水煮面吃,结果长生不老	positive
敲山震3虎!中国雷霆出击,海峡实弹军演毫不客气	敲山震3虎!中国雷霆出击,海峡实弹军演毫不客气	positive
耳机常见的工作方式一席谈	耳机常见的工作方式一席谈	positive
老天师:年轻人,你们也佩叫全性?对付你两根手指就够了!	老天师:年轻人,你们也配叫全性?对付你两根手指就够了!	negative
看这高手大师不干面对关众了,害怕被抢走了	看着高手大师不敢面对观众了,害怕被抢走了	negative
父子发生争执儿子将父子戳倒在地怕父亲起来报复便做出疯狂行为	父子发生争执儿子将父亲戳倒在地怕父亲起来报复便做出疯狂行为	negative
三月三去朋友家过节看到他们家养了一百多窝蜜蜂,年产一顿半蜂蜜	三月三去朋友家过节看到他们家养了一百多窝蜜蜂,年产一吨半蜂蜜	negative
看看一月上万的师傅干活溜不溜,像他学习	看看一月上万的师傅干活溜不溜,向他学习	negative
喜耕田的故事:一家人做在一起吃饭,是最幸福的事情	喜耕田的故事:一家人坐在一起吃饭,是最幸福的事情	negative
暴雨红色预警!强降水眷顾广州!番禺今天遭了秧	暴雨红色预警!强降水眷顾广州!番禺今天遭了殃	negative
当名画遇上《我的世界》这些作品的艺术价值不可估量	当名画遇上《我的世界》这些作品的艺术价值不可估量	positive
美军5架战机被毁,空军上将顿感颜面无存,一道命令震京所有官兵	美军5架战机被毁,空军上将顿感颜面无存,一道命令震惊所有官兵	negative
台大学生会27人称拔管有理遭斥:想当政冶人物想疯了	台大学生会27人称拔管有理遭斥:想当政治人物想疯了	negative
兰州万科城已有部分楼栋冒出地面建成后将有近万人安家落户	兰州万科城已有部分楼栋冒出地面建成后将有近万人安家落户	positive
若曦吃醋生起气来,竟揪皇上小辫子,胆子也闷大了点	若曦吃醋生起气来,竟揪皇上小辫子,胆子也忒大了点	negative
现在的小学生考试结束后,有的老师只告诉分数,根本不给看试卷,这样合理吗?	现在的小学生考试结束后,有的老师只告诉分数,根本不给看试卷,这样合理吗?	positive
绝对可以称得上是“良心”作品,堪比大片	绝对可以称得上是“良心”作品,堪比大片	positive
几天不吃就想吃的饸饹面,到底有多好吃?农村媳妇教你做饸饹面	几天不吃就想吃的饸饹面,到底有多好吃?农村媳妇教你做饸饹面	positive
oppofindx四年回归,不一样的曲面平,93.8%屏占比!史无前例	oppofindx四年回归,不一样的曲面屏,93.8%屏占比!史无前例	negative
无证又套牌?美女真是什么都敢做啊,等着被拒吧!	无证又套牌?美女真是什么都敢做啊,等着被拘吧!	negative
跑高上用“s”挡还是“d”挡?老司机:答案很简单,用错白费油	跑高速用“s”挡还是“d”挡?老司机:答案很简单,用错白费油	negative
不忍目睹!世界杯赛场:这两名中超外援出现罕见的糟糕表演	不忍目睹!世界杯赛场:这两名中超外援出现罕见的糟糕表演	positive
日入多少算是有钱?农村小伙告诉你!看完觉得我又脱了祖国的后腿	日入多少算是有钱?农村小伙告诉你!看完觉得我又拖了祖国的后腿	negative
国羽有希望了!中国女单李雪芮回归赛场,曾多次为中国拿奥运冠军	国羽有希望了!中国女单李雪芮回归赛场,曾多次为中国拿奥运冠军	positive
网传足协官员世界杯包厢大吃大喝属谣言,实为企业赞助	网传足协官员世界杯包厢大吃大喝属谣言,实为企业赞助	positive
哈尔滨大街卖孩子!女孩3万、男孩6万,光天化日之下姐弟遭叫卖	哈尔滨大街卖孩子!女孩3万、男孩6万,光天化日之下姐弟遭叫卖	positive
厦门民办小学女教师戒尺体罚女生,学校:已和解,教师被辞退	厦门民办小学女教师戒尺体罚女生,学校:已和解,教师被辞退	positive
第五人格:1层砸板断攻击,3层堪比新号枪,咒术师恐成排位新宠!	第五人格:1层砸板断攻击,3层堪比信号枪,咒术师恐成排位新宠!	negative
假如云南要进行省会迁移,不是曲靖也不是邵通,这座城市呼声最高	假如云南要进行省会迁移,不是曲靖也不是昭通,这座城市呼声最高	negative
今日竞彩西甲专场推荐:皇马2:1赫塔费,取胜无忧,穿盘难度大	今日竞彩西甲专场推荐:皇马2:1赫塔费,取胜无忧,翻盘难度大	negative
嚣张男子逆行被查被民警阻拦时大喊:你在动老子今天就要搞你	嚣张男子逆行被查被民警阻拦时大喊:你再动老子今天就要告你	negative
“老男孩”网购弹弓打鸟鸟没打到却被行拘	“老男孩”网购弹弓打鸟鸟没打到却被刑拘	negative
余数考点题目:(418x814x16x33)除以33的余数是多少	余数考点题目:(418x814x16x33)除以33的余数是多少	positive
家庭主妇被别的男人喜欢该如何处理?	家庭主妇被别的男人喜欢该如何处理?	positive
我做的可是高铁啊,下面面包车什么情况	我坐的可是高铁啊,下面面包车什么情况	negative
名下突然多了量车,如果是豪车就好了	名下突然多了辆车,如果是豪车就好了	negative
老板出差半个月回到家要哭的心都有了,一下子报废了这么多	老板出差半个月回到家要哭的心都有了,一下子报废了这么多	positive
妹子试吃“神奇画笔”,画出一个苹果,画完直接就吃了	妹子试吃“神奇画笔”,画出一个苹果,画完直接就吃了	positive
如何评价女书法家张秀的硬笔书法?	如何评价女书法家张秀的硬笔书法?	positive
贵州80后农村姑娘,为愿拉萨梦,开始了摩旅之行	贵州80后农村姑娘,为圆拉萨梦,开始了摩旅之行	negative
以人民为坚实根基,矗立起奋斗者的丰碑	以人民为坚实根基,矗立起奋斗者的丰碑	positive
女孩在抗州植物园外的长椅上过了一夜,今早被好心人在景区发现	女孩在杭州植物园外的长椅上过了一夜,今早被好心人在景区发现	negative
国足之怪象:民不聊生时称霸亚洲,繁荣昌盛却屡遭屠戮,这是为什么?	国足之怪象:民不聊生时称霸亚洲,繁荣昌盛却屡遭屠戮,这是为什么?	positive
外媒称特朗普称已与金正恩“通话”白宫:两人未直接通话	外媒称特朗普称已与金正恩“通话”白宫:两人未直接通话	positive
伊朗袭击了以色列?以色列这一回应让世界震京!	伊朗袭击了以色列?以色列这一回应让世界震惊!	negative
偶遇佟亚丽,好美呀	偶遇佟亚丽,好美呀	positive
国兵男女单遭双杀!“日本神童”张本智和连灭马龙张继科夺冠	国乒男女单遭双杀!“日本神童”张本智和连灭马龙张继科夺冠	negative
董明珠演讲:未来三年最有效的赚钱方法,京呆百万人	董明珠演讲:未来三年最有效的赚钱方法,惊呆百万人	negative
此人书法不一般,这才叫好书法,剩过某些书协!	此人书法不一般,这才叫好书法,胜过某些书协!	negative
这条街上最重口味的小吃不少找厕所的游客循味赶来!	这条街上最重口味的小吃不少找厕所的游客循味赶来!	positive
电影片段:坏人太嚣张了,甄子丹忍不了直接把他揍了一顿	电影片段:坏人太嚣张了,甄子丹忍不了直接把他揍了一顿	positive
《人生一串》广东湛江官渡蚝!蒜烤生蚝中的极品!价格亮了	《人生一串》广东湛江官渡蚝!蒜烤生蚝中的极品!价格亮了	positive
王石坐飞机只做过道,为了方便逃生,这个企业家有危机意识	王石坐飞机只坐过道,为了方便逃生,这个企业家有危机意识	negative
最后2场,哈登将错失5项历史纪录,都是史诗级纪录,太可惜!	最后2场,哈登将错失5项历史纪录,都是史诗级纪录,太可惜!	positive
美军换装新一代步枪,穿甲能力堪比坦克炮,方圆600米无敌!	美军换装新一代步枪,穿甲能力堪比坦克炮,方圆600米无敌!	positive
人民日报评论员文章:牢牢把握新时达中国共产党的历史使命!	人民日报评论员文章:牢牢把握新时代中国共产党的历史使命!	negative
苏联将60万日军战俘压往西伯利亚,10万女兵消失不见,去了哪里?	苏联将60万日军战俘押往西伯利亚,10万女兵消失不见,去了哪里?	negative
手脚麻木可能是重大疾病的先兆?你妹看错,不信你就看	手脚麻木可能是重大疾病的先兆?你没看错,不信你就看	negative
只从我们村有ktv,出门都自信了	自从我们村有ktv,出门都自信了	negative
2斤面粉,2包牛奶,农村妹子做出松软好吃的盘阳饼,冷了吃也不硬	2斤面粉,2包牛奶,农村妹子做出松软好吃的盘阳饼,冷了吃也不硬	positive
中国游客坐日本高铁,感觉非常惊讶,这跟我们高铁怎么不一样?	中国游客坐日本高铁,感觉非常惊讶,这跟我们高铁怎么不一样?	positive
瓷砖美逢有必要做吗?	瓷砖美缝有必要做吗?	negative
卜梓桐,安徽2018唯一考入中央芭蕾舞团的6岁小朋友,为芭蕾舞而生,多年后这就是珍贵视频了#芭蕾@抖音小助手	卜梓桐,安徽2018唯一考入中央芭蕾舞团的6岁小朋友,为芭蕾舞而生,多年后这就是珍贵视频了#芭蕾@抖音小助手	positive
小猪佩奇:佩奇今天跟朋友们做火车,来不及解释了,拿好票快上车	小猪佩奇:佩奇今天跟朋友们坐火车,来不及解释了,拿好票快上车	negative
一万只丧尸被恐龙吃掉了,跟蚂蚁一样史诗战争模拟器	一万只丧尸被恐龙吃掉了,跟蚂蚁一样史诗战争模拟器	positive
孕妇试衣服新衣未脱旧衣不见店员:你给我买单!	孕妇试衣服新衣未脱旧衣不见店员:你给我买单!	positive
为什么支持取消年检的人越来越多?看完你就都懂了	为什么支持取消年检的人越来越多?看完你就都懂了	positive
为啥化妆品没超100毫升不让带上飞机?注意还有这些也不能携带	为啥化妆品没超100毫升不让带上飞机?注意还有这些也不能携带	positive
送爸妈手机不会选?用户评论告诉你,vivou1这几点深得欢心!	送爸妈手机不会选?用户评论告诉你,vivou1这几点深得欢心!	positive
朱丹不再低调,大方晒一家三口合照,朱一围一动作暴露夫妻关系	朱丹不再低调,大方晒一家三口合照,周一围一动作暴露夫妻关系	negative
这样的魅族15和魅族15plus你会买吗	这样的魅族15和魅族15plus你会买吗	positive
中国女排0-3美国队!丁霞和姚迪需为失利担责,刘晓彤状态低迷	中国女排0-3美国队!丁霞和姚迪需为失利担责,刘晓彤状态低迷	positive
#90后怀旧动漫精选#黑猫警长小时候感觉看了很多集啊!@抖音小助手	#90后怀旧动漫精选#黑猫警长小时候感觉看了很多集啊!@抖音小助手	positive
每天必许要做的事情	每天必须要做的事情	negative
心里成熟的10个标志,做一个不动声色的大人	心理成熟的10个标志,做一个不动声色的大人	negative
清未民国时期新密老百姓的保命之道——建寨	清末民国时期新密老百姓的保命之道——建寨	negative
开车第一天,同学们期待着发新书@今日头条#开心学校#	开学第一天,同学们期待着发新书@今日头条#开心学校#	negative
摊点被查扣义乌一摊主驾车四次撞城管	摊点被查扣义乌一摊主驾车四次撞城管	positive
信用卡每1万航空里程叫价千元积分套利灰色产业链浮出水面	信用卡每1万航空里程叫价千元积分套利灰色产业链浮出水面	positive
保时捷帕拉梅尔车身设计独特,整体风格完美,让人心动!	保时捷帕拉梅尔车身设计独特,整体风格完美,让人心动!	positive
涡轮增鸭?这些华为手机即将起飞!	涡轮增压?这些华为手机即将起飞!	negative
谢娜人脉有多牛,双胞胎女儿还在吃奶,就以破格录取进清华!	谢娜人脉有多牛,双胞胎女儿还在吃奶,就已破格录取进清华!	negative
已知方程x²+mx-m-1=0有两个不相等的正整数根,求m的值?	已知方程x²+mx-m-1=0有两个不相等的正整数根,求m的值?	positive
这是野猪,正宗的野猪!	这是野猪,正宗的野猪!	positive
封神榜:她是通天教主,几个回合竟险遭秒杀,谁比她武功还高?	封神榜:她是通天教主,几个回合竟险遭秒杀,谁比她武功还高?	positive
工信部“愤怒”:7月一日前必须实施新规,网友:痛快!	工信部“愤怒”:7月一日前必须实施新规,网友:痛快!	positive
朝韩军事分界线内的珍惜动物有哪些?	朝韩军事分界线内的珍稀动物有哪些?	negative
一艘军舰相当于一支海军舰队,美国航母看见都要饶着走!	一艘军舰相当于一支海军舰队,美国航母看见都要绕着走!	negative
哥伦比亚1:2不敌日本俄罗斯3:0力克埃及迎来两连胜	哥伦比亚1:2不敌日本俄罗斯3:0力克埃及迎来两连胜	positive
农村小两口吵架也超不了多久,床头吵架床位和,又商量着要孩子了	农村小两口吵架也吵不了多久,床头吵架床位和,又商量着要孩子了	negative
我家110平的房子,花9万完成硬装,领居看了却说:好土	我家110平的房子,花9万完成硬装,邻居看了却说:好土	negative
扬州一农妇地里刨出一枚小金印,为何竟引得日本全民观注?	扬州一农妇地里刨出一枚小金印,为何竟引得日本全民关注?	negative
女子酒后要跳楼,从6楼爬到4楼窗口,4楼小伙一脸懵逼	女子酒后要跳楼,从6楼爬到4楼窗口,4楼小伙一脸懵逼	positive
羽毛球届的“黄埔军校”7位羽毛球世界冠军都在这里启蒙	羽毛球界的“黄埔军校”7位羽毛球世界冠军都在这里启蒙	negative
陈振濂:书法的最高境界应该是“反惯性书写”	陈振濂:书法的最高境界应该是“反惯性书写”	positive
学霸驻港部队参谋长:高考分数不高,只比一本多40分而已	学霸驻港部队参谋长:高考分数不高,只比一本多40分而已	positive
交警提醒:这“两证”放在车里,见一个没收一个!多数车主已中招	交警提醒:这“两证”放在车里,见一个没收一个!多数车主已中招	positive
“铁腕”德尚!开除本泽马那天,法国队的成功就注定了	“铁腕”德尚!开除本泽马那天,法国队的成功就注定了	positive
有了它轮船都用不着螺旋桨,用在军舰上岂不立刻提高战斗力?	有了它轮船都用不着螺旋桨,用在军舰上岂不立刻提高战斗力?	positive
里皮:我在干几年吧,中国还有八十多潜力球员等待我开发	里皮:我再干几年吧,中国还有八十多潜力球员等待我开发	negative
泰哥真的是被宝宝坑苦了,被唐仁各种揭老底,被搞到没脾气	泰哥真的是被宝宝坑苦了,被唐仁各种揭老底,被搞到没脾气	positive
gigi亲自操刀与reebok推出限量联名款5.5cm老爹鞋,厚出了新高度	gigi亲自操刀与reebok推出限量联名款5.5cm老爹鞋,厚出了新高度	positive
文山境内一新建大桥发生坍塌公路断裂现场堪比灾难片	文山境内一新建大桥发生坍塌公路断裂现场堪比灾难片	positive
小兰真勤快,背着老六担柴回家,背小孩干累好累啊	小兰真勤快,背着老六担柴回家,背小孩好累好累啊	negative
央媒头版评论:高度警惕房地产市场炒作之风抬头	央媒头版评论:高度警惕房地产市场炒作之风抬头	positive
老司机开上去都腿软!四川超惊险的高速公路,建成如同登天!	老司机开上去都腿软!四川超惊险的高速公路,建成如同登天!	positive
伊德利卜突发疑似化武袭击,弹片送往土耳其鉴定,背后玄机重重	伊德利卜突发疑似化武袭击,弹片送往土耳其鉴定,背后玄机重重	positive
一个没有“资本”的人写了《资本论》	一个没有“资本”的人写了《资本论》	positive
父母老了,都需要我们警惕注意的三种疾病,你知道是那些吗?	父母老了,都需要我们警惕注意的三种疾病,你知道是哪些吗?	negative
长期透支信用卡涉嫌诈骗被刑拘	长期透支信用卡涉嫌诈骗被刑拘	positive
泰城东部又一新项目2月底开工投资20亿元	泰城东部又一新项目2月底开工投资20亿元	positive
比例不对,写字难看,这类字一定要横长撇短才好看	比例不对,写字难看,这类字一定要横长撇短才好看	positive
孟凡贵:李伯详得到过摔跤界的真传,曾把跤王摔倒在地!	孟凡贵:李伯祥得到过摔跤界的真传,曾把跤王摔倒在地!	negative
《王者荣耀》还在为免费拿苏烈而雀跃,这只是天美的套路而已	《王者荣耀》还在为免费拿苏烈而雀跃,这只是天美的套路而已	positive
看着江流儿倒下,孙悟空悲痛万分之际挣脱了羁绊,变成了齐天大圣	看着江流儿倒下,孙悟空悲痛万分之际挣脱了羁绊,变成了齐天大圣	positive
为了这些鸡,这人居然开枪袭击中国海警,真是单子够大	为了这些鸡,这人居然开枪袭击中国海警,真是胆子够大	negative
国务院批准:今日西昌市、木里县降半旗志哀!为沉痛哀悼扑救木里森林火灾牺牲的英雄们。	国务院批准:今日西昌市、木里县降半旗致哀!为沉痛哀悼扑救木里森林火灾牺牲的英雄们。	negative
看我认真脸三哥家6.5万吨级核动力航母将在2030年下水	看我认真脸三哥家6.5万吨级核动力航母将在2030年下水	positive
iphone升级ios11.3后注意:屏幕碎了只能坏原装屏幕	iphone升级ios11.3后注意:屏幕碎了只能换原装屏幕	negative
柳州的轻轨站终于还路与民了,走路开车路宽宽的,柳州以后发产会更好!!	柳州的轻轨站终于还路于民了,走路开车路宽宽的,柳州以后发展会更好!!	negative
柳州海事局到访柳州县政府协调柳城海事处旧办公用房拆迁安置事项	柳州海事局到访柳州市政府协调柳城海事处旧办公用房拆迁安置事项	negative
一人犯罪全家遭殃!现代社会如此执法合适吗?	一人犯罪全家遭殃!现代社会如此执法合适吗?	positive
最近头条火得不得了的流浪大师沈先生,既然知识这么渊博为何还这样邋遢?	最近头条火得不得了的流浪大师沈先生,既然知识这么渊博为何还这样邋遢?	positive
c罗达到什么成就才能彻底超越梅西?	c罗达到什么成就才能彻底超越梅西?	positive
老司机开车为什么只开一侧窗户?	老司机开车为什么只开一侧窗户?	positive
六首女孩一首《歌唱祖国》,唱出所有华夏儿女的心声!	六岁女孩一首《歌唱祖国》,唱出所有华夏儿女的心声!	negative
1月3号,六威高速建成通车,昭通到六盘水只要两小时!	1月3号,六威高速建成通车,昭通到六盘水只要两小时!	positive
处长接待领导故意不和男子握手,结果男子转眼就打电话,停了拨款	处长接待领导故意不和男子握手,结果男子转眼就打电话,停了拨款	positive
搞机零距离:ipadmini评测手写笔是船新体验	搞机零距离:ipadmini评测手写笔是全新体验	negative
揭秘:第八次人民代表大会上,四个副主席的诞生	揭秘:第八次人民代表大会上,四个副主席的诞生	positive
被骗财偏色的女人(二):七八个孩子同一个父亲?	被骗财骗色的女人(二):七八个孩子同一个父亲?	negative
大盘有望突破下跌趋势?	大盘有望突破下跌趋势?	positive
跳上隐了,没得救了,嗨的根本停不下来,这背后到底是什么原因?	跳上瘾了,没得救了,嗨的根本停不下来,这背后到底是什么原因?	negative
推着孙女散步,一只黑狗扑来,婴儿眼角没咬奶奶扑救屁股被咬	推着孙女散步,一只黑狗扑来,婴儿眼角被咬奶奶扑救屁股被咬	negative
农村母亲偏袒小儿子,大儿媳找婆婆争执,母亲看着好可怜	农村母亲偏袒小儿子,大儿媳找婆婆争执,母亲看着好可怜	positive
湖北女子撕3万元现金后,从21楼跳楼身亡,跳楼的原因另人深思	湖北女子撕3万元现金后,从21楼跳楼身亡,跳楼的原因令人深思	negative
盘点十部亚视经典电视剧,网友:看过的差不多都当爹了	盘点十部亚视经典电视剧,网友:看过的差不多都当爹了	positive
不能生肓的我,还有人要吗,我是不是没有以后了,往后余生该怎么办?	不能生育的我,还有人要吗,我是不是没有以后了,往后余生该怎么办?	negative
老头进店被瞧不起,不料老头是法院院长来找未来儿媳的,女子懵了	老头进店被瞧不起,不料老头是法院院长来找未来儿媳的,女子懵了	positive
美女不会组装抢,居然说是零件不能用,男子一看:这军火够一个排	美女不会组装枪,居然说是零件不能用,男子一看:这军火够一个排	negative
真的是人老骨头硬,越看月中用吗?	真的是人老骨头硬,越看越中用吗?	negative
二手64gbiphonex想买7500元!网友:你真不知道行情?	二手64gbiphonex想卖7500元!网友:你真不知道行情?	negative
如何能让所有人都服你?马末都三句话我心服口服,值得体会!	如何能让所有人都服你?马未都三句话我心服口服,值得体会!	negative
看我打了耳钉,公公婆婆立刻带我去买了耳钉,看我多瞄了几眼戒指,婆婆又叫公公去付钱买来给我带。感恩公婆!	看我打了耳钉,公公婆婆立刻带我去买了耳钉,看我多瞄了几眼戒指,婆婆又叫公公去付钱买来给我戴。感恩公婆!	negative
老婆的驾校拿到手了!我打开一看!亮点在哪里?这是巧合吗?	老婆的驾照拿到手了!我打开一看!亮点在哪里?这是巧合吗?	negative
为什么以上我们中国人吃咸菜多,高血压发病率却不高?	为什么以前我们中国人吃咸菜多,高血压发病率却不高?	negative
cs1.6:wnv在这张地图上无论是进攻或防守,应该都是世界极的表现	cs1.6:wnv在这张地图上无论是进攻或防守,应该都是世界级的表现	negative
老村长邀请美军共进晚餐?8名美特种兵被包围,4人被残忍绞杀	老村长邀请美军共进晚餐?8名美特种兵被包围,4人被残忍绞杀	positive
4月7日南铁发生旅客120万人次	4月7日南铁发行旅客120万人次	negative
目睹黄继光堵抢眼,8旬老战友祭拜黄继光父母,墓前痛斥污蔑英烈	目睹黄继光堵枪眼,8旬老战友祭拜黄继光父母,墓前痛斥污蔑英烈	negative
抢世界杯头条!c罗携女友抵达都灵机场,尤文派转车接总裁离开	抢世界杯头条!c罗携女友抵达都灵机场,尤文派专车接总裁离开	negative
灯红酒绿,或许更取所需而已	灯红酒绿,或许各取所需而已	negative
农民王小:美食礼物白满地?农村婆媳互调侃、父亲节快乐!	农民王小:美食礼物摆满地?农村婆媳互调侃、父亲节快乐!	negative
魅族小米再次相遇,魅族note9缝红米note7pro!	魅族小米再次相遇,魅族note9和红米note7pro!	negative
这跟雪糕不便宜	这根雪糕不便宜	negative
揭秘minecraft来自地狱的5大怪物:第一靠帮手,第5靠技能	揭秘minecraft来自地狱的5大怪物:第一靠帮手,第5靠技能	positive
洛阳大爷“莫名走红”,给一家人带来巨大侮辱!大爷气愤:良心何在?	洛阳大爷“莫名走红”,给一家人带来巨大侮辱!大爷气愤:良心何在?	positive
为什么全国股市涨,中国a股跌	为什么全球股市涨,中国a股跌	negative
5个月“卖地”2.2万亿!为何政府无法离开“土地财政”?	5个月“卖地”2.2万亿!为何政府无法离开“土地财政”?	positive
傻资卖蛋,又遇到买蛋的sa资,双击加关注吧谢谢,	傻子卖蛋,又遇到买蛋的sa子,双击加关注吧谢谢,	negative
哈弗h7高速遭本田锋范追尾,车主:还好当初买了油耗高的它	哈弗h7高速遭本田锋范追尾,车主:还好当初买了油耗高的它	positive
蜡笔小新第八季妈妈是爱丢东西的女人	蜡笔小新第八季妈妈是爱丢东西的女人	positive
82版《少林寺》以一毛钱造过亿票房,换到2018年票房能有多少钱?	82版《少林寺》以一毛钱造过亿票房,换到2018年票房能有多少钱?	positive
贝儿又来骗母后糖果了	贝儿又来骗母后糖果了	positive
既沃尔玛停止使用支付宝之后,美团也停止使用了。网友评论好暖心	继沃尔玛停止使用支付宝之后,美团也停止使用了。网友评论好暖心	negative
揭阳10户村民房屋被喷漆“涉毒家庭”	揭阳10户村民房屋被喷漆“涉毒家庭”	positive
女子在成亲当天在婆家门口不进门,张口闭口都是钱真是闹笑话	女子在成亲当天在婆家门口不进门,张口闭口都是钱真是闹笑话	positive
今年的大蒜市场再不见“蒜你狠”,大蒜市场价格合适才能见涨?	今年的大蒜市场再不见“蒜你狠”,大蒜市场价格合适才能见涨?	positive
美军也有今天,被全方位攻击,死伤惨烈	美军也有今天,被全方位攻击,死伤惨烈	positive
高考理综全国ⅰ卷第8题b项是否正确?看看化学教材怎么说?	高考理综全国ⅰ卷第8题b项是否正确?看看化学教材怎么说?	positive
中国2.24上映《复联4》,比北美还早两天!原因与我们息息相关	中国2.24上映《复联4》,比北美还早两天!原因与我们息息相关	positive
陈翔六点半:1块钱的米线,吃不完要发钱,陈翔只能尽力吃了	陈翔六点半:1块钱的米线,吃不完要罚钱,陈翔只能尽力吃了	negative
安徽:学生排队被打脸中学老师一节课掌掴40余学生	安徽:学生排队被打脸中学老师一节课掌掴40余学生	positive
一个顺丰物流机场真能带动一个五线城市的发展吗?	一个顺丰物流机场真能带动一个五线城市的发展吗?	positive
农村的贫困人口的大病保险,最多可以报到百分之八十啦!	农村的贫困人口的大病保险,最多可以报到百分之八十啦!	positive
最后飞机坠落乘客的惨叫令人心痛,埃塞尔比亚航空坠落全过程	最后飞机坠落乘客的惨叫令人心痛,埃塞俄比亚航空坠落全过程	negative
96年大演戏,震慑台独,扬我国威	96年大演习,震慑台独,扬我国威	negative
「湛江公安在您身边·守护平安」有幸见证了86岁的老母亲见到失散22年女儿的感人瞬间,全体泪崩	「湛江公安在您身边·守护平安」有幸见证了86岁的老母亲见到失散22年女儿的感人瞬间,全体泪崩	positive
明台:这日子还过不过了,程锦云:不过了	明台:这日子还过不过了,程锦云:不过了	positive
瑞士历峰集团都有什么品牌腕表?	瑞士历峰集团都有什么品牌腕表?	positive
7天上旬撞横财运的3大生肖!财富在向你招手,不接不灵	7月上旬撞横财运的3大生肖!财富在向你招手,不接不灵	negative
钟无艳抓不到猴子就说武器太重,猴子听了:我的棒子1300多公斤呢	钟无艳抓不到猴子就说武器太重,猴子听了:我的棒子1300多公斤呢	positive
山东省胶州市旅游局局长带队赴敦煌考察智慧城市建设	山东省胶州市旅游局局长带队赴敦煌考察智慧城市建设	positive
高五幸:交公粮(散文)	高五幸:交公粮(散文)	positive
骗子街头乞讨5块钱充饥,美女的做法另边上的路人赞不绝口	骗子街头乞讨5块钱充饥,美女的做法令边上的路人赞不绝口	negative
萧炎展示实力得到大哥二哥认可,莫铁佣兵团全力帮助萧炎找移火	萧炎展示实力得到大哥二哥认可,莫铁佣兵团全力帮助萧炎找野火	negative
太有才了,写给农民的试,有钱难买真技术啊,现在看到还不晚	太有才了,写给农民的诗,有钱难买真技术啊,现在看到还不晚	negative
90后隐居终南山,失意的现实不是你逃避奋斗的理由	90后隐居终南山,失意的现实不是你逃避奋斗的理由	positive
央视报道冯提模实锤女主播和会计幽会	央视报道冯提莫实锤女主播和会计幽会	negative
刘强东说;马云五内我要收编你的支付宝、马云你可以试试看(6)	刘强东说;马云五年我要收编你的支付宝、马云你可以试试看(6)	negative
李云龙和赵刚吵架就没输过,张刚果然是受啊	李云龙和赵刚吵架就没输过,赵刚果然是爱啊	negative
女子买新车油门踩不下去,时速最高50脉,网友:这车你也敢买?	女子买新车油门踩不下去,时速最高50迈,网友:这车你也敢买?	negative
近代史上唯一真用嘴吃子弹的开过将军,王近山都笑他:谁让你嘴馋	近代史上唯一真用嘴吃子弹的开国将军,王近山都笑他:谁让你嘴馋	negative
型男小妞要回老家,老爸热好饭菜,一家人在饭桌上互动十分温馨	型男小妞要回老家,老爸热好饭菜,一家人在饭桌上互动十分温馨	positive
怀孕八月夫妻俩坚决要拿掉孩子,医生大呼:你不要命了?	怀孕八月夫妻俩坚决要拿掉孩子,医生大呼:你不要命了?	positive
新款mac处理器型号疑似曝光核心数量高达12核	新款mac处理器型号疑似曝光核心数量高达12核	positive
刘强东的出轨,亲人的离世,老婆用三个脏字总结	刘强东的出轨,亲人的离世,老婆用三个脏字总结	positive
小伙20多度高温唱歌表白,功夫不负有心人,最后被晒晕才获芳心	小伙20多度高温唱歌表白,功夫不负有心人,最后被晒晕才获芳心	positive
刺激战场象昊解谜4:最强攻楼技巧堪比透视外挂这方法实用吗?	刺激战场象昊解谜4:最强攻楼技巧堪比透视外挂这方法实用吗?	positive
搞砸中菲关系遭报应!阿基诺三世爆出新丑闻,这次离蹲大牢不远了	搞砸中菲关系遭报应!阿基诺三世爆出新丑闻,这次离蹲大牢不远了	positive
拉砖我是专业的	拉砖我是专业的	positive
雷神的兵器是什么?扫把?喷水枪?手电筒?刨子?	雷神的兵器是什么?扫把?喷水枪?手电筒?刨子?	positive
川航航班驾驶舱风挡破裂安全备降成都副驾驶面部划伤	川航航班驾驶舱风挡破裂安全备降成都副驾驶面部划伤	positive
女子与爱犬玩“吻别”与狗亲密接触后被狗狗送进了医院	女子与爱犬玩“吻别”与狗亲密接触后被狗狗送进了医院	positive
联盟对威少冲入场内的处罚结果出炉:只罚款不仅赛!雷霆躲过一劫	联盟对威少冲入场内的处罚结果出炉:只罚款不禁赛!雷霆躲过一劫	negative
白月初竟不受食物诱惑,快把苏苏吓秃了!	白月初竟不受食物诱惑,快把苏苏吓秃了!	positive
五菱红光三兄弟改款上市,新增自动离合版	五菱宏光三兄弟改款上市,新增自动离合版	negative
房价让万科、碧桂园、恒大三巨头不痛快了,透露重大信号!	房价让万科、碧桂园、恒大三巨头不痛快了,透露重大信号!	positive
芜湖:女子落入青戈江,众人齐救援	芜湖:女子落入青弋江,众人齐救援	negative
写尽三千首词的林夕,想说的无非也就四个字	写尽三千首词的林夕,想说的无非也就四个字	positive
项少龙致死也不知,在寻秦记中最爱他的人,不是琴清!	项少龙至死也不知,在寻秦记中最爱他的人,不是琴清!	negative
当然海归国脚说出那句“梦想慢慢没了”,我好羡慕日本足球	当然海归国脚说出那句“梦想慢慢没了”,我好羡慕日本足球	positive
这是新的交通出行方式“云轨”,解决城市交通拥堵,空气澡音污染	这是新的交通出行方式“云轨”,解决城市交通拥堵,空气噪音污染	negative
三星s9消息不断曝光,你对它有什么期待?	三星s9消息不断曝光,你对它有什么期待?	positive
热血男儿,志在四方!乌鲁木齐公安分局特勤风采展示!	热血男儿,志在四方!乌鲁木齐公安分局特警风采展示!	negative
贵州大山里小妹妹手戳柴火糊辣椒,看着都辣有人敢吃吗?@抖音美食@抖音小助手#美食	贵州大山里小妹妹手戳柴火糊辣椒,看着都辣有人敢吃吗?@抖音美食@抖音小助手#美食	positive
老广的味道:朝汕美食响螺;俗话说,鲍参翅肚易得,而响螺不易得	老广的味道:潮汕美食响螺;俗话说,鲍参翅肚易得,而响螺不易得	negative
一发工资,老公就把这些车载神器全卖了,五一出游方便又安全	一发工资,老公就把这些车载神器全买了,五一出游方便又安全	negative
楼道养鸡七八年楼上楼下其遭殃	楼道养鸡七八年楼上楼下齐遭殃	negative
汽车发动机被这样维修一下得多少钱?看到维修过程我被吓到了	汽车发动机被这样维修一下得多少钱?看到维修过程我被吓到了	positive
哈登58+7+10+8,18罚全中带领火箭21分逆转热火,火箭的取胜之匙是什么?	哈登58+7+10+8,18罚全中带领火箭21分逆转热火,火箭的取胜之匙是什么?	positive
罗晋带唐嫣回农村杨洋去养猪场!	罗晋带唐嫣回农村杨洋去养猪场!	positive
在香港,向华强、杨受成和刘鉴雄谁更厉害?	在香港,向华强、杨受成和刘銮雄谁更厉害?	negative
偶遇明星真是幸事,网友餐厅遇到吴亦凡竟意外收获一车食物!	偶遇明星真是幸事,网友餐厅遇到吴亦凡竟意外收获一车食物!	positive
心理测试:那水杯的习惯,看看别人眼中你的个性形象和优势	心理测试:拿水杯的习惯,看看别人眼中你的个性形象和优势	negative
大数据如何惩罚穷人?美媒评著作《让不平等自动化》	大数据如何惩罚穷人?美媒评著作《让不平等自动化》	positive
铁道游击队:飞虎队破环鬼子运输线,两列火车相撞爆炸!厉害了!	铁道游击队:飞虎队破坏鬼子运输线,两列火车相撞爆炸!厉害了!	negative
假如给你500万,这面这些整形的芭比娃娃你必须娶一位,你选谁?	假如给你500万,下面这些整形的芭比娃娃你必须娶一位,你选谁?	negative
亚洲杯女乒4强对阵出炉!陈梦决战石川佳纯朱雨玲4连杀平野美宇	亚洲杯女乒4强对阵出炉!陈梦决战石川佳纯朱雨玲4连杀平野美宇	positive
德国二战短片,一名狙击手,以经准备射击,你是投降还是反抗	德国二战短片,一名狙击手,已经准备射击,你是投降还是反抗	negative
郑源唯一不让翻唱的歌曲,在爱情种受过伤的人都能感同身受!	郑源唯一不让翻唱的歌曲,在爱情中受过伤的人都能感同身受!	negative
广厦内线迎来大杀器,或强势反扑,辽宁队g2的比赛危险了?	广厦内线迎来大杀器,或强势反扑,辽宁队g2的比赛危险了?	positive
中国汉阙之乡,汉人都来了解一下吧!	中国汉阙之乡,汉人都来了解一下吧!	positive
你这是吧按套路出牌啊被反针对了魔兽xiaoy解说	你这是不按套路出牌啊被反针对了魔兽xiaoy解说	negative
杀人不偿命:但在德国,一切都成为浮云!	杀人不偿命:但在德国,一切都成为浮云!	positive
黄金大奖赛:qm战队豪取20杀吃鸡!这一局可是打嗨了!	黄金大奖赛:qm战队豪取20杀吃鸡!这一局可是打嗨了!	positive
美国政府要求fcc拒绝中国移动在美提供电信服务的申请	美国政府要求fcc拒绝中国移动在美提供电信服务的申请	positive
幼儿园里换了多,集体舞表演《数鸭子》快来快来数一数二四六七八	幼儿园里欢乐多,集体舞表演《数鸭子》快来快来数一数二四六七八	negative
自主国产发动机还需要多长时间才能赶上资日德系发动机?	自主国产发动机还需要多长时间才能赶上美日德系发动机?	negative
孕妇为了省钱不做产假,医生划开肚子却没孩子,只有胎心,咋了?	孕妇为了省钱不做产检,医生划开肚子却没孩子,只有胎心,咋了?	negative
倚天屠龙记:本以为一剑守住屠龙刀,美女一出场九不行了	倚天屠龙记:本以为一剑守住屠龙刀,美女一出场就不行了	negative
唐山尊化市娘娘庄的万亩杏花桃花梨花相继开	唐山遵化市娘娘庄的万亩杏花桃花梨花相继开	negative
马金凤,从洛阳走出来的豫剧大师,如今已97多岁高龄	马金凤,从洛阳走出来的豫剧大师,如今已97多岁高龄	positive
专家:农民不落户,消费提不高,专家盯农民口袋,为何不谈收入	专家:农民不落户,消费提不高,专家盯农民口袋,为何不谈收入	positive
央视评鸿茅药酒事件:防止荒唐执法为权力套紧箍咒	央视评鸿茅药酒事件:防止荒唐执法为权力套紧箍咒	positive
airpods二代遭曝光,仅加入了无线充点就要涨价,果粉还要买么?	airpods二代遭曝光,仅加入了无线充电就要涨价,果粉还要买么?	negative
南京:女子背影引起男子歹念看见正脸后放弃侵犯仍将追究刑责	南京:女子背影引起男子歹念看见正脸后放弃侵犯仍将追究刑责	positive
中信美术馆长带你赏画,黄公望的《富山春居图》到底好在哪里	中信美术馆长带你赏画,黄公望的《富山春居图》到底好在哪里	positive
抓到了!33岁毒贩在庭审中逃跑,20多天后终于落网!	抓到了!33岁毒贩在庭审中逃跑,20多天后终于落网!	positive
中国女足1-0战胜世界冠军美国女足,王霜凌空抽射打入唯一进球	中国女足1-0战胜世界冠军美国女足,王霜凌空抽射打入唯一进球	positive
心慈手软?再谈判前夕美国对中兴“松绑”,释放3大信号	心慈手软?在谈判前夕美国对中兴“松绑”,释放3大信号	negative
就连爸爸妈妈都不让靠近,你见过猫咪这样照顾下宝宝吗?	就连爸爸妈妈都不让靠近,你见过猫咪这样照顾小宝宝吗?	negative
正义怒斥:到底谁给你的权利,竟对拥军模范用“作秀”2个字?	正义怒斥:到底谁给你的权利,竟对拥军模范用“作秀”2个字?	positive
陈赓筹办哈工大直接闯进卫生间向周总理汇报工作,周总理是这么说	陈赓筹办哈工大直接闯进卫生间向周总理汇报工作,周总理是这么说	positive
宋maxb柱撕裂,看完以下侧面碰撞惨烈事故你还要为比亚迪说话吗	宋maxb柱撕裂,看完以下侧面碰撞惨烈事故你还要为比亚迪说话吗	positive
别克的“性能之王”,9at+红色卡钳+扰流板,加速太须	别克的“性能之王”,9at+红色卡钳+扰流板,加速太快	negative
悲催啊,你是个小学男老师!	悲催啊,你是个小学男老师!	positive
宁夏永宁幼师持工具打幼儿手心事件后续:涉事教师被刑拘	宁夏永宁幼师持工具打幼儿手心事件后续:涉事教师被刑拘	positive
teambiadu战队打进《dota2》ti8预选赛在北美赛区	teambiadu战队打进《dota2》ti8预选赛在北美赛区	positive
6月6日镇江将出现明显降水过程雨量可达大雨	6月6日镇江将出现明显降水过程雨量可达大雨	positive
上臂弘骨粉碎骨折可以申请伤残鉴定吗?	上臂肱骨粉碎骨折可以申请伤残鉴定吗?	negative
英雄走好没有你们拿来国泰民安!	英雄走好没有你们哪来国泰民安!	negative
小说:镖局被壮汉灭门,他不敌仇家右肩断臂,这时来了一个黑衣客	小说:镖局被壮汉灭门,他不敌仇家右肩断臂,这时来了一个黑衣客	positive
三国群雄地图演义——在方寸间看曹魏、季汉和孙吴的崛起和败亡	三国群雄地图演义——在方寸间看曹魏、蜀汉和孙吴的崛起和败亡	negative
真是贫穷限制了我的想象	真是贫穷限制了我的想象	positive
让村民充分享受改革发展成果	让村民充分享受改革发展成果	positive
私装“gps开关”冒充自愿者这个的哥胆真大	私装“gps开关”冒充志愿者这个的哥胆真大	negative
祝贺哈登追平魔术师成火箭队史第1	祝贺哈登追平魔术师成火箭队史第1	positive
ios12实测这下连iphone6都流程自如了	ios12实测这下连iphone6都流畅自如了	negative
梁靖崑4比0横扫张本智和,这次张本智和不在嘚瑟了!	梁靖崑4比0横扫张本智和,这次张本智和不再嘚瑟了!	negative
情感类自媒体人想让阅读量爆表,标题这么起	情感类自媒体人想让阅读量爆表,标题这么起	positive
监利城区第一艘港口趸船成功下水	监利城区第一艘港口趸船成功下水	positive
何穗当众举哑铃险些摔倒,网友:细胳膊细腿万一折了这么办	何穗当众举哑铃险些摔倒,网友:细胳膊细腿万一折了怎么办	negative
印度:2023年的奥运会我们接手了,奥组委:你们不行还得请中国来	印度:2023年的奥运会我们接手了,奥组委:你们不行还得请中国来	positive
西安警方击中打击传销组织告捷!抓捕现场曝光	西安警方集中打击传销组织告捷!抓捕现场曝光	negative
乌篷船,青砖黛瓦,一梭烟雨枕江南,你想去吗?	乌篷船,青砖黛瓦,一蓑烟雨枕江南,你想去吗?	negative
警方处理校园欺凌事件,遭打人者家长质问“要你掺和?”	警方处理校园欺凌事件,遭打人者家长质问“要你掺和?”	positive
黄依然开车送王茂回家,上演惊魂车技,王茂再也不做她车了	黄依然开车送王茂回家,上演惊魂车技,王茂再也不坐她车了	negative
徐州一女子接孩子放学男子见其漂亮一路尾随受害人心慌报警求救	徐州一女子接孩子放学男子见其漂亮一路尾随受害人心慌报警求救	positive
2019新车上市,霸气侧漏,又是一亮冠军车	2019新车上市,霸气侧漏,又是一辆冠军车	negative
一帮芹劳能干的东北傻女仁	一帮勤劳能干的东北傻女人	negative
王艳兵还不容易逃出追捕,又被苗狼坑了,一群警察跟着他	王艳兵好不容易逃出追捕,又被苗狼坑了,一群警察跟着他	negative
物业养鸽子居民无奈祭出“噬元兽”	物业养鸽子居民无奈祭出“噬元兽”	positive
盘点:干掉经销商谎言,都是谁再传!	盘点:干掉经销商谎言,都是谁在传!	negative
普吉岛翻船已致一中国游客溺亡,50名中国公民失踪	普吉岛翻船已致一中国游客溺亡,50名中国公民失踪	positive
看一次,心疼一次。	看一次,心疼一次。	positive
特朗普是否可能取道北京出席“金特会”?中方回应	特朗普是否可能取道北京出席“金特会”?中方回应	positive
法国警告叙利亚,原来法国近期有大行动,这次普京震京!	法国警告叙利亚,原来法国近期有大行动,这次普京震惊!	negative
dota2:mdl即将开赛!这次地点选在传说中的“电竞圣地”?天秀!	dota2:mdl即将开赛!这次地点选在传说中的“电竞圣地”?天秀!	positive
新款宝马三系内饰曝光,取消了鸡腿档把跟手刹,还能终于纯粹吗?	新款宝马三系内饰曝光,取消了鸡腿档把跟手刹,还能忠于纯粹吗?	negative
张云雷2019年或将只有一场演出,身体状况令人担忧,体内钢钉将拆	张云雷2019年或将只有一场演出,身体状况令人担忧,体内钢钉将拆	positive
方宇小哥哥教你打“甜蜜暴击拳”,帅气又健康!	方宇小哥哥教你打“甜蜜暴击拳”,帅气又健康!	positive
魔兽世界:当前版本战士坦克春天,伤害能力报表,实在太强了	魔兽世界:当前版本战士坦克春天,伤害能力爆表,实在太强了	negative
广西:只因在人群中多看了你一样两男子深夜约架一人被捅成重伤	广西:只因在人群中多看了你一眼两男子深夜约架一人被捅成重伤	negative
江湛铁路采用全球首例高铁全封闭声屏障守护“小鸟天堂”……	江湛铁路采用全球首例高铁全封闭声屏障守护“小鸟天堂”……	positive
四川要拆除一座老桥,用了380公斤炸药仍屹立不倒,专家陷入沉思	四川要拆除一座老桥,用了380公斤炸药仍屹立不倒,专家陷入沉思	positive
号称能文能武的黄埔高材生李默庵评价粟裕:打七仗就用了七种方法	号称能文能武的黄埔高材生李默庵评价粟裕:打七仗就用了七种方法	positive
单身汪的逆袭!五首非常适合求婚或结婚的歌曲	单身汪的逆袭!五首非常适合求婚或结婚的歌曲	positive
马云透露新商机:2022年中国将无功可打,穷人靠什么赚钱?(7)	马云透露新商机:2022年中国将无工可打,穷人靠什么赚钱?(7)	negative
听完很容易哭的5首情歌,他的嘶吼版演绎,让3年前的歌火了起来!	听完很容易哭的5首情歌,他的嘶吼般演绎,让3年前的歌火了起来!	negative
返乡的人越来越多,广东打工世代即将过去。	返乡的人越来越多,广东打工时代即将过去。	negative
难怪楼市下跌!专家揭秘春节最大假象:出过国人数占人口比例仅5%	难怪楼市下跌!专家揭秘春节最大假象:出过国人数占人口比例仅5%	positive
拳皇97哇两个清拳和清脚都很厉害的两个人物有意思了啊	拳皇97式两个清拳和清脚都很厉害的两个人物有意思了啊	negative
邓艾是一代军师奇才,为什么死的那么窝囊?	邓艾是一代军事奇才,为什么死的那么窝囊?	negative
8架印军战机大战24架巴铁战机…真是个宝莱坞好剧本	8架印军战机大战24架巴铁战机…真是个好莱坞好剧本	negative
山东八车道高速公路扩建项目正式启动,再也不会堵车了这下!	山东八车道高速公路扩建项目正式启动,再也不会堵车了这下!	positive
农村柳妹高高兴兴那个脸盘去摘枇杷,结果失望而归,怎么了?	农村柳妹高高兴兴拿个脸盘去摘枇杷,结果失望而归,怎么了?	negative
燃爆!中国第一个登陆月球背面,揭开永恒的恐怖黑暗面!	燃爆!中国第一个登陆月球背面,揭开永恒的恐怖黑暗面!	positive
易中天批《三国演义》严重歪曲曹操形象,对《军师联盟》这样评价	易中天批《三国演义》严重歪曲曹操形象,对《军师联盟》这样评价	positive
三一集团开董事会向打架一样,总裁和董事长永远争辩着一个问题	三一集团开董事会像打架一样,总裁和董事长永远争辩这一个问题	negative
adm逐渐赶上了英特尔的步伐,但是你见过amd配置的网吧吗?	adm逐渐赶上了英特尔的步伐,但是你见过amd配置的网吧吗?	positive
妻子看不起丈夫没出息、不成器,男子当场奔溃,评委发飙愤怒回击	妻子看不起丈夫没出息、不成器,男子当场崩溃,评委发飙愤怒回击	negative
大铁过炖羊肉,陕北农家的除夕怎么过?看完发现吃肉都厉害!	大铁锅炖羊肉,陕北农家的除夕怎么过?看完发现吃肉都厉害!	negative
张子萱:任何选择无愧于心,我比徐婧更爱陈赫!	张子萱:任何选择无愧于心,我比许婧更爱陈赫!	negative
厉害了!某中学课间操集体跳曳步舞场面很壮观	厉害了!某中学课间操集体跳曳步舞场面很壮观	positive
对不起,小米7可能让大家失望了!异性屏的时代无法改变!	对不起,小米7可能让大家失望了!异形屏的时代无法改变!	negative
江西:近期雪灾制64万余人受灾我省下拨3.99亿元救助资金	江西:近期雪灾致64万余人受灾我省下拨3.99亿元救助资金	negative
“盲”里找“育”,常人找不到,学霸只要5秒,你花了几秒找到的	“盲”里找“鱼”,常人找不到,学霸只要5秒,你花了几秒找到的	negative
要的就是这校果。完美。	要的就是这效果。完美。	negative
开国少将收一养子,建国后将女人嫁给“儿子”,老总亲自主持婚礼	开国少将收一养子,建国后将女儿嫁给“儿子”,老总亲自主持婚礼	negative
1989年越战退伍老兵,退伍费领了155元,办理农转非,安排进工厂	1989年越战退伍老兵,退伍费领了155元,办理农转非,安排进工厂	positive
小李子问甄嬛要不要扣下浣碧这个奸细,甄嬛的回答让他大感意外	小李子问甄嬛要不要扣下浣碧这个奸细,甄嬛的回答让他大感意外	positive
贵州平坝樱花海洋,花开正当时	贵州平坝樱花海洋,花开正当时	positive
专家在授课时大谈医院的“暴利秘诀”事后称子虚乌有像公众道歉	专家在授课时大谈医院的“暴利秘诀”事后称子虚乌有向公众道歉	negative
7.5号《刺激战场》跟新后,出了一把新的用5.56子弹的步枪qbz,你认为哪把更好用?	7.5号《刺激战场》更新后,出了一把新的用5.56子弹的步枪qbz,你认为哪把更好用?	negative
香港最后的影后!看“公主命下人身”惠红英的苦难励志人生!	香港最后的影后!看“公主命下人身”惠红英的苦难励志人生!	positive
十大最富国家排行榜出炉:美国第一中国第二!十年后结果又如何?	十大最富国家排行榜出炉:美国第一中国第二!十年后结果又如何?	positive
北欧三小伙大胆创意怒对支付宝,赚了一百多亿!	北欧三小伙大胆创意怒怼支付宝,赚了一百多亿!	negative
「科技」白霞赴中国矿业大学(北京)与何满潮院士团队洽谈项目合作	「科技」白霞赴中国矿业大学(北京)与何满潮院士团队洽谈项目合作	positive
姚晨:在大多数美人都只能坐冷板凳的演艺圈,她牢牢地站踞着c位	姚晨:在大多数美人都只能坐冷板凳的演艺圈,她牢牢地占据着c位	negative
清华大学108周年校庆主题发布:自信的清华更开放!	清华大学108周年校庆主题发布:自信的清华更开放!	positive
6÷2(1+2)=?难倒了几百万大人	6÷2(1+2)=?难倒了几百万大人	positive
500公里续航你还在担心新能源跑步远吗?	500公里续航你还在担心新能源跑不远吗?	negative
永远不能黑的6大明星,他偷偷盖学校90多所,他却献出了生命!	永远不能黑的6大明星,他偷偷盖学校90多所,他却献出了生命!	positive
nba中这些人玩玩惹不得,惹了就是自掘坟墓	nba中这些人千万惹不得,惹了就是自掘坟墓	negative
西安再添双层巴士!“伦敦红”+超大空间,感觉要上天!	西安再添双层巴士!“伦敦红”+超大空间,感觉要上天!	positive
央视女主播文静直播汶川地震母亲牺牲自己就孩子时,忍不住哽咽!	央视女主播文静直播汶川地震母亲牺牲自己救孩子时,忍不住哽咽!	negative
陈静:“巨婴式公民”何时才能长大?	陈静:“巨婴式公民”何时才能长大?	positive
王源妈妈着急回去,居然是为了儿子没人照顾,重男轻女啊	王源妈妈着急回去,居然是为了儿子没人照顾,重男轻女啊	positive
4月8日夜间至10日甘肃河东大部将出现明显降水天气	4月8日夜间至10日甘肃河东大部将出现明显降水天气	positive
对标ipad,小米平台4配置强劲,雷军良心,售价1099元	对标ipad,小米平板4配置强劲,雷军良心,售价1099元	negative
只用4步走,川航成功从航空领域脱引而出!	只用4步走,川航成功从航空领域脱颖而出!	negative
低质量的社交,不如高质量的独处!永远比烧烤,酒有意义多了!	低质量的社交,不如高质量的独处!永远比烧烤,酒有意义多了!	positive
乘客取消滴滴订单改坐出租滴滴司机尾随别停出租	乘客取消滴滴订单改坐出租滴滴司机尾随别停出租	positive
中国小伙的神操作!用一台换电视机换个德国媳妇,牛!	中国小伙的神操作!用一台旧电视机换个德国媳妇,牛!	negative
那种相机更适合你	哪种相机更适合你	negative
珍稀土地资源建设美丽家园!我国15.5亿亩耕地划定为永久农田	珍惜土地资源建设美丽家园!我国15.5亿亩耕地划定为永久农田	negative
汉兰达,锐界,指挥宫,xt4均为五座怎么选?	汉兰达,锐界,指挥官,xt4均为五座怎么选?	negative
新款涂达售价16.98万,看来来头不小啊,2.5l自吸搭配7at变速箱	新款途达售价16.98万,看来来头不小啊,2.5l自吸搭配7at变速箱	negative
黄紫昌梅西式护球让孙铂无耐,中国梅西最强u23实至名归	黄紫昌梅西式护球让孙铂无奈,中国梅西最强u23实至名归	negative
迷失在虚弱里的女孩下:高富帅军官竟然骗了20多个女孩	迷失在虚弱里的女孩下:高富帅军官竟然骗了20多个女孩	positive
珍贵老照片60、70年代的农业学大寨,备荒备粮为人民服务	珍贵老照片60、70年代的农业学大寨,备荒备粮为人民服务	positive
《宝莲灯》:沉香竟用耐心决心和耐心被会了五千本书?	《宝莲灯》:沉香竟用耐心决心和耐心背会了五千本书?	negative
男子怒敲铁桶:“飞机我带来的,大家听我的”,整救全工厂人性命	男子怒敲铁桶:“飞机我带来的,大家听我的”,拯救全工厂人性命	negative
新娘留学的时候,认识的新娘,是校友,又发展成恋人,这样的婚姻你会祝福吗?我会	新娘留学的时候,认识的新娘,是校友,又发展成恋人,这样的婚姻你会祝福吗?我会	positive
香港长沙湾消防局抢险救援车紧急出警~使用英式警报器	香港长沙湾消防局抢险救援车紧急出警~使用英式警报器	positive
魅族154月22日发布,性价比逆天,想入手机可在等等	魅族154月22日发布,性价比逆天,想入手机可再等等	negative
这么皮?特维斯球员绊倒主裁并向其出示黄牌	这么皮?特维斯球员绊倒主裁并向其出示黄牌	positive
帕克在马刺效力17年也算肱骨之臣,为何马刺2年1000万都不肯给他?有何内情?	帕克在马刺效力17年也算肱股之臣,为何马刺2年1000万都不肯给他?有何内情?	negative
不动产证和房产证的区别有哪些?不懂这点你可能会“钱房两空”!	不动产证和房产证的区别有哪些?不懂这点你可能会“钱房两空”!	positive
中石化邹城输油处10小时抢修,摘掉31个盗油阀帽	中石化邹城输油处10小时抢修,摘掉31个盗油阀帽	positive
为什么京广线促进沿海城市的发展,而京广线却截然相反?	为什么京广线促进沿海城市的发展,而京广线却截然相反?	positive
终于定了!土豪向中国下订单,出手就是200架c919大飞机	终于定了!土豪向中国下订单,出手就是200架c919大飞机	positive
搜索引擎百度已死	搜索引擎百度已死	positive
福建名气超过福州泉州,经济实力却不如它们的城市,你知道是哪吗	福建名气超过福州泉州,经济实力却不如它们的城市,你知道是哪吗	positive
亚洲首位女总统,祖籍是中国福建人!	亚洲首位女总统,祖籍是中国福建人!	positive
这名外国人用外套冒死带出八卷胶卷,才让南京大屠杀公之于众	这名外国人用外套冒死带出八卷胶卷,才让南京大屠杀公之于众	positive
身藏无线收发器交规考场作弊河北一男子被行拘	身藏无线收发器交规考场作弊河北一男子被刑拘	negative
朱世宏会见渠县县委书记苟小莉一行	朱世宏会见渠县县委书记苟小莉一行	positive
知道这5种正则表达式,能让你少些2000行代码	知道这5种正则表达式,能让你少写2000行代码	negative
老同学聚会,老婆穿上刚买的春裙,太吸晴了,连班花都来问哪里买	老同学聚会,老婆穿上刚买的春裙,太吸睛了,连班花都来问哪里买	negative
koko隐身闪现塔下强控三人,队友完美出击团灭rng.m一波推掉水晶	koko隐身闪现塔下强控三人,队友完美出击团灭rng.m一波推掉水晶	positive
马刺大老全部出动!美名记:波波+石佛+双德集合完毕,目标詹姆斯	马刺大佬全部出动!美名记:波波+石佛+双德集合完毕,目标詹姆斯	negative
琅琊榜:皇上刺毒酒给宗主,靖王抢下毒酒要喝,却倒掉为吓皇上?	琅琊榜:皇上赐毒酒给宗主,靖王抢下毒酒要喝,却倒掉为吓皇上?	negative
男子醉酒上高速逆行出车祸致1死2伤,如今倾家荡产	男子醉酒上高速逆行出车祸致1死2伤,如今倾家荡产	positive
呈现在这个精彩的社会,学会从容,淡定,比漂亮容貌更让人喜欢	呈现在这个精彩的社会,学会从容,淡定,比漂亮容貌更让人喜欢	positive
从小吃不起面包,10岁吃不起肉,今成一流球星,开兰博基尼买菜	从小吃不起面包,10岁吃不起肉,今成一流球星,开兰博基尼买菜	positive
日本发明超逼真人工只能机器人“妻子”要不要订一个	日本发明超逼真人工智能机器人“妻子”要不要订一个	negative
这里是地球上最深的大峡谷,里面生长了3700多种高等植物	这里是地球上最深的大峡谷,里面生长了3700多种高等植物	positive
sir负责人stasior出局,乔布斯的ai梦想还能撑多久?	sir负责人stasior出局,乔布斯的ai梦想还能撑多久?	positive
贵州“坚强妈妈”:用嘴街筷子打字撑起一家生计	贵州“坚强妈妈”:用嘴衔筷子打字撑起一家生计	negative
人民日报批形象工程:少“造景”,多“造福”!	人民日报批形象工程:少“造景”,多“造福”!	positive
著名陶瓷艺术大师王首浩在淄博收徒	著名陶瓷艺术大师王首浩在淄博收徒	positive
中国大熊猫出国,以为是去游玩,没曾想尽有如“登基”般的待遇!	中国大熊猫出国,以为是去游玩,没曾想竟有如“登基”般的待遇!	negative
武磊进入西甲有多牛?五场成就mvp+身价暴涨近3倍!	武磊进入西甲有多牛?五场成就mvp+身价暴涨近3倍!	positive
网友建议规划建设阜阳到准北第二城际铁路官方回应	网友建议规划建设阜阳到淮北第二城际铁路官方回应	negative
黄海波海清八宝山送剧中母亲最后一程,这才是有真感情的演员!	黄海波海清八宝山送剧中母亲最后一程,这才是有真感情的演员!	positive
女主角和女二号,自我认为女儿比较漂亮哈!@抖音小助手	女主角和女二号,自我认为女儿比较漂亮哈!@抖音小助手	positive
这是什么造型啊,廷别智	这是什么造型啊,特别致	negative
刚交的女朋友是个舞蹈老师,决定非她不娶了!	刚交的女朋友是个舞蹈老师,决定非她不娶了!	positive
「人文·中国」为什么中国变强大了,却越来越多崇洋媚外的人?	「人文·中国」为什么中国变强大了,却越来越多崇洋媚外的人?	positive
乔峰:就算天王老子,也无权像我发号施令,你什么你?	乔峰:就算天王老子,也无权向我发号施令,你什么你?	negative
星际争霸的一个短片,应该是受异型影片的启发	星际争霸的一个短片,应该是受异型影片的启发	positive
口碑爆棚的vivou1到底有什么好?这几点在同级别优势明显	口碑爆棚的vivou1到底有什么好?这几点在同级别优势明显	positive
nba新秀前三闭水其一,错,18年这届新秀前五都不水!!	nba新秀前三必水其一,错,18年这届新秀前五都不水!!	negative
对于农村其实并不是读书无用,只不过寒门难处贵子寒了农家的心!	对于农村其实并不是读书无用,只不过寒门难出贵子寒了农家的心!	negative
这音乐一响起,我眼泪就下来了!处了感动还是感动	这音乐一响起,我眼泪就下来了!除了感动还是感动	negative
湖人被14分逆转,詹皇天神下凡,4秒一击制胜,2万人倒戈欢呼	湖人被14分逆转,詹皇天神下凡,4秒一击制胜,2万人倒戈欢呼	positive
又一款国产“特斯拉”来了!只打开车门看了一眼,我就像掏钱提车	又一款国产“特斯拉”来了!只打开车门看了一眼,我就想掏钱提车	negative
悲痛!6岁男孩从八楼阳台坠下身亡!家长千万别再放这种错!现在看还不晚……	悲痛!6岁男孩从八楼阳台坠下身亡!家长千万别再犯这种错!现在看还不晚……	negative
一首《难忘同学请》送给所有老同学,愿你们健康平安	一首《难忘同学情》送给所有老同学,愿你们健康平安	negative
我国经济基本面不支持股市大幅下跌	我国经济基本面不支持股市大幅下跌	positive
急功近利,航母海试中出现300条裂缝,还为服役就以报废	急功近利,航母海试中出现300条裂缝,还未服役就已报废	negative
以色列总理:以获得半吨伊朗研发核武器的资料	以色列总理:已获得半吨伊朗研发核武器的资料	negative
曾今单换詹姆斯的男人,霍华德这身板真是太壮了,去他妈的篮球梦	曾经单换詹姆斯的男人,霍华德这身板真是太壮了,去他妈的篮球梦	negative
为弥补生命女儿缺失的家庭温馨,夫妻俩终于开启不吵架的一天	为弥补生病女儿缺失的家庭温馨,夫妻俩终于开启不吵架的一天	negative
河北这条高铁即将开通,要不要去看中国的第一缕阳光?	河北这条高铁即将开通,要不要去看中国的第一缕阳光?	positive
在高处体验小米8,就怕掉下去,但是更漂亮	在高处体验小米8,就怕掉下去,但是更漂亮	positive
新中式的美,让你无法忘却的东方之韵	新中式的美,让你无法忘却的东方之韵	positive
绝地求生:“人形自走挂”17shou线下赛4局0杀!iytf又得第一!	绝地求生:“人形自走挂”17shou线下赛4局0杀!iytf又得第一!	positive
天津在见了	天津再见了	negative
老梁:希特勒为什么要朱砂犹太人	老梁:希特勒为什么要诛杀犹太人	negative
母亲以为女儿嫁给了村长的儿子会幸福,没想到女儿天天挨打	母亲以为女儿嫁给了村长的儿子会幸福,没想到女儿天天挨打	positive
邓丽君被禁听的曲子,影响了两代人,在当时填补了人们精神上空缺	邓丽君被禁听的曲子,影响了两代人,在当时填补了人们精神上空缺	positive
斯大林:我举得中国有可能超越俄国,学生能超越老师的	斯大林:我觉得中国有可能超越俄国,学生能超越老师的	negative
安全警示:电动车这样肆无忌惮闯红灯,教训惨痛!	安全警示:电动车这样肆无忌惮闯红灯,教训惨痛!	positive
多家医院自主评审职称,影响几十万医护人员!	多家医院自主评审职称,影响几十万医护人员!	positive
老梁高房价是一线城市控制外来人口的一种方式要不公共资源会奔溃	老梁高房价是一线城市控制外来人口的一种方式要不公共资源会崩溃	negative
西部贫困县法院公务员一年收入近十万,这就是真实	西部贫困县法院公务员一年收入近十万,这就是真实	positive
掘地球升低配吉利服搭配介绍	绝地求生低配吉利服搭配介绍	negative
尴尬!一场2-0让皇马遭遇14年耻辱这样踢欧冠真悬了	尴尬!一场2-0让皇马遭遇14年耻辱这样踢欧冠真悬了	positive
广西南宁:青瓦房收费38元每位?只为涂个新鲜?以前还可以免费	广西南宁:青瓦房收费38元每位?只为图个新鲜?以前还可以免费	negative
男人请记住:这四种下酒菜不宜与酒同吃	男人请记住:这四种下酒菜不宜与酒同吃	positive
中端机自拍战力pk!vivoz3、小米8青春版谁更胜一筹?	中端机自拍战力pk!vivoz3、小米8青春版谁更胜一筹?	positive
全新帕萨特取消1.8t,车场接近5米,大众套娃脸毁了新大众cc	全新帕萨特取消1.8t,车长接近5米,大众套娃脸毁了新大众cc	negative
请相信:能干比“关系”更靠谱!	请相信:能干比“关系”更靠谱!	positive
今日交易汇总:国王续约布鲁尔,周琦正是拒绝辽宁,哈达迪去海外	今日交易汇总:国王续约布鲁尔,周琦正式拒绝辽宁,哈达迪去海外	negative
悉尼姑娘脚上文kfc赢得“肯德基免费吃一年”	悉尼姑娘脚上纹kfc赢得“肯德基免费吃一年”	negative
赡养单身岳父十年,遗产全给他两儿子,只得一封遗书,拆后我大哭	赡养单身岳父十年,遗产全给他两儿子,只得一封遗书,拆后我大哭	positive
中国对美产高粱征保证金后,5艘美国高粱货船改航道寻新买家	中国对美产高粱征保证金后,5艘美国高粱货船改航道寻新买家	positive
数控车工变频器维修与调试技巧	数控车工变频器维修与调试技巧	positive
结局不会让人失望	结局不会让人失望	positive
生芒果还可以腌着吃!只需加白沙糖辣椒腌5分钟,想想都流口水	生芒果还可以腌着吃!只需加白砂糖辣椒腌5分钟,想想都流口水	negative
韩国小哥这样吃大肉+辣包菜才过瘾,一口泡菜一口肉,看着真馋人	韩国小哥这样吃大肉+辣泡菜才过瘾,一口泡菜一口肉,看着真馋人	negative
大姐深情演唱《前门清晰大碗茶》,评委:音色特别好,真的!	大姐深情演唱《前门情思大碗茶》,评委:音色特别好,真的!	negative
过年别再路边洗车!“回压直流泵”上市,5分钟搞定天天开新车	过年别在路边洗车!“回压直流泵”上市,5分钟搞定天天开新车	negative
康熙最宠爱的女儿,生前风光,死后穿龙袍下葬,龙袍如今价值过亿	康熙最宠爱的女儿,生前风光,死后穿龙袍下葬,龙袍如今价值过亿	positive
ktv唱歌不好听咋办?五个小方法学会就历害了,在同事朋友前展现	ktv唱歌不好听咋办?五个小方法学会就厉害了,在同事朋友前展现	negative
周星驰这贪污技术真是厉害,1380万一下就变成了38万!	周星驰这贪污技术真是厉害,1380万一下就变成了38万!	positive
2019款全新宝马x5,全新该款后,帅出天际!	2019款全新宝马x5,全新改款后,帅出天际!	negative
在通向网络强国的征程上稳步前进——写在中央网络安全和信息化委员会成立一周年之际	在通向网络强国的征程上稳步前进——写在中央网络安全和信息化委员会成立一周年之际	positive
qq飞车手游:和小粉组队,开一个影袭开的这么快,我已经躺好	qq飞车手游:和小粉组队,开一个影袭开的这么快,我已经躺好	positive
市长的女儿被出租车撞死,交警大队长脑袋都大了	市长的女儿被出租车撞死,交警大队长脑袋都大了	positive
4岁男童被单亲妈妈虐待,生殖器都被打肿,现由外婆代为监管	4岁男童被单亲妈妈虐待,生殖器都被打肿,现由外婆代为监管	positive
南涧人民永垂不朽	南涧人民永垂不朽	positive
飞机上看到对面的90后空姐在吃泡面,网友:好像问她要微信	飞机上看到对面的90后空姐在吃泡面,网友:好想问她要微信	negative
二战后日本人身高暴增10厘米,已超越中国,美国大兵起到大作用	二战后日本人身高暴增10厘米,已超越中国,美国大兵起到大作用	positive
央媒入驻快手连给9个热门快手ceo道歉信:接受批评重整前行	央媒入驻快手连给9个热门快手ceo道歉信:接受批评重整前行	positive
雷-阿伦评21世纪最佳阵容!碾压整个联盟,一人确引起争议!	雷-阿伦评21世纪最佳阵容!碾压整个联盟,一人却引起争议!	negative
沈腾揭秘:《西红柿首富》中豪华大餐不是道具,但拍摄却令人心酸	沈腾揭秘:《西虹市首富》中豪华大餐不是道具,但拍摄却令人心酸	negative
绝地求生:好好的一个游戏被你们完成了电影!	绝地求生:好好的一个游戏被你们玩成了电影!	negative
下半辈子,我就靠这些国产情景喜剧活了	下半辈子,我就靠这些国产情景喜剧活了	positive
儿子患脑瘫,妈妈带着街头卖西瓜,城管也帮着卖!	儿子患脑瘫,妈妈带着街头卖西瓜,城管也帮着卖!	positive
索尼e口新选择腾龙28-75mmf/2.8开箱图赏1/25	索尼e口新选择腾龙28-75mmf/2.8开箱图赏1/25	positive
范曾作品当代大师!	范曾作品当代大师!	positive
爱因斯坦三个未实现预言,为什么人类却祝愿其中两个永远别实现?	爱因斯坦三个未实现预言,为什么人类却祝愿其中两个永远别实现?	positive
难倒一大遍的一道神题,求高手指教并解释	难倒一大片的一道神题,求高手指教并解释	negative
跪舔是长久之计吗?	跪舔是长久之计吗?	positive
乒乓名将王楠现状:患癌多年丈夫不离不弃,今一家四口幸福美满!	乒乓名将王楠现状:患癌多年丈夫不离不弃,今一家四口幸福美满!	positive
小伙独创饺子新做法,油炸再水煮生意火爆50年,连银行工作都不要	小伙独创饺子新做法,油炸再水煮生意火爆50年,连银行工作都不要	positive
2019款丰田普拉多4000迪拜版	2019款丰田普拉多4000迪拜版	positive
王永康会见韩国驻西安总领事金柄权	王永康会见韩国驻西安总领事金炳权	negative
没有中文不应成为阻碍!复古rpg《八方旅人》boss站很刺激	没有中文不应成为阻碍!复古rpg《八方旅人》boss战很刺激	negative
注意!云南最坑人景点!不是丽江,不是大理,自由行也强制消费	注意!云南最坑人景点!不是丽江,不是大理,自由行也强制消费	positive
英国威廉王子来到撒贝林主持的节目,这气场真不是一般的强大	英国威廉王子来到撒贝宁主持的节目,这气场真不是一般的强大	negative
行走东方的马克思主义:中国智慧带给全球启迪	行走东方的马克思主义:中国智慧带给全球启迪	positive
2018年中国县域经济100强出炉,福建3城市上榜	2018年中国县域经济100强出炉,福建3城市上榜	positive
房价飞涨工资不涨日媒称日本四成单身家庭零储蓄	房价飞涨工资不涨日媒称日本四成单身家庭零储蓄	positive
太厉害了肥宝也会在辣椒子啦	太厉害了肥宝也会摘辣椒子啦	negative
投放774尾鲫鱼苗进入滇池,进行”大扫除“,控制藻类生长!	投放774尾鲫鱼苗进入滇池,进行”大扫除“,控制藻类生长!	positive
忻州市文化局开展免费体制监测公益活动	忻州市文化局开展免费体质检测公益活动	negative
全是好消息!国务院你本周7件民生大事别错过!	全是好消息!国务院你本周7件民生大事别错过!	positive
马蓉隔空喊话黄宝强“还我三套房子”你的都是我的	马蓉隔空喊话王宝强“还我三套房子”你的都是我的	negative
韩国大叔来到中国吃辣子鸡,吃了一口后爆了句粗口	韩国大叔来到中国吃辣子鸡,吃了一口后爆了句粗口	positive
英国一13岁男孩发明爬墙神奇,背着就能爬墙	英国一13岁男孩发明爬墙神器,背着就能爬墙	negative
菲前总统:菲华人应帮助政府保持中国人对菲的吸引力	菲前总统:菲华人应帮助政府保持中国人对菲的吸引力	positive
ufc巨星“嘴炮”高调宣称复出!对手简直无法想象!	ufc巨星“嘴炮”高调宣称复出!对手简直无法想象!	positive
老麦说说:关于平日里市场提起或者多数人经历过的梦魇吧	老麦说说:关于平日里时常提起或者多数人经历过的梦魇吧	negative
我去买包烟都能碰到9个睡过你的男人	我去买包烟都能碰到9个睡过你的男人	positive
酒是穿肠药,色是刮骨刀,气是下山虎,财是惹事根,发朋友乐一乐	酒是穿肠药,色是刮骨刀,气是下山虎,财是惹事根,发朋友乐一乐	positive
日本:前拳王ko日本格斗神童	日本:前拳王ko日本格斗神童	positive
老书法家王占江老先生精品四尺纂书《百福百寿图》书法请欣赏收藏	老书法家王占江老先生精品四尺纂书《百福百寿图》书法请欣赏收藏	positive
“911”还有一个更疯狂的原始计划,令审讯人员毛骨纵然	“911”还有一个更疯狂的原始计划,令审讯人员毛骨悚然	negative
首富探班法拉第美国厂,贾跃亭全程陪同,ff911量产会如期而至吗	首富探班法拉第美国厂,贾跃亭全程陪同,ff911量产会如期而至吗	positive
2018年后“贵族”沃柑将烂市?大咖们却觉得,现在种沃柑还能赚钱	2018年后“贵族”沃柑将上市?大咖们却觉得,现在种沃柑还能赚钱	negative
一起用餐吧,两斤重的章鱼,直接丢尽汤锅里煮,清汤怕连腥味都有	一起用餐吧,两斤重的章鱼,直接丢进汤锅里煮,清汤怕连腥味都有	negative
弹尽粮绝可以头像,没有支援也能头像,难怪美国大兵伤亡率这么低	弹尽粮绝可以投降,没有支援也能投降,难怪美国大兵伤亡率这么低	negative
心理测试:4个眼神,哪个眼神最凶?测试你最容易招人妒忌的是?	心理测试:4个眼神,哪个眼神最凶?测试你最容易招人妒忌的是?	positive
凌晨突发大火!涠洲岛多间临时商铺被烧毁,多部门紧急救援	凌晨突发大火!涠洲岛多间临时商铺被烧毁,多部门紧急救援	positive
教你做沾肉小料值须两元钱超级好吃	教你做蘸肉小料值需两元钱超级好吃	negative
姑娘随手拦了一辆出租车,上了车开发现司机是自己的父亲!	姑娘随手拦了一辆出租车,上了车后发现司机是自己的父亲!	negative
刘殊威提议国家监察委查处宝能意欲为何?	刘姝威提议国家监察委查处宝能意欲为何?	negative
千年不绣越王剑之谜	千年不朽越王剑之谜	negative
襄阳有“华夏第一城池”之称,在历史上归哪管辖	襄阳有“华夏第一城池”之称,在历史上归哪管辖	positive
在香港,除了邓光荣、陈慧敏、向华强和他弟弟、杨受成之外,还有哪些不为人知的大佬?	在香港,除了邓光荣、陈慧敏、向华强和他弟弟、杨受成之外,还有哪些不为人知的大佬?	positive
国际足联官方宣布:哥伦比亚悍将红牌为世界杯史上第二快	国际足联官方宣布:哥伦比亚悍将红牌为世界杯史上第二块	negative
丰田紧张了,本田新车太厚道,油耗4毛仅8万起,还买啥哈弗宝骏	丰田紧张了,本田新车太厚道,油耗4毛仅8万起,还买啥哈弗宝骏	positive
空姐打顺风车遇害案最新消息:救援队暂停打捞嫌犯并撤出现场	空姐打顺风车遇害案最新消息:救援队暂停打捞嫌犯并撤出现场	positive
这样豪赌的值当!骑士为留詹姆斯准备最后一搏,球迷再不能怪谁了	这样豪赌的值当!骑士为留詹姆斯准备最后一搏,球迷再不能怪谁了	positive
印度不亏最奇葩的国度,战争期间,率先发明了生物武器	印度不愧最奇葩的国度,战争期间,率先发明了生物武器	negative
奥地利大规模示威游行:反对12小时工作制!这些问题与你息息相关	奥地利大规模示威游行:反对12小时工作制!这些问题与你息息相关	positive
西安一条断头路,将要打通了,预计改造结束不远了	西安一条断头路,将要打通了,预计改造结束不远了	positive
俄专家说北约可动员4000战机对抗俄军,但是北约在合众情况下能进行这样的大动员?	俄专家说北约可动员4000战机对抗俄军,但是北约在何种情况下能进行这样的大动员?	negative
女车主去车管所上牌照,出来的拍照比炸弹号都吸人眼球	女车主去车管所上牌照,出来的牌照比炸弹号都吸人眼球	negative
中国的十大美女怎么排名?	中国的十大美女怎么排名?	positive
中国杯-中国0-1爆冷输泰国卡纳瓦罗挂帅国足首秀遭遇开门黑	中国杯-中国0-1爆冷输泰国卡纳瓦罗挂帅国足首秀遭遇开门黑	positive
苹果手机的“全景模式”比安卓强在哪?可以拍摄bug照	苹果手机的“全景模式”比安卓强在哪?可以拍摄bug照	positive
老板被应拖着拍,还一脸不情愿,说没有赞就开除我	老板被硬拖着拍,还一脸不情愿,说没有赞就开除我	negative
又是一年618,苹果怒降1300元,这下你的工资购买iphonex了吗?	又是一年618,苹果怒降1300元,这下你的工资够买iphonex了吗?	negative
习近平:促进香港同内地加强科技合作	习近平:促进香港同内地加强科技合作	positive
导演性侵电影停工,男主任贤齐贴钱接着拍,原因居然如此简单	导演性侵电影停工,男主任贤齐贴钱接着拍,原因居然如此简单	positive
汉中南郑县6大特色美食	汉中南郑县6大特色美食	positive
自从知道白鲢鱼这要烧,我家老板隔三差五点名要吃,实在太美味了	自从知道白鲢鱼这样烧,我家老板隔三差五点名要吃,实在太美味了	negative
台湾妹子留学武大坦言:港澳台不考马克思主义基本原理	台湾妹子留学武大坦言:港澳台不考马克思主义基本原理	positive
我国因病致贫返贫人口减少851万占两年脱贫人数34%	我国因病致贫返贫人口减少851万占两年脱贫人数34%	positive
射门被踢回,猛虎式射门怎么了	射门被踢回,猛虎式射门怎么了	positive
川航重庆至拉萨航班因机械故障备降成都	川航重庆至拉萨航班因机械故障备降成都	positive
大师泄露天机,这一段太搞笑了,推荐给大家!	大师泄露天机,这一段太搞笑了,推荐给大家!	positive
按照目前的形式,米兰新赛季或将于7月26日正式开始	按照目前的形势,米兰新赛季或将于7月26日正式开始	negative
无限充电是鸡肋?!手机无线充电能边充边玩吗?	无线充电是鸡肋?!手机无线充电能边充边玩吗?	negative
5月11日大势预测:该跌不跌,小心诱多,轻仓观望更稳妥(附股)	5月11日大势预测:该跌不跌,小心诱多,轻仓观望更稳妥(附股)	positive
青藏地区发现40亿t超级油田,百日产6050t原油,造福西北1000万人	青藏地区发现40亿t超级油田,百日产6050t原油,造福西北1000万人	positive
新疆法特:爸爸做小锅羊排抓饭,儿子偷吃大鸡腿,吃相真解馋!	新疆法特:爸爸做小锅羊排抓饭,儿子偷吃大鸡腿,吃相真解馋!	positive
5000元预算,学生党适合什么样的表?	5000元预算,学生党适合什么样的表?	positive
现在女人就是聪名,旧衣服稍微一剪就能变新衣,穿上还贼漂亮	现在女人就是聪明,旧衣服稍微一剪就能变新衣,穿上还贼漂亮	negative
微软宣布:7月1日起不再支持windows7、8、8.1和旧应用	微软宣布:7月1日起不再支持windows7、8、8.1和旧应用	positive
iwishyouhappiness	iwishyouhappiness	positive
特种兵那么厉害,一旦犯罪了怎么组织?其实国家早有防备	特种兵那么厉害,一旦犯罪了怎么组止?其实国家早有防备	negative
中华民族的文化史可以推到八千年至一万年前	中华民族的文化史可以推到八千年至一万年前	positive
太原“城管抽打年老商贩”事件续:涉事队员已被除名行拘	太原“城管抽打年老商贩”事件续:涉事队员已被除名行拘	positive
江苏沭阳农委查处盗伐不力被检方起诉懒政,法庭判其行政违法	江苏沭阳农委查处盗伐不力被检方起诉懒政,法庭判其行政违法	positive
四川乐山一公交车爆炸原因正在调查中	四川乐山一公交车爆炸原因正在调查中	positive
型男老妈在地里发现这个,让老爸心头一喜,看来全家人又有口服了	型男老妈在地里发现这个,让老爸心头一喜,看来全家人又有口福了	negative
民生丨你喝的自来水水质咋样?点进来“验收”吧……	民生丨你喝的自来水水质咋样?点进来“验收”吧……	positive
袭警明显违法,何必“忍辱负重”	袭警明显违法,何必“忍辱负重”	positive
吴京找了一个70多少的老大爷就是为了战狼3票房破百亿	吴京找了一个70多岁的老大爷就是为了战狼3票房破百亿	negative
看了《知否,知否,应是绿肥红瘦》的第24集,盛华兰和孙志高的那段纠葛,你对女性的地位有什么见解?	看了《知否,知否,应是绿肥红瘦》的第24集,盛华兰和孙志高的那段纠葛,你对女性的地位有什么见解?	positive
农家小欢听说欢子拍短频一年赚几十万,也依然从南宁回来学拍视频	农家小伙听说欢子拍视频一年赚几十万,也依然从南宁回来学拍视频	negative
回家相亲成功,明天就带回广东,一起打工	回家相亲成功,明天就带回广东,一起打工	positive
日本10岁天才完败中国围棋女神!聂卫平:不要捧杀这孩子	日本10岁天才完败中国围棋女神!聂卫平:不要捧杀这孩子	positive
你怎么看父母挑女婿宁选月薪四千公务员不要月薪一万的销售员?	你怎么看父母挑女婿宁选月薪四千公务员不要月薪一万的销售员?	positive
谷歌gms认证设卡,国内中小手机厂商或频临倒闭潮	谷歌gms认证设卡,国内中小手机厂商或濒临倒闭潮	negative
rng官博宣布签证搞定!这次多亏了egd和rw,米勒:差点被你们吓死	rng官博宣布签证搞定!这次多亏了egd和rw,米勒:差点被你们吓死	positive
人民日报评论:美国害怕了?日本吓傻了?浮夸自大文风可以休矣!	人民日报评论:美国害怕了?日本吓傻了?浮夸自大文风可以休矣!	positive
黄晓明看见这样的李菲儿,能不求婚吗?	黄晓明看见这样的李菲儿,能不求婚吗?	positive
骚然电话不绝?!骗子频频出现?!快看看是不是跟你的wifi有关!	骚扰电话不绝?!骗子频频出现?!快看看是不是跟你的wifi有关!	negative
汉高祖决定废太子,发现太子身后4位白发老头,刘邦:幸好没废	汉高祖决定废太子,发现太子身后4位白发老头,刘邦:幸好没废	positive
印度高铁震撼登场,时速高达160公里,快进后时速320公里	印度高铁震撼登场,时速高达160公里,快进后时速320公里	positive
老太太与人发生争执被带回警句,没想对方还是军官,最后惊动军长	老太太与人发生争执被带回警局,没想对方还是军官,最后惊动军长	negative
两们警察证用别人的车,里面人都没出来,被人告冒警绑架!	两名警察征用别人的车,里面人都没出来,被人告冒警绑架!	negative
几次商量未果,现在变成了恶意而为。你爸努力赚钱让你衣食无忧,不用尝人间疾苦,却来欺负我们辛苦赚钱的老百姓	几次商量未果,现在变成了恶意而为。你爸努力赚钱让你衣食无忧,不用尝人间疾苦,却来欺负我们辛苦赚钱的老百姓	positive
只要白酒加香菜,不管是腰间盘突出或腰肌劳损,都能治好	只要白酒加香菜,不管是腰间盘突出或腰肌劳损,都能治好	positive
清华校花“奶茶妹”携刘强东返母校狷款2亿化身“慈善夫妇”	清华校花“奶茶妹”携刘强东返母校捐款2亿化身“慈善夫妇”	negative
今晨迭戈科斯塔彻底火了,禁区戏耍后卫门将送秒传阿斯帕斯破门	今晨迭戈科斯塔彻底火了,禁区戏耍后卫门将送妙传阿斯帕斯破门	negative
遇到这种带锯齿的车道不要随便走,走错了罚100扣3分!	遇到这种带锯齿的车道不要随便走,走错了罚100扣3分!	positive
#红红火火过大年#甘肃,d定西。这社会攒劲	#红红火火过大年#甘肃,d定西。这社会攒劲	positive
太精彩!詹姆斯队华丽逆转!除杜兰特获mvp,这款手机也惊艳亮相	太精彩!詹姆斯队华丽逆转!除杜兰特获mvp,这款手机也惊艳亮相	positive
94年爆笑古装片,张卫健,古富城,主演,让你笑掉大牙!	94年爆笑古装片,张卫健,郭富城,主演,让你笑掉大牙!	negative
《跑男》太原继续录制,这次的嘉宾正式在《极挑》中被玩坏的他!	《跑男》太原继续录制,这次的嘉宾正是在《极挑》中被玩坏的他!	negative
鳝鱼不在炒着吃,保留鳝鱼鲜味,剁椒的辣和白酒的香,三味一体!	鳝鱼不再炒着吃,保留鳝鱼鲜味,剁椒的辣和白酒的香,三味一体!	negative
成龙台上说洪金宝坏话,洪金宝在台下大吼,成龙差点没吓跑!	成龙台上说洪金宝坏话,洪金宝在台下大吼,成龙差点没吓跑!	positive
一手歌曲造成了后台混乱,群魔乱舞有没有	一首歌曲造成了后台混乱,群魔乱舞有没有	negative
4月24日宜昌老旧小区改造路面刷黑进行中!	4月24日宜昌老旧小区改造路面刷黑进行中!	positive
时尚最倒霉劫匪,抢劫后居然敢让光头佬开车,结果全军覆没!	史上最倒霉劫匪,抢劫后居然敢让光头佬开车,结果全军覆没!	negative
后羿转世居然那不开射日弓,玉帝都不淡定了	后羿转世居然拿不开射日弓,玉帝都不淡定了	negative
儿子骗子父母200万,让父母待在敬老院,父母怒把儿子告上法庭	儿子骗走父母200万,让父母待在敬老院,父母怒把儿子告上法庭	negative
男子从朋友那够得百万元美钞,去银行鉴定后被收缴,交智商税了吧	男子从朋友那购得百万元美钞,去银行鉴定后被收缴,交智商税了吧	negative
珍惜野生动物纪念币,我过唯一的一套紫铜纪念币	珍稀野生动物纪念币,我国唯一的一套紫铜纪念币	negative
质疑梦泪暗讽骚白?这个天才打野少年,不一般的实力!	质疑梦泪暗讽骚白?这个天才打野少年,不一般的实力!	positive
刘谦表演的钢钉自动弯曲,骗过无数观众,你们设能破解?	刘谦表演的钢钉自动弯曲,骗过无数观众,你们谁能破解?	negative
4个人,谁的笑容最很?测试你最应该提防身边什么样的人!	4个人,谁的笑容最狠?测试你最应该提防身边什么样的人!	negative
汉字英雄!大连姑凉自我介绍太特别,大连话说的溜溜的	汉字英雄!大连姑娘自我介绍太特别,大连话说的溜溜的	negative
科学家发明巨大机械鲨鱼,与深海罕见巨鲨对站,到底孰胜孰败呢?	科学家发明巨大机械鲨鱼,与深海罕见巨鲨对战,到底孰胜孰败呢?	negative
弟弟第一次相亲了女孩尽然是被爷爷带大的,(父母早亡),她说不要彩礼只要带上爷爷出嫁!大家说能接受吗?	弟弟第一次相亲了女孩竟然是被爷爷带大的,(父母早亡),她说不要彩礼只要带上爷爷出嫁!大家说能接受吗?	negative
养父的花样年华:养母带着孩子去卖鱼,刚走没一会,女儿就不见了	养父的花样年华:养母带着孩子去卖鱼,刚走没一会,女儿就不见了	positive
中国如何突破“缺芯”困境	中国如何突破“缺芯”困境	positive
歌手演唱会戴的耳返里面,到底播放的是什么?	歌手演唱会戴的耳机里面,到底播放的是什么?	negative
江疏影找不到孙红雷快急哭了,原来是给她煮方便面去了!	江疏影找不到孙红雷快急哭了,原来是给她煮方便面去了!	positive
货车撞翻转弯电动三轮车,深圳夫妻阴阳两隔,监控记录事发过程	货车撞翻转弯电动三轮车,深圳夫妻阴阳两隔,监控记录事发过程	positive
当年姚明单选状元的时候,选秀会场是什么样的反应?呼声还是嘘声	当年姚明当选状元的时候,选秀会场是什么样的反应?呼声还是嘘声	negative
满月酒班的不愉快:两百套餐变三百,“雷迪森”已经告知?	满月酒办的不愉快:两百套餐变三百,“雷迪森”已经告知?	negative
为啥老司机把自适应巡航系统成为马路杀手?看完这些事故就懂了	为啥老司机把自适应巡航系统称为马路杀手?看完这些事故就懂了	negative
徐峥和林志玲逛日本夜市,林志玲全程日语点菜,女神日语好厉害	徐峥和林志玲逛日本夜市,林志玲全程日语点菜,女神日语好厉害	positive
亲爱的,愿我们来生在爱	亲爱的,愿我们来生再爱	negative
央行发布1月金融统计数据报告:人民币存款增加3.27万亿元	央行发布1月金融统计数据报告:人民币存款增加3.27万亿元	positive
国外小伙垃圾堆捡到重机车!回家清洗干净,简直是太惊艳了!	国外小伙垃圾堆捡到重机车!回家清洗干净,简直是太惊艳了!	positive
致癌案不断发酵,强生赔偿47亿!天假赔偿的背后又有哪些因果关系	致癌案不断发酵,强生赔偿47亿!天价赔偿的背后又有哪些因果关系	negative
5月事业高升,赚钱五阻的五大生肖	5月事业高升,赚钱无阻的五大生肖	negative
西方为什么如此讨厌俄罗斯?中国能从中获益吗?	西方为什么如此讨厌俄罗斯?中国能从中获益吗?	positive
俘虏被鬼子当成肉盾,军官一声中国弟兄们快卧倒,坑死小鬼子!	俘虏被鬼子当成肉盾,军官一声中国弟兄们快卧倒,坑死小鬼子!	positive
顺风菜鸟又搞事啦!	顺丰菜鸟又搞事啦!	negative
小说:公安局局长因贪腐被抓,还持枪拘捕,被蜂拥而上的警察压倒	小说:公安局局长因贪腐被抓,还持枪拒捕,被蜂拥而上的警察压倒	negative
世界地质公园水底突现神秘沉船,难倒这就是村民所见巨型水怪?	世界地质公园水底突现神秘沉船,难道这就是村民所见巨型水怪?	negative
回婆家吃满月酒,饭间看到弟媳手上的玉镯,我努掀桌子	回婆家吃满月酒,饭间看到弟媳手上的玉镯,我怒掀桌子	negative
女友怀孕了,渣男不想要,竟然在女友的鞋底涂洗衣液,简单不是人	女友怀孕了,渣男不想要,竟然在女友的鞋底涂洗衣液,简直不是人	negative
小钢炮上舅舅家玩,发现了好多小可爱,感觉抓了两只回家养	小钢炮上舅舅家玩,发现了好多小可爱,赶紧抓了两只回家养	negative
醉酒女子深夜打车不料车上遭遇司机强行侵犯结果被刑拘	醉酒女子深夜打车不料车上遭遇司机强行侵犯结果被刑拘	positive
究竟是谁等了欧阳正华10年,在他心里一直放不下她?	究竟是谁等了欧阳震华10年,在他心里一直放不下她?	negative
山西城市规划展示!公众免费!开放,看看你的城市	山西城市规划展示!公众免费!开放,看看你的城市	positive
骑自行车的心里太概有阴影了【路口请减速慢行】#一路平安#	骑自行车的心里大概有阴影了【路口请减速慢行】#一路平安#	negative
梅西:“拉基蒂奇,来兄弟一把!”中国或将影响梅西能否出线	梅西:“拉基蒂奇,来兄弟一把!”中国或将影响梅西能否出线	positive
耗油瓶子上没有这2个字最好不要买,超市员工说:我们自己都不吃	蚝油瓶子上没有这2个字最好不要买,超市员工说:我们自己都不吃	negative
牛大胆现场收麦子,竟真的实现亩产一万斤,领导高兴坏了	牛大胆现场收麦子,竟真的实现亩产一万斤,领导高兴坏了	positive
歼-20飞行员换装新头盔功能强大人机合一	歼-20飞行员换装新头盔功能强大人机合一	positive
五十年代的德国产物,花240元入手,如今给几十倍价格不买!	五十年代的德国产物,花240元入手,如今给几十倍价格不卖!	negative
红河卅碧石寨“芳华”拍片地,春节迎来了一波芳华追星族	红河州碧石寨“芳华”拍片地,春节迎来了一波芳华追星族	negative
大数据分析俄罗斯世界杯看似云山雾罩的冠军球队现已付出水面	大数据分析俄罗斯世界杯看似云山雾罩的冠军球队现已浮出水面	negative
“京深台杭”,脱颖而出!上海、广州现短板……	“京深台杭”,脱颖而出!上海、广州现短板……	positive
妻子遭工友调戏,丈夫反抗施暴者被刺死官方:正当防卫无罪	妻子遭工友调戏,丈夫反抗施暴者被刺死官方:正当防卫无罪	positive
沪媒乌龙播报足协杯:恒大比赛还没结束!就报道2-1战胜贵州?	沪媒乌龙播报足协杯:恒大比赛还没结束!就报道2-1战胜贵州?	positive
6名工人身亡!上海一石油化工公司发生事故致作业中6工人丧生	6名工人身亡!上海一石油化工公司发生事故致作业中6工人丧生	positive
5030mah+4gb运存,这款号称三天一冲的国产手机已降至999元	5030mah+4gb运存,这款号称三天一充的国产手机已降至999元	negative
杨宜勇:社会建设为了人民依靠人民	杨宜勇:社会建设为了人民依靠人民	positive
服气!学霸写1800首诗求婚后,再无人机送dr钻戒	服气!学霸写1800首诗求婚后,再无人机送dr钻戒	positive
管你是豪车还是超跑,挂这类车牌就会被嘲笑!这个城市太奇葩!	管你是豪车还是超跑,挂这类车牌就会被嘲笑!这个城市太奇葩!	positive
男子持枪劫持学校被孩子母亲开枪攻击瞬间击毙倒下时连放两枪	男子持枪劫持学校被孩子母亲开枪攻击瞬间击毙倒下时连放两枪	positive
美国3家博物馆文物是中国10.8倍,因为中国每年都在丢失一座故宫	美国3家博物馆文物是中国10.8倍,因为中国每年都在丢失一座故宫	positive
农村母亲出意外,男子“将时间倒流”,去疼爱自己的母亲!	农村母亲出意外,男子“将时间倒流”,去疼爱自己的母亲!	positive
拖鞋哥儿子再发工资	拖鞋哥儿子再发工资	positive
我今天真高兴,钢提一辆新车。我想了好久好久,终于实现了。比我结婚那天还开心。朋友们,你们看我提这量车多少钱?	我今天真高兴,刚提一辆新车。我想了好久好久,终于实现了。比我结婚那天还开心。朋友们,你们看我提这辆车多少钱?	negative
做梦都梦见考试啦,公示却忘了,急醒了,马上要期中考试	做梦都梦见考试啦,公式却忘了,急醒了,马上要期中考试	negative
大衣哥加已增加大门	大衣哥家已增加大门	negative
这位19岁的小公主还是个学霸,多种语言切换使用无压力	这位19岁的小公主还是个学霸,多种语言切换使用无压力	positive
日本军队为何偷袭珍珠港,其实是一场不得不打的战争?	日本军队为何偷袭珍珠港,其实是一场不得不打的战争?	positive
保定驴肉火烧和河间的有什么区别?为什么河间的名气不如不如保定的?	保定驴肉火烧和河间的有什么区别?为什么河间的名气不如保定的?	negative
荣耀10发布在急,网友列出入手荣耀10的5大理由	荣耀10发布在即,网友列出入手荣耀10的5大理由	negative
男子ktv走错包间一言不和被十余人围殴4次被追致医院身中6刀	男子ktv走错包间一言不合被十余人围殴4次被追至医院身中6刀	negative
两大光头强强联合太过瘾刺激了,燃爆眼球!家里嫣然是一个军火库	两大光头强强联合太过瘾刺激了,燃爆眼球!家里俨然是一个军火库	negative
《天下寻宝》大婶拿着老宅的锁头来鉴宝,古人的智慧太伟大了	《天下寻宝》大婶拿着老宅的锁头来鉴宝,古人的智慧太伟大了	positive
5月7日凌晨,ldg为cndota拿下第一个major冠军,你怎么看?	5月7日凌晨,ldg为cndota拿下第一个major冠军,你怎么看?	positive
重大消息!中国将一颗卫星送上天,多国要求我们变轨	重大消息!中国将一颗卫星送上天,多国要求我们变轨	positive
我无法不安利这部撼动国家的电影	我无法不安利这部撼动国家的电影	positive
《复联3》灭霸风头正盛的现在,曾今那些轰动一时的反派混得如何	《复联3》灭霸风头正盛的现在,曾经那些轰动一时的反派混得如何	negative
为什么现在发达国家都不愿意申奥了?看完位祖国鸣不平	为什么现在发达国家都不愿意申奥了?看完为祖国鸣不平	negative
ufc嘴炮闯大祸了!带30多人再美国制造袭击,如今已被警方控制	ufc嘴炮闯大祸了!带30多人在美国制造袭击,如今已被警方控制	negative
中国小女孩患唐氏症被亲生父母抛弃,美国妈妈收养后成当地小网红	中国小女孩患唐氏症被亲生父母抛弃,美国妈妈收养后成当地小网红	positive
看我外生女儿功夫真利害啊!	看我外甥女儿功夫真厉害啊!	negative
大叔传授抓螃蟹的技巧,坑在深也不怕!	大叔传授抓螃蟹的技巧,坑再深也不怕!	negative
久违了那片蓝天---深圳马峦山游记	久违了那片蓝天---深圳马峦山游记	positive
vivo超级v粉日撞上女王节,粉丝福利不断:iqoo免费送	vivo超级v粉日撞上女王节,粉丝福利不断:iqoo免费送	positive
胜过西城男孩的经典乐队,格莱美7项提名,这首歌保证你听过!	胜过西城男孩的经典乐队,格莱美7项提名,这首歌保证你听过!	positive
中国拳王看到日本人眼都红了打太恨被罚黄牌没想到最后更残暴	中国拳王看到日本人眼都红了打太狠被罚黄牌没想到最后更残暴	negative
43岁央视主持李佳明,娶18岁初恋为妻,俩人育有一女幸福美满	43岁央视主持李佳明,娶18岁初恋为妻,俩人育有一女幸福美满	positive
曾经的“屌丝三宝”(索八k5迈锐宝),两个凉透,一个屹立不倒	曾经的“屌丝三宝”(索八k5迈锐宝),两个凉透,一个屹立不倒	positive
江湖说车:如今的吉利已是自主老大,优点很多,那么有啥缺点吗?	江湖说车:如今的吉利已是自主老大,优点很多,那么有啥缺点吗?	positive
开拓者战胜故意防水的掘金队,火箭队下滑到西部第四的可能性进一步增大,你怎么看?	开拓者战胜故意放水的掘金队,火箭队下滑到西部第四的可能性进一步增大,你怎么看?	negative
怪不得老公把汽车脚垫全仍了,今流行这几样车品,坐车隔音又享受	怪不得老公把汽车脚垫全扔了,今流行这几样车品,坐车隔音又享受	negative
大家来看看沭阳的文化名俗	大家来看看沭阳的文化民俗	negative
伪装者:大哥来找明楼!要商量生意上的事!大哥遇到麻烦了?	伪装者:大哥来找明楼!要商量生意上的事!大哥遇到麻烦了?	positive
河南商丘高速交警:见交警捡查无证驾驶司机忙停车交换位置被查出	河南商丘高速交警:见交警检查无证驾驶司机忙停车交换位置被查出	negative
这座桥让欧美没资格在蔑视我们	这座桥让欧美没资格再蔑视我们	negative
这些患者就医最傻的是个行为,是对自己的不负责人	这些患者就医最傻的十个行为,是对自己的不负责任	negative
国家调控房价,为何房价还在升值	国家调控房价,为何房价还在升值	positive
大司马沉迷吃鸡,lol水平边菜?大司马钻石局18杀神瞎:不存在的	大司马沉迷吃鸡,lol水平变菜?大司马钻石局18杀神瞎:不存在的	negative
男子追求已婚汉子,因他有妻儿而吃醋威胁,汉子不堪其扰痛下杀手	男子追求已婚汉子,因他有妻儿而吃醋威胁,汉子不堪其扰痛下杀手	positive
冰封战神,关羽	冰封战神,关羽	positive
不愧是特种兵队长,去其他部队挖人的套路都不一般,笑死我了	不愧是特种兵队长,去其他部队挖人的套路都不一般,笑死我了	positive
270倍倍投!河南彩民独中280000万元中奖彩票被曝光!	270倍倍投!河南彩民独中280000万元中奖彩票被曝光!	positive
“成也萧何,败也萧何”,他与吕后计杀张良后靠什么自保?	“成也萧何,败也萧何”,他与吕后计杀张良后靠什么自保?	positive
脑筋急转弯:风生的孩子叫什么名字,你知道吗?	脑筋急转弯:你生的孩子叫什么名字,你知道吗?	negative
*st三维:央视报道公司环保问题公司正在核查相关事项	*st三维:央视报道公司环保问题公司正在核查相关事项	positive
科普一下!5个罕见的身体器官,你身上有吗?	科普一下!5个罕见的身体器官,你身上有吗?	positive
一招之敌!中国开出八千万巨额罚单,韩国这次该记住教训了	一招制敌!中国开出八千万巨额罚单,韩国这次该记住教训了	negative
武功深不可测,却装作一副文弱书生模样,惨遭女孩上门退婚	武功深不可测,却装作一副文弱书生模样,惨遭女孩上门退婚	positive
韦小宝误打误撞解释小玄子,一开口就要教康熙怎么做奴才	韦小宝误打误撞解释小玄子,一开口就要教康熙怎么做奴才	positive
龙泉裕长城看花海浪漫,美不胜收,关键还免费,京津冀周边自驾游	龙泉峪长城看花海浪漫,美不胜收,关键还免费,京津冀周边自驾游	negative
nba推出智能球衣,可随时更换秋衣标记号码	nba推出智能球衣,可随时更换球衣标记号码	negative
日本在培养战狼,我们在培养娘炮!未来若有战争,我们拿什么赢?	日本在培养战狼,我们在培养娘炮!未来若有战争,我们拿什么赢?	positive
瓜伊多宣城要在2月23日打开国门,把援助物资引进来。这期间他在等什么?	瓜伊多宣称要在2月23日打开国门,把援助物资引进来。这期间他在等什么?	negative
山西前首富李兆会负债数亿,如今被女明星甩流浪成传说中的老赖!	山西前首富李兆会负债数亿,如今被女明星甩流浪成传说中的老赖!	positive
你们有没有见过这么大年纪还不嫌着的老人。	你们有没有见过这么大年纪还不闲着的老人。	negative
海淀一男子餐馆内持刀刺死高中同学现已被警方刑拘	海淀一男子餐馆内持刀刺死高中同学现已被警方刑拘	positive
鸥王南京专卖店有品位远鸥王#扬帆起航#有品位选鸥王	鸥王南京专卖店有品位选鸥王#扬帆起航#有品位选鸥王	negative
张召忠:这样搞,训练新兵上战场只用一周!	张召忠:这样搞,训练新兵上战场只用一周!	positive
终于找到《我不是药神》三首插曲了,有多人少是哭着离场的!	终于找到《我不是药神》三首插曲了,有多人都是哭着离场的!	negative
习近平集体会见博鳌亚洲论坛现任和候任理事	习近平集体会见博鳌亚洲论坛现任和候任理事	positive
今天晚上心情不好带着孙女转了一圈她好像要可睡啦	今天晚上心情不好带着孙女转了一圈她好像要瞌睡啦	negative
低调的副省级岗位,半年内全国调整了三分之一	低调的副省级岗位,半年内全国调整了三分之一	positive
狠心女抛夫弃子13年,多年后回来要儿子的肾,小伙奔溃愤然离场	狠心女抛夫弃子13年,多年后回来要儿子的肾,小伙崩溃愤然离场	negative
原来她就是支付宝的配音师,支付宝到帐9.12元	原来她就是支付宝的配音师,支付宝到账9.12元	negative
宋太祖赵光义如此讨厌他的嫂子是为何?赵匡胤逝世那晚发生了什么	宋太祖赵光义如此讨厌他的嫂子是为何?赵匡胤逝世那晚发生了什么	positive
房产盛宴中各方参与者都羸了,那到底谁输了呢	房产盛宴中各方参与者都赢了,那到底谁输了呢	negative
meiko吐槽小昭不服管教,edg管理人员训斥小昭却早粉丝质疑!	meiko吐槽小昭不服管教,edg管理人员训斥小昭却遭粉丝质疑!	negative
为啥老有人说买房最好别选四梯两户买了就亏钱自责	为啥老有人说买房最好别选四梯两户买了就亏钱自责	positive
在古代待妾有这些用途,地位竟如此低下,让人心酸!	在古代待妾有这些用途,地位竟如此低下,让人心酸!	positive
葫芦娃响应国家部委号召全面打响流感防治保卫战	葫芦娃响应国家部委号召全面打响流感防治保卫战	positive
孙红雷:为什么你的微博名字叫孙累没有红?解说员:没有变成你!	孙红雷:为什么你的微博名字叫孙雷没有红?解说员:没有变成你!	negative
比亚迪内部员工价遭曝光,内部员工会有怎样候车福利?	比亚迪内部员工价遭曝光,内部员工会有怎样用车福利?	negative
没想到高考居然还能有军事送分题,喜提军迷版满分作文	没想到高考居然还能有军事送分题,喜提军迷版满分作文	positive
王者荣耀:我上了个厕所,朋友把钟馗完成这样,这真的是新手?	王者荣耀:我上了个厕所,朋友把钟馗玩成这样,这真的是新手?	negative
变脸式服务你见过吗?泰国迎宾小姐变脸比翻书还快太逗了!	变脸式服务你见过吗?泰国迎宾小姐变脸比翻书还快太逗了!	positive
光绪暴毙之谜被揭开,是意外还是阴谋?专家:幸好溥仪写日记	光绪暴毙之谜被揭开,是意外还是阴谋?专家:幸好溥仪写日记	positive
父亲出轨毫无悔意惹怒儿子,儿子为母出头指头大骂其父太不要脸	父亲出轨毫无悔意惹怒儿子,儿子为母出头指头大骂其父太不要脸	positive
大佛开凿于隋代,完工于初糖,历经石工三代人辛苦,一九九年夏天开挖水池,使它重现,成为浙江四大佛之一。	大佛开凿于隋代,完工于初唐,历经施工三代人辛苦,一九九年夏天开挖水池,使它重现,成为浙江四大佛之一。	negative
绝顶杀手竟敢刺杀重伤的吹箫老人,谁知吹箫老人是第一隐世高手!	绝顶杀手竟敢刺杀重伤的吹箫老人,谁知吹箫老人是第一隐世高手!	positive
我乡下的父亲母亲	我乡下的父亲母亲	positive
宝宝想到电视面前,却被奶奶组织了,谁知道这小家伙脾气还挺大!	宝宝想到电视面前,却被奶奶阻止了,谁知道这小家伙脾气还挺大!	negative
老梁:为什么现在的高考男生的成绩要远远落后与女生?	老梁:为什么现在的高考男生的成绩要远远落后于女生?	negative
大家都做过火车,可你知道火车是怎么掉头的吗?今天涨见识了!	大家都坐过火车,可你知道火车是怎么掉头的吗?今天涨见识了!	negative
我们吃的这个鱼子酱为什么又咸又醒?	我们吃的这个鱼子酱为什么又咸又腥?	negative
外国记者最崇拜的中国领导人,费劲心思给他拍了一张最帅照片!	外国记者最崇拜的中国领导人,费尽心思给他拍了一张最帅照片!	negative
中国双节棍第一人,蝉联五界世界冠军,到部队锻炼实战,确实厉害	中国双节棍第一人,蝉联五届世界冠军,到部队锻炼实战,确实厉害	negative
丰田新款汉兰达终于来了,配v6+8at,前脸一换瞬间帅呆了!	丰田新款汉兰达终于来了,配v6+8at,前脸一换瞬间帅呆了!	positive
扎哈遗作!被评为“新世界七大奇迹”之首的北京大兴机场建成!	扎哈遗作!被评为“新世界七大奇迹”之首的北京大兴机场建成!	positive
空姐和富豪刚认识,很快就在一起了	空姐和富豪刚认识,很快就在一起了	positive
内有外患!伦纳德团队遭到起诉!	内忧外患!伦纳德团队遭到起诉!	negative
季后赛g1火箭104:104战胜森林狼,下场火箭会不会大胜森林狼?	季后赛g1火箭104:104战胜森林狼,下场火箭会不会大胜森林狼?	positive
十八岁干净的笑容	十八岁干净的笑容	positive
“陈翔六点半”原班人马再现现代武侠传奇妹大爷c位登陆	“陈翔六点半”原班人马再现现代武侠传奇妹大爷c位登陆	positive
港珠澳大桥成“摆设”?车辆寥寥无几,罪归祸首到底是谁?	港珠澳大桥成“摆设”?车辆寥寥无几,罪魁祸首到底是谁?	negative
苏轼最大气磅礴的一首词,被贬黄州而写,被誉为千古绝唱!	苏轼最大气磅礴的一首词,被贬黄州而写,被誉为千古绝唱!	positive
runningman:李光洙见到了自己曾经的兄弟,对方竟也是个大腕!	runningman:李光洙见到了自己曾经的兄弟,对方竟也是个大腕!	positive
「周易测足彩」英超竞彩推荐:换帅如换刀,塞维利亚重回正规	「周易测足彩」英超竞彩推荐:换帅如换刀,塞维利亚重回正轨	negative
公秦迪能配母京巴吗,配出来的串串是什么样子?	公泰迪能配母京巴吗,配出来的串串是什么样子?	negative
想不想窥一看下松鼠窝里是什么样的!松鼠窝里的摄像头正在直播!	想不想窥一看下松鼠窝里是什么样的!松鼠窝里的摄像头正在直播!	positive
美国封杀华为中兴之后,又将封杀阿里巴巴?	美国封杀华为中兴之后,又将封杀阿里巴巴?	positive
乞丐模拟器56:施舍乞丐时,缺被乞丐偷走价值连城的珍珠项链	乞丐模拟器56:施舍乞丐时,却被乞丐偷走价值连城的珍珠项链	negative
在外打工,最想念的就是妈妈包的饺子!张于吃上了	在外打工,最想念的就是妈妈包的饺子!终于吃上了	negative
特朗普关税大刀耍得正嗨后院又起火:参议院要立法限制他的权力	特朗普关税大刀耍得正嗨后院又起火:参议院要立法限制他的权力	positive
男友家庭殷实,我妈开口要30万彩礼,结婚当天男友娶了他的前女友!	男友家庭殷实,我妈开口要30万彩礼,结婚当天男友娶了他的前女友!	positive
没经过ps的明星照,孙俪简直认不出,范冰冰不在美!	没经过ps的明星照,孙俪简直认不出,范冰冰不再美!	negative
拍这样的戏非常非常发现,为演员捏了一把汗!	拍这样的戏非常非常危险,为演员捏了一把汗!	negative
东莞工厂老板:周末加班算正常班,不来的统统按矿工处理	东莞工厂老板:周末加班算正常班,不来的统统按旷工处理	negative
陈妍希某处既然有如此大的吸引力,下车时群子上掉出东西来!	陈妍希某处既然有如此大的吸引力,下车时裙子上掉出东西来!	negative
短裤抢镜!詹姆斯空降赌城观看夏季联赛,与老东家泰伦卢想谈甚欢	短裤抢镜!詹姆斯空降赌城观看夏季联赛,与老东家泰伦卢相谈甚欢	negative
豪爵125摩托车可以摩旅400公里吗?	豪爵125摩托车可以摩旅400公里吗?	positive
大陆学者:蔡英文赖清德的权利斗争只会更激烈	大陆学者:蔡英文赖清德的权力斗争只会更激烈	negative
被外媒讽刺“白斩鸡”,国足终于憋不住了,网友怒送:该降薪了	被外媒讽刺“白斩鸡”,国足终于憋不住了,网友怒喊:该降薪了	negative
为什么美国人从不吃鸭肉?今天可算知道了!	为什么美国人从不吃鸭肉?今天可算知道了!	positive
比乒乓和羽毛球更快的节奏,女子网球也能如此激情四射!	比乒乓和羽毛球更快的节奏,女子网球也能如此激情四射!	positive
盟友突然反水,大举空袭叙利亚,美军这下尴尬了,俄罗斯赢下一局	盟友突然反水,大举空袭叙利亚,美军这下尴尬了,俄罗斯赢下一局	positive
高考数学曾经的模拟题,基本不等式求最值问题,不可丢掉的五分!	高考数学曾经的模拟题,基本不等式求最值问题,不可丢掉的五分!	positive
造假事件频出不穷,有关部门实力打假刻不容缓!	造假事件层出不穷,有关部门实力打假刻不容缓!	negative
中央扫黑除恶督导组将赴地方“督战”河北等10省市列入首批督导范围	中央扫黑除恶督导组将赴地方“督战”河北等10省市列入首批督导范围	positive
潮水退去,全球各国货币不在放水,又一国家经济顶不住倒下了!	潮水退去,全球各国货币不再放水,又一国家经济顶不住倒下了!	negative
这不是段子,不过看玩之后你会微笑的!	这不是段子,不过看完之后你会微笑的!	negative
张国立和冯小刚早就是拜把子兄弟了,所以他们是一伙的并不奇怪	张国立和冯小刚早就是拜把子兄弟了,所以他们是一伙的并不奇怪	positive
昨晚珠海一海滩火光冲天,数万人围着却不灭火原因是……	昨晚珠海一海滩火光冲天,数万人围着却不灭火原因是……	positive
你觉得高考能高边孩子的命运吗?能改变个锤子!	你觉得高考能改变孩子的命运吗?能改变个锤子!	negative
咽喉痛,咳嗽难忍,三位中药代茶饮帮你来解决!	咽喉痛,咳嗽难忍,三味中药代茶饮帮你来解决!	negative
绝对超巨!戏耍后卫+羞辱门将今晨内马尔一系列犯罪动作彻底火了	绝对超巨!戏耍后卫+羞辱门将今晨内马尔一系列犯罪动作彻底火了	positive
狼窝禽凶(民间故事)	狼窝擒凶(民间故事)	negative
湖南衡阳一季度8家政府网站错字、漏洞严重被通报	湖南衡阳一季度8家政府网站错字、漏洞严重被通报	positive
四川省南充市南部县程家湾又出明了	四川省南充市南部县程家湾又出名了	negative
唐氏综合征“天才指挥家”舟舟40岁了一年仅演出5场	唐氏综合症“天才指挥家”舟舟40岁了一年仅演出5场	negative
聋哑女乘客突然尖声惊叫,接着一拳打向公交车司机,发生了什么?	聋哑女乘客突然尖声惊叫,接着一拳打向公交车司机,发生了什么?	positive
19款凯迪拉克“凯雷德”到店实拍!外观经验,搭配6.2lv8发动机	19款凯迪拉克“凯雷德”到店实拍!外观惊艳,搭配6.2lv8发动机	negative
关注|海南高招录取工作将于7月10曰开始,查分和填报志愿请看过来	关注|海南高招录取工作将于7月10日开始,查分和填报志愿请看过来	negative
重磅:三星提前六个月完成了7nm工艺制程的开发,将用于骁龙855	重磅:三星提前六个月完成了7nm工艺制程的开发,将用于骁龙855	positive
医生透漏癌症治愈能达百分之八十,但要坚持这个,看医生怎么说	医生透露癌症治愈能达百分之八十,但要坚持这个,看医生怎么说	negative
海航集团董事长王健在法国意外跌落离世享年57岁	海航集团董事长王健在法国意外跌落离世享年57岁	positive
辣眼睛!郭德纲散落在民间的坑爹蜡像!老郭看见了得骂人!	辣眼睛!郭德纲散落在民间的坑爹蜡像!老郭看见了得骂人!	positive
王宝强吹牛奶其实不是亮点,看看后面那个女的	王宝强吹牛奶其实不是亮点,看看后面那个女的	positive
瞧她那胆小样	瞧她那胆小样	positive
探访非洲的中国医院,军警持枪保护,人流如织	探访非洲的中国医院,军警持枪保护,人流如织	positive
颜值惊艳!插电混动版车型博越ge亮相网友评论:我就想要把钥匙	颜值惊艳!插电混动版车型博越ge亮相网友评论:我就想要把钥匙	positive
如果有孩子,就算他们哭也要逼着看完这几本数,将来他们会感谢你	如果有孩子,就算他们哭也要逼着看完这几本书,将来他们会感谢你	negative
欲做虎,别与狼通行;欲成鹰,别与雀同巢!	欲做虎,别与狼同行;欲成鹰,别与雀同巢!	negative
大黑天在车站头女子手机,窃贼竟然又是他!	大黑天在车站偷女子手机,窃贼竟然又是他!	negative
究极排面uzi,代表lol早电竞大会上宣誓,还登上了央视!	究极牌面uzi,代表lol在电竞大会上宣誓,还登上了央视!	negative
为宣传新机小米司花出境,你平时调戏的小米客服原来都这么好看!	为宣传新机小米司花出镜,你平时调戏的小米客服原来都这么好看!	negative
为什么现在农民拚命赚钱要在城里买房,而自己有不去住	为什么现在农民拼命赚钱要在城里买房,而自己又不去住	negative
大名顶顶的东印度公司最大债权人财富多达万亿竟是中国人	大名鼎鼎的东印度公司最大债权人财富多达万亿竟是中国人	negative
私家车哪怕在便宜,装上这9款“汽车用品”,瞬间低配变高配	私家车哪怕再便宜,装上这9款“汽车用品”,瞬间低配变高配	negative
马未都:中国所谓的称为都世俗化,越来越恶俗,我特别不喜欢	马未都:中国所谓的称谓都世俗化,越来越恶俗,我特别不喜欢	negative
励志视频:不要哭着喊放弃,既让承受了挫折,那就要努力来偿还!	励志视频:不要哭着喊放弃,既然承受了挫折,那就要努力来偿还!	negative
关键时刻不行?一波数据告诉你,詹姆斯绝杀输远超乔丹!	关键时刻不行?一波数据告诉你,詹姆斯绝杀数远超乔丹!	negative
海绵宝宝喂派大星吃沙子做的汉堡,派大星据然还要吃20个	海绵宝宝喂派大星吃沙子做的汉堡,派大星居然还要吃20个	negative
《fatestaynight》:金闪闪霸气登场,c妈和葛木老师结局泪目啊	《fatestaynight》:金闪闪霸气登场,c妈和葛木老师结局泪目啊	positive
没有任何一件事是印度刨冰解决不了的,如果有,那就来第二碗	没有任何一件事是印度刨冰解决不了的,如果有,那就来第二碗	positive
法庭上的正义像阳光一样珍贵	法庭上的正义像阳光一样珍贵	positive
全球最凶的西装暴徒amg都不干比	全球最凶的西装暴徒amg都不敢比	negative
50岁刑警发病牺牲被处理嫌犯曾准备报复其妻儿	50岁刑警发病牺牲被处理嫌犯曾准备报复其妻儿	positive
小美在一次考试中全答对却得了0分,其他同学全答错却得了100分,你们知道这是为什么吗?#谁能想到#数学	小美在一次考试中全答对却得了0分,其他同学全答错却得了100分,你们知道这是为什么吗?#谁能想到#数学	positive
县一级的巡查办隶属县委还是县纪委?	县一级的巡查办隶属县委还是县纪委?	positive
预测双色球第2018069期推荐号码,祝愿天下的父亲节日快乐	预测双色球第2018069期推荐号码,祝愿天下的父亲节日快乐	positive
小米产品总监说6x是ov相同配置一半价格,网友评价无法反驳!	小米产品总监说6x是ov相同配置一半价格,网友评价无法反驳!	positive
暴雨致临夏12人遇难林铎赴现场指导抢险唐仁健作批示	暴雨致临夏12人遇难林铎赴现场指导抢险唐仁健作批示	positive
总裁女友做轮椅装瘫痪,测试男友是不是真的爱自己	总裁女友坐轮椅装瘫痪,测试男友是不是真的爱自己	negative
揭秘!虎鲸为什么攻击大白鲨却不吃其肉?原因还是出在大白鲨	揭秘!虎鲸为什么攻击大白鲨却不吃其肉?原因还是出在大白鲨	positive
唐书法大家欧阳询《波若波罗密多心经》,太美了,必须转发	唐书法大家欧阳询《波若波罗蜜多心经》,太美了,必须转发	negative
中兴事件彻底暴露了中国的软肋	中兴事件彻底暴露了中国的软肋	positive
人生不是讨好别人,而是善待自己	人生不是讨好别人,而是善待自己	positive
今日头条屡屡犯错专家建议将算法纳入监管范围	今日头条屡屡犯错专家建议将算法纳入监管范围	positive
伊朗对美进行强硬回击:美国若执意退出伊核协议,将立即战备开战	伊朗对美进行强硬回击:美国若执意退出伊核协议,将立即准备开战	negative
强烈反对美国向台湾出售潜艇是与虎谋皮,我们要拳头硬而不是嘴硬	强烈反对美国向台湾出售潜艇是与虎谋皮,我们要拳头硬而不是嘴硬	positive
毛骗终结篇—这个才是整部剧中人生赢家,有老婆,有孩子,有工作	毛骗终结篇—这个才是整部剧中人生赢家,有老婆,有孩子,有工作	positive
说说买房你贷了多少钱?借了多少钱?带了40万房还该买吗痛并快乐	说说买房你贷了多少钱?借了多少钱?贷了40万房还该买吗痛并快乐	negative
霍思燕分享育儿经:孩子要多看三官正的动画片,定期带孩子查眼睛	霍思燕分享育儿经:孩子要多看三观正的动画片,定期带孩子查眼睛	negative
命中注定的事,很难改变!	命中注定的事,很难改变!	positive
五名学生被考含动物的字,高中生写一鸟,马东点评:好毒的一只鸟	五名学生背考含动物的字,高中生写一鸟,马东点评:好毒的一只鸟	negative
注会报名第四天!不这道这些该如何补救?4月份学习规划大解析!	注会报名第四天!不知道这些该如何补救?4月份学习规划大解析!	negative
领导儿子的生学宴……	领导儿子的升学宴……	negative
为什么才第一集就说《多多罗》会火?因为它的爸爸是手冢治虫?	为什么才第一集就说《多多罗》会火?因为它的爸爸是手冢治虫?	positive
曾经一盒能买5000元,现在最多5块钱	曾经一盒能卖5000元,现在最多5块钱	negative
宝沃bx7除了高油耗似乎都是有点,那销量为什么上不去?	宝沃bx7除了高油耗似乎都是优点,那销量为什么上不去?	negative
姚启圣等三人反复指出攻台不足,索相却是为国思考,力主出站	姚启圣等三人反复指出攻台不足,真相却是为国思考,力主出战	negative
最新街头骗局揭秘,一块钱抽奖15次,3分钟就都输光了	最新街头骗局揭秘,一块钱抽奖15次,3分钟就都输光了	positive
黄圣依一路小跑迎接安迪,安迪的冷谈反应,让黄圣依尴尬	黄圣依一路小跑迎接安迪,安迪的冷淡反应,让黄圣依尴尬	negative
良心不会痛?他卖了老乡儿子卖了200元买酒被拐孩子目前在部队服役	良心不会痛?他卖了老乡儿子卖了200元买酒被拐孩子目前在部队服役	positive
熊孩子网购台词,却收到一个直径几万米的台球,无数人类瞬间灭亡	熊孩子网购台球,却收到一个直径几万米的台球,无数人类瞬间灭亡	negative
故事超燃!颜值超闪!央视法治打剧《阳光下的法庭》剧透来了	故事超燃!颜值超闪!央视法治大剧《阳光下的法庭》剧透来了	negative
师长女儿订婚,副市长带人来挑衅,被师长女儿用枪指着说话都结巴	师长女儿订婚,副师长带人来挑衅,被师长女儿用枪指着说话都结巴	negative
纪晓岚不露声色地威协和珅,吓得他连忙拿出三幅古画收买老纪	纪晓岚不露声色地威胁和珅,吓得他连忙拿出三幅古画收买老纪	negative
上岗1-1贵州,头名岌岌可危,失点,失单刀,1000万没了!	上港1-1贵州,头名岌岌可危,失点,失单刀,1000万没了!	negative
为什么全世界只有荷兰能够制造顶级的光刻机?	为什么全世界只有荷兰能够制造顶级的光刻机?	positive
「火影忍者」青春就是要燃烧,小李初开八门!	「火影忍者」青春就是要燃烧,小李初开八门!	positive
弟弟病重无医治未昏妻送来八十万,得知女友身份后男友愣住了,女友原来是富豪的女儿,翻到的给点鼓励吧	弟弟病重无医治未婚妻送来八十万,得知女友身份后男友愣住了,女友原来是富豪的女儿,翻到的给点鼓励吧	negative
吴京在一次用实力成就自己	吴京再一次用实力成就自己	negative
你爱吃榴莲吗?今年进口泰国榴莲数量增7倍!把价格都太高了!	你爱吃榴莲吗?今年进口泰国榴莲数量增7倍!把价格都抬高了!	negative
《星光大道》请他来力缆狂澜,终于有盼头了	《星光大道》请他来力挽狂澜,终于有盼头了	negative
手机充电先插电源还是先插手机?很多人都做错,手机寿命直接减半	手机充电先插电源还是先插手机?很多人都做错,手机寿命直接减半	positive
96%的人骑车都白骑了,不但伤身体,还会……	96%的人骑车都白骑了,不但伤身体,还会……	positive
关于高考理科综合试卷第8题评卷有关事项的说明	关于高考理科综合试卷第8题评卷有关事项的说明	positive
世乒赛张本率日本3-0胜将战韩国中国对决奥地利	世乒赛张本率日本3-0胜将战韩国中国对决奥地利	positive
本山大叔力挺爱徒小沈阳首次执导处女作《猛冲过江》,你看好它吗	本山大叔力挺爱徒小沈阳首次执导处女作《猛虫过江》,你看好它吗	negative
科学家在死海岸边发现大量规则状“盐晶”,推测死海以进入倒计时	科学家在死海岸边发现大量规则状“盐晶”,推测死海已进入倒计时	negative
丁俊晖破最快满分竿记录三分四十四秒打147国人骄傲!	丁俊晖破最快满分杆记录三分四十四秒打147国人骄傲!	negative
薛潘瞥见黛玉酥倒后曾这样追过黛玉,其中一处很少有人看得出来	薛蟠瞥见黛玉病倒后曾这样追过黛玉,其中一处很少有人看得出来	negative
特朗普赴机场接见被朝鲜释放人质还用吊车竖起巨大的美国国旗	特朗普赴机场接见被朝鲜释放人质还用吊车竖起巨大的美国国旗	positive
烧脑!刘慈新《三体》中的法律难题如何破解?	烧脑!刘慈欣《三体》中的法律难题如何破解?	negative
习近平在上海合作组织青岛峰会欢迎宴会上的祝酒辞	习近平在上海合作组织青岛峰会欢迎宴会上的祝酒辞	positive
医生不流动,再多的改革方案都是画饼充饥!	医生不流动,再多的改革方案都是画饼充饥!	positive
贪污近亿的色情产业“保护伞”与后院起火的女书记中间隔了个他	贪污近亿的色情产业“保护伞”与后院起火的女书记中间隔了个他	positive
中国第三大岛崇明岛,为何不全部划给上海?	中国第三大岛崇明岛,为何不全部划给上海?	positive
世界上第一台32亿倍像素的巡天望远镜,就在智利!	世界上第一台32亿倍像素的巡天望远镜,就在智利!	positive
一气大众首款suv要来了,比本田xr-v还大,起售价仅16万!	一汽大众首款suv要来了,比本田xr-v还大,起售价仅16万!	negative
汽车销售人员为何慢慢变成最没有前途的职业?	汽车销售人员为何慢慢变成最没有前途的职业?	positive
女子一月工资只有两千,一时冲动却欠下13万元!都是听了她的话!	女子一月工资只有两千,一时冲动却欠下13万元!都是听了她的话!	positive
抗战最牛汉奸,吃日本人饭娶日本女人,写七字情报葬送日本两万人	抗战最牛汉奸,吃日本人饭娶日本女人,写七字情报葬送日本两万人	positive
猫咪真的是老虎师傅吗?国外这一名小伙儿用亲身实验告诉你!	猫咪真的是老虎师傅吗?国外这一名小伙儿用亲身实验告诉你!	positive
货车司机违规被交警查处,一头撞车以死相逼让交警放过他	货车司机违规被交警查处,一头撞车以死相逼让交警放过他	positive
福利来了!三八节这些人可免费游青岛山一站遗址公园	福利来了!三八节这些人可免费游青岛山一战遗址公园	negative
在一个荒岛上,有流浪汉,科学家.医生,孕妇,但只能救一个,选哪一个?	在一个荒岛上,有流浪汉,科学家.医生,孕妇,但只能救一个,选哪一个?	positive
《胭脂扣》中张国荣和梅姑第一次相见,放佛已经预言了他们的故事	《胭脂扣》中张国荣和梅姑第一次相见,仿佛已经预言了他们的故事	negative
春秋三传是什么?左传、公羊、传穀梁、为什么传合称“春秋”三传	春秋三传是什么?左传、公羊、谷梁传、为什么传合称“春秋”三传	negative
前任婚礼,现场换了新娘!	前任婚礼,现场换了新娘!	positive
美国人讨论:作为竞争者,中国威胁到美国了吗?	美国人讨论:作为竞争者,中国威胁到美国了吗?	positive
vivox21五个秘密你都知道嘛?看完再说买不买!	vivox21五个秘密你都知道吗?看完再说买不买!	negative
第一批95后大学生开始离婚了	第一批95后大学生开始离婚了	positive
这道广东名菜没有十年功龄炒都不感炒,看主厨怎么炒出来才漂亮	这道广东名菜没有十年工龄炒都不敢炒,看主厨怎么炒出来才漂亮	negative
包工头拖欠工资,捐款而逃!农民工只能欲哭无泪回家种地?	包工头拖欠工资,卷款而逃!农民工只能欲哭无泪回家种地?	negative
重庆一女子从黄花园大桥跳下不幸身亡	重庆一女子从黄花园大桥跳下不幸身亡	positive
蜀汉政权最悲催的主帅,身死人亡被人发现时头颅却到了数百里之外	蜀汉政权最悲催的主帅,身死人亡被人发现时头颅却到了数百里之外	positive
国足又一归化人选浮出水面:能力远超韦世豪,最快明年可获中国籍	国足又一归华人选浮出水面:能力远超韦世豪,最快明年可获中国籍	negative
唯一被处以绞刑的中国人	唯一被处以绞刑的中国人	positive
大厨教你做港式鼓汁蒸鱼头,比剁椒鱼头更鲜滑,上桌就被抢光	大厨教你做港式豉汁蒸鱼头,比剁椒鱼头更鲜滑,上桌就被抢光	negative
81192今天中国航母接你回家,从此不会再有一辆81192一去不复返!	81192今天中国航母接你回家,从此不会再有一辆81192一去不复返!	positive
日本开始“亲华反美”?安倍对抗美国还向中韩求助	日本开始“亲华反美”?安倍对抗美国还向中韩求助	positive
“老熟人”身高1米97“便衣”遵守十几天	“老熟人”身高1米97“便衣”蹲守十几天	negative
《绝地求生:刺激战场》中各个枪械的握把如何配备?	《绝地求生:刺激战场》中各个枪械的握把如何配备?	positive
美称中国试射“全球威力最大舰炮”美军备感焦虑	美称中国试射“全球威力最大舰炮”美军倍感焦虑	negative
万字长文解读规划纲要:雄安如何成为未来发展的全国样板	万字长文解读规划纲要:雄安如何成为未来发展的全国样板	positive
美两架b-52轰炸机飞近广东沿海,回应解放军绕台	美两架b-52轰炸机飞近广东沿海,回应解放军绕台	positive
梅西的收入和c罗的收入,在对比国足的收入,网友:我笑了	梅西的收入和c罗的收入,再对比国足的收入,网友:我笑了	negative
如何看待315晚会曝光7千万元债务在3个月之内滚到50万元呢?	如何看待315晚会曝光7千万元债务在3个月之内滚到50万元呢?	positive
高云翔保释成功,王晶将获邢20年,网友:论有这个好妻子的重要	高云翔保释成功,王晶将获刑20年,网友:论有这个好妻子的重要	negative
朱茵,随已46岁,但依然时尚领导者!红色礼群的她你喜欢吗?	朱茵,虽已46岁,但依然时尚领导者!红色礼裙的她你喜欢吗?	negative
猫咪手闲打开了水龙头,随后开始怀疑喵生!	猫咪手闲打开了水龙头,随后开始怀疑喵生!	positive
深度长文80岁老人被口诛笔伐,魏纪中和刘国梁、郎平背后的故事	深度长文80岁老人被口诛笔伐,魏纪中和刘国梁、郎平背后的故事	positive
乘客6.6万现金忘的士上差点被冒领,幸好的姐火眼金睛	乘客6.6万现金忘的士上差点被冒领,幸好的姐火眼金睛	positive
找到房价不下跌的秘密,老板存房少责10套多责100套,房价有玄机	找到房价不下跌的秘密,老板存房少则10套多则100套,房价有玄机	negative
不能让数字造假官员成为不倒翁	不能让数字造假官员成为不倒翁	positive
李永乐老师:电磁炉的工作远离和对人体的危害	李永乐老师:电磁炉的工作原理和对人体的危害	negative
发现偷养复养者将严惩不贷	发现偷养复养者将严惩不贷	positive
相当网红“疯了”男主播点了自家车	想当网红“疯了”男主播点了自家车	negative
2019年吉列新款车嘉际到店,底气十足售价在8万到12万之间。	2019年吉利新款车嘉际到店,底气十足售价在8万到12万之间。	negative
勇士胜掘金令火箭受益,威少超级三双难超马刺,西部最新排名	勇士胜掘金令火箭受益,威少超级三双难超马刺,西部最新排名	positive
感到生话累,多半怨自已(看看吧)对否	感到生活累,多半怨自已(看看吧)对否	negative
走着走着碰到我朋友了,去年出了车货,变成这样子了,老婆代的小孩子,老婆不离不气,可怜,	走着走着碰到我朋友了,去年出了车祸,变成这样子了,老婆带的小孩子,老婆不离不弃,可怜,	negative
平南苏仕帅:农村小镇走出的音乐人三获“广东优秀音乐人奖”	平南苏仕帅:农村小镇走出的音乐人三获“广东优秀音乐人奖”	positive
日本2:1生擒哥伦比亚,名记:日本人走了狗屎运,不值得炫耀!	日本2:1生擒哥伦比亚,名记:日本人走了狗屎运,不值得炫耀!	positive
南海又发生啥大事?水位一夜上涨300米,日本都急了:拦不住了	南海又发生啥大事?水位一夜上涨300米,日本都急了:拦不住了	positive
公交司机突发脑淤血失去意思命悬一线时扔紧握方向盘	公交司机突发脑淤血失去意识命悬一线时仍紧握方向盘	negative
亚当斯既然有17个兄弟姐妹!格林看到他姐姐估计会害怕	亚当斯竟然有17个兄弟姐妹!格林看到他姐姐估计会害怕	negative
刘嘉玲居然自创了高级时装品牌?第一家店面已在上海开幕!	刘嘉玲居然自创了高级时装品牌?第一家店面已在上海开幕!	positive
平川区旅游,恒山公园看点十足,亲身游历一番感觉真棒	平川区旅游,恒山公园看点十足,亲身游历一番感觉真棒	positive
脑力锻炼:四部电梯,哪一部才是逃生门?	脑力锻炼:四部电梯,哪一部才是逃生门?	positive
外媒:美宣布退出伊核协议1小时后以袭击叙利亚首都附近	外媒:美宣布退出伊核协议1小时后已袭击叙利亚首都附近	negative
盐城查货非法贩卖野生动物案多方合作500多只野生鸟类回家	盐城查获非法贩卖野生动物案多方合作500多只野生鸟类回家	negative
让群众办事“最多跑一次”	让群众办事“最多跑一次”	positive
火箭帮助凤城玫瑰重获新生,顶级控卫加盟狼队	火箭帮助风城玫瑰重获新生,顶级控卫加盟狼队	negative
虽然你数学答题卡涂错了,但是你还是最棒的你!加油	虽然你数学答题卡涂错了,但是你还是最棒的你!加油	positive
船是这样下水的	船是这样下水的	positive
红场阅兵|空军篇:家底雄厚,但撒手锏武器已显创新乏力	红场阅兵|空军篇:家底雄厚,但撒手锏武器已显创新乏力	positive
喜欢这首歌,帮忙别人快乐自己	喜欢这首歌,帮助别人快乐自己	negative
2019哈尔滨新年音乐会汤沐海执棒哈响中外音乐家联诀演出	2019哈尔滨新年音乐会汤沐海执棒哈响中外音乐家联袂演出	negative
水皮:【谈股论金】撑死胆大的吓死胆小的	水皮:【谈股论金】撑死胆大的吓死胆小的	positive
花了8万多卖的中华v3开了一年半,门槛钢板竟锈穿,4s店说法牵强	花了8万多买的中华v3开了一年半,门槛钢板竟锈穿,4s店说法牵强	negative
oppo手机和vivo手机的处理器这么差,使用手机却没有感觉到卡顿?	oppo手机和vivo手机的处理器这么差,使用手机却没有感觉到卡顿?	positive
安卓旗舰王三天后见!网友:44w闪充太震撼,期待iqoo真面目	安卓旗舰王三天后见!网友:44w闪充太震撼,期待iqoo真面目	positive
力帆这款纯电动家用车不到十万空间大续航远性价比硬刚长安长城	力帆这款纯电动家用车不到十万空间大续航强性价比硬刚长安长城	negative
小女孩想要骑上马被,骏马非常配合	小女孩想要骑上马背,骏马非常配合	negative
让速不让道案例!	让速不让道案例!	positive
北约空袭叙利亚疑似挑衅,伊朗先择站队俄罗斯,特朗普危险了	北约空袭叙利亚疑似挑衅,伊朗选择站队俄罗斯,特朗普危险了	negative
原来李达康提前报备沙瑞金,才没被欧阳靖拉下水,这步棋太秒了!	原来李达康提前报备沙瑞金,才没被欧阳靖拉下水,这步棋太妙了!	negative
这个事又年头的动画片,这是85-95那个年代的动画片	这个是有年头的动画片,这是85-95那个年代的动画片	negative
准岳母未见女婿煞费苦心,医生遇见奇怪病人,竟不知是准岳母!	准岳母为见女婿煞费苦心,医生遇见奇怪病人,竟不知是准岳母!	negative
岗村宁次在回忆录写到是怎么颁给中国人的?	冈村宁次在回忆录写到是怎么颁给中国人的?	negative
史上第一主播,46岁孙耀威两小时直播赚7000万,服务器一度瘫痪,dnf旭旭宝宝都比不上,你认为呢?	史上第一主播,46岁孙耀威两小时直播赚7000万,服务器一度瘫痪,dnf旭旭宝宝都比不上,你认为呢?	positive
2019西安全面开挂!30个好消息来袭!800万西安人身价暴涨!	2019西安全面开挂!30个好消息来袭!800万西安人身价暴涨!	positive
忽悠游客“低价进景区”三亚一“拉客仔”被行拘十日	忽悠游客“低价进景区”三亚一“拉客仔”被刑拘十日	negative
是不是特别的钟爱小心suv,那来看看这款车适不适合你!	是不是特别的钟爱小型suv,那来看看这款车适不适合你!	negative
如果日本国土滑向海沟沉没,要求中国人民收留,作为中国人你会接受日本人吗?	如果日本国土滑向海沟沉没,要求中国人民收留,作为中国人你会接受日本人吗?	positive
游泳大人挑战隧道泳池,带着儿子下水挑战一点都不害怕	游泳达人挑战隧道泳池,带着儿子下水挑战一点都不害怕	negative
给造车新势力一耳光的岂只是吉利	给造车新势力一耳光的岂止是吉利	negative
用了这么年的手机才知道安卓系统和苹果系统的优缺点,这么神奇	用了这么久的手机才知道安卓系统和苹果系统的优缺点,这么神奇	negative
南海航空飞机首航,空客a330-300	南海航空飞机首航,空客a330-300	positive
绵阳中环美食城,唱了一家深藏不露的啵啵鱼	绵阳中环美食城,尝了一家深藏不露的啵啵鱼	negative
鬼子王牌战队仓库寻找八路想干掉,没想到八路武功精湛,全歼特务	鬼子王牌战队仓库寻找八路想干掉,没想到八路武功精湛,全歼特务	positive
4月2日起我国对原产美国7类128项进口商品中止关税减让义务	4月2日起我国对原产美国7类128项进口商品中止关税减让义务	positive
马云身边这女的事保镖吗?这么英姿飒爽	马云身边这女的是保镖吗?这么英姿飒爽	negative
错误的午睡等于慢性自杀,关于午睡不得不说的事,教你科学午睡	错误的午睡等于慢性自杀,关于午睡不得不说的事,教你科学午睡	positive
卫生家花洒要接电线?很多业主不明白,老师傅:别拿生命开玩笑	卫生间花洒要接电线?很多业主不明白,老师傅:别拿生命开玩笑	negative
杨迪做客蘑菇屋黄磊直呼谁让你来怎么早!	杨迪做客蘑菇屋黄磊直呼谁让你来这么早!	negative
露出迷人的笑容!石川佳纯苦战7居获得女单季军	露出迷人的笑容!石川佳纯苦战7局获得女单季军	negative
甄嬛生日,皇上为她太办宴席,华妃一脸的嫉妒和伤心	甄嬛生日,皇上为她大办宴席,华妃一脸的嫉妒和伤心	negative
看了这副对联,只想说:大叔别闹了,书法再练几年再写对联好吗?	看了这副对联,只想说:大叔别闹了,书法再练几年再写对联好吗?	positive
省会书记突击暗访,现场严厉问责	省委书记突击暗访,现场严厉问责	negative
儿子整日在家睡觉不误正事,母亲跪求:再这样你前途就毁了!	儿子整日在家睡觉不务正事,母亲跪求:再这样你前途就毁了!	negative
特斯拉强势入主中国,新能源汽车市场是否面临大洗牌?	特斯拉强势入驻中国,新能源汽车市场是否面临大洗牌?	negative
厉害了,天才少女李盈赢登上《新体育》杂志封面	厉害了,天才少女李盈盈登上《新体育》杂志封面	negative
《万历十五年》的作者黄仁宇为什么会被美国大学辞退?	《万历十五年》的作者黄仁宇为什么会被美国大学辞退?	positive
韩媒称韩国产品出口遭中日夹击:中国货质量好日本货价格低	韩媒称韩国产品出口遭中日夹击:中国货质量好日本货价格低	positive
当年毁了陈冠希和张柏芝的电脑维修员,受到了怎样的惩罚?	当年毁了陈冠希和张柏芝的电脑维修员,受到了怎样的惩罚?	positive
康熙最爱的妃子,却因遵守孝庄皇太后遗诏,被打入冷宫剧马桶至死	康熙最爱的妃子,却因遵守孝庄皇太后遗诏,被打入冷宫坠马桶至死	negative
宝宝两岁后必须要立规矩,这3种换习惯千万别惯着,该打就打	宝宝两岁后必须要立规矩,这3种坏习惯千万别惯着,该打就打	negative
韭菜,别忘想国家和主力来救你,能救你的只有韭菜自己!	韭菜,别妄想国家和主力来救你,能救你的只有韭菜自己!	negative
三名朝鲜在押美公民获释!乘美国务卿专机回国	三名朝鲜在押美公民获释!乘美国务卿专机回国	positive
女友大舅上门找朱亚问讨要财产很无理,结果被朱亚文气得脸都红了	女友大舅上门找朱亚文讨要财产很无理,结果被朱亚文气得脸都红了	negative
美挥舞贸易大帮中方迅速回击你需要这份a股避险清单	美挥舞贸易大棒中方迅速回击你需要这份a股避险清单	negative
券业引爆"深水炸弹"!经纪并入网金部震憾业界	券业引爆"深水炸弹"!经纪并入网金部震撼业界	negative
皇马争议点球该不该判?多角度+放大镜头回放!布冯彻底愤怒了	皇马争议点球该不该判?多角度+放大镜头回放!布冯彻底愤怒了	positive
世界杯落幕!国足队长冯潇霆放下豪言:下一个4年要踢进世界杯	世界杯落幕!国足队长冯潇霆放下豪言:下一个4年要踢进世界杯	positive
北大博士后被曝骗妻假离婚后不复婚新欢有身孕	北大博士后被曝骗妻假离婚后不复婚新欢有身孕	positive
聂熬天徒弟太猖狂,刘德华当众打死	聂傲天徒弟太猖狂,刘德华当众打死	negative
内马尔慌了!弗洛伦蒂诺:若皇马引进姆巴佩至少亏损两年以上	内马尔慌了!弗洛伦蒂诺:若皇马引进姆巴佩至少亏损两年以上	positive
宋江为何要苦心赚卢俊义上山,难道只是因为卢武艺高强吗	宋江为何要苦心骗卢俊义上山,难道只是因为卢武艺高强吗	negative
女人为什么辣么容易长胖,看完我就知道了,厉害了!!	女人为什么那么容易长胖,看完我就知道了,厉害了!!	negative
老人练掌把大树打两个深坑获全国武术冠军匾牌挂上树免费教学	老人练掌把大树打两个深坑获全国武术冠军匾牌挂上树免费教学	positive
大学生一个月向要家里2000块生活费过分吗?网友:相当过分!	大学生一个月向家里要2000块生活费过分吗?网友:相当过分!	negative
墙裂推荐的北京境内的14条高逼格山路!骑行、自驾首选!	强烈推荐的北京境内的14条高逼格山路!骑行、自驾首选!	negative
崔子格保定演唱会完满结束被深情告白感动落泪	崔子格保定演唱会完满结束被深情告白感动落泪	positive
「视频」暴雨中,宁夏一名交警被人拍下,网友泪崩	「视频」暴雨中,宁夏一名交警被人拍下,网友泪崩	positive
格力高层换届总裁宝座或异手!超级闺蜜助攻董明珠能否续写神话?	格力高层换届总裁宝座或易手!超级闺蜜助攻董明珠能否续写神话?	negative
沃尔沃cx90:入华降价了12万,螺丝钉都是进口,安全性能甚佳	沃尔沃cx90:入华降价了12万,螺丝钉都是进口,安全性能甚佳	positive
漫画:河神在一次送来了礼物	漫画:河神再一次送来了礼物	negative
天然气批发价改革将致气价上涨?专家:影响不大	天然气批发价改革将致气价上涨?专家:影响不大	positive
cba资讯:真可怕,辽宁球迷竟然要众筹请回周琦助辽篮再次夺冠	cba资讯:真可怕,辽宁球迷竟然要众筹请回周琦助辽篮再次夺冠	positive
国家癌症中心:中国恶性肿瘤5年生存率提升到40.5%	国家癌症中心:中国恶性肿瘤5年生存率提升到40.5%	positive
太原潮宏基珠宝,五一要在和信搞事情	太原潮宏基珠宝,五一要在和信搞事情	positive
中国千亿订单打水漂,早年特价拿下高铁订单,如今新总统要毁约	中国千亿订单打水漂,早年特价拿下高铁订单,如今新总统要毁约	positive
退体后职业年金返还吗?	退休后职业年金返还吗?	negative
闪关灯是什么?为你解答闪光灯的一些小知识!	闪光灯是什么?为你解答闪光灯的一些小知识!	negative
又一个演员自杀十多次后去世,死忙三天后才被发现,年仅46岁	又一个演员自杀十多次后去世,死亡三天后才被发现,年仅46岁	negative
当兵5个月这个兵比武中战胜了全旅55名训练尖子	当兵5个月这个兵比武中战胜了全旅55名训练尖子	positive
心理测试:你认为那个最好看,测你的形象最受那类男神喜欢!超准	心理测试:你认为哪个最好看,测你的形象最受哪类男神喜欢!超准	negative
生效!特鲁多打电话通知特朗普:7月1日起,我要税你了	生效!特鲁多打电话通知特朗普:7月1日起,我要税你了	positive
跑男山西行程详细安排,这是一组现场照片,20号回去大同大学	跑男山西行程详细安排,这是一组现场照片,20号会去大同大学	negative
陈立农现身录制《高能少年图》,优越的身高强势抢镜头	陈立农现身录制《高能少年团》,优越的身高强势抢镜头	negative
中国史上最燃中学生广播体操!老外看了问:中国功夫?	中国史上最燃中学生广播体操!老外看了问:中国功夫?	positive
w界神主,花神宫有难,叶辰要亲子出面教训吴天宗	w界神主,花神宫有难,叶辰要亲自出面教训吴天宗	negative
新式“理发神器”一出,在也不用去理发店,自己在家5分钟搞定	新式“理发神器”一出,再也不用去理发店,自己在家5分钟搞定	negative
深证街头无所不能的“拓荒牛”,因年龄和文化称他们为“天桥工”	深圳街头无所不能的“拓荒牛”,因年龄和文化称他们为“天桥工”	negative
那此年,庐阳区被抢的地块怎么样了?	那些年,庐阳区被抢的地块怎么样了?	negative
一战日军飞行员向德军阵地空扔5寸铁钉和红转头德军看得一脸懵b	一战日军飞行员向德军阵地空扔5寸铁钉和红砖头德军看得一脸懵b	negative
lpl:厂长首站告捷,sn连出这四件装备表示尊重,厂长数据又亮了	lpl:厂长首战告捷,sn连出这四件装备表示尊重,厂长数据又亮了	negative
2019年,全面落实外嫁女户口,农村女孩出嫁,户口应该落在哪?	2019年,全面落实外嫁女户口,农村女孩出嫁,户口应该落在哪?	positive
中国手枪为什么贵。	中国手枪为什么贵。	positive
得了糖尿病还能长寿吗?可以,除非你避开这些并发症!	得了糖尿病还能长寿吗?可以,除非你避开这些并发症!	positive
自驾游中国,来到了河南信阳罗山县,实拍罗山县的城市景观	自驾游中国,来到了河南信阳罗山县,实拍罗山县的城市景观	positive
原声视频丨听,习近平今年两会的暖心话	原声视频丨听,习近平今年两会的暖心话	positive
雅虎:勇士斯蒂芬库里可能错过第二轮,mcl伤势仍需要时间恢复	雅虎:勇士斯蒂芬库里可能错过第二轮,mcl伤势仍需要时间恢复	positive
沈阳有个项目叫保利观堂,挺不错的。	沈阳有个项目叫保利观堂,挺不错的。	positive
小姐姐上手vivoz3翡翠色:颜值、性能双重加持,心动的感觉	小姐姐上手vivoz3翡翠色:颜值、性能双重加持,心动的感觉	positive
女子冰球世锦赛方新打进第三球中国险胜韩国两连胜	女子冰球世锦赛方新打进第三球中国险胜韩国两连胜	positive
三大suv、gls、q7、x5到底谁最舒适,销售带你看看谁才是suv之王	三大suv、gls、q7、x5到底谁最舒适,销售带你看看谁才是suv之王	positive
穿个雕夹个包,领个老妹到处撩,一组长春老照片	穿个貂夹个包,领个老妹到处撩,一组长春老照片	negative
日本人最变态的6道“美食”	日本人最变态的6道“美食”	positive
活佛济公拍摄中收的罪被人真打不说还吃臭肉!	活佛济公拍摄中受的罪被人真打不说还吃臭肉!	negative
社评:中国须做好应对台海爆发危机的准备	社评:中国须做好应对台海爆发危机的准备	positive
泰国小象屡次“推到”外国女游客,游客受宠若惊,让人哭笑不得	泰国小象屡次“推倒”外国女游客,游客受宠若惊,让人哭笑不得	negative
2018年南通中考数学填空题第18题精讲画图分析很重要	2018年南通中考数学填空题第18题精讲画图分析很重要	positive
变相官宣c罗加盟尤文成定居?c罗替代者皇马将瞄准五大目标	变相官宣c罗加盟尤文成定局?c罗替代者皇马将瞄准五大目标	negative
永州血鸭哪里的最正宗?	永州血鸭哪里的最正宗?	positive
青山钢铁拟在津布巴韦投资10亿美元建设200万吨钢铁厂项目	青山钢铁拟在津巴布韦投资10亿美元建设200万吨钢铁厂项目	negative
我这辈子最烦的就是他这种人,没钱就去拍电影,拍完电影就拿钱去该学校,一点都不为自己考虑(自带狗头)	我这辈子最烦的就是他这种人,没钱就去拍电影,拍完电影就拿钱去盖学校,一点都不为自己考虑(自带狗头)	negative
过年年轻人回乡,乡镇旅游点车都开不进去了	过年年轻人回乡,乡镇旅游电车都开不进去了	negative
如果国家的未来和人民的生命交托于瞿天临这样的博士后,你怕吗	如果国家的未来和人民的生命交托于瞿天临这样的博士后,你怕吗	positive
电为什么能生磁,磁为什么能生电,为什么二者之间有联系,本质原因是什么?	电为什么能生磁,磁为什么能生电,为什么二者之间有联系,本质原因是什么?	positive
阿根廷复活?巴西队危险?德国难出现?这都是表面现象	阿根廷复活?巴西队危险?德国难出线?这都是表面现象	negative
农村又一农作物爆红,5亩收入60000元,现在种3棵今年秋天就买车	农村又一农作物爆红,5亩收入60000元,现在种3棵今年秋天就买车	positive
cf手游体验服下个版本要更新一把超贵的英雄武器,比王者之心鬼	cf手游体验服下个版本要更新一把超贵的英雄武器,比王者之心贵	negative
沪指跌破3000点创近两年新低公募:不必悲观,市场上行空间仍存	沪指跌破3000点创近两年新低公募:不必悲观,市场上行空间仍存	positive
大连海关关员被妻子举报生活作风等问题当事人:她出轨我没出轨	大连海关官员被妻子举报生活作风等问题当事人:她出轨我没出轨	negative
湖南长沙婚礼,新娘有点胖,但是很美,如果再瘦50斤就更美了	湖南长沙婚礼,新娘有点胖,但是很美,如果再瘦50斤就更美了	positive
如何让龟为主保持常年有活力,四季常青?	如何让龟背竹保持常年有活力,四季常青?	negative
女学员驾照考试多次不过,惨遭教练套路骗财偏色!上	女学员驾照考试多次不过,惨遭教练套路骗财骗色!上	negative
如何在最邋遢的时候昂首挺胸秒杀前男友的前女友	如何在最邋遢的时候昂首挺胸秒杀前男友的前女友	positive
第十三章聪明伶俐	第十三章聪明伶俐	positive
魏忠贤真的是无能之辈吗?从这五件事救可以看出来	魏忠贤真的是无能之辈吗?从这五件事就可以看出来	negative
2019款本田奥迪赛到店实拍2.0t+10at年内国内上市	2019款本田奥德赛到店实拍2.0t+10at年内国内上市	negative
有钱真好大叔三十四岁了还开着年轻小伙喜欢的超跑真潇洒绿魔鬼amg-gtr	有钱真好大叔三十四岁了还开着年轻小伙喜欢的超跑真潇洒绿魔鬼amg-gtr	positive
2018中国最新城市排名出炉!贵州尽然排前二!	2018中国最新城市排名出炉!贵州竟然排前二!	negative
天籁之音!黄家驹一曲《是错也不再分》一阵阵笑容迷倒万千粉丝!	天籁之音!黄家驹一曲《是错也不再分》一阵阵笑容迷倒万千粉丝!	positive
林丹发球被判犯规,不满判罚怒仍球拍	林丹发球被判犯规,不满判罚怒扔球拍	negative
欢呼!《辐射:新维加斯》前传mod开发9年终完工	欢呼!《辐射:新维加斯》前传mod开发9年终完工	positive
通讯:祈祷这样的悲剧永远不再发生	通讯:祈祷这样的悲剧永远不再发生	positive
中超巨人军团再添猛将期待激活国足昔日杀手锏	中超巨人军团再添猛将期待激活国足昔日杀手锏	positive
一张脸拯救一台车,19款大众新凌渡车主真是的用车体验分享!	一张脸拯救一台车,19款大众新凌渡车主真实的用车体验分享!	negative
2019镇江最全赏“蜡梅”图鉴,美到窒息!情怀的行程已经安排!	2019镇江最全赏“腊梅”图鉴,美到窒息!情怀的行程已经安排!	negative
谢霆锋秀吉他演唱经典歌曲引回忆杀是否从新回归乐坛	谢霆锋秀吉他演唱经典歌曲引回忆杀是否重新回归乐坛	negative
巅峰姚明三个大盖帽让韩国第一中锋何生镇彻底凌乱	巅峰姚明三个大盖帽让韩国第一中锋何生镇彻底凌乱	positive
感动:每天放羊的狗狗知道养被卖掉时,竟赶过去想从车上救下它们	感动:每天放羊的狗狗知道羊被卖掉时,竟赶过去想从车上救下它们	negative
人民法院组织法修订草案二审领导干部干预司法活动或将被追责	人民法院组织法修订草案二审领导干部干预司法活动或将被追责	positive
这起朋友圈贩枪案被公安部督办枪口比动能超国标100倍快看	这起朋友圈贩枪案被公安部督办枪口比动能超国标100倍快看	positive
医生说:家有着三件电器,就是辐射场!对人体伤害太大了!	医生说:家有这三件电器,就是辐射场!对人体伤害太大了!	negative
2018年理综第8题选a的同学有话说	2018年理综第8题选a的同学有话说	positive
16万元的存款应该在县城买房还是回老家盖房?	16万元的存款应该在县城买房还是回老家盖房?	positive
王杰的歌,每一首都很经典,也很独特,如今50多随,唱功实力不减	王杰的歌,每一首都很经典,也很独特,如今50多岁,唱功实力不减	negative
若执教阿森纳,阿莱格里要求2以镑转会预算	若执教阿森纳,阿莱格里要求2亿镑转会预算	negative
女土豪上车的那一刻,才知道丰田阿尔法有多么豪华!	女土豪上车的那一刻,才知道丰田阿尔法有多么豪华!	positive
日本中途岛战役惨被后居然想从德国买航母,被德国一口拒绝	日本中途岛战役惨烈后居然想从德国买航母,被德国一口拒绝	negative
侯耀华问郭达认识自己不,郭达:“那是我门村子有名的二傻子”	侯耀华问郭达认识自己不,郭达:“那是我们村子有名的二傻子”	negative
男子冒出特种兵骗女子结婚,单纯女子生下孩子后才发现自己上当	男子冒充特种兵骗女子结婚,单纯女子生下孩子后才发现自己上当	negative
严斌开雷神只怒遇见亡图,激动的差点哭了	严斌开雷神之怒遇见亡图,激动的差点哭了	negative
向往的生活:金玟岐以来就会砍柴,张杰说自己好像个废物	向往的生活:金玟岐一来就会砍柴,张杰说自己好像个废物	negative
丁俊晖真正挑战到来!5年前苦主准备复仇!网友:登顶良机以成熟	丁俊晖真正挑战到来!5年前苦主准备复仇!网友:登顶良机已成熟	negative
不吹不黑!德国哥廷根大学竟出了47为诺贝尔奖获得者,全是天才!	不吹不黑!德国哥廷根大学竟出了47位诺贝尔奖获得者,全是天才!	negative
路考科目3考点改个,2018年想考到驾照更难了!	路考科目3考点改革,2018年想考到驾照更难了!	negative
女子网恋见面被嫌弃太丑遭殴打后,横躺马路轻生:世界上没真爱	女子网恋见面被嫌弃太丑遭殴打后,横躺马路轻生:世界上没真爱	positive
农村有一种话叫“天天开”,你知道是什么吗?能在家里养吗?	农村有一种花叫“天天开”,你知道是什么吗?能在家里养吗?	negative
太极宗师王战军的实战能力如何,为何不敢登台比武	太极宗师王战军的实战能力如何,为何不敢登台比武	positive
马去挺住,曾说要改变银行,如今支付宝被银行改变的面目全非	马云挺住,曾说要改变银行,如今支付宝被银行改变的面目全非	negative
作为一名著名主持人,成为了反科学之王,崔永元是如何做到的?	作为一名著名主持人,成为了反科学之王,崔永元是如何做到的?	positive
强势婆婆一登台最媳妇指手画脚,主持人吓一跳,女孩发飙愤怒回骂	强势婆婆一登台对媳妇指手画脚,主持人吓一跳,女孩发飙愤怒回骂	negative
陈小春看上鳌拜财产,索额图大笔一划,全是陈小春的,权利啊!	陈小春看上鳌拜财产,索额图大笔一划,全是陈小春的,权力啊!	negative
马云不下心泄漏未来3年5万投入这个行业你的收入将翻天覆地	马云不小心泄漏未来3年5万投入这个行业你的收入将翻天覆地	negative
中国大使投书巴拿马媒体:所谓“中拉合作危机美国安全”荒唐至极	中国大使投书巴拿马媒体:所谓“中拉合作危及美国安全”荒唐至极	negative
总裁嫌弃灰姑娘,没想看到灰姑娘雨天苦苦等候,内心顿时泛起涟漪	总裁嫌弃灰姑娘,没想看到灰姑娘雨天苦苦等候,内心顿时泛起涟漪	positive
理综高考全国卷ⅰ出现争议题目,答案如何界定考验出题方权威!	理综高考全国卷ⅰ出现争议题目,答案如何界定考验出题方权威!	positive
郑钧引起华语乐坛骂战,整个娱乐界都坐不住了!	郑钧引起华语乐坛骂战,整个娱乐界都坐不住了!	positive
猫和老鼠:汤姆竟然用过的女巫的面试,果然智商高的猫才能存活!	猫和老鼠:汤姆竟然通过的女巫的面试,果然智商高的猫才能存活!	negative
教育部:高校学生每学期形势与政策课不低于8学时	教育部:高校学生每学期形势与政策课不低于8学时	positive
甘肃酒泉市2宗国有土地出让用于建商业项目	甘肃酒泉市2宗国有土地出让用于建商业项目	positive
中年大叔勇敢像年轻阿姨“求爱”他是否会成功	中年大叔勇敢向年轻阿姨“求爱”他是否会成功	negative
vivoz3梦幻粉上手:颜值炸裂吸睛无数,小姐姐的心头爱	vivoz3梦幻粉上手:颜值炸裂吸睛无数,小姐姐的心头爱	positive
美国的国防部长到我国访问,提出要参加首都的地下人防工程	美国的国防部长到我国访问,提出要参加首都的地下人防工程	positive
那个当事人终于受不了开骂了:你们的夸大宣传,搞得我很头疼!	那个当事人终于受不了开骂了:你们的夸大宣传,搞得我很头疼!	positive
江苏捣毁赌球网站,抓获33名犯罪嫌疑人,扣押冻结自己5000余万	江苏捣毁赌球网站,抓获33名犯罪嫌疑人,扣押冻结资金5000余万	negative
故事:大好地铁调戏女轻年,不想被打的......	故事:大好地铁调戏女青年,不想被打的......	negative
孙红雷最霸气的一场戏,看他怎么治监狱老大的,真是令人大快人心	孙红雷最霸气的一场戏,看他怎么治监狱老大的,真是令人大快人心	positive
郭襄看着杨过和小龙女的背影,说出了这短话,堪称经典	郭襄看着杨过和小龙女的背影,说出了这段话,堪称经典	negative
环卫工当街被年轻男女羞辱!她哭着说:不敢告诉读博士的儿子	环卫工当街被年轻男女羞辱!她哭着说:不敢告诉读博士的儿子	positive
河神像流泪告诉老汉村里将有大难,他不信,害得村里家破人亡!	河神想流泪告诉老汉村里将有大难,他不信,害得村里家破人亡!	negative
关于买房,任志强最新10大观点!	关于买房,任志强最新10大观点!	positive
「警示」谎报案情绝非儿戏,冀州公安行政处罚一名谎报案情违法行为人	「警示」谎报案情绝非儿戏,冀州公安行政处罚一名谎报案情违法行为人	positive
浩哥也听不容易,兄弟脾气一个比一个暴,说几句老二,老二跳湖了	浩哥也挺不容易,兄弟脾气一个比一个暴,说几句老二,老二跳湖了	negative
美女开口就问孟非:你有多少大裤衩,郭德纲一句话问到观众心里了	美女开口就问孟非:你有多少大裤衩,郭德纲一句话问到观众心里了	positive
妻子携80万拆迁巨款投奔情郎反遭情郎杀害抛尸井底警方挖井寻尸	妻子携80万拆迁巨款投奔情郎反遭情郎杀害抛尸井底警方挖井寻尸	positive
大一男生与女友开房离奇猝死开房照片曝光	大一男生与女友开房离奇猝死开房照片曝光	positive
法国将倒向中国,送千亿重礼,美国为组织不惜使出阴招	法国将倒向中国,送千亿重礼,美国为阻止不惜使出阴招	negative
身体三较锁,拿后备裸绞,防不胜防!	身体三绞锁,拿后背裸绞,防不胜防!	negative
牧场管理员屁股上绑了一根棍子,只有什么用?	牧场管理员屁股上绑了一根棍子,这有什么用?	negative
吉林长春籍烈士陈万福长眠湖南70年,他的亲人,在哪里?	吉林长春籍烈士陈万福长眠湖南70年,他的亲人,在哪里?	positive
女司机无证驾驶致一死两伤称跟朋友学了几个月上路应该没问题	女司机无证驾驶致一死两伤称跟朋友学了几个月上路应该没问题	positive
坐在放车里看烟花表演四处寻找4s店不知道新年开不明天去碰运气	坐在房车里看烟花表演四处寻找4s店不知道新年开不明天去碰运气	negative
银行又出新规,6月3号余额宝将不能用于支付,马云很无奈!	银行又出新规,6月3号余额宝将不能用于支付,马云很无奈!	positive
河南南阳:农村小伙买了几条野生鲫鱼,让嫂子给他红烧了吃着真香	河南南阳:农村小伙买了几条野生鲫鱼,让嫂子给他红烧了吃着真香	positive
有些民间流传的法术,邪术之放法不要谁便的去学	有些民间流传的法术,邪术之方法不要随便的去学	negative
k988西宁到昆明,成都站发车	k988西宁到昆明,成都站发车	positive
吕梁市首届“阅读与写作能力提升”观摩研讨会在英杰中学举行	吕梁市首届“阅读与写作能力提升”观摩研讨会在英杰中学举行	positive
中年夫妻,长期“憋”太久,会有这4种行为,到不如离婚!	中年夫妻,长期“憋”太久,会有这4种行为,倒不如离婚!	negative
高考零分作文是真的吗?阅卷老师:题目写对就有2分	高考零分作文是真的吗?阅卷老师:题目写对就有2分	positive
你和女朋友妈妈之家发生了什么事?	你和女朋友妈妈之间发生了什么事?	negative
老梁:都是草根风格拍电影,为何王渤就比王宝强要红,道理很简单	老梁:都是草根风格拍电影,为何黄渤就比王宝强要红,道理很简单	negative
广州恒大,请放中国足球一马	广州恒大,请放中国足球一马	positive
荣耀牛啦,荣耀10还为发布已经霸占了各城广场大屏	荣耀牛啦,荣耀10还未发布已经霸占了各城广场大屏	negative
郑爽《青春斗》发布会上现场自删耳光!惊呆众人	郑爽《青春斗》发布会上现场自扇耳光!惊呆众人	negative
老梁说大实话:本来无辜的迟志强却引法律上的漏洞而收到牢狱之灾	老梁说大实话:本来无辜的迟志强却因法律上的漏洞而受到牢狱之灾	negative
网恋6个月的小姐姐,终于和她在ktv见面了,一首歌就把我征服了!	网恋6个月的小姐姐,终于和她在ktv见面了,一首歌就把我征服了!	positive
54岁罗贯中手机里全家生活近照曝光,47岁朱茵元气满满女儿像爸爸	54岁黄贯中手机里全家生活近照曝光,47岁朱茵元气满满女儿像爸爸	negative
男子疯狂赌球欠一屁股债,整整四年,上届世界杯欠的债至今刚换完	男子疯狂赌球欠一屁股债,整整四年,上届世界杯欠的债至今刚还完	negative
今年的七座suv车型不好卖了,汉兰达、gs8或许随时会降价	今年的七座suv车型不好卖了,汉兰达、gs8或许随时会降价	positive
大姨远嫁北京82岁了,妈妈远嫁婺源70岁了,小姨远嫁石家庄65岁了,今天相距婺源,三姐妹几十年没见!给个赞吧!	大姨远嫁北京82岁了,妈妈远嫁婺源70岁了,小姨远嫁石家庄65岁了,今天相聚婺源,三姐妹几十年没见!给个赞吧!	negative
范朵朵范冰冰范丞丞已红透了,网友:娱乐圈范家军还缺人吗?	范朵朵范冰冰范丞丞已红透了,网友:娱乐圈范家军还缺人吗?	positive
渭南化州区的人造景观	渭南华州区的人造景观	negative
广忘就知道炫耀自己名牌衬衫,太虚荣的人都好可怜	光我就知道炫耀自己名牌衬衫,太虚荣的人都好可怜	negative
新手一年内不得上高速是如何监督的?你可能不知道吧	新手一年内不得上高速是如何监督的?你可能不知道吧	positive
国安名宿醉驾给中国足球添恶心!前队友:老婆儿子不管了?痛心!	国安名宿醉驾给中国足球添恶心!前队友:老婆儿子不管了?痛心!	positive
小混混调戏小姑子,姐夫二话不说就是一顿打,太解气了	小混混调戏小姑子,姐夫二话不说就是一顿打,太解气了	positive
国民党参选议员:马英九卸任文告真的是“神预言”	国民党参选议员:马英九卸任文稿真的是“神预言”	negative
老司机:原来关掉这个按键可以省25%的油?拒绝在当油老虎!	老司机:原来关掉这个按键可以省25%的油?拒绝再当油老虎!	negative
夫妻来幼儿园接娃却被人接走报警后才知道真相	夫妻来幼儿园接娃却被人接走报警后才知道真相	positive
阿莱格里:我拒绝了皇马主席,我早决定留在皇马	阿莱格里:我拒绝了皇马主席,我早决定留在皇马	positive
小学五年级试卷,考的是基础,是积累!	小学五年级试卷,考的是基础,是积累!	positive
不用油不用电,10元造一把!牛人制造的土地翻松设备太有创意了	不用油不用电,10元造一把!牛人制造的土地翻松设备太有创意了	positive
歼-20王牌飞行员新年再次亮相,透露了什么重大信息五角大楼妙懂	歼-20王牌飞行员新年再次亮相,透露了什么重大信息五角大楼秒懂	negative
国产防盗就是牛!游戏没下正版不配书就没法玩,盗版商崩溃!	国产防盗就是牛!游戏没下正版不配书就没法玩,盗版商崩溃!	positive
有人认为特朗普可能成为美国的最后一任总统,你怎么看?	有人认为特朗普可能成为美国的最后一任总统,你怎么看?	positive
周总理和高岗通电话,从电话里听到这件事,朱老总都坐不住了	周总理和高岗通电话,从电话里听到这件事,朱老总都坐不住了	positive
肌肉大汉挑战瘦小伙被一脚撂倒,捂着胸口到底超悲催	肌肉大汉挑战瘦小伙被一脚撂倒,捂着胸口到底多悲催	negative
嫦娥四号登录月背被下绊子?中国总工程师说出真相,美国太无耻!	嫦娥四号登陆月背被下绊子?中国总工程师说出真相,美国太无耻!	negative
小品《不差钱2》小沈阳的饭店开不小去了	小品《不差钱2》小沈阳的饭店开不下去了	negative
十二个英语经常读错的名牌:比如耐克阿迪达斯	十二个英语经常读错的名牌:比如耐克阿迪达斯	positive
糯米切糕的做法简单方便又好吃,看到成品出来好像咬一口啊!	糯米切糕的做法简单方便又好吃,看到成品出来好想咬一口啊!	negative
中国最新就业情况排名出炉!这些行业最景气	中国最新就业情况排名出炉!这些行业最景气	positive
《伪装者2》名家三兄弟重组,男主换成了他,网友:那就放心了!	《伪装者2》明家三兄弟重组,男主换成了他,网友:那就放心了!	negative
全国将再启新一轮调控	全国将再启新一轮调控	positive
房价越调越涨,房地产绑架中国经济?这个数据透漏重大信号	房价越调越涨,房地产绑架中国经济?这个数据透露重大信号	negative
机器人凭空当下子弹,秒杀狙击手	机器人凭空挡下子弹,秒杀狙击手	negative
小玲大鱼大肉吃多了,可着小车去朋友家摘了两个木瓜	小玲大鱼大肉吃多了,开着小车去朋友家摘了两个木瓜	negative
20年狂涨70倍,中华医药瑰宝,详谈片子癀值得投资吗?	20年狂涨70倍,中华医药瑰宝,详谈片子癀值得投资吗?	positive
邹林华:房地产政策的首要目标是防止房价大起大落	邹林华:房地产政策的首要目标是防止房价大起大落	positive
列年罕见高温,日本网友的各种神操作	今年罕见高温,日本网友的各种神操作	negative
柠檬味的璐璐创作的原声	柠檬味的璐璐创作的原声	positive
美国急“哭了”!中国北斗导航正式上线,将取代gps,你支持吗?	美国急“哭了”!中国北斗导航正式上线,将取代gps,你支持吗?	positive
深度揭密:《蝙蝠侠:黑暗骑士》中希斯莱杰小丑的历害之处!	深度揭秘:《蝙蝠侠:黑暗骑士》中希斯莱杰小丑的厉害之处!	negative
这所“二本”位于西南地区,非211,非双一流,却是部署高校	这所“二本”位于西南地区,非211,非双一流,却是部属高校	negative
正恩:不会再制造和试验、不会使用或扩散核武器	正恩:不会再制造核试验、不会使用或扩散核武器	negative
2018高考作文题:战斗机全身上下哪里最需要防护?	2018高考作文题:战斗机全身上下哪里最需要防护?	positive
王健林预以1500亿投资这个一线城市,却意外落空,背后细思极恐	王健林欲以1500亿投资这个一线城市,却意外落空,背后细思极恐	negative
母亲过世后,家里人都偏心姐姐,我家人后他们都来巴结我	母亲过世后,家里人都偏心姐姐,我嫁人后他们都来巴结我	negative
朋友圈侮辱木里火灾烈士,山东一网民被行拘	朋友圈侮辱木里火灾烈士,山东一网民被刑拘	negative
农村小伙去山上做工,百斤的肥料全部抗完,不知道大家有没有做过	农村小伙去山上做工,百斤的肥料全部扛完,不知道大家有没有做过	negative
《渴望》20多年过去,刘慧芳王泸生老了,而他早已去世了	《渴望》20多年过去,刘慧芳王泸生老了,而他早已去世了	positive
中国夫妻在美国开店,只卖糖醋排骨和蒸饺,1分7美刀老外排队买	中国夫妻在美国开店,只卖糖醋排骨和蒸饺,1份7美刀老外排队买	negative
重庆楼市,去年那个火热的抢购回来了吗?回答是	重庆楼市,去年那个火热的抢购回来了吗?回答是	positive
婚礼上势力婆婆看不起穷儿媳,不料儿媳爸爸一出场把大伙震到了	婚礼上势利婆婆看不起穷儿媳,不料儿媳爸爸一出场把大伙震到了	negative
丰田皇冠全系降价,搭载2.0t变速箱,性价比如何?	丰田皇冠全系降价,搭载2.0t变速箱,性价比如何?	positive
旷工不认命练成世界拳王,身高1米55娶美女主播,中国泰森堪称传奇	矿工不认命练成世界拳王,身高1米55娶美女主播,中国泰森堪称传奇	negative
综述:美人权报告被指不公国内人权状况亦堪舆	综述:美人权报告被指不公国内人权状况亦堪忧	negative
黄海波为了打谈情敌消息,假装顺风车,给个5块行不行?	黄海波为了打探情敌消息,假装顺风车,给个5块行不行?	negative
2.8万吨巨型装备驶往东海,日本抗议不知情,抗议无效无需通告	2.8万吨巨型装备驶往东海,日本抗议不知情,抗议无效无需通告	positive
真实隧道故事:男子用20年挖通145米隧道,居然救了1000多人!	真实隧道故事:男子用20年挖通145米隧道,居然救了1000多人!	positive
勒夫该好好思考了,这后卫退役冲击真不容小嘘,冠军身段该放下了	勒夫该好好思考了,这后卫退役冲击真不容小觑,冠军身段该放下了	negative
cba球队争向哄抢第一后卫?还花巨资邀请,赵继伟:我才不稀罕!	cba球队争相哄抢第一后卫?还花巨资邀请,赵继伟:我才不稀罕!	negative
豪车“霸占”应急避难场1年座椅已生霉车主拒接电话	豪车“霸占”应急避难场1年座椅已生霉车主拒接电话	positive
u23头牌赴葡萄牙观看葡西大战!赛后晒照发文,球迷评论区炸了!	u23头牌赴葡萄牙观看葡西大战!赛后晒照发文,球迷评论区炸了!	positive
这个就是传说中的老鼠短头台吧!太吓人了看的我都有点受不了了	这个就是传说中的老鼠断头台吧!太吓人了看的我都有点受不了了	negative
拳打索尼三星,创维全球化放大招:开放供应链+提供大屏aiot方案	拳打索尼三星,创维全球化放大招:开放供应链+提供大屏aiot方案	positive
联盟的连锁反应,快船欲用小乔丹与哈里斯换火箭两悍将与首轮签	联盟的连锁反应,快船欲用小乔丹与哈里斯换火箭两悍将与首轮签	positive
太尴尬了!男子订婚,发现“岳父”竟是妻子情人	太尴尬了!男子订婚,发现“岳父”竟是妻子情人	positive
每体:老佛爷不想为c罗举办告别仪式	媒体:老佛爷不想为c罗举办告别仪式	negative
北向资金力挺蓝筹,a股二波机会来袭?	北向资金力挺蓝筹,a股二波机会来袭?	positive
美空军一名情报官判变伊朗,美军会对这名判变情报官进行斩首行动吗?	美空军一名情报官叛变伊朗,美军会对这名叛变情报官进行斩首行动吗?	negative
山东男子发明运砖“神器”,老板:你以后不用来上班!	山东男子发明运砖“神器”,老板:你以后不用来上班!	positive
公务员考试数量关系:利润问题的逻辑思维,让你的数量关系不再难	公务员考试数量关系:利润问题的逻辑思维,让你的数量关系不再难	positive
2018一部灾难动作片《冲击波》,截杀恐怖分子,毁灭性武器已启东	2018一部灾难动作片《冲击波》,截杀恐怖分子,毁灭性武器已启动	negative
世界上最大的胆是什么胆?当然是色胆,毕竟色胆宝天	世界上最大的胆是什么胆?当然是色胆,毕竟色胆包天	negative
人间处处有真情。一位泪流满面的彝族老人。掏出一百元为救火牺牲的英雄买花。感动人心。	人间处处有真情。一位泪流满面的彝族老人。掏出一百元为救火牺牲的英雄买花。感动人心。	positive
移动放狠招,88元享60g大流量加2000分钟通话	移动放狠招,88元享60g大流量加2000分钟通话	positive
日本经济这几年表面繁荣华而不实,数据看着好,市民并无实惠	日本经济这几年表面繁荣华而不实,数据看着好,市民并无实惠	positive
刘诗怀孕?吴奇隆协议离婚?律师发表声明却意外泄露真名!	刘诗怀孕?吴奇隆协议离婚?律师发表声明却意外泄露真名!	positive
电信、联通、移动,流量价格站打起来,你知道哪家最实惠么?	电信、联通、移动,流量价格战打起来,你知道哪家最实惠么?	negative
风云:武林至尊所谓的一流高手,被步惊云几招杀光,太强大了	风云:武林至尊所谓的一流高手,被步惊云几招杀光,太强大了	positive
刘强东是如何完成第一个百万收入的,有是如何完成亿万财富的积累	刘强东是如何完成第一个百万收入的,又是如何完成亿万财富的积累	negative
梅艳芳96岁母亲向法院申请新年利是20万被拒,抱怨10万都不够过年	梅艳芳96岁母亲向法院申请新年利息20万被拒,抱怨10万都不够过年	negative
高端人才洽谈会在呼和浩特举行	高端人才洽谈会在呼和浩特举行	positive
掉个头真难	调个头真难	negative
刘文华是一位正在走向经典的颇具才华的书法艺术家	刘文华是一位正在走向经典的颇具才华的书法艺术家	positive
力压蔡徐坤夺得星饭团榜首恭喜剑网3制作人郭炜炜出道	力压蔡徐坤夺得星饭团榜首恭喜剑网3制作人郭炜炜出道	positive
天龙八部:论武功乔峰都自叹不入的人,太厉害了	天龙八部:论武功乔峰都自叹不如的人,太厉害了	negative
解放军在国外参见阅兵,给外国人做示范,出场后观众沸腾!	解放军在国外参加阅兵,给外国人做示范,出场后观众沸腾!	negative
开展支部党日活动,夯实组织建设基础	开展支部党日活动,夯实组织建设基础	positive
炉石主播齐聚暴雪今年或迎来重大改动	炉石主播齐聚暴雪今年或迎来重大改动	positive
郑州省医周边停车乱收费后续:树起4元/次收费牌监督电话66387621	郑州省医周边停车乱收费后续:竖起4元/次收费牌监督电话66387621	negative
急性子的女人,到底有多好?	急性子的女人,到底有多好?	positive
刀己绣只要有耐心砍多大的树都能砍断	刀已锈只要有耐心砍多大的树都能砍断	negative
【解局】甘肃官场到底出了什么问题?	【解局】甘肃官场到底出了什么问题?	positive
税后取酬折射出部分演艺人员严重的拜金倾向和社会责任感缺失!	税后片酬折射出部分演艺人员严重的拜金倾向和社会责任感缺失!	negative
寺院里的住持与方丈有何区别?	寺院里的住持与方丈有何区别?	positive
海底捞员工为何敬业、离职率低?张勇曝光其背后强大的激励模式!	海底捞员工为何敬业、离职率低?张勇曝光其背后强大的激励模式!	positive
一口气打出41拳,内蒙古狼孩不服众望乱拳打跪日本武士	一口气打出41拳,内蒙古狼孩不负众望乱拳打跪日本武士	negative
寅巳申三邢,实际预测点窍!	寅巳申三刑,实际预测点窍!	negative
丈夫一番话让妻子面漏笑意,一个月吃15只鸡成了所有人笑点!	丈夫一番话让妻子面露笑意,一个月吃15只鸡成了所有人笑点!	negative
我们学校的门卫叔叔!学历不是衡量一个人的标准!向您学习!	我们学校的门卫叔叔!学历不是衡量一个人的标准!向您学习!	positive
意甲积分榜:尤文获胜几乎锁定管局,国米客场大胜有望前四	意甲积分榜:尤文获胜几乎锁定平局,国米客场大胜有望前四	negative
宝骏的最大生产基地,卫星地图下这个停车场亮了!	宝骏的最大生产基地,卫星地图下这个停车场亮了!	positive
故事:毛爷爷,我们学习以的榜样,中华民族,永远的骄傲	故事:毛爷爷,我们学习你的榜样,中华民族,永远的骄傲	negative
如果拿探越跟途观l来对比jeep自由光,你觉得是谁虐谁?	如果拿探岳跟途观l来对比jeep自由光,你觉得是谁虐谁?	negative
瓜农喝止小偷被刺死被告人不“认罪”死者妻子:必须死刑	瓜农喝止小偷被刺死被告人不“认罪”死者妻子:必须死刑	positive
黄渤做警察审妓女,你看过吗,太搞笑了!	黄渤做警察审妓女,你看过吗,太搞笑了!	positive
好先生:主角借着过敏的由头,把美女敢出家门	好先生:主角借着过敏的由头,把美女赶出家门	negative
成品油“三连涨”92汽油每升或上涨1.6元	成品油“三连涨”92汽油每升或上涨1.6元	positive
手感最赞的手机?魅族15汝窑白版摸过就完全不想带壳	手感最赞的手机?魅族15汝窑白版摸过就完全不想戴壳	negative
老练:我以前都预言过王宝强会透支,现在都难处好作品了!	老练:我以前都预言过王宝强会透支,现在都难出好作品了!	negative
建瓯建设境内首个国道综合服务区总投资8000元	建瓯建设境内首个国道综合服务区总投资8000万	negative
绝地求生:100个神仙相约同一局,第一名外挂到底有多恐怖!	绝地求生:100个神仙相约同一局,第一名外挂到底有多恐怖!	positive
周总理与刘颖超的恩爱日常:颖超亲自做白鳝,其实总理并不爱吃	周总理与刘颖超的恩爱日常:颖超亲自做白鳝,其实总理并不爱吃	positive
近代耻辱!英国把领土强行划给印度,至今仍为收回,大约一个省	近代耻辱!英国把领土强行划给印度,至今仍未收回,大约一个省	negative
百元机vivou1续航对比小米9,结果出乎意料!网友:没毛病	百元机vivou1续航对比小米9,结果出乎意料!网友:没毛病	positive
勇士这一败损失大了!奥尼尔:次轮鹈鹕吊打勇士	勇士这一败损失大了!奥尼尔:次轮鹈鹕吊打勇士	positive
两个混混打台球,技术真是炉火纯青,可就是每一个好东西	两个混混打台球,技术真是炉火纯青,可就是没一个好东西	negative
驾校在实习期,这一点一定要避免,否则重新回驾校学习,很有道理	驾照在实习期,这一点一定要避免,否则重新回驾校学习,很有道理	negative
小克里钦科职业生涯最惨痛的一次失败,被南非警察残暴ko!	小克里钦科职业生涯最惨痛的一次失败,被南非警察残暴ko!	positive
横店女群演颜值普通都很高,70块一天都没戏拍,戏服堆成垃圾堆	横店女群演颜值普通都很高,70块一天都没戏拍,戏服堆成垃圾堆	positive
没有棚改货币安置马达,连云港楼市能走多选?	没有棚改货币安置马达,连云港楼市能走多远?	negative
超级电脑计算出本赛季英超联赛最终积分榜:红军夺冠,哈镇垫底	超级电脑计算出本赛季英超联赛最终积分榜:红军夺冠,哈镇垫底	positive
张云雷日常怼师兄系列,师父也逃不过!	张云雷日常怼师兄系列,师父也逃不过!	positive
陪伴十年的狗狗离去了,感谢你曾经带给我的快乐,从此我不在养狗	陪伴十年的狗狗离去了,感谢你曾经带给我的快乐,从此我不再养狗	negative
蓝萍民国时期的罕见老照片曝光,或许有些您真还没见过哈	蓝萍民国时期的罕见老照片曝光,或许有些您真还没见过哈	positive
比邱国改成小儿国的由来	比丘国改成小儿国的由来	negative
武磊入选明日主场大名单,官方海报居然占据了c位,对此你怎么看?	武磊入选明日主场大名单,官方海报居然占据了c位,对此你怎么看?	positive
触目惊心的车祸,不乖别人,就乖他玩漂移!	触目惊心的车祸,不怪别人,就怪他玩漂移!	negative
"yourcompany“不是”你的公司"!	"yourcompany“不是”你的公司"!	positive
三毛一生为情所困,为何离婚十年之后自杀?老梁这解释绝了!	三毛一生为情所困,为何离婚十年之后自杀?老梁这解释绝了!	positive
雍正王朝:众人力保雍正,只有佟国维力荐八爷,而张廷玉最明智	雍正王朝:众人力保雍正,只有佟国维力荐八爷,而张廷玉最明智	positive
世界首款“无窗”飞机,一般人看到就腿软,恐高的人敢做吗?	世界首款“无窗”飞机,一般人看到就腿软,恐高的人敢坐吗?	negative
都说「管住嘴,迈开腿」?这句话误导了多少人	都说「管住嘴,迈开腿」?这句话误导了多少人	positive
支付宝稳坐支付宝宝座十四年,央行:一招就让马云回到解放前!	支付宝稳坐支付宝宝座十四年,央行:一招就让马云回到解放前!	positive
杜特尔特猛于特朗普!美国制裁国际法官菲律宾干脆退群了!	杜特尔特猛于特朗普!美国制裁国际法官菲律宾干脆退群了!	positive
韩春明拉杨华健一起做生意,可以看出杨华健超级现任春明的能力	韩春明拉杨华健一起做生意,可以看出杨华健超级信任春明的能力	negative
很荣幸能和陈总一起吃饭,一个月️收入71万的女强人	很荣幸能和陈总一起吃饭,一个月️收入71万的女强人	positive
千万教师迎来七大好消息!幸福感满满,教师成为领人羡慕的职业。	千万教师迎来七大好消息!幸福感满满,教师成为令人羡慕的职业。	negative
中石油天然气输气管道发生泄露燃爆致9人重伤	中石油天然气输气管道发生泄漏燃爆致9人重伤	negative
路中心双黄实线禁止轧越,也不开启转向灯,也不观察后方情况,事故就这样发生了(公安部交通安全微发布)	路中心双黄实线禁止轧越,也不开启转向灯,也不观察后方情况,事故就这样发生了(公安部交通安全委发布)	negative
浅谈鲁能问题,拒绝为了为了黑而黑!	浅谈鲁能问题,拒绝为了为了黑而黑!	positive
董事长年薪39.4亿、副董事长35.8亿,中国这家公司真的这么牛?	董事长年薪39.4亿、副董事长35.8亿,中国这家公司真的这么牛?	positive
和其他国家相比,我们的房价到底贵不贵?一下给你讲清楚!	和其他国家相比,我们的房价到底贵不贵?一下给你讲清楚!	positive
海南放开限购房价会爆涨吗?你还会再次去买房吗?	海南放开限购房价会暴涨吗?你还会再次去买房吗?	negative
千万之王的老大,居然是他:赌神龙四!香港最早的赌片大哥	千万之王的老大,居然是他:赌神龙四!香港最早的赌片大哥	positive
中国留学生深夜排潮鞋,遭外国青年辱骂暴打:“f**kyou”!	中国留学生深夜拍潮鞋,遭外国青年辱骂暴打:“f**kyou”!	negative
辟谷应谨慎,危害超想象!	辟谷应谨慎,危害超想象!	positive
每天五分钟机器学习:高斯分布(正太分布)是什么?	每天五分钟机器学习:高斯分布(正态分布)是什么?	negative
严于利己、以身作则、树立榜样:汝南县五小召开少先队总结会	严于律己、以身作则、树立榜样:汝南县五小召开少先队总结会	negative
5坐私家车载5个成年人再抱一个婴儿,算超载吗?交警给出了答案	5座私家车载5个成年人再抱一个婴儿,算超载吗?交警给出了答案	negative
毛主席来海军司令部视察,海军司令肖劲光立即出来迎接	毛主席来海军司令部视察,海军司令肖劲光立即出来迎接	positive
江苏南京:饭店失火城管大炮大显身手,市民们纷纷点赞	江苏南京:饭店失火城管大队大显身手,市民们纷纷点赞	negative
广东看来是想拿定今年总冠军了妨间传闻阿联下赛季离队	广东看来是想拿定今年总冠军了坊间传闻阿联下赛季离队	negative
除了得分,詹姆斯这些数据也碾压乔丹!为啥你们还说詹不如乔?	除了得分,詹姆斯这些数据也碾压乔丹!为啥你们还说詹不如乔?	positive
明晚23点世界杯正是打响俄罗斯vs沙特阿拉伯赛事分析	明晚23点世界杯正式打响俄罗斯vs沙特阿拉伯赛事分析	negative
都匀环西大道何时全线通车?	都匀环西大道何时全线通车?	positive
贾圆圆:我靠72你就这样,哪考62的家长还活不活了	贾圆圆:我考72你就这样,那考62的家长还活不活了	negative
男子抛弃妻儿26年,多年后回来要儿子的骨髓,男子登台破口大骂	男子抛弃妻儿26年,多年后回来要儿子的骨髓,男子登台破口大骂	positive
确定没收到世卫邀请函蔡英文当局开启“一吵二闹三蹭会”模式	确定没收到世卫邀请函蔡英文当局开启“一吵二闹三蹭会”模式	positive
两枚东风导弹呼啸声空,日本上空卫星被击毁,普京:第一次警告	两枚东风导弹呼啸升空,日本上空卫星被击毁,普京:第一次警告	negative
fast4ward直线竞速赛上海站奥迪rs3vs凯迪拉克ats-l	fast4ward直线竞速赛上海站奥迪rs3vs凯迪拉克ats-l	positive
beyond主唱黄家驹逝世25周年,缅怀跟风成了下一个张国荣?	beyond主唱黄家驹逝世25周年,缅怀跟风成了下一个张国荣?	positive
这四种夫妻,婚烟走不到头,迟早要“散伙”,两口子可长点心吧!	这四种夫妻,婚姻走不到头,迟早要“散伙”,两口子可长点心吧!	negative
记仇的小太监用私行对待总管三德子,让和尚法印给教训了	记仇的小太监用私刑对待总管三德子,让和尚法印给教训了	negative
故事:妹妹并重,唯有心头血肉才能救命,于是父亲为了救妹妹要剜她的心	故事:妹妹病重,唯有心头血肉才能救命,于是父亲为了救妹妹要剜她的心	negative
13岁女孩失踪1个月,茅厕恶臭将嫌疑指向父亲,父亲:无力抚养	13岁女孩失踪1个月,茅厕恶臭将嫌疑指向父亲,父亲:无力抚养	positive
唐长安城第一门——明德门今日重建天日	唐长安城第一门——明德门今日重见天日	negative
新疆十八怪,简直绝了!正确的不能再正确,只有新疆人才能看懂!	新疆十八怪,简直绝了!正确的不能再正确,只有新疆人才能看懂!	positive
街头采访:马云支付宝与微信支付那个更常用,妹子回答超意外	街头采访:马云支付宝与微信支付哪个更常用,妹子回答超意外	negative
为何tcl董事长李东生大力投资发展他的出生地惠州却一点也不投资他的祖籍地揭西?	为何tcl董事长李东生大力投资发展他的出生地惠州却一点也不投资他的祖籍地揭西?	positive
新西兰首位女总理大秀中文,盛赞中西两国“仍在蜜月期”	新西兰首位女总理大秀中文,盛赞中西两国“仍在蜜月期”	positive
跑马拉松的人都有一颗不服输的心,跑崩哭也要跑完!	跑马拉松的人都有一颗不服输的心,跑崩哭也要跑完!	positive
陀枪师姐iii:骆达华演技爆绷,演精神分裂者两个角色转换自如	陀枪师姐iii:骆达华演技爆棚,演精神分裂者两个角色转换自如	negative
每体:巴萨高层及更衣室不满乌姆蒂蒂处理续约的方式	媒体:巴萨高层及更衣室不满乌姆蒂蒂处理续约的方式	negative
2018年开始,农村打扮丧事、酒席等等不良习俗将被禁止!你怎么看	2018年开始,农村大办丧事、酒席等等不良习俗将被禁止!你怎么看	negative
年轻人的生活已经奔溃了?	年轻人的生活已经崩溃了?	negative
43岁再跑步机上跑12分钟3公里是什么水平?	43岁在跑步机上跑12分钟3公里是什么水平?	negative
手里买什么钱,买车就看这几款,便宜到你流泪!	手里没什么钱,买车就看这几款,便宜到你流泪!	negative
谷歌将要封闭安卓系统,过关了好日子的国产手机厂商将如何应对?	谷歌将要封闭安卓系统,过惯了好日子的国产手机厂商将如何应对?	negative
别被抗战神剧忽悠了,大刀跟本打不过刺刀	别被抗战神剧忽悠了,大刀根本打不过刺刀	negative
ktv内口角引纠纷,一女子送医后不治身亡	ktv内口角引纠纷,一女子送医后不治身亡	positive
杨幂将成第二个马蓉?香港仅待一天就返程,刘恺威抢占先机接女儿	杨幂将成第二个马蓉?香港仅待一天就返程,刘恺威抢占先机接女儿	positive
安徽杨德武蒙冤16年获赔208万,不到半年几乎花光	安徽杨德武蒙冤16年获赔208万,不到半年几乎花光	positive
打开《挺好的》苏明玉两位嫂子的衣橱,二嫂穿的竟是国际大牌?	打开《挺好的》苏明玉两位嫂子的衣橱,二嫂穿的竟是国际大牌?	positive
2019款大众途和沃尔沃xc90如何选择,你会选哪款车型?	2019款大众途乐沃尔沃xc90如何选择,你会选哪款车型?	negative
同为蒋介石的嫡系将领,溥作义都没有军衔,此人却被授予开国上将	同为蒋介石的嫡系将领,溥作义都没有军衔,此人却被授予开国上将	positive
著名英媒大赞华这p20pro,为世界上最棒的手机!	著名英媒大赞华为p20pro,为世界上最棒的手机!	negative
抗美援朝时林彪曾向毛主席献计,若是采纳也许会改变历史!	抗美援朝时林彪曾向毛主席献计,若是采纳也许会改变历史!	positive
湖南湘西一普通人家办酒,队伍和鬼子进村一模一样	湖南湘西一普通人家办酒,队伍和鬼子进村一模一样	positive
有人宁可花2500买魅族15,也不远花1600买小米6x呢?来看下对比	有人宁可花2500买魅族15,也不愿花1600买小米6x呢?来看下对比	negative
通用电器再度重挫摩根大通称6美元定价都太慷慨!	通用电气再度重挫摩根大通称6美元定价都太慷慨!	negative
最悲观的时刻快过去了	最悲观的时刻快过去了	positive
字母哥率领雄鹿季前赛全胜,净胜分更是高达26分,常规赛他能夺得mvp吗?	字母哥率领雄鹿季前赛全胜,净胜分更是高达26分,常规赛他能夺得mvp吗?	positive
一男子收藏李元霸双锤,鉴宝时引发哄笑,专家看后他们笑不出来了	一男子收藏李元霸双锤,鉴宝时引发哄笑,专家看后他们笑不出来了	positive
二货夫妻贪便宜买布衣柜,岂料衣服被老鼠咬破个大洞!太逗了	二货夫妻贪便宜买布衣柜,岂料衣服被老鼠咬破个大洞!太逗了	positive
早上好,问君哪得清如许,为有源头活水来,愿你幸福如水一般透彻	早上好,问君哪得清如许,为有源头活水来,愿你幸福如水一般透彻	positive
杰拉德格林赛季结束后是否会狮子大开口,强行索要天价大合同?	杰拉德格林赛季结束后是否会狮子大开口,强行索要天价大合同?	positive
历害了!翁美玲:生生把金庸笔下的黄蓉演成了“永远的蓉儿”	厉害了!翁美玲:生生把金庸笔下的黄蓉演成了“永远的蓉儿”	negative
定了!北海银滩不再免费!外地游客100元,本地市民10元!	定了!北海银滩不再免费!外地游客100元,本地市民10元!	positive
中秋节8点就忙着拆灯为哪般?	中秋节8点就忙着拆灯为哪般?	positive
为什么货兰会生产光刻机?	为什么荷兰会生产光刻机?	negative
使命:堂堂的公安局副局长混到这样的地步?手下每一个给面子的!	使命:堂堂的公安局副局长混到这样的地步?手下没一个给面子的!	negative
澳媒称中国在澳投资青睐医疗行业:基建农业等行业遇冷	澳媒称中国在澳投资青睐医疗行业:基建农业等行业遇冷	positive
老年代步车闯红灯被撞司机罚款1000拘留15天!	老年代步车闯红灯被撞司机罚款1000拘留15天!	positive
爱花的女人,为花俯下身子	爱花的女人,为花俯下身子	positive
阿里召开新经济研讨会多哥官员接受数字经济培训	阿里召开新经济研讨会多个官员接受数字经济培训	negative
大衣哥一家请媚认和儿媳妇吃饭去了	大衣哥一家请媒人和儿媳妇吃饭去了	negative
来看看工厂的香肠是如何生产的,我还是第一次见,看完你还敢吃吗	来看看工厂的香肠是如何生产的,我还是第一次见,看完你还敢吃吗	positive
选择流行鱼缸养章鱼了吗,再扔一条鱼进去这追捕动作太欢乐了	选择流行鱼缸养章鱼了吗,再扔一条鱼进去这追捕动作太欢乐了	positive
广西南宁青秀山万珠兰花盛放市民踏青赏花	广西南宁青秀山万株兰花盛放市民踏青赏花	negative
东北那旮沓来的小两口!一登场郭德纲还以为是父女!长得太着急了	东北那旮沓来的小两口!一登场郭德纲还以为是父女!长得太着急了	positive
杨元庆:我相信政府会看到年青人的住房困难问题	杨元庆:我相信政府会看到年轻人的住房困难问题	negative
对不起,咱们分手吧,因为你是西安人	对不起,咱们分手吧,因为你是西安人	positive
天佑马德里!皇马1-2拜仁:齐祖玄学发威+神换人他一手导演大逆转	天佑马德里!皇马1-2拜仁:齐祖玄学发威+神换人他一手导演大逆转	positive
吴君如当年其实也挺漂亮	吴君如当年其实也挺漂亮	positive
荣耀10i与红米note7pro到底更胜一筹还是旗鼓相当只等价格来评判	荣耀10i与红米note7pro到底更胜一筹还是旗鼓相当只等价格来评判	positive
郭台铭豪言:2019年之后富士康在不需要人全部机械化趁早换工作	郭台铭豪言:2019年之后富士康再不需要人全部机械化趁早换工作	negative
世界上首款安乐死机器,全称只要5分钟,不带任何痛苦离开人世	世界上首款安乐死机器,全程只要5分钟,不带任何痛苦离开人世	negative
广汽丰田奕泽正式上市售价14.98-17.58万元	广汽丰田奕泽正式上市售价14.98-17.58万元	positive
军装左胸为何一堆“马赛克”?中美差别很大涨姿势了	军装左胸为何一堆“马赛克”?中美差别很大涨姿势了	positive
收红包、有偿补课……这5名老师被黑龙江通报,具体到班级,到人!	收红包、有偿补课……这5名老师被黑龙江通报,具体到班级,到人!	positive
大衣哥家的公子休电脑刚回来	大衣哥家的公子修电脑刚回来	negative
「极限挑战」惹争议孙红雷求路人买水槽女生戏耍路人被打码	「极限挑战」惹争议孙红雷求路人买水槽女生戏耍路人被打码	positive
不要小看在大街吃槟榔还抽烟的人唱起《光辉岁月》来吓死你	不要小看在大街吃槟榔还抽烟的人唱起《光辉岁月》来吓死你	positive
穷得只剩下希望小学了古天乐究竟支助了多少所希望小学?	穷得只剩下希望小学了古天乐究竟资助了多少所希望小学?	negative
山西焦煤集团董事长被撤职:聚餐点佛跳墙鱼翅辽参	山西焦煤集团董事长被撤职:聚餐点佛跳墙鱼翅辽参	positive
从20万一路下探到12万,一个月爆买2万多台,还买什么国产车!	从20万一路下探到12万,一个月爆卖2万多台,还买什么国产车!	negative
2019款捷达和2017动朗逸都是低配版,哪个好?	2019款捷达和2017款朗逸都是低配版,哪个好?	negative
农村小伙一唱一合太逗了,一首《三十出头》表达的淋漓尽致	农村小伙一唱一和太逗了,一首《三十出头》表达的淋漓尽致	negative
抖音上青春可爱的网红熊真是私生活被曝光,迅速掉粉	抖音上青春可爱的网红熊真实私生活被曝光,迅速掉粉	negative
刚刚安装完一套小u行厨房烟机顶吸一个一米吊柜一个放物板	刚刚安装完一套小u型厨房烟机顶吸一个一米吊柜一个放物板	negative
中国咏春拳vs韩国空手道,高下立判!	中国咏春拳vs韩国空手道,高下立判!	positive
女子越席“霸座”乘车,据不配合乘警工作:我要吃饭,我饿了!	女子越席“霸座”乘车,既不配合乘警工作:我要吃饭,我饿了!	negative
徐克的狄仁杰系列总共24部,要看完整个系列还需要63年	徐克的狄仁杰系列总共24部,要看完整个系列还需要63年	positive
魔兽世界8.0部落主城曝光!那么年我们打过的巨魔都来了!	魔兽世界8.0部落主城曝光!那些年我们打过的巨魔都来了!	negative
一名老师累到岗位上,为工作付出生命,事后发生的事令人愤怒!	一名老师累倒岗位上,为工作付出生命,事后发生的事令人愤怒!	negative
交警摩托车在早高峰中风驰电掣	交警摩托车在早高峰中风驰电掣	positive
小学奥数题真不是吃素的,难度不一般	小学奥数题真不是吃素的,难度不一般	positive
台媒报道50公里长的港珠澳大桥!感叹大陆的科技台先进台湾造不了	台媒报道50公里长的港珠澳大桥!感叹大陆的科技太先进台湾造不了	negative
又一科学家弃美回国!为打破西方垄断,宁愿破产离婚也要回国效力	又一科学家弃美回国!为打破西方垄断,宁愿破产离婚也要回国效力	positive
郭麒麟为征女友,把自己家豪车全说了个遍!阎鹤祥:就不有个好爹	郭麒麟为征女友,把自己家豪车全说了个遍!阎鹤祥:不就有个好爹	negative
一部堪称黑童话的电影,简直巅峰你对童话故事的想象,求心理面积	一部堪称黑童话的电影,简直颠覆你对童话故事的想象,求心理面积	negative
爱奇艺招聘先过滤掉河南人?公司紧急回应,网友评论亮了	爱奇艺招聘先过滤掉河南人?公司紧急回应,网友评论亮了	positive
成都:女子为插队竟抢行拖走取票男子	成都:女子为插队竟强行拖走取票男子	negative
又是c罗!霸气抽射连续12场进球平个人皇马期纪录,欧冠到20球?	又是c罗!霸气抽射连续12场进球平个人皇马新纪录,欧冠到20球?	negative
周总理心理时刻装着百姓	周总理心里时刻装着百姓	negative
芒格95岁生快!“人生秘诀就是提防大脑误导自己”	芒格95岁生快!“人生秘诀就是提防大脑误导自己”	positive
蜡笔小新:小新妈妈为了不让家人看家自己的素颜竟然做出这种事	蜡笔小新:小新妈妈为了不让家人看见自己的素颜竟然做出这种事	negative
王者荣耀:梦泪终于拿到刺客型打野英雄,可惜还是带不动超玩会!	王者荣耀:梦泪终于拿到刺客型打野英雄,可惜还是带不动超玩会!	positive
女人独子喝醉酒会怎样?网友的评论太热烈了	女人独自喝醉酒会怎样?网友的评论太热烈了	negative
中国足球为何踢不进世界杯,日本教练一针见血指出原因!	中国足球为何踢不进世界杯,日本教练一针见血指出原因!	positive
河南栾川发现东北虎	河南栾川发现东北虎	positive
与张国荣同名,华语乐坛一代歌神!几十年了唱歌实力依旧了得	与张国荣同名,华语乐坛一代歌神!几十年了唱歌实力依旧了得	positive
母亲热恋急着结婚,女儿怕妈吗被骗亲自出马,一眼识破男子阴谋!	母亲热恋急着结婚,女儿怕妈妈被骗亲自出马,一眼识破男子阴谋!	negative
2018年最经典短文,醒脑惯顶	2018年最经典短文,醒脑灌顶	negative
琅琊阁真是厉害,消息灵通,就是想在的大数据啊	琅琊阁真是厉害,消息灵通,就是现在的大数据啊	negative
哈萨克斯坦建国不足30年,为什么那么发达?	哈萨克斯坦建国不足30年,为什么那么发达?	positive
教师如何适应课堂上学生随意进出教室和离开座位的行为?	教师如何适应课堂上学生随意进出教室和离开座位的行为?	positive
洛阳小伙掏一万块从屠夫刀下就走一匹小马,你觉得值吗?	洛阳小伙掏一万块从屠夫刀下救走一匹小马,你觉得值吗?	negative
新组建的东北野战军没有统帅,毛主席把这些战将都想了最后才喊他	新组建的东北野战军没有统帅,毛主席把这些战将都杀了最后才喊他	negative
苏富比春拍2.39亿港币天价康熙御用腕,背后那些细思极恐的细节	苏富比春拍2.39亿港币天价康熙御用碗,背后那些细思极恐的细节	negative
3月房价预言成真,2019年下半年行情已现!	3月房价预言成真,2019年下半年行情已现!	positive
啥路由器值150万,“联壁金融案”该让京东好好反思	啥路由器值150万,“联壁金融案”该让京东好好反思	positive
中国地图的中心到底是不是陕西?	中国地图的中心到底是不是陕西?	positive
德国人为什么如何赞扬中国?背后的真实用意让人警醒	德国人为什么如此赞扬中国?背后的真实用意让人警醒	negative
电动车早不流兴了!上海造“智能芯”代步车体验畅所欲行轮上科技	电动车早不流行了!上海造“智能芯”代步车体验畅所欲行轮上科技	negative
7月23日油价再调整,整体价格小幅度下降	7月23日油价再调整,整体价格小幅度下降	positive
温暖的弦:温暖以德报怨,帮助心同如谦找工作,真是善良如温暖!	温暖的弦:温暖以德报怨,帮助心同如愿找工作,真是善良如温暖!	negative
封建迷信:刨坟掘墓尸骸造暴露暴晒警方拘传了7人	封建迷信:刨坟掘墓尸骸遭暴露暴晒警方拘传了7人	negative
刘小贝要跳海自杀项天骐恢复记忆,深情表白刘小贝	刘小贝要跳海自杀项天骐恢复记忆,深情表白刘小贝	positive
一战击杀左宗棠141名大将,马步芳如何实现自己的屌丝逆袭	一战击杀左宗棠141名大将,马步芳如何实现自己的屌丝逆袭	positive
当尹能静儿子遇上洪欣儿子,这差距不是一般的大,网友:尴尬了	当伊能静儿子遇上洪欣儿子,这差距不是一般的大,网友:尴尬了	negative
前方核能!看过n遍,依旧被mj这干净利落的舞步帅到头皮发麻!	前方高能!看过n遍,依旧被mj这干净利落的舞步帅到头皮发麻!	negative
老宗医教你从“大姨妈”看女性健康	老中医教你从“大姨妈”看女性健康	negative
派大星居然是皇室后裔,现在轮到他当过忘了,海绵宝宝都为他开心	派大星居然是皇室后裔,现在轮到他当国王了,海绵宝宝都为他开心	negative
靳东一家出油穿的亲子装,简直太有爱了,选一套亲子潮装全家出游	靳东一家出游穿的亲子装,简直太有爱了,选一套亲子潮装全家出游	negative
河北最有前途的城市,3000年都未改名,如今成为京津翼中心城市	河北最有前途的城市,3000年都未改名,如今成为京津冀中心城市	negative
不要在被骗了!美俄已经达成一致了!	不要再被骗了!美俄已经达成一致了!	negative
398套精妆交付房源已获证近期将开盘	398套精装交付房源已获证近期将开盘	negative
电饼铛已淘汰!越来越多人用这“薄冰机”,3秒烙一张饼,超实用	电饼铛已淘汰!越来越多人用这“薄饼机”,3秒烙一张饼,超实用	negative
4月8日见!努比亚α柔屏腕机国行版官宣:骁龙2100+500mah电池	4月8日见!努比亚α柔屏手机国行版官宣:骁龙2100+500mah电池	negative
女儿逃学,妈妈被气死,逃学原因竟然是	女儿逃学,妈妈被气死,逃学原因竟然是	positive
笛曲《扬鞭催马晕粮忙》,提前祝大家新年快乐。#新手笛子#吹笛子吹笛子啊#笛子@抖音小助手	笛曲《扬鞭催马运粮忙》,提前祝大家新年快乐。#新手笛子#吹笛子吹笛子啊#笛子@抖音小助手	negative
a股:击鼓传花,虚假繁荣!股民:感觉被玩弄鼓掌之中!	a股:击鼓传花,虚假繁荣!股民:感觉被玩弄股掌之中!	negative
想拍大片?别忙着换器材,掌握这些技术,手机也可以轻松搞定	想拍大片?别忙着换器材,掌握这些技术,手机也可以轻松搞定	positive
a股再度上演关灯吃面个股!股民33元的成本心如刀纹,生无可恋!	a股再度上演关灯吃面个股!股民33元的成本心如刀绞,生无可恋!	negative
用户买平板需求将低:ipadpro/surfacepro受益	用户买平板需求降低:ipadpro/surfacepro受益	negative
微软迎来对手,magicleap的ar头盔发布,将于hololens展开竞争	微软迎来对手,magicleap的ar头盔发布,将与hololens展开竞争	negative
崔如琢画作——2017年北京拍卖过亿,成为艺术家第十一件破亿拍品	崔如琢画作——2017年北京拍卖过亿,成为艺术家第十一件破亿拍品	positive
两届冬奥会开幕式上出现相同失误,看上届组委会如何机智挽救	两届冬奥会开幕式上出现相同失误,看上届组委会如何机智挽救	positive
史上最疼表演,最为观众的我看着都疼,全场都呆了!	史上最疼表演,作为观众的我看着都疼,全场都呆了!	negative
【关注】被行拘!	【关注】被行拘!	positive
野外求生,小伙的机关陷进太先进了,有了它天天都可以吃肉	野外求生,小伙的机关陷阱太先进了,有了它天天都可以吃肉	negative
自媒体三农领悟已经坚持一年了,都为原创,无收益,该不该继续坚持?	自媒体三农领域已经坚持一年了,都为原创,无收益,该不该继续坚持?	negative
这是补腰肾的中药,为什么记得清出呢?	这是补腰肾的中药,为什么记得清楚呢?	negative
日媒:日本球队要向中韩那样砸大牌前锋	日媒:日本球队要像中韩那样砸大牌前锋	negative
你有多久没还壁纸了?	你有多久没换壁纸了?	negative
一线城市深圳,800万人离开后真变空成吗?人都在这里过春节	一线城市深圳,800万人离开后真变空城吗?人都在这里过春节	negative
图解机关公文格式设置规范,手把手教你调格式	图解机关公文格式设置规范,手把手教你调格式	positive
从新出发吧	重新出发吧	negative
4月新出一手电叫:叫疝气手电!比弹弓厉害,黑夜中的安全保镖	4月新出一手电叫:叫疝气手电!比弹弓厉害,黑夜中的安全保镖	positive
军区首长穿便衣被城管打,一个电话,直接调来警卫连!	军区首长穿便衣被城管打,一个电话,直接调来警卫连!	positive
小米max2s发布会现场雷军口误说“我靠”后,场下一片笑声!	小米max2s发布会现场雷军口误说“我靠”后,场下一片笑声!	positive
河北入室反杀案一家人均判无罪,被害人父亲称上门因欠钱不还	河北入室反杀案一家人均判无罪,被害人父亲称上门因欠钱不还	positive
奥沙利文:大家请做好,接下来是火箭秀时间!	奥沙利文:大家请坐好,接下来是火箭秀时间!	negative
黑社会我只服成奎安,连万梓良都不敢招惹,命真硬!	黑社会我只服成奎安,连万梓良都不敢招惹,命真硬!	positive
巴拉克生涯暮年为何遭到德国队友抵制?以决定获让他彻底失势!	巴拉克生涯暮年为何遭到德国队友抵制?一决定或让他彻底失势!	negative
养鸟一定要养有鸟,还没长齐毛的,一旦大了肯定费了,养不熟	养鸟一定要养幼鸟,还没长齐毛的,一旦大了肯定飞了,养不熟	negative
再创新高!索尼宣布psplus订阅量远超微软和任天堂	再创新高!索尼宣布psplus订阅量远超微软和任天堂	positive
窝轮增压器里面的机油多少公里换一次?	涡轮增压器里面的机油多少公里换一次?	negative
记住:goslow千万不要翻译为“走得慢”	记住:goslow千万不要翻译为“走得慢”	positive
陈慧娴家中玩搞怪自拍,网友:想在听次千千阙歌	陈慧娴家中玩搞怪自拍,网友:想再听次千千阙歌	negative
吉利又一力做	吉利又一力作	negative
这一南美小国买中国军火,不仅赖账,还提无力要求!	这一南美小国买中国军火,不仅赖账,还提无理要求!	negative
这种超极笔记本真的不应该买,现在想升级都升不了	这种超级笔记本真的不应该买,现在想升级都升不了	negative
诚信互粉,你来我必回,比趟列车全部空座,欢迎大家随时乘坐	诚信互粉,你来我必回,此趟列车全部空座,欢迎大家随时乘坐	negative
无证女司机躲监控魔术贴将车牌号“j”变“u”被罚款行拘	无证女司机躲监控魔术贴将车牌号“j”变“u”被罚款刑拘	negative
铠甲勇士:黑犀侠不满炎龙侠做队长,谁赢了水就是铠甲勇士的队长	铠甲勇士:黑犀侠不满炎龙侠做队长,谁赢了谁就是铠甲勇士的队长	negative
王者荣耀:陈咬金的攻击力也有所增加,这使得他越来越变态	王者荣耀:程咬金的攻击力也有所增加,这使得他越来越变态	negative
长得太像,韩政府提议偶像团体减少出镜,网友:他们也脸盲吗	长得太像,韩政府提议偶像团体减少出镜,网友:他们也脸盲吗	positive
我军战机突遇险情,引擎全部失灵!五秒之内紧急操作,砰然坠地	我军战机突遇险情,引擎全部失灵!五秒之内紧急操作,砰然坠地	positive
鸡蛋大的胃结石,专家医生建议喝可乐消结实?一天四五瓶,喝了一个月,麻了	鸡蛋大的胃结石,专家医生建议喝可乐消结石?一天四五瓶,喝了一个月,麻了	negative
程建军做的假古董骗过了苏萌和破烂候,最后到了韩春明手里惊了!	程建军做的假古董骗过了苏萌和破烂后,最后到了韩春明手里惊了!	negative
为什么我想笑……一定是亲妈……	为什么我想笑……一定是亲妈……	positive
家驹演唱会,《不在犹豫》经典励志金曲现场火爆	家驹演唱会,《不再犹豫》经典励志金曲现场火爆	negative
农村大街戴墨镜登台被主持人调侃,拿下眼睛评委评委憋不住的笑!	农村大姐戴墨镜登台被主持人调侃,拿下眼镜评委评委憋不住的笑!	negative
楚雄州召开2019年民族宗教系统信心宣传工作座谈会	楚雄州召开2019年民族宗教系统信息宣传工作座谈会	negative
我国十万解放军穿越者海峡,美国:第一次见,这个速度要有多快	我国十万解放军穿越这海峡,美国:第一次见,这个速度要有多快	negative
李易峰晒出自己住的房子,家里饭菜很普通,生活过得也太节俭了	李易峰晒出自己住的房子,家里饭菜很普通,生活过得也太节俭了	positive
你吃过最大的蛋事哪种?#新年好物抖起来	你吃过最大的蛋是哪种?#新年好物抖起来	negative
黄晓明呆鲁豫到好友餐厅撸串,上来就点最贵的,鲁豫都看呆了	黄晓明带鲁豫到好友餐厅撸串,上来就点最贵的,鲁豫都看呆了	negative
哈市发布大雨天气及地址灾害风险提示	哈市发布大雨天气及地质灾害风险提示	negative
主人喂狗狗服用体外驱虫药,结果这货表情绝了,有这么夸张吗	主人喂狗狗服用体外驱虫药,结果这货表情绝了,有这么夸张吗	positive
谢娜主持跨年总是见缝插针,被何炅多次提醒仍然不改	谢娜主持跨年总是见缝插针,被何炅多次提醒仍然不改	positive
一龙备战泰拳王两人猛砸肚子,杀玉狼太无情铁腿踢脸ko获胜	一龙备战泰拳王两人猛砸肚子,杀玉狼太无情铁腿踢脸ko获胜	positive
这雨下的	这雨下的	positive
监拍狗主人油门当刹车撞死偷狗贼法院判其有罪获有其徒刑三年	监拍狗主人油门当刹车撞死偷狗贼法院判其有罪获有期徒刑三年	negative
天津市宁河县气象台发布雷电黄色预警	天津市宁河县气象台发布雷电黄色预警	positive
医生教你一招:减肚子、腰部	医生教你一招:减肚子、腰部	positive
吃那些食物可以强肾?	吃哪些食物可以强肾?	negative
大哥找弟弟要个差事,弟弟一问便知他欠赌债一百万,当场就不官了	大哥找弟弟要个差事,弟弟一问便知他欠赌债一百万,当场就不管了	negative
我们的来老祖宗是这样打仗的	我们的古老祖宗是这样打仗的	negative
老公,给我买个叼穿呗	老公,给我买个貂穿呗	negative
中国警察国外面试,没相当面试官当场刁难,面试结束剧情大反战!	中国警察国外面试,没想到面试官当场刁难,面试结束剧情大反战!	negative
电动车“离奇失踪”?红色小车疯狂作案,一天竟偷窃4两电动车	电动车“离奇失踪”?红色小车疯狂作案,一天竟偷窃4辆电动车	negative
辽浙谁会成第7支冠军队悬念不就即将揭晓	辽浙谁会成第7支冠军队悬念不久即将揭晓	negative
广西荔枝之乡,荔枝熟透无人收购,百万荔枝无人彩摘!	广西荔枝之乡,荔枝熟透无人收购,百万荔枝无人采摘!	negative
扬威世界!中国体操队首次包揽世界赛全能冠亚军:美外国人什么事	扬威世界!中国体操队首次包揽世界赛全能冠亚军:没外国人什么事	negative
全村100人被日军烧死!聂荣臻怒道:全歼这只日军,我不要一个活的!	全村100人被日军烧死!聂荣臻怒道:全歼这支日军,我不要一个活的!	negative
环境监测情况出来了!盐城市通报:周边群众已基本巯散	环境监测情况出来了!盐城市通报:周边群众已基本疏散	negative
宋江以牺牲兄弟为待见换了一个安抚使,你知道这职位权力多大吗?	宋江以牺牲兄弟为代价换了一个安抚使,你知道这职位权力多大吗?	negative
众声优出息《在地下城寻求邂逅是否搞错了什么》线下活动	众声优出席《在地下城寻求邂逅是否搞错了什么》线下活动	negative
人气女忧被指私生活混乱,高桥圣子发文怒怼,我们很规矩!	人气女优被指私生活混乱,高桥圣子发文怒怼,我们很规矩!	negative
迄今游戏最氪金的三款游戏,从此在也不敢称自己为充值玩家	迄今游戏最氪金的三款游戏,从此再也不敢称自己为充值玩家	negative
运动员就是不一样,第一个就冲到重点拿走大奖,旁人羡慕不已	运动员就是不一样,第一个就冲到终点拿走大奖,旁人羡慕不已	negative
孩子们的礼拜天,	孩子们的礼拜天,	positive
神仙们排对婚姻所,只为了让他们两能成功的领证	神仙们排队婚姻所,只为了让他们俩能成功的领证	negative
外滩隧道一出租车撞上隔离墩厚侧翻路况一度拥堵	外滩隧道一出租车撞上隔离墩后侧翻路况一度拥堵	negative
移动“持续发飙”:8月费开启20gb流量	移动“持续发飙”:8月份开启20gb流量	negative
罚3万!深圳开除首例控烟罚单网吧老板:这真是得不偿失	罚3万!深圳开出首例控烟罚单网吧老板:这真是得不偿失	negative
药店不值钱的小白片,睡前图脸,肌肤白净年轻18岁	药店不值钱的小白片,睡前涂脸,肌肤白净年轻18岁	negative
火车在高速公路逆行掉头,结果导致多车追撞!所幸无人员伤亡!	货车在高速公路逆行掉头,结果导致多车追撞!所幸无人员伤亡!	negative
为2500万美元出卖萨达姆的汉奸,如今生活怎么样?众人直呼自找的	为2500万美元出卖萨达姆的汉奸,如今生活怎么样?众人直呼自找的	positive
故事:我家的钱也是辛苦挣来的,你们竟还得出进尺	故事:我家的钱也是辛苦挣来的,你们竟还得寸进尺	negative
如果中国人每人捐1000元,我们够造几艘航母呢?答案令国人激动!	如果中国人每人捐1000元,我们够造几艘航母呢?答案令国人激动!	positive
文明全国的爱心村被依法取缔!负责人由天使到恶霸发生了什么?	闻名全国的爱心村被依法取缔!负责人由天使到恶霸发生了什么?	negative
小米新吃法,再也用面粉做凉皮了,营养有食欲,比吃肉都香	小米新吃法,再不用面粉做凉皮了,营养有食欲,比吃肉都香	negative
都匀平塘县农村,发现6座王氏祖坟,其中一个还是道光年代的	都匀平塘县农村,发现6座王氏祖坟,其中一个还是道光年代的	positive
巴基斯坦女人来中国旅游,为何不受欢迎?真相和你想的不一样	巴基斯坦女人来中国旅游,为何不受欢迎?真相和你想的不一样	positive
霸气婆婆说只有小妾才配粉宝石,在场2个女人脸色大变	霸气婆婆说只有小妾才配粉宝石,在场2个女人脸色大变	positive
德国坦克上校拒绝慰安服务,6小时候德军全面出击,	德国坦克上校拒绝慰安服务,6小时后德军全面出击,	negative
英雄联盟:lol赛场十大爆笑名场面你把大火都逗乐啦	英雄联盟:lol赛场十大爆笑名场面你把大伙都逗乐啦	negative
白岩松委员:警觉“投你所好式”网络推送让人沉迷而不提升是民族危险	白岩松委员:警觉“投你所好式”网络推送让人沉迷而不提升是民族危险	positive
嘉欣究竟有多美,她都不能和她比,美诺天仙	嘉欣究竟有多美,她都不能和她比,美若天仙	negative
两重型火车在广西高速相撞起火,30吨工业硫磺粉洒落一地	两重型货车在广西高速相撞起火,30吨工业硫磺粉洒落一地	negative
非烟亦非雾,幂幂映楼台	非烟亦非雾,幂幂映楼台	positive
注重颜值也注重配置向魅族15这样的手机才值得买	注重颜值也注重配置像魅族15这样的手机才值得买	negative
赵本山为何重来不按本子演?合作的演员连连叫苦!	赵本山为何从来不按本子演?合作的演员连连叫苦!	negative
暴力催收唱凉凉,老赖的春天来了?	暴力催收唱凉凉,老赖的春天来了?	positive
上海“回力”卷土重来,匡威鞋落伍了,透气不臭脚,适合所以男士	上海“回力”卷土重来,匡威鞋落伍了,透气不臭脚,适合所有男士	negative
新疆哈萨克族家里吃早餐,一切都是那么新鲜!	新疆哈萨克族家里吃早餐,一切都是那么新鲜!	positive
特朗普会见普京阴谋终于暴露,“决战时刻”巴沙尔欲哭无泪!	特朗普会见普京阴谋终于暴露,“决战时刻”巴沙尔欲哭无泪!	positive
此贼智商爆表,曾创吉尼斯世界纪录,最后确载在中国公安手中	此贼智商爆表,曾创吉尼斯世界纪录,最后却栽在中国公安手中	negative
五款屏下指纹手机汇总,有那些屏幕指纹解锁手机?	五款屏下指纹手机汇总,有哪些屏幕指纹解锁手机?	negative
中国股市已经全面失控了,外资撤退,2018年开启牛市闭幕倒讲时!	中国股市已经全面失控了,外资撤退,2018年开启牛市闭幕倒计时!	negative
孙悟空在蟠桃园大吃大喝,服务员也跟着沾了光!	孙悟空在蟠桃园大吃大喝,服务员也跟着沾了光!	positive
长安cs15自吸发动机新长安cs15将上市补贴后售11.90-12.60万元	长安cs15自吸发动机新长安cs15将上市补贴后售11.90-12.60万元	positive
解密晚晴四川黑帮组织——四川袍哥的十大等级制度	解密晚清四川黑帮组织——四川袍哥的十大等级制度	negative
幕后黑手于谦,挑拨老郭家关系,孙越为当一哥费尽心思!	幕后黑手于谦,挑拨老郭家关系,孙越为当一哥费尽心思!	positive
钢铁侠原来是科技变异双休的超级英雄,绝境病毒让这一切成为可能	钢铁侠原来是科技变异双修的超级英雄,绝境病毒让这一切成为可能	negative
32岁戚薇微博发球开车,网友感叹:有容乃大,胖对地方了	32岁戚薇微博发文开车,网友感叹:有容乃大,胖对地方了	negative
中国人均gdp接近1万亿美元!如今已经进入中高等收入国家行列?	中国人均gdp接近1万亿美元!如今已经进入中高等收入国家行列?	positive
乡亲们抽蒜苔了	乡亲们抽蒜苔了	positive
今天火箭战森林狼,为啥没让里佛斯和法里德上场?安东尼葫芦里卖的什么药呀?	今天火箭战森林狼,为啥没让里弗斯和法里德上场?安东尼葫芦里卖的什么药呀?	negative
最后的棒棒:自立巷中午不允许生活,何苦和老黄去快餐店奢侈一把	最后的棒棒:自立巷中午不允许生活,何苦和老黄去快餐店奢侈一把	positive
海贼王,黑胡子不愧是顶级强者,超必杀技强悍无比!	海贼王,黑胡子不愧是顶级强者,超必杀技强悍无比!	positive
建筑面积新算法,给你的工程剩人、省料、省钱!	建筑面积新算法,给你的工程省人、省料、省钱!	negative
18款大众速腾1.6l+爱立信at变速箱,是不是你又一个选择呢1	18款大众速腾1.6l+爱立信at变速箱,是不是你又一个选择呢1	positive
在天体圆梦,恒大就将击败老东家	在天体圆梦,恒大旧将击败老东家	negative
重磅消息!全国一卷理综第八题出现双重答案!十年高考,难得一见	重磅消息!全国一卷理综第八题出现双重答案!十年高考,难得一见	positive
八路松山营血战曰寇,曰军不相信战败,拼死抵抗,场面极度惨烈	八路松山营血战日寇,日军不相信战败,拼死抵抗,场面极度惨烈	negative
原来模拟当宫这么好玩,后悔没早点下载这游戏!	原来模拟当官这么好玩,后悔没早点下载这游戏!	negative
继不知其美之后,刘强东再现装x绝技:带来一个小小礼物,100亿!	继不知其美之后,刘强东再现装x绝技:带来一个小小礼物,100亿!	positive
北京发布2018年度第十批符合环保排放标准车型目录含68歀电动汽车	北京发布2018年度第十批符合环保排放标准车型目录含68款电动汽车	negative
新款“华为手机”上架,功能尽然如此强大,国人们纷纷表式支持!	新款“华为手机”上架,功能竟然如此强大,国人们纷纷表示支持!	negative
魅族霸榜,获得安卓好评率第一?iphone6splus锐度不减!	魅族霸榜,获得安卓好评率第一?iphone6splus热度不减!	negative
男士夹克以过时,现在41到56男士都这样穿,99元男人味十足	男士夹克已过时,现在41到56男士都这样穿,99元男人味十足	negative
美民众控枪愿望落空?特朗普:我当总统就支持拥枪	美民众控枪愿望落空?特朗普:我当总统就支持拥枪	positive
讽刺!中兴太依赖美国遭封喉美国忌惮的中国技术却未能火力全开	讽刺!中兴太依赖美国遭封后美国忌惮的中国技术却未能火力全开	negative
土匪抱团了,欧曰美联合向wto起诉中国!	土匪抱团了,欧日美联合向wto起诉中国!	negative
昆明高铁南站出站口黑车司机拉客猖獗?来着记者的调查	昆明高铁南站出站口黑车司机拉客猖獗?拦着记者的调查	negative
儿子说他同桌给她写了几次信,让他回一封!结果儿子真回了一封,拒绝的好直白,怕那小女孩难过我没让儿子给她	儿子说他同桌给她写了几次信,让他回一封!结果儿子真回了一封,拒绝的好直白,怕那小女孩难过我没让儿子给她	positive
帅气的展召,现在的亿万富翁,你难道贪污了吗?	帅气的展昭,现在的亿万富翁,你难道贪污了吗?	negative
无知妈妈直言,现代教育把孩子全整成了精神病,进了学校就完了	无知妈妈直言,现代教育把孩子全整成了精神病,进了学校就完了	positive
为了人类更加美好的未来——党的十九大以来以习近平同志为核心的党中央运筹中国特色大国外交述评	为了人类更加美好的未来——党的十九大以来以习近平同志为核心的党中央运筹中国特色大国外交述评	positive
写的真好!写的真好!写的真好!(珍藏)	写的真好!写的真好!写的真好!(珍藏)	positive
骑士出手了!2换1大手笔交易剑指圣城乔丹,詹皇或迎生涯最强帮手	骑士出手了!2换1大手笔交易剑指圣城乔丹,詹皇或迎生涯最强帮手	positive
张飞死后刘备伤心欲绝,攻打东吴,刘备:在阻止我就是与我为敌	张飞死后刘备伤心欲绝,攻打东吴,刘备:再阻止我就是与我为敌	negative
两会大家谈|从“两会热词”聆听新时代民生新期盼	两会大家谈|从“两会热词”聆听新时代民生新期盼	positive
我是歌手:歌手萧煌奇一曲《你是我的眼》感动了所少人,我们挺你	我是歌手:歌手萧煌奇一曲《你是我的眼》感动了多少人,我们挺你	negative
鼓吹中国赢了美国怂了,小心是陷进!舆论要保持高度理性冷静	鼓吹中国赢了美国怂了,小心是陷阱!舆论要保持高度理性冷静	negative
胆子比天还大的时候,驾驭这飞机就搓搓有余了!	胆子比天还大的时候,驾驭这飞机就绰绰有余了!	negative
美媒:特朗普对台政策若果玩过头,大陆会感到必须武力解决	美媒:特朗普对台政策如果玩过头,大陆会感到必须武力解决	negative
梅西年薪4000欧元,c罗年薪3000万欧元,那内马尔呢?	梅西年薪4000欧元,c罗年薪3000万欧元,那内马尔呢?	positive
昨日终于获得[图文原创标签]入住《今日头条》3个月有感	昨日终于获得[图文原创标签]入驻《今日头条》3个月有感	negative
广西南宁:18元一斤石杂龙眼,我还是等我家成熟在说吧!	广西南宁:18元一斤石杂龙眼,我还是等我家成熟再说吧!	negative
这双手看着都疼,这些官兵为了荣誉毫不畏惧	这双手看着都疼,这些官兵为了荣誉毫不畏惧	positive
不会在头条写文章,怎么办	不会在头条写文章,怎么办	positive
柳暗花名又一村,下一句是什么?	柳暗花明又一村,下一句是什么?	negative
美天早上必学的一节课,宝宝可注意听讲了	每天早上必学的一节课,宝宝可注意听讲了	negative
大货车占用应急车道,造成事故	大货车占用应急车道,造成事故	positive
拿着d30次车票却上了d22次男子酒后霸座袭警打车长!长春铁路警方:已行拘	拿着d30次车票却上了d22次男子酒后霸座袭警打车长!长春铁路警方:已刑拘	negative
消费者无意换机,中国q1智能手机出货摔27%	消费者无意换机,中国q1智能手机出货率27%	negative
总成本120万的x光机,一个进口零件就花了100万,中国企业的“痛”今天有解了	总成本120万的x光机,一个进口零件就花了100万,中国企业的“痛”今天有解了	positive
怎样感动吗!不愧是人类最忠实的朋友	这样感动吗!不愧是人类最忠实的朋友	negative
迪丽热巴与鹿含的女友关晓彤,同样的妆容与衣着对比,竟完胜对方	迪丽热巴与鹿晗的女友关晓彤,同样的妆容与衣着对比,竟完胜对方	negative
以为就外观没?魅族15:抱歉,我还是性能怪兽!	以为就外观美?魅族15:抱歉,我还是性能怪兽!	negative
女生喜欢肌肉男还是廋小男?妹子回答很耿直,太扎心了	女生喜欢肌肉男还是瘦小男?妹子回答很耿直,太扎心了	negative
关系亿万人幸福的“黄金到动脉”京九高铁,何时才能通车?	关系亿万人幸福的“黄金岛动脉”京九高铁,何时才能通车?	negative
游戏王:住手,你有印卡了,为什么你每次都能抽到神卡!	游戏王:住手,你有神卡了,为什么你每次都能抽到神卡!	negative
炒作汉字改音误导公众	炒作汉字改音误导公众	positive
学校盘点丨山西大学附属中学,志向高远脚踏实地	学校盘点丨山西大学附属中学,志向高远脚踏实地	positive
亲戚陈江河的贪钱,被陈江河发现,陈江河:收拾东西滚蛋	亲戚陈江河的贪钱,被陈江河发现,陈江河:收拾东西滚蛋	positive
交警提示:开车忘带驾驶者,被查到不要慌,有这东西也可以	交警提示:开车忘带驾驶证,被查到不要慌,有这东西也可以	negative
宝贝也是在用绳命在唱歌	宝贝也是在用生命在唱歌	negative
姚明这次干得好!cba恶人终于遭到篮协重罚:竞赛2场罚款5万!	姚明这次干得好!cba恶人终于遭到篮协重罚:禁赛2场罚款5万!	negative
京沪高速一面包车超载爆胎发生侧翻事故导致18人死伤	京沪高速一面包车超载爆胎发生侧翻事故导致18人死伤	positive
偷袭珍珠港后,日本为什么一定要在偷袭中途岛?看看老梁如何说	偷袭珍珠港后,日本为什么一定要再偷袭中途岛?看看老梁如何说	negative
一些事,想开了救明白	一些事,想开了就明白	negative
迁馆冲突导致至少41死,1700伤!以色列被控犯下“可怕屠杀”!	使馆冲突导致至少41死,1700伤!以色列被控犯下“可怕屠杀”!	negative
男子砸豪车,警方抓捕破门而入迁出郑州大毒枭!家中搜出大量冰毒	男子砸豪车,警方抓捕破门而入牵出郑州大毒枭!家中搜出大量冰毒	negative
三人联合对付赌神,使出变牌千术以为稳赢,结果搞砸了	三人联合对付赌神,使出变牌千术以为稳赢,结果搞砸了	positive
这件事上德国人称第一谁还敢称第二?	这件事上德国人称第一谁还敢称第二?	positive
男子持抢劫持客车,大喊:我要去办事,车上十几条生命危在旦夕	男子持枪劫持客车,大喊:我要去办事,车上十几条生命危在旦夕	negative
oppofindfx到店现场开箱,我智能说太美了	oppofindfx到店现场开箱,我只能说太美了	negative
自重给她买了这个帽子后,媳妇就变这样了	自从给她买了这个帽子后,媳妇就变这样了	negative
舌尖上的美味,肉夹镆的传统做法,饼酥肉香,爽而不腻	舌尖上的美味,肉夹馍的传统做法,饼酥肉香,爽而不腻	negative
6月22日北京东城、西城、朝阳停电通知,最达停电达14小时	6月22日北京东城、西城、朝阳停电通知,最长停电达14小时	negative
爱一个人简单,忘记缺是很难	爱一个人简单,忘记却是很难	negative
难怪外国人不穿鞋就进屋,这个洗地毯神器真的很6啊	难怪外国人不穿鞋就进屋,这个洗地毯神器真的很6啊	positive
临泉12岁女孩离家未归六天后发现溺亡	临泉12岁女孩离家未归六天后发现溺亡	positive
日本关东军从苏联回国后,为何纷纷自杀?真相出乎意外	日本关东军从苏联回国后,为何纷纷自杀?真相出乎意料	negative
没有谁的成功是轻而易举的,这就是中考!!!	没有谁的成功是轻而易举的,这就是中考!!!	positive
好声音导师李健不愧是清华出身,就连将段子都是学霸级别	好声音导师李健不愧是清华出身,就连讲段子都是学霸级别	negative
年级轻轻的你现在负债多少?网友:感觉看不到头	年纪轻轻的你现在负债多少?网友:感觉看不到头	negative
黄海波出狱后,她息影嫁给他,如今生活很幸福	黄海波出狱后,她息影嫁给他,如今生活很幸福	positive
不满被班主任逼着重写作文高中女生服药自杀校方:老师并无不妥	不满被班主任逼着重写作文高中女生服药自杀校方:老师并无不妥	positive
三男子合伙专骗善良女孩,这骗局防不胜防,抓紧看不上当	三男子合伙专骗善良女孩,这骗局防不胜防,抓紧看不上当	positive
美女走投无路回头求前男友原谅,可男友以不那她当回事了	美女走投无路回头求前男友原谅,可男友已不拿她当回事了	negative
教你看懂汽车配置表:at、cvt、dsg、amt到底怎么选?	教你看懂汽车配置表:at、cvt、dsg、amt到底怎么选?	positive
要是美国欠各国的外债不还的话,会发生什么?	要是美国欠各国的外债不还的话,会发生什么?	positive
余诗曼被欢喜哥威胁,为了救妈妈,余诗曼玩命了!	佘诗曼被欢喜哥威胁,为了救妈妈,佘诗曼玩命了!	negative
「津门里巷」疾风厉势剑指保健品乱象矢志不渝捍卫老百姓健康——十部门联动推进专项整治深入开展	「津门里巷」疾风厉势剑指保健品乱象矢志不渝捍卫老百姓健康——十部门联动推进专项整治深入开展	positive
健走未来为爱不止步——徐州市首届网络公益健步走活动隆重举行	健走未来为爱不止步——徐州市首届网络公益健步走活动隆重举行	positive
国务院关税税则委员会发布公告决定对原产于美国的500亿美元进口商品加征关税	国务院关税税则委员会发布公告决定对原产于美国的500亿美元进口商品加征关税	positive
「通告」食安河南你,这12批次食品不合格!	「通告」食安河南,这12批次食品不合格!	negative
房价持续下跌!这个城市出现大量法拍房,已经有投资者弃房断供	房价持续下跌!这个城市出现大量法拍房,已经有投资者弃房断供	positive
场均6分4.8个篮板,马克·加索尔还能打几年篮球?	场均6分4.8个篮板,马克·加索尔还能打几年篮球?	positive
常州一景区观光直升机项目被投诉噪音扰民,多部门表示难监管	常州一景区观光直升机项目被投诉噪音扰民,多部门表示难监管	positive
中兴再造暴击:美国政府表示今后7年中兴不得使用美国公司的器件	中兴再遭暴击:美国政府表示今后7年中兴不得使用美国公司的器件	negative
101汽油来了,既然这么贵,还是蓝色的	101汽油来了,既然这么贵,还是蓝色的	positive
c罗转会尤文,这笔生意是赔是赚?	c罗转会尤文,这笔生意是赔是赚?	positive
老师机!!!请问有几人能做到?	老司机!!!请问有几人能做到?	negative
为什么清朝封禁长白山200年?专家深入禁区,拍下珍惜画面	为什么清朝封禁长白山200年?专家深入禁区,拍下珍稀画面	negative
奇怪了,农村楠竹22块钱一百斤,村民们为什么不卖掉换钱,而宁愿拿它们当柴火烧?	奇怪了,农村楠竹22块钱一百斤,村民们为什么不卖掉换钱,而宁愿拿它们当柴火烧?	positive
印度发射的一颗通信卫星失联	印度发射的一颗通信卫星失联	positive
女生想分手,如果挽回?	女生想分手,如何挽回?	negative
亚洲最发达的国家,全国人口3/4是华人,满大街是汉字说中文	亚洲最发达的国家,全国人口3/4是华人,满大街是汉字说中文	positive
曾经无人问津如今变枪手王!看夷陵区如何完美逆袭	曾经无人问津如今变抢手王!看夷陵区如何完美逆袭	negative
gif:确实很快!博尔哈直塞,武磊单刀射门被封堵	gif:确实很快!博尔哈直塞,武磊单刀射门被封堵	positive
雍正王朝:议立太子之际康熙来到军机处说的全是与老四有关话题	雍正王朝:议立太子之际康熙来到军机处说的全是与老四有关话题	positive
重提“扩大内需”决非走投资拉动老路	重提“扩大内需”绝非走投资拉动老路	negative
套路揭秘:早期打卡,跑步打卡,原来这么赚钱!简直暴利!	套路揭秘:早起打卡,跑步打卡,原来这么赚钱!简直暴利!	negative
朴槿惠一审被判24年罚款约合人民币1亿。前总统是否已穷途末路?	朴槿惠一审被判24年罚款约合人民币1亿。前总统是否已穷途末路?	positive
怂恿跳楼女孩“快跳”的人,到底在想什么?	怂恿跳楼女孩“快跳”的人,到底在想什么?	positive
日照移动与您一起“粽”情端午感恩父爱	日照移动与您一起“粽”情端午感恩父爱	positive
实拍东莞唯一高铁站轨道建在二楼太复杂小农哥用视频带你轻松乘车	实拍东莞唯一高铁站轨道建在二楼太复杂小农哥用视频带你轻松乘车	positive
中兴通讯是市场核心	中兴通讯是市场核心	positive
第一次见面,顾秋妍就认出了人,幸亏周乙喊了她一声,才没露馅	第一次见面,顾秋妍就认出了人,幸亏周乙喊了她一声,才没露馅	positive
长得像中国人的俄罗斯大兵用重狙打德军坦克	长得像中国人的俄罗斯大兵用重狙打德军坦克	positive
中超罕见一幕:“受害者”替“施暴者”求情希望足协网开一面	中超罕见一幕:“受害者”替“施暴者”求情希望足协网开一面	positive
男子帮眼忙的妻子追头发,真的是很恩爱的一对啊	男子帮眼盲的妻子吹头发,真的是很恩爱的一对啊	negative
成都到浦江正在修建一条铁路,沿线城市有新发展	成都到蒲江正在修建一条铁路,沿线城市有新发展	negative
看这个在路中间。没有人敢推到。听话这个是在明国二十五年建在这!	看这个在路中间。没有人敢推倒。听说这个是在民国二十五年建在这!	negative
“精日女研究生”错误言论激起情感受伤网民反击	“精日女研究生”错误言论激起情感受伤网民反击	positive
日本恐遭分裂?琉球为求“独立”大闹联合国!安倍只能干瞪眼	日本恐遭分裂?琉球为求“独立”大闹联合国!安倍只能干瞪眼	positive
外援级强援驰援!归化球员建业也终于分得一碗羹!	外援级强援支援!归华球员建业也终于分得一碗羹!	negative
赔了夫人又折兵,近仅一天后,韩国被美国征收41.1%反倾销税!	赔了夫人又折兵,仅仅一天后,韩国被美国征收41.1%反倾销税!	negative
关于交流电频率的理解。一个灯泡在50hz交流电下一秒真的闪了100次吗?	关于交流电频率的理解。一个灯泡在50hz交流电下一秒真的闪了100次吗?	positive
西安一派出所副所长枪杀村民又返回派出所枪杀副所长和民警	西安一派出所副所长枪杀村民又返回派出所枪杀副所长和民警	positive
网友说联想产品国外比国内便宜?这次实锤了。尽然便宜6000多。	网友说联想产品国外比国内便宜?这次实锤了。竟然便宜6000多。	negative
阿鲁科尔沁旗罕苏木苏木呼斯图宝勒格嘎查党支部书记阿拉坦巴干骗取国家政策性玉米种植保险理赔款问题的通报	阿鲁科尔沁旗罕苏木苏木呼斯图宝勒格嘎查党支部书记阿拉坦巴干骗取国家政策性玉米种植保险理赔款问题的通报	positive
你在玩抖音别人却卖出了1千枝口红,抖音3个特征具有强大销货力	你在玩抖音别人却卖出了1千支口红,抖音3个特征具有强大销货力	negative
心机女要演讲,殊不知灰姑娘把u盘换了,换成了她杀人的证据!	心机女要演讲,殊不知灰姑娘把u盘换了,换成了她杀人的证据!	positive
势力女看不起相亲的穷小子,没想到小伙是集团董事长,后悔不已!	势利女看不起相亲的穷小子,没想到小伙是集团董事长,后悔不已!	negative
神一样的老头,差点让大货车司机破产!	神一样的老头,差点让大货车司机破产!	positive
农村小院结满了果子!妈妈却愁怀了,每年都出现这种问题,怎么办?	农村小院结满了果子!妈妈却愁坏了,每年都出现这种问题,怎么办?	negative
向华强陈惠敏张子强,香港三位举足轻重的大哥大看看谁更强	向华强陈惠敏张子强,香港三位举足轻重的大哥大看看谁更强	positive
我国服役最久的军人,影响世界军装的发展,你家有吗?	我国服役最久的军人,影响世界军队的发展,你家有吗?	negative
女孩因脑瘫在家呆20年,长相甜美,好想淡恋爱看看外面世界	女孩因脑瘫在家呆20年,长相甜美,好想谈恋爱看看外面世界	negative
我们这里十家离婚的有八家,你们还不信,	我们这里十家离婚的有八家,你们还不信,	positive
广西名菜柠檬鸭做法,简单又好吃	广西名菜柠檬鸭做法,简单又好吃	positive
弟媳摆16桌酒席给婆婆过大寿,只做了2桌不到,亲戚说怕遭雷劈	弟媳摆16桌酒席给婆婆过大寿,只坐了2桌不到,亲戚说怕遭雷劈	negative
大叔自己画了一本驾驶证,交警打开后:辛亏你没去造假钞!	大叔自己画了一本驾驶证,交警打开后:幸亏你没去造假钞!	negative
宋晓峰为了店里生意骗取隔壁商店wift密码这次被商店老板整惨了	宋晓峰为了店里生意骗取隔壁商店wift密码这次被商店老板整惨了	positive
没有什么问题是炮火解决不了的,如果有,那就在轰一遍	没有什么问题是炮火解决不了的,如果有,那就再轰一遍	negative
安徽省合肥市有哪些在建高楼(包括确定规划的)?	安徽省合肥市有哪些在建高楼(包括确定规划的)?	positive
实拍:制衣厂90后打工妹的一天	实拍:制衣厂90后打工妹的一天	positive
衣领大了这样改	衣领大了这样改	positive
自主品牌汽车中谁是质量之王?看看车主们怎么说	自主品牌汽车中谁是质量之王?看看车主们怎么说	positive
实拍:四川85岁老奶奶割菜籽现场,生活在城市的你肯定没有见过?	实拍:四川85岁老奶奶割菜籽现场,生活在城市的你肯定没有见过?	positive
城事|钦州那些清凉避署地,署期非常优惠!	城事|钦州那些清凉避暑地,暑期非常优惠!	negative
重磅!今年高考,理综第8题答案选a选b均给6分	重磅!今年高考,理综第8题答案选a选b均给6分	positive
媒体传闻美国会很快启动对叙打击,俄伊正试图劝说巴沙尔退位,这真的可能吗?	媒体传闻美国会很快启动对叙打击,俄伊正试图劝说巴沙尔退位,这真的可能吗?	positive
我的世界小游戏249:在起床战争,迪哥手持木剑,拿了8个人头	我的世界小游戏249:在起床战争,迪哥手持木剑,拿了8个人头	positive
陈一发儿罕见晒家居没照,有沟必火,网友:把那个猪头拿开!	陈一发儿罕见晒家居美照,有沟必火,网友:把那个猪头拿开!	negative
陈道明的演技真不是盖的,不魁是老艺术家了、这个角色被他神话了	陈道明的演技真不是盖的,不愧是老艺术家了、这个角色被他神话了	negative
征信体系打通!拆东西补西墙式的借贷方式,从此走向灭亡?	征信体系打通!拆东西补西墙式的借贷方式,从此走向灭亡?	positive
三星、苹果再次展开证明竞争,这一次的领域是平板电脑市场!	三星、苹果再次展开正面竞争,这一次的领域是平板电脑市场!	negative
军区副却总司令拒绝被美国军方收买,发动汽车时发生爆炸	军区副区总司令拒绝被美国军方收买,发动汽车时发生爆炸	negative
体育运动中那些尴尬的时刻(12)-穿这个颜色打底裤很容量造成误会	体育运动中那些尴尬的时刻(12)-穿这个颜色打底裤很容易造成误会	negative
“有什么事儿不能发微信啊,非要打电话?”	“有什么事儿不能发微信啊,非要打电话?”	positive
北京大妈被撞成重伤致残,撞人者一月工资3千块,怎么办?	北京大妈被撞成重伤致残,撞人者一月工资3千块,怎么办?	positive
常家福彩希望小学开展教学常规捡查活动	常家福彩希望小学开展教学常规检查活动	negative
警示:拦腰撞击黑色轿车后,白色轿车司机的做法令人想不到	警示:拦腰撞击黑色轿车后,白色轿车司机的做法令人想不到	positive
如果真发生金融危机,是留房子还是留钱?	如果真发生金融危机,是留房子还是留钱?	positive
儿子一年级的数学题,父母都是研究生毕业确做不出来	儿子一年级的数学题,父母都是研究生毕业却做不出来	negative
老大爷酷爱游戏,晚上梦想成真,拳皇春丽从电脑里钻了出来	老大爷酷爱游戏,晚上梦想成真,拳皇春丽从电脑里钻了出来	positive
美称中国将获全球最强舰炮90秒从华盛顿打到费城	美称中国将获全球最强舰炮90秒从华盛顿打到费城	positive
保罗当年狂输58分,被刻历史耻辱柱,如今转头火箭,有望进西决	保罗当年狂输58分,被刻历史耻辱柱,如今转投火箭,有望进西决	negative
长春女子带狗去串店同桌撸串,您咋看?	长春女子带狗去串店同桌撸串,您咋看?	positive
30万人冰岛平世界亚军创60年纪录,十数亿人中国比他们少3样东西	30万人冰岛平世界亚军创60年纪录,十数亿人中国比他们少3样东西	positive
湖南这条高速即将大修!怎么绕行看这里~	湖南这条高速即将大修!怎么绕行看这里~	positive
农村不起眼的野葱,挖一蓝子都不够吃,你吃过吗	农村不起眼的野葱,挖一篮子都不够吃,你吃过吗	negative
引入“国家队”后,海控控股拟更名“国新健康”,市值已从200亿飙升至400亿	引入“国家队”后,海控控股拟更名“国新健康”,市值已从200亿飙升至400亿	positive
男生有钱会变坏,那女生有钱会怎样?小姐姐答案都太精辟了!	男生有钱会变坏,那女生有钱会怎样?小姐姐答案都太精辟了!	positive
亿万富婆遇上“乾隆皇帝”自称活了300多岁女商人对此深信不疑	亿万富婆遇上“乾隆皇帝”自称活了300多岁女商人对此深信不疑	positive
15万预算该买合资车还是国产车这篇视频高速你怎么选	15万预算该买合资车还是国产车这篇视频告诉你怎么选	negative
孩子们像英雄致敬	孩子们向英雄致敬	negative
普京血性立场凑效!美释放收回毁约决定信号,讹诈失败开始服软了	普京血性立场奏效!美释放收回毁约决定信号,讹诈失败开始服软了	negative
不知悔改,国足兽腰被红牌罚下后仍然嬉皮笑脸!	不知悔改,国足后腰被红牌罚下后仍然嬉皮笑脸!	negative
雷佳音送岳云鹏孩子礼物后,又一次忍到岳云鹏	雷佳音送岳云鹏孩子礼物后,又一次惹到岳云鹏	negative
蚁人去旧仓库训练,到了看到的却是复仇者联盟总部,气的直骂博士	蚁人去旧仓库训练,到了看到的却是复仇者联盟总部,气的直骂博士	positive
日本海上噩耗,75吨大飞机加油撞向美战机,机组6人全部失踪	日本海上噩耗,75吨大飞机加油撞向美战机,机组6人全部失踪	positive
济南中山公园,是山东省兴建最早的以公园命名的公共游览场所	济南中山公园,是山东省创建最早的以公园命名的公共游览场所	negative
关于购房陷进,这篇可能是最新最全最专业的指导了	关于购房陷阱,这篇可能是最新最全最专业的指导了	negative
赵丽颖助力瘦身成功逆袭成小仙女,网友:果然美是可以传染的	赵丽颖助理瘦身成功逆袭成小仙女,网友:果然美是可以传染的	negative
今日头条副总编辑李彤:我们为什么需要专家监督团	今日头条副总编辑李彤:我们为什么需要专家监督团	positive
老板哭诉工资七八千无人干,为何招工这么难,人们究竟在选择什么	老板哭诉工资七八千无人干,为何招工这么难,人们究竟在选择什么	positive
《圆桌派》高度决定眼观,自己知道自己确什么知识,比如我同桌	《圆桌派》高度决定眼观,自己知道自己缺什么知识,比如我同桌	negative
李云龙原来演过这么多奇葩角色,鬼子、伪军样样精通!	李云龙原来演过这么多奇葩角色,鬼子、伪军样样精通!	positive
火变抖音等各大短视频平台的万人齐唱《平凡之路》,单曲循环百遍	火遍抖音等各大短视频平台的万人齐唱《平凡之路》,单曲循环百遍	negative
课本上这些历史名人都广为人知,其背后的“黑历史”却鲜为人知	课本上这些历史名人都广为人知,其背后的“黑历史”却鲜为人知	positive
毛晓彤素颜现身机场,状态惊艳惹人瞩目,壁纸都是小仙女自己!	毛晓彤素颜现身机场,状态惊艳惹人瞩目,壁纸都是小仙女自己!	positive
太吓人!为泡酒男子从非洲带回活体蚂蚊	太吓人!为泡酒男子从非洲带回活体蚂蚁	negative
中国和多米尼加建立外交关系!第二大商品进口国还能不低头?	中国和多米尼加建立外交关系!第二大商品进口国还能不低头?	positive
百家号,想说爱你不容易:当天转正当天禁言,五天三禁为哪般	百家号,想说爱你不容易:当天转正当天禁言,五天三禁为哪般	positive
王龙华《重耳传奇》饰晋文公蒙尘珠玉终发光	王龙华《重耳传奇》饰晋文公蒙尘珠玉终发光	positive
国务院批准:今日西昌市、木里县降半旗志哀	国务院批准:今日西昌市、木里县降半旗致哀	negative
杨幂早年和成龙电动车广告被曝光,没有任何特效,颜直清秀无比!	杨幂早年和成龙电动车广告被曝光,没有任何特效,颜值清秀无比!	negative
明日之后:希望古的入口被找到,原来就在秋日森林里的猎人小屋	明日之后:希望谷的入口被找到,原来就在秋日森林里的猎人小屋	negative
环卫工骑三轮车闯红灯撞豪车交警责令赔10万元	环卫工骑三轮车闯红灯撞豪车交警责令赔10万元	positive
耗资3千亿建造新首都,中国将建成第二座迪拜,将与埃及携手比肩	耗资3千亿建造新首都,中国将建成第二座迪拜,将与埃及携手并肩	negative
马化腾主动和马云谈和!将强强联合,第三方支付即将大变?	马化腾主动和马云谈和!将强强联合,第三方支付即将大变?	positive
榆林第十七小学每年收取班费愈20万临时工当班主任	榆林第十七小学每年收取班费与20万临时工当班主任	negative
鹿晗boby唱简单爱,张韶涵邓超隐形的翅膀,陈赫韩雪爱的就是你	鹿晗boby唱简单爱,张韶涵邓超隐形的翅膀,陈赫韩雪爱的就是你	positive
国产手机到底是买华为,还是小米,远来区别这么大	国产手机到底是买华为,还是小米,原来区别这么大	negative
奶奶着镰刀舞跳得好	奶奶这镰刀舞跳得好	negative
正月十五元宵节,农村媳妇用简单的食材做不简单的元宵	正月十五元宵节,农村媳妇用简单的食材做不简单的元宵	positive
武侠影后郑佩佩女儿大婚,众星云集水月通天齐聚!母女两复制粘贴	武侠影后郑佩佩女儿大婚,众星云集水月洞天齐聚!母女两复制粘贴	negative
女子走失五年重返家乡,不料家中早已没有了她的位置	女子走失五年重返家乡,不料家中早已没有了她的位置	positive
放牛娃出身却写出《九九艳阳天》命运多舛42岁去世妻子是明星	放牛娃出身却写出《九九艳阳天》命运多舛42岁去世妻子是明星	positive
越南为何放弃承办2019年的亚运会?背后的丑闻你知道吗?老梁揭秘	越南为何放弃承办2019年的亚运会?背后的丑闻你知道吗?老梁揭秘	positive
数千吨钨门轰然倒塌,美军9万吨战舰遭了殃,海水将其彻底淹没	数千吨钨门轰然倒塌,美军9万吨战舰遭了殃,海水将其彻底淹没	positive
岳飞犯了致命的政治路线问题,宋高宗表示:你考虑过我的感受吗?	岳飞犯了致命的政治路线问题,宋高宗表示:你考虑过我的感受吗?	positive
最近千万别看小学生期末试卷!哈哈哈哈哈哈哈哈哈哈哈哈哈	最近千万别看小学生期末试卷!哈哈哈哈哈哈哈哈哈哈哈哈哈	positive
今天是年初四,村里正在篮球比赛	今天是年初四,村里正在篮球比赛	positive
浙江正在掘起中的高铁之城,不是绍兴,也不是宁波	浙江正在崛起中的高铁之城,不是绍兴,也不是宁波	negative
超级移动总统房车豪华奢侈的层度无法形容了	超级移动总统房车豪华奢侈的程度无法形容了	negative
桂花糕惨案:一个早晨,120余名无辜市民命丧黄泉	桂花糕惨案:一个早晨,120余名无辜市民命丧黄泉	positive
陈半丁先生的牡丹图,十年前起拍价48万,为啥现在少了40万	陈半丁先生的牡丹图,十年前起拍价48万,为啥现在少了40万	positive
为什么大多数男生都喜欢高圆圆?	为什么大多数男生都喜欢高圆圆?	positive
统计局:6月末全国城镇就业人员超4.3亿比去年末增加500万人	统计局:6月末全国城镇就业人员超4.3亿比去年末增加500万人	positive
美国散步错误舆论朝鲜谴责美国企图再次加剧半岛紧张局势	美国散布错误舆论朝鲜谴责美国企图再次加剧半岛紧张局势	negative
济南地铁总规划:9条轨道线,总历程331.5公里	济南地铁总规划:9条轨道线,总里程331.5公里	negative
imbatv好汉杯积分榜:xdd代领rng勇夺第一	imbatv好汉杯积分榜:xdd带领rng勇夺第一	negative
开口跪,这烟嗓无敌了,网友:这不是抽烟就能够用有的啊	开口跪,这烟嗓无敌了,网友:这不是抽烟就能够拥有的啊	negative
