source	target	type
潜在投标人需及时査看邮件确认信息，	潜在投标人需及时查看邮件确认信息，	negative
无凭无据，真是会跟风，靠自己一个月几千元的工资确实买不起房子，但可以贷款，找亲戚朋友借，双方父母帮一点，付个首付，慢慢还代款总是可以的吧。	无凭无据，真是会跟风，靠自己一个月几千元的工资确实买不起房子，但可以贷款，找亲戚朋友借，双方父母帮一点，付个首付，慢慢还贷款总是可以的吧。	negative
下一步，镇妇联将继续紧密联系妇女群众，发挥好上情下达、下请上传的作用，贯彻落实“人民城市人民建，人民城市为人民”的重要理念，更好地服务广大妇女群众，解决妇女群众最关心、最切身的问题。	下一步，镇妇联将继续紧密联系妇女群众，发挥好上情下达、下情上传的作用，贯彻落实“人民城市人民建，人民城市为人民”的重要理念，更好地服务广大妇女群众，解决妇女群众最关心、最切身的问题。	negative
”张欣宇表示，“香港新方向”倡导有为政府，让香港管治的核心回归以民为本，落实对政府的真问责，同时也不忘我们每个人的共承担，大家一起努力让香港变得更好。	”张欣宇表示，“香港新方向”倡导有为政府，让香港管治的核心回归以民为本，落实对政府的真问责，同时也不忘我们每个人的共同承担，大家一起努力让香港变得更好。	negative
2．招标范围及标段划分2.1招标范围：采购5辆车（4辆SUV，1辆桥车）；	2．招标范围及标段划分2.1招标范围：采购5辆车（4辆SUV，1辆轿车）；	negative
采取自下而上推送与随机机选案源相结合的方式，	采取自下而上推送与随机选案源相结合的方式，	negative
廊坊市安次区安次区杨税务镇、码头镇、东沽港镇、光明西道办事处、廊坊龙河高新技术产业开发区农业保险服务	廊坊市安次区杨税务镇、码头镇、东沽港镇、光明西道办事处、廊坊龙河高新技术产业开发区农业保险服务	negative
“请出示两码一证”、“请按照一米线排队”、“我帮您量下体温”，在商务局志愿者不间断督促和耐心的劝导下，商超购物秩序俨然有序，而这种秩序也潜移默化地转化成了当前的习惯。	“请出示两码一证”、“请按照一米线排队”、“我帮您量下体温”，在商务局志愿者不间断督促和耐心的劝导下，商超购物秩序井然有序，而这种秩序也潜移默化地转化成了当前的习惯。	negative
大公報：融入國家發展大局不斷提升香港競爭優勢	大公報：融入國家發展大局不断提升香港競爭優勢	negative
推动企业和群众“跨省通办、一次办成”，通过“全程网办”“异地代收代办”“多地联办”三种业务模式，推动线下政务服务大厅和政务服务平合融合。	推动企业和群众“跨省通办、一次办成”，通过“全程网办”“异地代收代办”“多地联办”三种业务模式，推动线下政务服务大厅和政务服务平台融合。	negative
同事们看到此情此景，不仅慨叹，王巧芳是大家心中当之无愧的榜样，她用女性最柔软的心和人民法官的担当，把不可能变成可能，值得大家追随学习。	同事们看到此情此景，不禁慨叹，王巧芳是大家心中当之无愧的榜样，她用女性最柔软的心和人民法官的担当，把不可能变成可能，值得大家追随学习。	negative
我局按照相关规定做好全县建筑领域领域专业技术人员初级、中级职称的申报工作。	我局按照相关规定做好全县建筑领域专业技术人员初级、中级职称的申报工作。	negative
“法沦功”教主李洪志鼓吹：六岁以下的小孩看“法轮功”书籍，可开天目，看到书上的法沦是转的。	“法沦功”教主李洪志鼓吹：六岁以下的小孩看“法轮功”书籍，可开天目，看到书上的法沦是赚的。	negative
四川省泸州市泸县泸县自然资源和规划局非执法执勤特种专业技术车辆采购竞争性磋商成交公告	四川省泸州市泸县自然资源和规划局非执法执勤特种专业技术车辆采购竞争性磋商成交公告	negative
2）缴费和领取招标文件：潜在标人须现场缴纳标书款、登记备案，并领取招标文件（纸质和电子版）完成领购。	2）缴费和领取招标文件：潜在投标人须现场缴纳标书款、登记备案，并领取招标文件（纸质和电子版）完成领购。	negative
另悉，杨某在于刘某相处期间，同时在于另外一位男子谈恋爱，并将从刘某处骗来的14万余元中，转出75,000余元给该男子使用，其余钱款均被杨某挥霍殆尽。	另悉，杨某在与刘某相处期间，同时在与另外一位男子谈恋爱，并将从刘某处骗来的14万余元中，转出75,000余元给该男子使用，其余钱款均被杨某挥霍殆尽。	negative
改造前后对比曾经看起来饱受沧桑的单元门palign="	改造前后对比曾经看起来饱经沧桑的单元门palign="	negative
真实案例似曾相似的套路8月10日，	真实案例似曾相识的套路8月10日，	negative
经过与会人员的充分讨论，大家一直同意将公厕改造成充电车棚，预计将于今年9月底前完成改造。	经过与会人员的充分讨论，大家一致同意将公厕改造成充电车棚，预计将于今年9月底前完成改造。	negative
长白法院将积极探索向青少年普法的新途经，进一步树立青少年法律观念，提高他们辨别是非的能力，促进青少年健康成长。	长白法院将积极探索向青少年普法的新途径，进一步树立青少年法律观念，提高他们辨别是非的能力，促进青少年健康成长。	negative
根据《中华人民共和国道路交通法》和《机动车驾驶证审领和使用规定》，双廊交警中队依法对驾驶员杨某某处以2000元罚款，驾驶证记12分并暂扣6个月的处罚。	根据《中华人民共和国道路交通法》和《机动车驾驶证申领和使用规定》，双廊交警中队依法对驾驶员杨某某处以2000元罚款，驾驶证记12分并暂扣6个月的处罚。	negative
预报有效期为：2021年9月3日20时至9月4日20时 一 短期天气预报预报 今天夜间：那曲、昌都北部、日喀则北部和林芝有小雨，部分地方有中雨；	预报有效期为：2021年9月3日20时至9月4日20时 一 短期天气预报 今天夜间：那曲、昌都北部、日喀则北部和林芝有小雨，部分地方有中雨；	negative
一无既往坚守在科室一线工作，	一如既往坚守在科室一线工作，	negative
来一场浪漫悠闲的林区骑行骑行，	来一场浪漫悠闲的林区骑行，	negative
教育全体党员党员干部要弘扬烈士革命精神，	教育全体党员干部要弘扬烈士革命精神，	negative
投标人须随时关注该项目答疑及补充通知，并关注淮南市公共资源交易中心网信息动态。	投标人须随时关注该项目答疑及补充通知，并关注淮南市公共资源交易中心网站信息动态。	negative
夜色下的小城犹如少女被披上一层绚丽的霞装，璨若星河、格外迷人。	夜色下的小城犹如少女被披上一层绚丽的霞装，灿若星河、格外迷人。	negative
丰台区各级医疗机构根据本院实际情况，在医院的宣传栏、侯诊大厅、行政办公区域、门诊科室等场所张贴中医药法、《条例》的普法宣传海报，并利用医院公众号平台、微博平台推送中医药法普法宣传文章。	丰台区各级医疗机构根据本院实际情况，在医院的宣传栏、候诊大厅、行政办公区域、门诊科室等场所张贴中医药法、《条例》的普法宣传海报，并利用医院公众号平台、微博平台推送中医药法普法宣传文章。	negative
新华社北京1月17日电 全国统战部长会议17日在京召开。	  新华社北京1月17日电 全国统战部部长会议17日在京召开。	negative
另一方面，还积极为辖区残疾人提供适合他们的农业技术培训，让技术员走进田间地头，亲自示范，手把手教他们操作，剪枝、施肥、嫁接等等，让其能有一计之长。	另一方面，还积极为辖区残疾人提供适合他们的农业技术培训，让技术员走进田间地头，亲自示范，手把手教他们操作，剪枝、施肥、嫁接等等，让其能有一技之长。	negative
接着脂肪肝中心秘书朱姗姗主治医师医师汇报了一例诊断为：非酒精性脂肪肝、2型糖尿病、2级高血压的患者临床资料，与会的专家通过进一步详细了解患者相关病情资料、动态生化检测结果等，经过讨论最后为患者制定了下一步诊疗意见及措施。	接着脂肪肝中心秘书朱姗姗主治医师汇报了一例诊断为：非酒精性脂肪肝、2型糖尿病、2级高血压的患者临床资料，与会的专家通过进一步详细了解患者相关病情资料、动态生化检测结果等，经过讨论最后为患者制定了下一步诊疗意见及措施。	negative
王小姐之前在这间服装店帮她丈夫买了一件衬衫，买之前不清楚码数适不适合，所以有些犹豫，知道店铺加入了“七天无理由退货”后，王小姐果断帮他丈夫买了这件衬衫。	王小姐之前在这间服装店帮她丈夫买了一件衬衫，买之前不清楚码数适不适合，所以有些犹豫，知道店铺加入了“七天无理由退货”后，王小姐果断帮她丈夫买了这件衬衫。	negative
有意请联系电话：1894737756915134867148，价格面议（8.28）▶【卖房】出售:伊旗亿成B区一楼135平米，简单装修，带车位，房本过户，售价:92万，彩光很好，前面小广场。	有意请联系电话：1894737756915134867148，价格面议（8.28）▶【卖房】出售:伊旗亿成B区一楼135平米，简单装修，带车位，房本过户，售价:92万，采光很好，前面小广场。	negative
应休未修年休假、综合考核奖、编外人员工资等追加经费；	应休未休年休假、综合考核奖、编外人员工资等追加经费；	negative
莆田市分行共获批水利建设项目贷款款19个，金额105.3亿元，累计投放35.85亿元；	莆田市分行共获批水利建设项目贷款19个，金额105.3亿元，累计投放35.85亿元；	negative
检査人员在药店现场查看了防疫用品及药品明码标价情况，询问口罩、酒精、测温计等防疫用品近期供销变化及价格波动情况，并提醒经营者主动承担市场主体责任，自觉遵守国家价格法律法规，主动做好商品明码标价。	检查人员在药店现场查看了防疫用品及药品明码标价情况，询问口罩、酒精、测温计等防疫用品近期供销变化及价格波动情况，并提醒经营者主动承担市场主体责任，自觉遵守国家价格法律法规，主动做好商品明码标价。	negative
正如习近平总书记说的那样各民族要像石榴仔那样紧紧地抱在一起才能实现伟大的中国梦。	正如习近平总书记说的那样各民族要像石榴籽那样紧紧地抱在一起才能实现伟大的中国梦。	negative
表面处理彩用符合SGS要求的环保塑分脱脂，	表面处理采用符合SGS要求的环保塑分脱脂，	negative
该法律文书确定：一、源坤控股集团股份有限公司于本裁决生效之日起五日内支付张琪二0一八年七月一日至二0一八年十一月三十日工资七万五千元；	该法律文书确定：一、源坤控股集团股份有限公司于本裁决生效之日起五日内支付张琪二〇一八年七月一日至二〇一八年十一月三十日工资七万五千元；	negative
申请条件申请稳岗返还的企业应同时具各以下条件:生产经营活动符合国家及所在区域产业结构调整和环保政策；	申请条件申请稳岗返还的企业应同时具备以下条件:生产经营活动符合国家及所在区域产业结构调整和环保政策；	negative
人民银行重庆营业管理部数据显示，截至2021年11月末，全市农村土地经营、农房财产权、林权等产权抵押融资余额达106亿元。	人民银行重庆营业管理部数据显示，截至2021年11月末，全市农村土地经营权、农房财产权、林权等产权抵押融资余额达106亿元。	negative
该案是2021年3月1日《中华人民共和国刑法修正案（十一）》事实以来，乌达区法院判处的辖区首例袭警罪案件。	该案是2021年3月1日《中华人民共和国刑法修正案（十一）》实施以来，乌达区法院判处的辖区首例袭警罪案件。	negative
主要职责：开展动植物和微生物种质资源的收集保存、鉴定评价、新品种选育、育种理论方法和种养殖技术研究；	  主要职责：开展动植物和微生物种质资源的收集保存、鉴定评价、新品种选育、育种理论方法和种植养殖技术研究；	negative
为切实做好本轮降雨过程防范应对工作，安阳市防汛抗旱指挥部2021年8月30日发布通知，根据《安阳市防汛应急预案》有关规定，市防汛抗早指挥部决定自8月30日12时启动防汛Ⅳ级应急响应。	为切实做好本轮降雨过程防范应对工作，安阳市防汛抗旱指挥部2021年8月30日发布通知，根据《安阳市防汛应急预案》有关规定，市防汛抗旱指挥部决定自8月30日12时启动防汛Ⅳ级应急响应。	negative
牢固树立为人民的发展思想，结合“永远跟党走”群众性主题宣传教育活动，创新开展理论宣讲讲起来、党的旗子飘起来、小喇叭响起来、爱国歌曲唱起来、红色电影放起来、党史书籍读起来、为民事实办起来“七个起来”活动。	牢固树立为人民的发展思想，结合“永远跟党走”群众性主题宣传教育活动，创新开展理论宣讲讲起来、党的旗子飘起来、小喇叭响起来、爱国歌曲唱起来、红色电影放起来、党史书籍读起来、为民实事办起来“七个起来”活动。	negative
四川省资阳市资阳市不动产登记中心2021年档案整理服务项目竞争性磋商采购公告	四川省资阳市不动产登记中心2021年档案整理服务项目竞争性磋商采购公告	negative
习近平总书记向中国人名警察队伍授旗并致训词中强调：我国人名警察是国家重要的治安行政和刑事司法力量，	习近平总书记向中国人民警察队伍授旗并致训词中强调：我国人民警察是国家重要的治安行政和刑事司法力量，	negative
附件：1.钦州市钦州市第三次全国农作物种质资源普查与收集行动实施方案2.钦州市第三次全国畜禽遗传资源普查实施方案（2021-2023年）3.钦州市第一次全国水产养殖种质资源普查实施方案（2021-2023年）钦州市农业农村局2021年8月20日	附件：1.钦州市第三次全国农作物种质资源普查与收集行动实施方案2.钦州市第三次全国畜禽遗传资源普查实施方案（2021-2023年）3.钦州市第一次全国水产养殖种质资源普查实施方案（2021-2023年）钦州市农业农村局2021年8月20日	negative
小明殴打母亲致致伤。	小明殴打母亲致伤。	negative
强化“赋能+”思维，激发职工主管能动性。	强化“赋能+”思维，激发职工主观能动性。	negative
双方对逾期利息的利率约定为年息0%（约定利率不得低于合同订立时1年期贷款市场报价利率），未做约定的，按照每日利率万分之五的标准支付逾期利息。	双方对逾期利息的利率约定为年息0%（约定利率不得低于合同订立时1年期贷款市场报价利率），未作约定的，按照每日利率万分之五的标准支付逾期利息。	negative
民兵队伍冲在前力针对日趋严峻的防汛形势，长埫口镇武装部迅速发出动员令，130多名基干民兵队伍队伍依令而动，迅速行动起来，连日来，长埫口民兵防汛抢险队伍冲在防汛抢险最前沿，构筑起防汛大堤的坚固防线。	民兵队伍冲在前力针对日趋严峻的防汛形势，长埫口镇武装部迅速发出动员令，130多名基干民兵队伍依令而动，迅速行动起来，连日来，长埫口民兵防汛抢险队伍冲在防汛抢险最前沿，构筑起防汛大堤的坚固防线。	negative
什么是作为底图使用？川测二院地图技术审查中心刘平介绍，目前发布的地图为标准地理地图，如果用户有需求，可以加上相应的专题。	什么是作为地图使用？川测二院地图技术审查中心刘平介绍，目前发布的地图为标准地理地图，如果用户有需求，可以加上相应的专题。	negative
目前，全市森林面积382万公顷，森林覆盖率34.78%，活力木蓄积量2.62亿立方米；	目前，全市森林面积382万公顷，森林覆盖率34.78%，活立木蓄积量2.62亿立方米；	negative
十四五期间，我们将贯彻落实《行动计划》要求，聚焦重点领域，推进产业和信息化标准由“量”的规模向“质”的提升转变，以高标准促进产业经济高质量发展。	“十四五”期间，我们将贯彻落实《行动计划》要求，聚焦重点领域，推进产业和信息化标准由“量”的规模向“质”的提升转变，以高标准促进产业经济高质量发展。	negative
1.嘉兴欧新光电科技有限公司安全设备安装、使用、检测、改造和报废不符合标准案、未按规定制定应急预案案	1.嘉兴欧新光电科技有限公司安全设备安装、使用、检测、改造和报废不符合标准案、未按规定制定应急预案	negative
在“不忘初心、牢记使命、党史学习”主题教育中，要引导全乡广大党员干部重温初心、担当使命、克难攻坚、低砺奋进；	在“不忘初心、牢记使命、党史学习”主题教育中，要引导全乡广大党员干部重温初心、担当使命、克难攻坚、砥砺奋进；	negative
永宁大道因提升改造，半辐通行，过往车辆不要加塞、违法超车，以免造成车辆拥堵。	永宁大道因提升改造，半幅通行，过往车辆不要加塞、违法超车，以免造成车辆拥堵。	negative
同时，加强与媒体的沟通和联系，强化与论引导，对典型案件予以公开曝光，警示经营者，提醒消费者，着力构建公开公平竟争有序的市场价格环境。	同时，加强与媒体的沟通和联系，强化舆论引导，对典型案件予以公开曝光，警示经营者，提醒消费者，着力构建公开公平竟争有序的市场价格环境。	negative
开展集中学习教育，结合实际采取召开座谈、上微党课等方式提高活动的实效性。	开展集中学习教育，结合实际采取召开座谈会、上微党课等方式提高活动的实效性。	negative
会议要求，全县非公经济人士要将学习贯彻习近平总书记“七一”重要重要讲话精神与县委十五届十五次全会精神有机融合起来，统筹学习、融会贯通，深刻领悟习近平总书记“七一”重要讲话和全会精神实质，始终坚定不移“听党话、跟党走”。	会议要求，全县非公经济人士要将学习贯彻习近平总书记“七一”重要讲话精神与县委十五届十五次全会精神有机融合起来，统筹学习、融会贯通，深刻领悟习近平总书记“七一”重要讲话和全会精神实质，始终坚定不移“听党话、跟党走”。	negative
对5个旧有机场的改造也近尾声。	对5个旧有机场的改造也接近尾声。	negative
2、优良的工具可以事半工倍工欲善其事,必先利其器。	2、优良的工具可以事半功倍工欲善其事,必先利其器。	negative
神州大地万家灯火，一家一户的齐心协力、千家万户的携手同心，加起来便是九百六十万平方公里的复兴气象。	神州大地万家灯火，一家一户的齐心协力、千家万户的携手同心，加起来便是九百六十多万平方公里的复兴气象。	negative
在卢攀峰的带动下，村“两委”班子成员齐心发力，包括48户建档立卡低收入户在内的192户农户，纷纷响应加入合作社，累计筹集入股资金43万元，登丰土地股份专业合作社和农机合作社顺利开张。	在卢攀峰的带动下，村“两委”班子成员齐心协力，包括48户建档立卡低收入户在内的192户农户，纷纷响应加入合作社，累计筹集入股资金43万元，登丰土地股份专业合作社和农机合作社顺利开张。	negative
5.被吊销律师、公证员职业证书的；	5.被吊销律师、公证员执业证书的；	negative
近日，经省委政法委原驻大柏地扶贫工作队和乡村振兴工作队共同商议，决定联合大柏地村两委班子组织开展募捐活动，积极动员驻村工作队员和村两位班子成员向马永陆捐资献爱心。	近日，经省委政法委原驻大柏地扶贫工作队和乡村振兴工作队共同商议，决定联合大柏地村两委班子组织开展募捐活动，积极动员驻村工作队员和村两委班子成员向马永陆捐资献爱心。	negative
沣西新城将紧扣秦创原创新驱动平台总窗口建设，围绕产业结构优化、能源结构调整、绿色低碳技术研发推广、创新绿色金融等多点发力，推进近零碳排放示范工程和“碳中和”示范区建设，为实现“双碳”目标贡献力量。	沣西新城将紧扣秦创原创新驱动平台总窗口建设，围绕产业结构优化、能源结构调整、绿色地毯技术研发推广、创新绿色金融等多点发力，推进近零碳排放示范工程和“碳中和”示范区建设，为实现“双碳”目标贡献力量。	negative
仓山法院荣获全国“青少年维权岗”，一起来看这份“修炼手册”】近年来，福州市仓山区人民法院始终坚持对未成年人“特殊、优先”司法保护理念和“教育为主、惩罚为铺”原则，主动介入、多措并举，切实维护青少年合法权益，帮助青少年树立法治意识，为青少年健康成长保驾护航。	仓山法院荣获全国“青少年维权岗”，一起来看这份“修炼手册”】近年来，福州市仓山区人民法院始终坚持对未成年人“特殊、优先”司法保护理念和“教育为主、惩罚为辅”原则，主动介入、多措并举，切实维护青少年合法权益，帮助青少年树立法治意识，为青少年健康成长保驾护航。	negative
过去的一年，我们坚决贯彻党中央决策部署，扎实推动“三农”各项任务落地见效，脱贫攻坚成果有效巩固拓展，农产品保供和特色产业提质齐头并进，乡村建设行动迈出坚实步伐，农村发展动力活力显著增强，实现“十四五”良好开局。	过去的一年，我们坚决贯彻落实党中央决策部署，扎实推动“三农”各项任务落地见效，脱贫攻坚成果有效巩固拓展，农产品保供和特色产业提质齐头并进，乡村建设行动迈出坚实步伐，农村发展动力活力显著增强，实现“十四五”良好开局。	negative
品目号品目名称采购标的数量（单位）技术规格、参数及要求品目预算(元)最高限价(元)1-1越野车越野车2(台)详见采购文件400,	品目号品目名称采购标的数量（单位）技术规格、参数及要求品目预算(元)最高限价(元)1-1越野车2(台)详见采购文件400,	negative
各供应供应商代表应携带居民身份证及加盖所在单位公章的《开评标人员健康信息登记表》（详见附件）入场，为控制开标厅人数，每家供应商仅允许１人进入开标厅，并请各供应商代表提前１小时到达开标厅。	各供应商代表应携带居民身份证及加盖所在单位公章的《开评标人员健康信息登记表》（详见附件）入场，为控制开标厅人数，每家供应商仅允许１人进入开标厅，并请各供应商代表提前１小时到达开标厅。	negative
定日期2021-09-03许可截止日期2025-09-02居民身份证号项目名称道路运输经营许可证许可内容道路普通货物运输经营许可许可机关鄂城区住建局状态有效来源单位鄂城区住建局数据更新时间戳2021-09-03地方编码420704备注证照为鄂城区住建(交通	定日期2021-09-03许可截止日期2025-09-02居民身份证号项目名称道路运输经营许可证许可内容道路普通货物运输经营许可机关鄂城区住建局状态有效来源单位鄂城区住建局数据更新时间戳2021-09-03地方编码420704备注证照为鄂城区住建(交通	negative
供应商名称 供应商地址 中标（成交）金额     齐齐哈尔畅杨保洁有限公司 黑龙江省齐齐齐哈尔市梅里斯达斡尔族区红梅委  335,	供应商名称 供应商地址 中标（成交）金额     齐齐哈尔畅杨保洁有限公司 黑龙江省齐齐哈尔市梅里斯达斡尔族区红梅委  335,	negative
屏山县行政审批和非公经济局政务服务股工作员黄英说，2021年，他们一共办理了264件（川渝通办）业务。	屏山县行政审批和非公经济局政务服务股工作人员黄英说，2021年，他们一共办理了264件（川渝通办）业务。	negative
上下一条线，靶向发力准，南川区全面开展环境优美好风景、乐助邻睦好风气、忠孝勤俭好风俗、健康奋进好风貌、诚信崇德好风尚文明素质“五风”塑造行动，一项项举措有条不紊，行及有效。	  上下一条线，靶向发力准，南川区全面开展环境优美好风景、乐助邻睦好风气、忠孝勤俭好风俗、健康奋进好风貌、诚信崇德好风尚文明素质“五风”塑造行动，一项项举措有条不紊，行之有效。	negative
切实把党的领导效能有效转化转化为司法治理效能。二是充分发挥法院工作职能，	切实把党的领导效能有效转化为司法治理效能。二是充分发挥法院工作职能，	negative
与合川区社保中心一样，各区县积极拓展社会资源开展第三方资格认证，利用银行和邮政的分布优势，在部分银行ATM服务区和邮政服务大厅设置认证点，并对相关银行工作人员进行引导服务培训，实现资格认证服务“24×7×365”全年无休办。	  与合川区社保中心一样，各区县积极拓展社会资源开展第三方资格认证，利用银行和邮政的分布优势，在部分银行ATM服务区和邮政服务大厅设置认证点，并对相关银行工作人员进行引导服务培训，实现资格认证服务“24×7×365”全年无休办理。	negative
专项清查活动得到得到了中央扫黑除恶督导组的充分肯定。	专项清查活动得到了中央扫黑除恶督导组的充分肯定。	negative
”作为党员干部，要以不畏艰险、一往不前的韧劲，勇敢拼搏、一以贯之的干劲和“我将无我，不负人民”的精神，坚决将人民至上的理念贯彻到实际行动中去，真正用好人民赋予的权力，办好人民的事。	”作为党员干部，要以不畏艰险、一往无前的韧劲，勇敢拼搏、一以贯之的干劲和“我将无我，不负人民”的精神，坚决将人民至上的理念贯彻到实际行动中去，真正用好人民赋予的权力，办好人民的事。	negative
翟某某同意该微信好友申请后，这位“党委书记”先是虚寒问暖，随后表示请翟某某帮其转款20万。	翟某某同意该微信好友申请后，这位“党委书记”先是嘘寒问暖，随后表示请翟某某帮其转款20万。	negative
点击项目最右测的+符号，	点击项目最右侧的+符号，	negative
一园子的翠绿，一园子的繁花，一园子的瓜架菜秧，都被雨水浸透了。	一院子的翠绿，一院子的繁花，一院子的瓜架菜秧，都被雨水浸透了。	negative
（二）投标保证金缴纳缴纳金额：壹万元整（￥：10000.00元）缴纳方式：（下列方式任选一种）1、投标人必须从基本账户以网银、手机银行、电汇或支票转账等方式缴纳至武威市公共资源交易中心开设账户。	（二）投标保证金缴纳金额：壹万元整（￥：10000.00元）缴纳方式：（下列方式任选一种）1、投标人必须从基本账户以网银、手机银行、电汇或支票转账等方式缴纳至武威市公共资源交易中心开设账户。	negative
逾期未提出的，视为放弃申述权利。	逾期未提出的，视为放弃申诉权利。	negative
主要原因：新增新增国家赔偿支出和诉讼服务中心信息化改造、科技法庭改造、海南自贸港知识产权法院建设等项目预算支出。	主要原因：新增国家赔偿支出和诉讼服务中心信息化改造、科技法庭改造、海南自贸港知识产权法院建设等项目预算支出。	negative
有些还会损伤动物的干脏。pstyle="	有些还会损伤动物的肝脏。pstyle="	negative
03破解维权难宁波探索值得期待如何有效治理预付式消费出现的问题？业内认识指出，解决预付卡问题，关键在推动关口前移，强化“政府引导、企业参与、市场化运作”机制，落实好商户预付资金管理制度。	03破解维权难宁波探索值得期待如何有效治理预付式消费出现的问题？业内人士指出，解决预付卡问题，关键在推动关口前移，强化“政府引导、企业参与、市场化运作”机制，落实好商户预付资金管理制度。	negative
同时，广泛征求各方面意见，对培养人进行了解，反坚持十六字总要求，切实做到成熟一个发展一个。	同时，广泛征求各方面意见，对培养人进行了解，应坚持十六字总要求，切实做到成熟一个发展一个。	negative
117组织架构相关内容不纳入公司层面评价范围评价组织架构是内部环境的重要组成部分，直接影响内部控制的建立键全和有效实施、应当纳入公司层面评价范围。	117组织架构相关内容不纳入公司层面评价范围评价组织架构是内部环境的重要组成部分，直接影响内部控制的建立健全和有效实施、应当纳入公司层面评价范围。	negative
“好民警，为人和善、处事公到！	“好民警，为人和善、处事公道！	negative
由八宝镇往板蚌方向行驶行驶至八宝至板蚌1公里100米大滩路段时，	由八宝镇往板蚌方向行驶至八宝至板蚌1公里100米大滩路段时，	negative
顺应企业唿声，参照新修订的《行政处罚法》相关要求，规定了行政处罚决定被依法变更、撤销、确认违法或者确认无效后，撤回行政处罚信息公示的制度。	顺应企业呼声，参照新修订的《行政处罚法》相关要求，规定了行政处罚决定被依法变更、撤销、确认违法或者确认无效后，撤回行政处罚信息公示的制度。	negative
注销手续复杂烦琐、耗时耗力，有的经营者法律意识淡薄、诚信意识较弱，再加上股东之间存在矛盾和纠纷，很多公司放弃办理注销而成为“僵尸企业”。	注销手续复杂繁琐、耗时耗力，有的经营者法律意识淡薄、诚信意识较弱，再加上股东之间存在矛盾和纠纷，很多公司放弃办理注销而成为“僵尸企业”。	negative
3tq本次新城镇城镇居民区畜禽养殖禁养区以《新兴县城市总体规划修编（20133tq3tq—3tq3tq2035年）》为基础，根据新城镇近期建设规划范围识别结果，确定新城镇城镇居民区畜禽养殖禁养区边界范围。	3tq本次新城镇居民区畜禽养殖禁养区以《新兴县城市总体规划修编（20133tq3tq—3tq3tq2035年）》为基础，根据新城镇近期建设规划范围识别结果，确定新城镇居民区畜禽养殖禁养区边界范围。	negative
——8月11日至9月2日南京市生态环境局坚持定期调度督促园区限值限值工作推进，会同市环科院及特邀专家分组、分批次现场走访全市省级以上产业园区，现场踏勘和调研园区限值限量推进进展、存在的问题，开展针对性指导。	——8月11日至9月2日南京市生态环境局坚持定期调度督促园区限值工作推进，会同市环科院及特邀专家分组、分批次现场走访全市省级以上产业园区，现场踏勘和调研园区限值限量推进进展、存在的问题，开展针对性指导。	negative
强阵地创品牌，    红色动能优生态    近日，在白下高新区核心区的50多栋楼宇内，显目位置张贴了党建指导员、企业服务员名单和联系方式。	    强阵地创品牌，    红色动能优生态    近日，在白下高新区核心区的50多栋楼宇内，醒目位置张贴了党建指导员、企业服务员名单和联系方式。	negative
学生乘坐校车通常存在哪些安全隐患？跟着阿消学习下，把这些注意事项记记牢！	学生乘坐校车通常存在哪些安全隐患？跟着阿消学习下，把这些注意事项记牢！	negative
线上受理个人量住房办税业务占总増量房办理业务的30%。palign=""	线上受理个人量住房办税业务占总增量房办理业务的30%。palign=""	negative
揚州市召開第十七場新冠肺炎疫情防控新聞發布會向定點醫療机构首批預付1億元滿足市民日常就診所需	揚州市召開第十七場新冠肺炎疫情防控新聞發布會向定點醫療机构首批预付1億元滿足市民日常就診所需	negative
“看到其它部门都纷纷完成任务后，我们的同志都憋着一鼓劲。	“看到其它部门都纷纷完成任务后，我们的同志都憋着一股劲。	negative
第一应急分队 对板桥镇李家辿1#滑坡、薛峰村崩塌及牛家岭崩塌等地质灾害点地质灾害隐患点进行排查，督促群众撒离到安全地带。	第一应急分队 对板桥镇李家辿1#滑坡、薛峰村崩塌及牛家岭崩塌等地质灾害点地质灾害隐患点进行排查，督促群众撤离到安全地带。	negative
现在有老师教刘泽举唱歌，他希望以后唱歌学习俩不误，考上中央戏剧学院和偶像李玉刚同台表演。	现在有老师教刘泽举唱歌，他希望以后唱歌学习两不误，考上中央戏剧学院和偶像李玉刚同台表演。	negative
这第一次見面就让我们顿生好感，这个警官真棒！	这第一次见面就让我们顿生好感，这个警官真棒！	negative
闽江学院闽江学院2021年行政办公家具货物类采购项目合同公告（合同包[350100]HW[GK]2021004_1_91350104MA349H3X0T_823）	闽江学院2021年行政办公家具货物类采购项目合同公告（合同包[350100]HW[GK]2021004_1_91350104MA349H3X0T_823）	negative
中白双边贸易额2020年增长10.7%，今年上半年同比增长50.6%。	中日双边贸易额2020年增长10.7%，今年上半年同比增长50.6%。	negative
该群众开心得不亦可乎，对张警官服务态度连连称赞。	该群众开心得不亦乐乎，对张警官服务态度连连称赞。	negative
会议要求，各单位党组织要高度重视，把推荐提名工作作为重要政治任务，切实加强组织领导，精心谋划、周密安排、统筹推进，指定政治可靠、公平正道、业务熟悉、作风过硬的同志负责推荐工作。	会议要求，各单位党组织要高度重视，把推荐提名工作作为重要政治任务，切实加强组织领导，精心谋划、周密安排、统筹推进，指定政治可靠、公平正直、业务熟悉、作风过硬的同志负责推荐工作。	negative
在他身上我感受到了嫉恶如仇的青年热血，也了解到了”余年无骗“的从警梦想。	在他身上我感受到了疾恶如仇的青年热血，也了解到了”余年无骗“的从警梦想。	negative
日本共同社报道说，日本筑波大学客座教授青山道夫日前在福岛大学主办的国际研讨会上发布研究结果显示，2011年福岛核电站事故中流入海洋的放射性物质铯137抵达美国西海岸后部分北上，经太平洋最北部的白令海，7年至8年后又回流至日本东北沿岸。	日本共同社报道说，日本筑波大学客座教授青山道夫日前在福岛大学主办的国际研讨会上发布研究结果显示，2011年福岛核电站事故中流入海洋的放射性物质铯-137抵达美国西海岸后部分北上，经太平洋最北部的白令海，7年至8年后又回流至日本东北沿岸。	negative
【河堤被冲跨20米！	【河堤被冲垮20米！	negative
600多名江苏工匠收到定制生日礼	600多名江苏工匠收到定制生日礼物	negative
江西财经大学研究生研究生宿舍A栋家具更新采购项目	江西财经大学研究生宿舍A栋家具更新采购项目	negative
其中，项目经理须持水利水电工程专业贰级以上（含贰级）注册建造师资证，技术负责人须具备中级或中级以上专业资格投标人具备独立法人资格。	其中，项目经理须持水利水电工程专业贰级以上（含贰级）注册建造师资格证，技术负责人须具备中级或中级以上专业资格投标人具备独立法人资格。	negative
在智能智慧上，加强5G基站、工业互联网、数据中心等新型基础设施建设和融合应用，确保重点区域5G网络覆盖达到90%，提升数字化水平。	在智能智慧上，加强5G基站、工业互联网、数据中心等新型基础设施建设和融合应用，确保重点区域5G网络覆盖率达到90%，提升数字化水平。	negative
根据财政预算绩效管理要求，我单位组织对2020年度食品检验检测经费项目项目支出开展绩效评价。	根据财政预算绩效管理要求，我单位组织对2020年度食品检验检测经费项目支出开展绩效评价。	negative
包括美加、加勒比及拉美、西欧、东欧、中东及北非、非州撒哈拉以南地区、东亚、南亚、东南亚、澳大利亚和新西兰以及独联体。这份报告是在新冠疫情肆虐全球的大背景下完成的，	包括美加、加勒比及拉美、西欧、东欧、中东及北非、非洲撒哈拉以南地区、东亚、南亚、东南亚、澳大利亚和新西兰以及独联体。这份报告是在新冠疫情肆虐全球的大背景下完成的，	negative
是一个集主题娱乐、商业风情、创新创业、体闲度假、运动康体、养生养心“六位一体”	是一个集主题娱乐、商业风情、创新创业、休闲度假、运动康体、养生养心“六位一体”	negative
公示期内，投标人和其他利害关系人有权向招标人提出疑义或可按《工程建设项目招标投标活动投诉处理办法》（七部委第11号令）的相关规定向监管该项目的招投标监督机构进行投诉。	公示期内，投标人和其他利害关系人有权向招标人提出异议或可按《工程建设项目招标投标活动投诉处理办法》（七部委第11号令）的相关规定向监管该项目的招投标监督机构进行投诉。	negative
确保资金保质增值，	确保资金保值增值，	negative
坚持政务公开标准化规范化建设，编制完成市本级、新开河镇两级26个试点领域标椎指引。	坚持政务公开标准化规范化建设，编制完成市本级、新开河镇两级26个试点领域标准指引。	negative
参观结束后，大家纷纷表示，在今后的工作中，从柴达木石油精神中汲取学习教育精神养份，不断努力，提高业务能力，坚守检察为民的初心和使命，办好每一起案件，积极履行法律监督职能，永葆政治本色，推动检察事业高质量发展，为格尔木市经济社会发展贡献检察力量。	参观结束后，大家纷纷表示，在今后的工作中，从柴达木石油精神中汲取学习教育精神养分，不断努力，提高业务能力，坚守检察为民的初心和使命，办好每一起案件，积极履行法律监督职能，永葆政治本色，推动检察事业高质量发展，为格尔木市经济社会发展贡献检察力量。	negative
家里电器要拨下插头。	家里电器要拔下插头。	negative
深入贯彻贯彻落实习近平法治思想，	深入贯彻落实习近平法治思想，	negative
01号决定已确认涉案建筑物为违章建筑，根据《中华入民共和国城乡规划法》第六十八条的规定，桂平市政府应当依法对该违章建筑进行拆除。	01号决定已确认涉案建筑物为违章建筑，根据《中华人民共和国城乡规划法》第六十八条的规定，桂平市政府应当依法对该违章建筑进行拆除。	negative
】  “新办法”明确，拥护中华人民共和国宪法、品行良好、公道正派、身体健康的年满23周岁的中国公民，可以担任人民监督员；人民监督员应当具有高中以上文化学历。	】  “新办法”明确，拥护《中华人民共和国宪法》、品行良好、公道正派、身体健康的年满23周岁的中国公民，可以担任人民监督员；人民监督员应当具有高中以上文化学历。	negative
“国品之光”代表了具有文化自信，充满创新力，满足人民对美好生活向往，实现消费升级，具有全球市场竞争力的国潮品牌。	“国品之光”代表了具有文化自信，充满创新力，满足人民对美好生活的向往，实现消费升级，具有全球市场竞争力的国潮品牌。	negative
中国选手谷爱凌8日用最不可思议的方式——最后一跳完成个人从未完成过的高难动作，摘下自由式滑雪大跳台项目冬奥会历史首金。	中国选手谷爱凌8日用最不可思议的方式——最后一跳完成个人从未完成过的高难度动作，摘下自由式滑雪大跳台项目冬奥会历史首金。	negative
三是建立、实施绿色采购工作制度，规范采购渠道，严禁购买、使用不符合合国家标准、行业标准及国家有关规定的包装产品。	三是建立、实施绿色采购工作制度，规范采购渠道，严禁购买、使用不符合国家标准、行业标准及国家有关规定的包装产品。	negative
同时，加大社区和村级自治的工作力度，以次减少乡镇干部的工作压力，进而减少编外人员。	同时，加大社区和村级自治的工作力度，以此减少乡镇干部的工作压力，进而减少编外人员。	negative
要切实守住人民安宁底线，坚持重拳出击、打防并重、依法治理，常态化推进扫黑除恶斗争，依法严打严防电信网络诈骗、跨境赌博等突出违法犯罪活动。	要切实守住人民安宁底线，坚持重拳出击、打防并重、依法治理，常态化推进扫黑除恶专项斗争，依法严打严防电信网络诈骗、跨境赌博等突出违法犯罪活动。	negative
但令我们稍感宽慰的是，中国足球人还在坚持，还愿相信，只要青训体系和职业赛场还在，足球的根与梦就在。	但令我们稍感宽慰的是，中国足球人还在坚持，还愿意相信，只要青训体系和职业赛场还在，足球的根与梦就在。	negative
全面推广高速公路差异化收费，坚决整治违规设置妨碍货车通行的道路限高限宽设施和检查卡点，深入整治交通运输执法领域乱收费、滥罚款等问题。	全面推广高速公路差异化收费，坚决整治违规设置妨碍货车通行的道路限高限宽设施和检查卡点，深入整治交通运输执法领域乱收费、乱罚款等问题。	negative
#成都文化#今年，成都將完成文化馆新馆、天府艺术公園、天府美术馆、当代艺术馆、人文艺术图书馆建设，建成国家高等級博物馆、专业音乐厅、艺术公园等天府文化地标10座。	#成都文化#今年，成都將完成文化馆新馆、天府艺术公园、天府美术馆、当代艺术馆、人文艺术图书馆建设，建成国家高等級博物馆、专业音乐厅、艺术公园等天府文化地标10座。	negative
马鹏辉两江新区政法委防范办专职副主任、国安防线办副主任，	  马鹏辉两江新区委政法委防范办专职副主任、国安防线办副主任，	negative
要全面践行习近平生态文明思想，落实“共抓大保护、不搞大开发”方针，坚持生态优先、绿色发展，统筹推进山水林田湖草系统治理，聚焦老百姓关心的生态环境问题，深入打好污染防治攻坚战，开展人居环境综合整治，加快筑牢长江上游重要生态屏障。	要全面践行习近平生态文明思想，落实“共抓大保护、不搞大开发”方针，坚持生态优先、绿色发展，统筹推进山水林田湖草沙系统治理，聚焦老百姓关心的生态环境问题，深入打好污染防治攻坚战，开展人居环境综合整治，加快筑牢长江上游重要生态屏障。	negative
再说公鸡是一刀菜，谁家杀鸡不想杀胖的。	再说公鸡是一道菜，谁家杀鸡不想杀胖的。	negative
从摸排统计全市聋人存量，建立聋人档案，组建聋人协会，跑注册，跑备案，落实办公场所及购置办公用品，事无俱细，他大包大揽全部落实到位。	从摸排统计全市聋人存量，建立聋人档案，组建聋人协会，跑注册，跑备案，落实办公场所及购置办公用品，事无巨细，他大包大揽全部落实到位。	negative
【拒毒提示】娱乐场所是合成毒品滥用的高发场所，为防止在场所内陷入毒圈套，请记住一下几点提示：1、拒绝吸毒同伴的邀请；	【拒毒提示】娱乐场所是合成毒品滥用的高发场所，为防止在场所内陷入毒圈套，请记住以下几点提示：1、拒绝吸毒同伴的邀请；	negative
加强林地草地用途管制，严控森林资源消耗，严厉打击滥砍乱伐林木、非法侵占林地草地和公园绿地、野生动植物非法贸易等违法犯罪行为。	加强林地草地用途管制，严控森林资源消耗，严厉打击乱砍滥伐林木、非法侵占林地草地和公园绿地、野生动植物非法贸易等违法犯罪行为。	negative
支出进度%	支出进度	negative
在当收到另一方书面抗议30天后仍不采取不久措施；	在当收到另一方书面抗议30天后仍不采取补救措施；	negative
】近日，在朝阳区的一处夜查点，一名涉嫌酒驾的司机被民进拦截下来。	】近日，在朝阳区的一处夜查点，一名涉嫌酒驾的司机被民警拦截下来。	negative
二要围绕工作目标，搭起“四粱八柱”，实施“33211”工程。	二要围绕工作目标，搭起“四梁八柱”，实施“33211”工程。	negative
贵州民族大学法学院潘善斌教授认为，应当按照习近平总书记的重要讲话精神特别是“十二个必须”的内涵要求，以习近平法治思想为指导，重新构建民族法治学科体系。	贵州民族大学法学院潘善斌教授认为，应当按照习近平总书记的重要讲话精神特别是“十二个必须”的内涵要求，以习近平法治思想为指导，重新构建民主法制学科体系。	negative
更重要的，她的英语课，充分融和了中国传统文化，让孩子们感受中国的优秀传统，厚植爱国主义情怀。	更重要的，她的英语课，充分融合了中国传统文化，让孩子们感受中国的优秀传统，厚植爱国主义情怀。	negative
被征收人选择的安置房实际建筑面积低于应安置安置房建筑面积的（包含可增购的被征收房屋正房建筑面积10%部分，	被征收人选择的安置房实际建筑面积低于应安置房建筑面积的（包含可增购的被征收房屋正房建筑面积10%部分，	negative
3.依法及时处理投拆举报，处理结果向社会公开并记入企业信用档案。	3.依法及时处理投诉举报，处理结果向社会公开并记入企业信用档案。	negative
首先由卫健局党组成员、机关党委书记领学领学《习近平关于注重家庭家教家风建设论述摘编》《关于进一步加强家庭家教家风建设的实施意见》《清风传家》《严以治家》等书籍，	首先由卫健局党组成员、机关党委书记领学《习近平关于注重家庭家教家风建设论述摘编》《关于进一步加强家庭家教家风建设的实施意见》《清风传家》《严以治家》等书籍，	negative
该村102户400余人，吴氏宗族人文积淀厚重，村内古林、古道、古桥与错落有致的粉墙黛瓦于一体，在阳光照跃下，交相辉映。	该村102户400余人，吴氏宗族人文积淀厚重，村内古林、古道、古桥与错落有致的粉墙黛瓦于一体，在阳光照耀下，交相辉映。	negative
未来24小时，[感冒指数]1级，较为安全，感冒较少发生，请您注意坚持体育煅练；	未来24小时，[感冒指数]1级，较为安全，感冒较少发生，请您注意坚持体育锻炼；	negative
地  址：龙岩市新罗区中城凤凰凤凰路2号	地  址：龙岩市新罗区中城凤凰路2号	negative
留家的镇纪委干部和黄圃人民医院、黄圃公安分局、格兰仕公司、教育线、两新组织以及16个村（社区）纪委书记（纪检委员）共约30人参加培训。	留家的镇纪委干部和黄浦人民医院、黄圃公安分局、格兰仕公司、教育线、两新组织以及16个村（社区）纪委书记（纪检委员）共约30人参加培训。	negative
4.2投标人可在重重庆市公共资源交易网（合川区）本项目招标公告网页下方“我要提问”栏提处疑问，提问时间从本公告发布至2021-09-07 17:00:00（北京时间）前。	4.2投标人可在重庆市公共资源交易网（合川区）本项目招标公告网页下方“我要提问”栏提处疑问，提问时间从本公告发布至2021-09-07 17:00:00（北京时间）前。	negative
（二）每位考调教师面试时间为20分钟，面试份值100分。	（二）每位考调教师面试时间为20分钟，面试分值100分。	negative
（二）以划拔方式供地的项目，其项目对应产生的被征地农民后续发展资金，由项目建设业主承担，计入项目用地成本。	（二）以划拨方式供地的项目，其项目对应产生的被征地农民后续发展资金，由项目建设业主承担，计入项目用地成本。	negative
馆方解释说，此前，线上退票的最后时间为参观日前一天的23:30，有“黄牛”在限定时间的最后一刻，集中退返未售出的参观票或恶意囤票侵占票仓，其中不乏利用网络便利倒票牟利的异地“黄牛”。	官方解释说，此前，线上退票的最后时间为参观日前一天的23:30，有“黄牛”在限定时间的最后一刻，集中退返未售出的参观票或恶意囤票侵占票仓，其中不乏利用网络便利倒票牟利的异地“黄牛”。	negative
1月7日，11时开车到古贤镇小学接孩子放学；11时10分到古贤镇范师傅美味考卤坊；15时30分开车到古贤镇政府开会。	  1月7日，11时开车到古贤镇小学接孩子放学；11时10分到古贤镇范师傅美味烤卤坊；15时30分开车到古贤镇政府开会。	negative
两队鏖战至50分钟时，瓦尔马克在攻区抢断反击，劲射球门上角，帮助瑞典队1:0领先。	两队鏖战至50分钟时，瓦尔马克在进攻区抢断反击，劲射球门上角，帮助瑞典队1:0领先。	negative
当时正值中午时分，两位民警一翻寻找下来，已经汗流浃背，衣服湿透。	当时正值中午时分，两位民警一番寻找下来，已经汗流浃背，衣服湿透。	negative
佛山市高明区荷城街道星河路和齐巷3号2梯903	佛山市高明区荷城街道星河路和气象3号2梯903	negative
#直通象山#一言不和要轻生？多路警力护佑平安。	#直通象山#一言不合要轻生？多路警力护佑平安。	negative
如为抵御洪害修筑堤坝过程中，为缓解疲劳提高士气所创造的黄河夯号，又如因时局动荡时期因强身保家为国而广泛习练的肘捶、查拳等传统武术类项目。	如为抵御洪害修筑堤坝过程中，为缓解疲劳提高士气所创造的黄河夯号，又如因时局动荡时期因强身保家卫国而广泛习练的肘捶、查拳等传统武术类项目。	negative
宁夏中宁枸杞产业发展股份有限公司招聘启示——公司简介：为解决我县优势特色产业—中宁枸杞产业发展中的突出问题，	宁夏中宁枸杞产业发展股份有限公司招聘启事——公司简介：为解决我县优势特色产业—中宁枸杞产业发展中的突出问题，	negative
张贴位置主要是客运车辆中控区、座椅靠背等醒目醒目位置，	张贴位置主要是客运车辆中控区、座椅靠背等醒目位置，	negative
下一步工作中，市中心城区出租汽车交通运输行政执法将充分运用“互联网＋管理”实现线上和线下执法有机结合，严历打击巡游出租车不合规经营行为，为广大群众营造一个安全、文明、便捷、舒适的乘车环境。	下一步工作中，市中心城区出租汽车交通运输行政执法将充分运用“互联网＋管理”实现线上和线下执法有机结合，严厉打击巡游出租车不合规经营行为，为广大群众营造一个安全、文明、便捷、舒适的乘车环境。	negative
东方市市幼儿园	东方市幼儿园	negative
累计降水量降水量60～100毫米，	累计降水量60～100毫米，	negative
合理设置室内空凋温度，夏季空凋温度不低于26℃，冬季空调温度不高于20℃，开空调时不开门窗。	合理设置室内空调温度，夏季空调温度不低于26℃，冬季空调温度不高于20℃，开空调时不开门窗。	negative
南阳智鹏展柜展柜年产1000米展柜项目	南阳智鹏展柜年产1000米展柜项目	negative
150亩蔬菜采摘园、300亩红薯种植基地、1200亩辣椒、2000亩刺梨、1000多亩梨子、弥猴桃、葡萄……通过公司引领、大户带动、散户组团的发展模式，星溪村带动农村剩余劳动力就业500余人，人均年增收在3000元以上。	150亩蔬菜采摘园、300亩红薯种植基地、1200亩辣椒、2000亩刺梨、1000多亩梨子、猕猴桃、葡萄……通过公司引领、大户带动、散户组团的发展模式，星溪村带动农村剩余劳动力就业500余人，人均年增收在3000元以上。	negative
远安县公安局河口派出所民警李金龙作为一名农村派出所民警，在公共安全防范上，做到事无具细，辖区连续28个月未发生亡人交通事故和消防事故；	远安县公安局河口派出所民警李金龙作为一名农村派出所民警，在公共安全防范上，做到事无巨细，辖区连续28个月未发生亡人交通事故和消防事故；	negative
活动中，民警为辖区道路客运企业大中型班线客车、旅游包车等道路客运车辆车厢内前部、座椅靠背等醒目位置粘贴支队制作的安全带使用提示贴，提示乘容使用安全带。	活动中，民警为辖区道路客运企业大中型班线客车、旅游包车等道路客运车辆车厢内前部、座椅靠背等醒目位置粘贴支队制作的安全带使用提示贴，提示乘客使用安全带。	negative
坚持问题导向，落实中央赋予的主要职责，把握好贯彻中央重大决策部署和服务地方经济社会发展的结合点，严守三条“红线”，不断提升履职能力。	坚持问题导向，落实中央赋予的主要职责，把握好贯彻党中央重大决策部署和服务地方经济社会发展的结合点，严守三条“红线”，不断提升履职能力。	negative
必须把党的领导贯穿于换届选举工作各环节，心须加强协调沟通，必须加大培训力度，确保换届选举工作依法有序顺利完成。	必须把党的领导贯穿于换届选举工作各环节，必须加强协调沟通，必须加大培训力度，确保换届选举工作依法有序顺利完成。	negative
加快创建国家全域旅游示范区、国家中医药健康旅游示范区、国家文化和旅游消费视点城市以及一系列的旅游品牌，	加快创建国家全域旅游示范区、国家中医药健康旅游示范区、国家文化和旅游消费试点城市以及一系列的旅游品牌，	negative
强化《海安法》导学，发布新法解读学习宣传材料5期，分发《海安法》的读本，充分利用局“五个一工程”业务论坛分享研究成果，促进促进全局执法人员特别是新进年轻人员系统性学习全面掌握。	强化《海安法》导学，发布新法解读学习宣传材料5期，分发《海安法》的读本，充分利用局“五个一工程”业务论坛分享研究成果，促进全局执法人员特别是新进年轻人员系统性学习全面掌握。	negative
乌拉特前旗前旗人民检察院 召开法治进校园工作部署会       01    9月1日上午，乌拉特前旗人民检察院召开“开学第一课”法治进校园工作部署会，党组书记、代检察长杨弘年主持会议，班子成员及全体干警参加了会议。	乌拉特前旗人民检察院 召开法治进校园工作部署会       01    9月1日上午，乌拉特前旗人民检察院召开“开学第一课”法治进校园工作部署会，党组书记、代检察长杨弘年主持会议，班子成员及全体干警参加了会议。	negative
这样的例子在彭丽均老师从教的24年里，可以说是不甚枚举。	这样的例子在彭丽均老师从教的24年里，可以说是不胜枚举。	negative
【#误以为有人落水男子施救陷险境#致敬你的奋不顾身[抱抱]】#误以为有人落水男子施救被困#8月26日凌晨，安徽蚌埠市淮上区蚌埠闸北边11号闸口，一男子扶在闸口铁柱上面，身体浸没在水中，河水冲击大，四周有大量木材漂浮在四周，情况十分危机。	【#误以为有人落水男子施救陷险境#致敬你的奋不顾身[抱抱]】#误以为有人落水男子施救被困#8月26日凌晨，安徽蚌埠市淮上区蚌埠闸北边11号闸口，一男子扶在闸口铁柱上面，身体浸没在水中，河水冲击大，四周有大量木材漂浮在四周，情况十分危急。	negative
无是生非，无理取闹，屡劝无效、屡教不改，危害农民群众切身利益的行为；	无事生非，无理取闹，屡劝无效、屡教不改，危害农民群众切身利益的行为；	negative
身份证证号码	身份证号码	negative
四是利用民事直说会议、微信信群、大喇叭、宣传标语、开展创“无酒驾”示范村等一系列活动，开展交通安全宣传，营造了良好的宣传氛围。	四是利用民事直说会议、微信群、大喇叭、宣传标语、开展创“无酒驾”示范村等一系列活动，开展交通安全宣传，营造了良好的宣传氛围。	negative
与会代表表示，将全力配合做好在代表联系点的各项工作，齐心协力把代表联系点建设成为人大代表监督政府营商环境改善、倾听民生、汇集民智的重要代表履职平台。	与会代表表示，将全力配合做好在代表联系点的各项工作，齐心协力把代表联系点建设成为人大代表监督政府营商环境改善、倾听民声、汇集民智的重要代表履职平台。	negative
深情回望和歌颂改革开放40年取得的巨大成就。	深情回望和歌颂改革开放40周年取得的巨大成就。	negative
首批30家農貿市場有序恢复營業	首批30家农贸市场有序恢复營業	negative
在家里，她能关注亲人的冷暖，以礼相让，让亲情其乐融融。	在家里，她能关注亲人的冷暖，以礼相待，让亲情其乐融融。	negative
2021年秋季开学之季，为做好疫情常态化防控下的新学期开学工作，歙县新安小学早谋划、细安排、重落实，多措并举，切实保障师生和学校安全，确保顺利开学。	2021年秋季开学之际，为做好疫情常态化防控下的新学期开学工作，歙县新安小学早谋划、细安排、重落实，多措并举，切实保障师生和学校安全，确保顺利开学。	negative
电话:132848496332021.8.26★有房出租：鑫凯盛5--206商住俩用，	电话:132848496332021.8.26★有房出租：鑫凯盛5--206商住两用，	negative
7位青年干部广泛搜集党史资料，从中精挑细选感染人、打动人的党史故事，带领大家回顾党的百年历史，感知党的百年壮丽辉煌，用革命的故事打动人，用榜样的力量感染人，用今夕对比取信人。	7位青年干部广泛搜集党史资料，从中精挑细选感染人、打动人的党史故事，带领大家回顾党的百年历史，感知党的百年壮丽辉煌，用革命的故事打动人，用榜样的力量感染人，用今昔对比取信人。	negative
对辖区服务人群通知到人，对流出人群电话联系催检，提高免费产前筛查筛查率，进一步降低出生缺陷发生率。	对辖区服务人群通知到人，对流出人群电话联系催检，提高免费产前筛查率，进一步降低出生缺陷发生率。	negative
虽双腿残疾，但身残志坚，通过学习种植花卉苗木，不等不靠奔小康，同时，还主动无赏向群众传授苗木种植技术，带着邻里乡亲一起搞花卉苗木种植，带动困难群众勤劳致富。	虽双腿残疾，但身残志坚，通过学习种植花卉苗木，不等不靠奔小康，同时，还主动无偿向群众传授苗木种植技术，带着邻里乡亲一起搞花卉苗木种植，带动困难群众勤劳致富。	negative
为扎实推动全身“第二批”公安队伍教育整顿纵深推进，省厅党委连续召开集中学习会，厅属各单位组织交流讨论会，围绕忠诚教育、警示教育等主题紧扣学习内容，谈思想认识和学习体会。	为扎实推动全省“第二批”公安队伍教育整顿纵深推进，省厅党委连续召开集中学习会，厅属各单位组织交流讨论会，围绕忠诚教育、警示教育等主题紧扣学习内容，谈思想认识和学习体会。	negative
在接到求助后，上思县税务局办税服务厅第一时间安排“髙频事项专项分配表”中负责城镇土地使用税的业务能手进行辅导，解决曹女士的申报问题。	在接到求助后，上思县税务局办税服务厅第一时间安排“高频事项专项分配表”中负责城镇土地使用税的业务能手进行辅导，解决曹女士的申报问题。	negative
全会强调，勇于自我革命是我们党区别于其他政党的显著标志，是党跳出治乱兴衰历史周期率、历经百年沧桑更加充满活力的成功秘诀。	  全会强调，勇于自我革命是我们党区别于其他政党的显著标志，是党跳出治乱兴衰历史周期律、历经百年沧桑更加充满活力的成功秘诀。	negative
对辖区辖区医疗美容经营机构进行逐项排查，	对辖区医疗美容经营机构进行逐项排查，	negative
如单位提出申辩意见，对其提出的事实、理由和证据成立的，不例入失信行为。	如单位提出申辩意见，对其提出的事实、理由和证据成立的，不列入失信行为。	negative
就是为了救国救民，不怕任何艰难险阻，不惜付出壹切牺牲的精神；	就是为了救国救民，不怕任何艰难险阻，不惜付出一切牺牲的精神；	negative
（人民曰报）	（人民日报）	negative
为了巩固脱贫攻坚成果和支持乡村振兴，中国太平扶贫工作领导小组调整为服务乡村振兴工作领导小组，印发《集团服务乡 村振兴实施意见》，持续落实农业保险高质量发展三年行动方案。	为了巩固拓展脱贫攻坚成果和支持乡村振兴，中国太平扶贫工作领导小组调整为服务乡村振兴工作领导小组，印发《集团服务乡 村振兴实施意见》，持续落实农业保险高质量发展三年行动方案。	negative
劳模工匠文化公园整体建设很不措，一定会成为杭州的新亮点、时代的新符号、精神的新高地、文化的新地标、休闲的新去处。	劳模工匠文化公园整体建设很不错，一定会成为杭州的新亮点、时代的新符号、精神的新高地、文化的新地标、休闲的新去处。	negative
”  从担任2008年北京奥运会、残奥会筹备工作领导小组组长，到领导新时代中国成功举办2014年南京青奥会，再到亲自推动申办、筹办2022年北京冬奥会、冬残奥会，习近平主席和奥林匹克运动，有着独特的缘分。	”  从担任2008年北京奥运会、残奥会筹备工作领导小组组长，到领导新时代中国成功举办2014年南京青奥会，再到亲自推动申办、筹办2022年北京冬奥会、冬残奥会，习近平主席和奥林匹克运动会，有着独特的缘分。	negative
确保守纪压力传到到位、责任落实到位。强化宣传教育。坚持教育在先、警示在先、预防在先，	确保守纪压力传导到位、责任落实到位。强化宣传教育。坚持教育在先、警示在先、预防在先，	negative
同时，交通庭还在偏远的九峰镇、安厚镇、闽粤边界村、三平风景区、五寨乡、高峰谷景区等地先后设立线上调解联系点，以远程视频方式实时指导公安派出所、基层调解组织调处农村轻微交通事故纠纷。	同时，交通厅还在偏远的九峰镇、安厚镇、闽粤边界村、三平风景区、五寨乡、高峰谷景区等地先后设立线上调解联系点，以远程视频方式实时指导公安派出所、基层调解组织调处农村轻微交通事故纠纷。	negative
独生子女父母享受的扶住金不得取消，	独生子女父母享受的扶助金不得取消，	negative
（九）保障宪法和法律赋予妇女的男女平等、同工同筹和婚姻自由等各项权利。	（九）保障宪法和法律赋予妇女的男女平等、同工同酬和婚姻自由等各项权利。	negative
贯彻落实习近平总书记关于大力弘扬传承中化优秀传统文化系列重要讲话精神和中央、山东省委省政府关于文化建设的指示精神，	贯彻落实习近平总书记关于大力弘扬传承中华优秀传统文化系列重要讲话精神和中央、山东省委省政府关于文化建设的指示精神，	negative
梁宝红说：“民生事无小事，接下来我们将进一步加强市场的宣传引导及管理力度，与市场商户一起共同为消费者打造一种干净、整洁、安全、卫生的购物环境，让消费者买的放心。	梁宝红说：“民生事无小事，接下来我们将进一步加强市场的宣传引导及管理力度，与市场商户一起共同为消费者打造一种干净、整洁、安全、卫生的购物环境，让消费者买得放心。	negative
山区的雨来得亳无征兆,	山区的雨来得毫无征兆,	negative
澧县：热心网友发贴求助 交通部门消除隐患	澧县：热心网友发帖求助 交通部门消除隐患	negative
今年以来，元疃镇高度重视助残工作，要求残联等部门深入走访残疾户，落实各项政策服务，切实提高残级人士的幸福感、获得感、满足感。	今年以来，元疃镇高度重视助残工作，要求残联等部门深入走访残疾户，落实各项政策服务，切实提高残疾人士的幸福感、获得感、满足感。	negative
举一返三，	举一反三，	negative
五是体质管理有漏洞。	五是体制管理有漏洞。	negative
标项名称:绍兴市越城区教育体育局（本级）教育云平台一期建设项目数量:不限预算金额（元）:2300000简要规格描述或项目基本概况介绍、用途：祥见招标文件备注：合同履约期限：标项1，	标项名称:绍兴市越城区教育体育局（本级）教育云平台一期建设项目数量:不限预算金额（元）:2300000简要规格描述或项目基本概况介绍、用途：详见招标文件备注：合同履约期限：标项1，	negative
城镇职工大病保险报销是否需要另外申请？不用另外申请，参保人员个人个人负担的政策范围内医疗费用超过1.5万元的，由承办大病保险报销业务的保险公司按大病保险比例进行支付。	城镇职工大病保险报销是否需要另外申请？不用另外申请，参保人员个人负担的政策范围内医疗费用超过1.5万元的，由承办大病保险报销业务的保险公司按大病保险比例进行支付。	negative
可在6个月后接种1剂新冠病毒疫苗接种前后都不需要进行核酸及抗体检测新冠灭活疫苗全程需要接种2剂，	可在6个月后接种1剂新冠病毒疫苗接种前后都不需要进行核算及抗体检测新冠灭活疫苗全程需要接种2剂，	negative
能看到这部电梯处停运状态，	能看到这部电梯处于停运状态，	negative
​​老师作为传道受业解惑者，自当为人师表，着力维护教育公平。	​​老师作为传道授业解惑者，自当为人师表，着力维护教育公平。	negative
为全方位推动稿质量发展超越，	为全方位推动高质量发展超越，	negative
烘焙、冲咖啡有哪些技巧……所有问题在“桑榆尚学”老年美好生活教育课程都能中找到答案。	烘焙、冲咖啡有哪些技巧……所有问题在“桑榆尚学”老年美好生活教育课程都能从中找到答案。	negative
正所谓“一支独秀不是春，百花齐放春满院”，要想提高整体教学质量，唯有搞好集体备课。	正所谓“一支独秀不是春，百花齐放春满园”，要想提高整体教学质量，唯有搞好集体备课。	negative
同时民警告诉在校师生法律将伴随人的一生，在日常学习和生活中无处不在，倡议全校师生要学法、懂法、守法、用法，远离违法犯罪，运用法律手段进行自我保护，特别是在日常学习和生活中遇到不发侵害时，要用法律的武器维护自己的合法权益。	同时民警告诉在校师生法律将伴随人的一生，在日常学习和生活中无处不在，倡议全校师生要学法、懂法、守法、用法，远离违法犯罪，运用法律手段进行自我保护，特别是在日常学习和生活中遇到不法侵害时，要用法律的武器维护自己的合法权益。	negative
各系统党委 要以此次述职为起点 谋划好 2022年党建工作 用心用力、踔厉风发 以优异成绩迎接 党的二十大胜利召开来源丨县直工委编辑丨王迎新	踔厉奋发党委 要以此次述职为起点 谋划好 2022年党建工作 用心用力、踔厉风发 以优异成绩迎接 党的二十大胜利召开来源丨县直工委编辑丨王迎新	negative
第二顺序继承人指兄弟姐妹、祖父母、外租父母。	第二顺序继承人指兄弟姐妹、祖父母、外祖父母。	negative
#湖北[地点]# （湖北记者记者：祁晓菁 刘禹）	#湖北[地点]# （湖北记者：祁晓菁 刘禹）	negative
投标过程中，受托人（被委托人）必须备好身份证原件和授权书原件（以便核查），在开标前三十分钟通过采购文件中二维码进入腾讯会议软件，参与开标过程并保持手机通讯和网络畅通。	投标过程中，受托人（被委托人）必须准备好身份证原件和授权书原件（以便核查），在开标前三十分钟通过采购文件中二维码进入腾讯会议软件，参与开标过程并保持手机通讯和网络畅通。	negative
年初预算为110万元，支出决算为108万元，完成年初预算的98.18%，决算数小于预算数的主要原因是拔款数增加。	年初预算为110万元，支出决算为108万元，完成年初预算的98.18%，决算数小于预算数的主要原因是拨款数增加。	negative
志愿者们身穿红马甲，手持交通引导旗，耐心引导行人和非机动车遵守遵守交通规则，礼貌劝阻行人和非机动车闯红灯、越线、走机动车道等不文明交通行为。	志愿者们身穿红马甲，手持交通引导旗，耐心引导行人和非机动车遵守交通规则，礼貌劝阻行人和非机动车闯红灯、越线、走机动车道等不文明交通行为。	negative
③经营场地租凭协议和租凭发票复印件（查验原件）；	③经营场地租赁协议和租赁发票复印件（查验原件）；	negative
本项目为中国烟草总公司云南省公司帮扶镇雄县脱贫攻坚生猪代养场和立体养殖场建设项目鱼洞乡鱼洞村养殖场，养殖场选址位于镇雄县鱼洞乡鱼洞村，项目总投资2264.898万元，新建新建育肥场一个，养殖生猪存栏9600头。	本项目为中国烟草总公司云南省公司帮扶镇雄县脱贫攻坚生猪代养场和立体养殖场建设项目鱼洞乡鱼洞村养殖场，养殖场选址位于镇雄县鱼洞乡鱼洞村，项目总投资2264.898万元，新建育肥场一个，养殖生猪存栏9600头。	negative
【长沙市 】宁乡纪委监委干部下到基层、沉到“田埂”办案	【长沙市】宁乡县乡纪委监委干部下到基层、沉到“田埂”办案	negative
3、参与投标的供应商可使用"腾讯会议APP"APP收看网上开标直播，法定代表人或授委托人可提前下载并通过其手机号进行注册，开标时登陆"腾讯会议APP"APP，交易中心将根据投标供应商提供的法定代表人或授委托人手机号邀请其观看开标实况。	3、参与投标的供应商可使用"腾讯会议APP"APP收看网上开标直播，法定代表人或受委托人可提前下载并通过其手机号进行注册，开标时登陆"腾讯会议APP"APP，交易中心将根据投标供应商提供的法定代表人或受委托人手机号邀请其观看开标实况。	negative
通过此次培训，让大家更深刻认识到安生生产的重要性，明白在日常安全生产工作要注意的问题，增强了防范意识和提高预防事故的能力。	通过此次培训，让大家更深刻认识到安全生产的重要性，明白在日常安全生产工作要注意的问题，增强了防范意识和提高预防事故的能力。	negative
要以技术进步为支撑引领，加大技术公关力度，实行全面节约战略，严格能耗双控管理，加快构建绿色低碳循环发展的经济体系。	要以技术进步为支撑引领，加大技术攻关力度，实行全面节约战略，严格能耗双控管理，加快构建绿色低碳循环发展的经济体系。	negative
现将鹤壁至辉县高速公路复工工程工程保险中标结果公告如下：1、中标结果标段号中标人中标价（‰）HHBX-1紫金财产保险股份有限公司河南分公司2.180‰2、公示期：自本公告发布之日起3日。	现将鹤壁至辉县高速公路复工工程保险中标结果公告如下：1、中标结果标段号中标人中标价（‰）HHBX-1紫金财产保险股份有限公司河南分公司2.180‰2、公示期：自本公告发布之日起3日。	negative
习近平总书记指出：“体育是提高人民健康水平的重要途径，是满足人民群众对美好生活向往、促进人的全面发展的重要手段，是促进经济社会发展的重要动力，是展示国家文化软实力的重要平台。	习近平总书记指出：“体育是提高人民健康水平的重要途径，是满足人民群众对美好生活的向往、促进人的全面发展的重要手段，是促进经济社会发展的重要动力，是展示国家文化软实力的重要平台。	negative
据介绍，“华龙一号”海外首堆工程——巴基斯坦卡拉奇核电2号（K-2）机组完成100小时连续稳定运行验收，各项性能指标达标，于2021年5月19日正式进入商业运行。	据介绍，“华龙一号”海外首堆工程——巴基斯坦卡拉奇核电站2号（K-2）机组完成100小时连续稳定运行验收，各项性能指标达标，于2021年5月19日正式进入商业运行。	negative
本票注：支票、汇票、本票等应由符合下列条件的银行金融服务机构出具：①经中国银保监会依法批准设立；②应当具有国家银行监督管理部门准许开展相应业务的许可并具有出具相应材料的资格要求；③在滁州市域范围内设有独立法人或分支机构。	本票注：支票、汇票、本票等应由符合下列条件的银行金融服务机构出具：①经中国银保监会依法批准设立；②应当具有国家银行业监督管理部门准许开展相应业务的许可并具有出具相应材料的资格要求；③在滁州市域范围内设有独立法人或分支机构。	negative
今年，杨善文等跻入全国道德模范侯选名单，曹阳飞宇、杨善文、郑忠华、黄小清、庄彩男等一大批先进典型树起了一座座道德高地。	今年，杨善文等跻入全国道德模范候选名单，曹阳飞宇、杨善文、郑忠华、黄小清、庄彩男等一大批先进典型树起了一座座道德高地。	negative
地址：内蒙古自治区赤峰市红山区红山区桥北阳光希望家园一期3号厅	地址：内蒙古自治区赤峰市红山区桥北阳光希望家园一期3号厅	negative
2.调查责任：对立案的案件，指定专人负责，及时组织调查取证，与当事人有厉害关系的应当回避。	2.调查责任：对立案的案件，指定专人负责，及时组织调查取证，与当事人有利害关系的应当回避。	negative
而在峡谷中，还萦绕着远古壁画、夜郎文化之迷、铁索桥、摩崖石刻、古驿道等历史遗迹。	而在峡谷中，还萦绕着远古壁画、夜郎文化之谜、铁索桥、摩崖石刻、古驿道等历史遗迹。	negative
#牢记重要训词 履行职责使命#【休渔其结束，天津公安为“开海”保驾护航】	#牢记重要训词 履行职责使命#【休渔期结束，天津公安为“开海”保驾护航】	negative
倘因此而重获罪戾，则钊实当负其全则。	倘因此而重获罪戾，则钊实当负其全责。	negative
为带动村“两委”成员全身心投入到村庄建设中，徐福基处处当好表率，他不记个人得失、忘我工作的精神得到全村党员群众的一致称赞。	为带动村“两委”成员全身心投入到村庄建设中，徐福基处处当好表率，他不计个人得失、忘我工作的精神得到全村党员群众的一致称赞。	negative
直击要点“高空坠物造成人生伤害，	直击要点“高空坠物造成人身伤害，	negative
不车窗抛物你就是参与“创城”	下车窗抛物你就是参与“创城”	negative
学校良好的人文环境和自然环境对师生具有迁移默化的熏陶作用，	学校良好的人文环境和自然环境对师生具有潜移默化的熏陶作用，	negative
锣鼓喧天，国乐齐鸣，歌舞翩翩……暖场舞蹈《乐舞汉唐》，用震撼的节奏、优美的舞姿，展现历史与时代交融、体育与文化共鸣，表达了咸阳人民最真挚的欢迎之情；	锣鼓喧天，鼓乐齐鸣，歌舞翩翩……暖场舞蹈《乐舞汉唐》，用震撼的节奏、优美的舞姿，展现历史与时代交融、体育与文化共鸣，表达了咸阳人民最真挚的欢迎之情；	negative
五楼已经被浓烟占满，能见度非常低，带着防尘面罩眼睛都被呛的直流眼泪，捂着蘸湿的衣物都感觉呼吸困难，浓烟强烈刺激着鼻腔。	五楼已经被浓烟占满，能见度非常低，带着防尘面罩眼睛都被呛得直流眼泪，捂着蘸湿的衣物都感觉呼吸困难，浓烟强烈刺激着鼻腔。	negative
推动1.7万家企业、55.3万专职安全管理人员完成安全资质对标；遴选化工安全学历提升院校305所，7.5万人参加提升；组织开展企业安全培训空间和实训基地建设，496家企业、148个化工园区进行试点；会同人力资源社会保障部启动工伤事故预防能力提升培训工程。	推动1.7万家企业、55.3万专职安全管理人员完成安全资质对标；遴选化工安全学历提升院校305所，7.5万人参加提升；组织开展企业安全培训空间和实训基地建设，496家企业、148个化工园区进行试点；会同人力资源和社会保障部启动工伤事故预防能力提升培训工程。	negative
根据《中华人民共和国道路交通安全法》第九十条之规定：“机动车驾驶人违反道路交通安全法律、法规关于道路通行规定的，处警告或者二十元以上二百元一下罚款，并记3分。	根据《中华人民共和国道路交通安全法》第九十条之规定：“机动车驾驶人违反道路交通安全法律、法规关于道路通行规定的，处警告或者二十元以上二百元以下罚款，并记3分。	negative
努力把队伍培养成为“学习、思考、创新”型的高素质人材队伍。	努力把队伍培养成为“学习、思考、创新”型的高素质人才队伍。	negative
而区块链产业园建成后将成为世界籍的智造高地、创新高地、人才高地。	而区块链产业园建成后将成为世界级的智造高地、创新高地、人才高地。	negative
二0二0年八月三十日	二〇二〇年八月三十日	negative
具有良好的商业信誉和健全的财务会计制度：投标人须提供开标日期前3个月内投标人开户银行开具的有效资信证明，或者提供经专业会计事务所出具的2020年度的财务审计报告；？？	具有良好的商业信誉和健全的财务会计制度：投标人须提供开标日期前3个月内投标人开户银行开具的有效资信证明，或者提供经专业会计师事务所出具的2020年度的财务审计报告；？？	negative
【住村日记】住村民警深入辖区企业，开展防范电信网络诈骗宣传	【驻村日记】驻村民警深入辖区企业，开展防范电信网络诈骗宣传	negative
“玉米多穗会不会造成减产？”“多结的棒子要不要掰掉？”近日，多地玉米陆续进入穗期，有不少农民朋友发现了玉米多穗的情况，多余的棒穗掰不掰？很多人为些又犯难了。	“玉米多穗会不会造成减产？”“多结的棒子要不要掰掉？”近日，多地玉米陆续进入穗期，有不少农民朋友发现了玉米多穗的情况，多余的棒穗掰不掰？很多人为此又犯难了。	negative
干部群体要进行自我道德要求，终身奉行清正廉洁的理念，做一生正气、两袖清风的好官。	干部群体要进行自我道德要求，终身奉行清正廉洁的理念，做一身正气、两袖清风的好官。	negative
同时也让我深刻感受到了我们边疆的发展巨变是党的光辉照、边疆边疆人民心向党的生动写照，	同时也让我深刻感受到了我们边疆的发展巨变是党的光辉照、边疆人民心向党的生动写照，	negative
坚持和加强党的领导，是增进人民福祉的根本保证。	坚持和加强党的全面领导，是增进人民福祉的根本保证。	negative
教育厅副厅长戴作安、民政厅副厅长卢攀登、省人力资源和社会保障厅机关党委书记熊义堋、住房城乡建设厅副厅长樊晟、文化和旅游厅副厅长赵红川、省卫生健康委副主任宋世贵分别回答记者提问，从不同侧面解读《标准》的内容。	教育厅副厅长戴作安、民政厅副厅长卢攀登、省人力资源和社会保障厅机关党委书记熊义堋、住房和城乡建设厅副厅长樊晟、文化和旅游厅副厅长赵红川、省卫生健康委副主任宋世贵分别回答记者提问，从不同侧面解读《标准》的内容。	negative
行动常态，制度常态，让社会大局和谐稳定成为长态。	行动常态，制度常态，让社会大局和谐稳定成为常态。	negative
2000年1月，“榕树下首届网络原创文学作品奖”颁奖礼在上海举办，那是中国网络文学首次评奖。	 2000年1月，“榕树下首届网络原创文学作品奖”颁奖典礼在上海举办，那是中国网络文学首次评奖。	negative
防范措施接到自称是网购平台“客服”的电话，不要亲信，必须要亲自到平台上联系客服核实情况。	防范措施接到自称是网购平台“客服”的电话，不要轻信，必须要亲自到平台上联系客服核实情况。	negative
蒋老师，如皋市实验初中教研组长，特级教师，正高级高级教师，南通市学科带头人、南通市劳动模范，南通市园丁奖获得者。	蒋老师，如皋市实验初中教研组长，特级教师，正高级教师，南通市学科带头人、南通市劳动模范，南通市园丁奖获得者。	negative
沪水域市容环境卫生管理规定开始施行 《上海市水域市容环境卫生管理规定》共26条，是对现行政府规章《上海市水域环境卫生管理规定》的废旧立新，进一步明晰部门职责、完善制度规范和强化社会治理。	沪水域市容环境卫生管理规定开始施行 《上海市水域市容环境卫生管理规定》共26条，是对现行政府规章《上海市水域环境卫生管理规定》的破旧立新，进一步明晰部门职责、完善制度规范和强化社会治理。	negative
【2021】年第500369号冀EZ1568出租车议价《巡游出租汽车经营服务管理规定》第四十八条（一）项罚款罚款300元2021/8/27邢台市交通运输局2邢台捷胜联营货物运输有限公司91130501MA0F7RJ626	【2021】年第500369号冀EZ1568出租车议价《巡游出租汽车经营服务管理规定》第四十八条（一）项罚款300元2021/8/27邢台市交通运输局2邢台捷胜联营货物运输有限公司91130501MA0F7RJ626	negative
绿色和平组织日前发布报告《福岛放射性水危机的现实》，对福岛核污染水问题进行了全面系统的分析，包括核污染水的来源、多核素处理系统的缺陷、核污染水中的放射性物质（特别是碳14和氚）、继续储存核污染水的可行性等。	  绿色和平组织日前发布报告《福岛放射性水危机的现实》，对福岛核污染水问题进行了全面系统的分析，包括核污染水的来源、多核素处理系统的缺陷、核污染水中的放射性物质（特别是碳-14和氚）、继续储存核污染水的可行性等。	negative
平日经常有同学、亲属、朋友前来打探案情、说情求情，他都严格遵守“三个规定”，不循私情，耐心说服规劝其相信法律的公平公正，廉洁司法的行为得到了同事们和当事人的高度赞扬。	平日经常有同学、亲属、朋友前来打探案情、说情求情，他都严格遵守“三个规定”，不徇私情，耐心说服规劝其相信法律的公平公正，廉洁司法的行为得到了同事们和当事人的高度赞扬。	negative
要重点关注城市配套费、农民讨薪、国企改革、房地产遗留等问题，强化督办考核，以更优更好的举措、更严更实的态度，办好一件建议提案、解决好一类问题、推动一方面工作、造福一方百姓。	要重点关注城市配套费、农民讨薪、国企改革、房地产遗留等问题，强化督办考核，以更优更好的举措、更严更实的态度，办好意见建议提案、解决好一类问题、推动一方面工作、造福一方百姓。	negative
一、“安全绳”让干部担当作为 把严的主基调长期坚持下去，既合乎民心民意，又要旗帜鲜明为那些敢干担当、踏实做事、不谋私利的干部撑腰鼓劲，才能使其心无旁骛谋改革促发展。	一、“安全绳”让干部担当作为 把严的主基调长期坚持下去，既合乎民心民意，又要旗帜鲜明为那些敢于担当、踏实做事、不谋私利的干部撑腰鼓劲，才能使其心无旁骛谋改革促发展。	negative
预防措施1本市适龄儿童应根据计划免疫程序按时接种乙脑疫苗，成人也应到所在地预防接种点进行乙脑乙脑疫苗接种以降低乙脑发病；	预防措施1本市适龄儿童应根据计划免疫程序按时接种乙脑疫苗，成人也应到所在地预防接种点进行乙脑疫苗接种以降低乙脑发病；	negative
做到家户喻晓，	做到家喻户晓，	negative
大洼区东风镇人民政府大洼区东风镇马家村高标准农田道和河沿村南排泵站农田道硬化工程公开招标公告	大洼区东风镇人民政府大洼区东风镇马家村高标准农田道路和河沿村南排泵站农田道硬化工程公开招标公告	negative
“五育夏令营”里，孩子们还可以将自己的作品带回家，小小的走马灯、自己设计的体恤衫对他们而言是最好的礼物。	“五育夏令营”里，孩子们还可以将自己的作品带回家，小小的走马灯、自己设计的T恤衫对他们而言是最好的礼物。	negative
鸡蛋价格为每500克6.5元，对比上周价格价格持平；	鸡蛋价格为每500克6.5元，对比上周价格持平；	negative
于向宇对9个村进行授旗并强调：各村支部书记要重视退役军人服务站工作，并安排专人进行负责，扎实有序做好我乡辖区内退役军人保障各项工作，及时帮助他们解决困难，做好优扶对象的关心关爱工作。	于向宇对9个村进行授旗并强调：各村支部书记要重视退役军人服务站工作，并安排专人进行负责，扎实有序做好我乡辖区内退役军人保障各项工作，及时帮助他们解决困难，做好优抚对象的关心关爱工作。	negative
一年来，江苏以更高的政治站位，深刻领会和贯彻落实习近平总书记的重要指示精神，以强烈的政治责任和使命意识，争当长江大保护的排头兵和先行军。	一年来，江苏以更高的政治站位，深刻领会和贯彻落实习近平总书记的重要指示精神，以强烈的政治责任感和使命意识，争当长江大保护的排头兵和先行军。	negative
当晚清査行动，全县公安机关出动警力280多人次，出动警车近80辆次，清查娱乐场所10间、宾馆旅店30多间，出租屋80多间，检査车辆300余辆次，查处酒驾6宗。	当晚清查行动，全县公安机关出动警力280多人次，出动警车近80辆次，清查娱乐场所10间、宾馆旅店30多间，出租屋80多间，检査车辆300余辆次，查处酒驾6宗。	negative
沿着村道蜿蜒而上，数十间采用藏族传统木制结构建筑与装饰的房屋造型精致，环境典雅。	沿着村道蜿蜒而上，数十间采用藏族传统木质结构建筑与装饰的房屋造型精致，环境典雅。	negative
江苏是经济大省，工业化、城镇化、信息化水平高于全国，加快数字经济发展不仅十分必要，而且有助于深入推进创新驱动战略，建成一个数字经济发达、科技创新优势突出的现代化省份。	江苏是经济大省，工业化、城镇化、信息化水平高于全国，加快数字经济发展不仅十分必要，而且有助于深入推进创新驱动发展战略，建成一个数字经济发达、科技创新优势突出的现代化省份。	negative
地址：广东省云浮市罗定市罗定市罗城街道细坑大岗东路148号四楼	地址：广东省云浮市罗定市罗城街道细坑大岗东路148号四楼	negative
发现的问题及原因：项目项目进度缓慢，工作效率优待提高。	发现的问题及原因：项目项目进度缓慢，工作效率有待提高。	negative
1-55玻璃温度计温度计28(支)详见采购文件112.00	1-55玻璃温度计28(支)详见采购文件112.00	negative
疲劳时应将车停下，到车外活动几分钟，呼吸新鲜空气，使肌肉、神经、感官等都能得到暂时的松驰；	疲劳时应将车停下，到车外活动几分钟，呼吸新鲜空气，使肌肉、神经、感官等都能得到暂时的松弛；	negative
惟有责任落实，才能工作到位。	唯有责任落实，才能工作到位。	negative
经过执法部门现场检查发现，该场所证照不齐全，生产环境令人膛目结舌，污水横流，苍蝇乱飞，完全不符合《食品安全法》相关要求，现场要求停业整顿，对相关设备张贴封条，予以查封。	经过执法部门现场检查发现，该场所证照不齐全，生产环境令人瞠目结舌，污水横流，苍蝇乱飞，完全不符合《食品安全法》相关要求，现场要求停业整顿，对相关设备张贴封条，予以查封。	negative
1月8日早上7点多，四川内江市东兴区大千路，内江市爱心志愿者协会的志愿者将一碗碗气热腾腾的八宝粥送到环卫工人们手中。	  1月8日早上7点多，四川内江市东兴区大千路，内江市爱心志愿者协会的志愿者将一碗碗热腾腾的八宝粥送到环卫工人们手中。	negative
8、投标申请人除需满足招标公告要求外，还应当满足《中华人民共和国政府采购法》第22条之规定的其他各项条件（投标时提供书面申明函，格式自拟）； 9、本次招标不接受联合体投标； 10、符合相关法律、法规规定的其他要求。	 8、投标申请人除需满足招标公告要求外，还应当满足《中华人民共和国政府采购法》第22条之规定的其他各项条件（投标时提供书面声明函，格式自拟）； 9、本次招标不接受联合体投标； 10、符合相关法律、法规规定的其他要求。	negative
提升的楼面桁架由超大跨度不规则造型楼面桁架及中心的铝构球体构成，在十字交叉处桁架跨度达76米，中心铝构球体直径达33.23米。	提升的楼面桁架由超大跨度不规则造型楼面桁架及中心的铝构球体构成，在十字交叉处桁架跨度达76米，中心铝结构球体直径达33.23米。	negative
他是中国科技界的不朽丰碑  ——中国科协纪念钱学森诞辰一百一十周年座谈会侧记  ◎实习记者 孙 瑜  12月13日，在中国科协召开的纪念钱学森诞辰110周年座谈会上，钱学森之子、钱学森图书馆馆长钱永刚深情忆父亲：“我认为钱学森为什么“能”？	   他是中国科技界的不朽丰碑  ——中国科协纪念钱学森诞辰一百一十周年座谈会侧记  ◎实习记者 孙 瑜  12月13日，在中国科协召开的纪念钱学森诞辰110周年座谈会上，钱学森之子、钱学森图书馆馆长钱永刚深情回忆父亲：“我认为钱学森为什么“能”？	negative
在査阅利用中，与本指南不相符的，以各档案形成部门实时答复为准。	在查阅利用中，与本指南不相符的，以各档案形成部门实时答复为准。	negative
本年度对矿山土地资源及地形地貌景观进行监测，设置地形地貌景观及土地资源监测路线一条，监测路线长度1.862km，采用采用人工巡视，对矿区范围内挖损、压占破坏土地资源，影响地形地貌景观情况进行监测，对各区破坏的土地类型进行实地调查，正常情况下每月监测1次；	本年度对矿山土地资源及地形地貌景观进行监测，设置地形地貌景观及土地资源监测路线一条，监测路线长度1.862km，采用人工巡视，对矿区范围内挖损、压占破坏土地资源，影响地形地貌景观情况进行监测，对各区破坏的土地类型进行实地调查，正常情况下每月监测1次；	negative
二侯靡草死；	二候靡草死；	negative
由沙沟镇党委政府修建的历史老建筑赵家大房现为“蒋义海艺术馆”，而艺术馆大门外的一幅对联引人关注——“义结万民无私则慧，海纳百川有容乃大。	由沙沟镇党委政府修建的历史老建筑赵家大房现为“蒋义海艺术馆”，而艺术馆大门外的一副对联引人关注——“义结万民无私则慧，海纳百川有容乃大。	negative
福建省宁德市霞浦县霞浦县公共资源交易中心地址霞浦县九大馆博物馆一层	福建省宁德市霞浦县公共资源交易中心地址霞浦县九大馆博物馆一层	negative
我们相信，在党和政府的坚强领导下，在社会各方共同关心努力下，我们一定能够早日打羸这场疫情防控阻击战!	我们相信，在党和政府的坚强领导下，在社会各方共同关心努力下，我们一定能够早日打赢这场疫情防控阻击战!	negative
为每个网格配备专门货架，由工作人员将快递从小区大门运送至专门货架，对于封控区楼宇，均有工作人服务上门。	为每个网格配备专门货架，由工作人员将快递从小区大门运送至专门货架，对于封控区楼宇，均有工作人员服务上门。	negative
（注：喷涂颜色可根据须求定制）⑥所有焊接均采用二氧化碳保护焊焊接，表面光滑无气泡，焊接面须打磨无尖角毛刺。	（注：喷涂颜色可根据需求定制）⑥所有焊接均采用二氧化碳保护焊焊接，表面光滑无气泡，焊接面须打磨无尖角毛刺。	negative
一壶清茶，文火漫煎，待岁月入喉，感受建水的闲趣。	一壶清茶，文火慢煎，待岁月入喉，感受建水的闲趣。	negative
项目名称：慈溪市水云浦、镇龙浦两侧促淤工程生态修复-2021年增值放流种苗采购项目	项目名称：慈溪市水云浦、镇龙浦两侧促淤工程生态修复-2021年增殖放流种苗采购项目	negative
若存在违约行为，竞买保证金不予返还，扣除相关费用后上交财政。	若存在违约行为，竞买保证金不予返还，扣除相关费用后上缴财政。	negative
要加强政策宣传，引导居民知悉办证流程，并充分利用各方面渠道向全社会进行广范宣传。	要加强政策宣传，引导居民知悉办证流程，并充分利用各方面渠道向全社会进行广泛宣传。	negative
序号中标（成交）金额(元)中标供应商名称中标供应商地址1最终报价:66000(元)中康重工（浙江）有限公司浙江省缙云县五云街道上上交岭31号103室5最终报价:40320(元)杭州国溯计量技术有限公司杭州市下沙经济开发区10号大街19号歌本创业园505室	序号中标（成交）金额(元)中标供应商名称中标供应商地址1最终报价:66000(元)中康重工（浙江）有限公司浙江省缙云县五云街道上交岭31号103室5最终报价:40320(元)杭州国溯计量技术有限公司杭州市下沙经济开发区10号大街19号歌本创业园505室	negative
其中：人员经费781.00万元，较上年决算数增加46.36万元，增长6.3%，主要原因是新招录教师工资福利及超额绩效、健康修养费提标。	其中：人员经费781.00万元，较上年决算数增加46.36万元，增长6.3%，主要原因是新招录教师工资福利及超额绩效、健康休养费提标。	negative
目前已实现税务部门金三系统、住建部门网签备案系统和省级不动产登记信息平合的互联互通，	目前已实现税务部门金三系统、住建部门网签备案系统和省级不动产登记信息平台的互联互通，	negative
长沙以省会担当率先吹响了一季度项目建设的“冲锋号”，以“踏石留印抓铁有痕”的作风全力冲刺项目建设“开门红”。	长沙以省会担当率先吹响了一季度项目建设的“冲锋号”，以“踏石留印、抓铁有痕”的作风全力冲刺项目建设“开门红”。	negative
小编自己已经再家亲自煲过才会推荐给大家。这里的蜜瓜就是香瓜，	小编自己已经在家亲自煲过才会推荐给大家。这里的蜜瓜就是香瓜，	negative
请投标单位将保证金款项从企业基本账户转入(江西省公共资源交网http://www.jxsggzy.cn/web/，登入交易系统“保证金管理”菜单下“保证金缴纳”模块）交易系统生成的虚拟子账户中，如在保证金缴纳截止时间之前未到账，则投标人的投标无效。	请投标单位将保证金款项从企业基本账户转入(江西省公共资源交易网http://www.jxsggzy.cn/web/，登入交易系统“保证金管理”菜单下“保证金缴纳”模块）交易系统生成的虚拟子账户中，如在保证金缴纳截止时间之前未到账，则投标人的投标无效。	negative
这次“剑指”医美广告，并非打压医美行业，而是整顿医美乱像，有利于行业的“健康整形”。	这次“剑指”医美广告，并非打压医美行业，而是整顿医美乱象，有利于行业的“健康整形”。	negative
孙某在感谢信中说：“祁敬警官一心为民、求真务实的工作作风充份体现了一个民警的工作素质和修养，彰显了人民警察为人民的高贵品质，我为祁敬警官这种一心为民，心装百姓的崇高品质叫好！	孙某在感谢信中说：“祁敬警官一心为民、求真务实的工作作风充分体现了一个民警的工作素质和修养，彰显了人民警察为人民的高贵品质，我为祁敬警官这种一心为民，心装百姓的崇高品质叫好！	negative
走进县直机关入党积极分子暨发展对象培训班，和瑞庭同志用自己的亲生经历为这92名入党积极分子上了一堂深刻的爱国主义教育课。	走进县直机关入党积极分子暨发展对象培训班，和瑞庭同志用自己的亲身经历为这92名入党积极分子上了一堂深刻的爱国主义教育课。	negative
现以完成项目初步设计并通过初步设计评审会议，	现已完成项目初步设计并通过初步设计评审会议，	negative
鼓励资本合规经营发展，运用法治思维法治方式深化改革，推动有效市场和有为政府更好结合，进一步增强投资者的可预期性和稳定性，营造好市场环境，进一步激发各类市场主体活力。	鼓励资本合规经营发展，运用法治思维法治方式深化改革，推动有效市场和有为政府更好结合，进一步增强投资者的可预期性和稳定性，营造良好市场环境，进一步激发各类市场主体活力。	negative
文成县自然资源和规划局不动产系统外网迁移（设备购置购置、机房改造）项目招标项目的潜在投标人应在政采云平台https://www.zcygov.cn/获取（下载）招标文件，	文成县自然资源和规划局不动产系统外网迁移（设备购置、机房改造）项目招标项目的潜在投标人应在政采云平台https://www.zcygov.cn/获取（下载）招标文件，	negative
对新塘边站广播电视工作用房进行修膳加固，在双塔街道城北新区新增一个营业网点，方便用房就近就便办理业务；	对新塘边站广播电视工作用房进行修缮加固，在双塔街道城北新区新增一个营业网点，方便用房就近就便办理业务；	negative
三是强化纪律，严以律已。	三是强化纪律，严以律己。	negative
要保护好自然资源，合理布局生产、生活、生态空间，严格落实生态保护红线、环境质量底线、资源利用上线和生态环境准入清单，统筹山水林田湖草沙整体保护、系统修复、综合治理，建立完善生态价值实现机制，紧扣碳达峰、碳中和目标，推进生产生活方式绿色低碳转型。	要保护好自然资源，合理布局生产、生活、生态空间，严格落实生态保护红线、环境质量底线、资源利用上限和生态环境准入清单，统筹山水林田湖草沙整体保护、系统修复、综合治理，建立完善生态价值实现机制，紧扣碳达峰、碳中和目标，推进生产生活方式绿色低碳转型。	negative
近三年内受过外罚的投标申请人在报名时须主动出示资料，否则一旦被查实，将取消资格。	近三年内受过处罚的投标申请人在报名时须主动出示资料，否则一旦被查实，将取消资格。	negative
不同意拆除位于焦仲青现东院墙南端以南至王孟军南邻北房后墙之间的篱笆墙（用竹杆、石棉瓦、金属网等建造），	不同意拆除位于焦仲青现东院墙南端以南至王孟军南邻北房后墙之间的篱笆墙（用竹竿、石棉瓦、金属网等建造），	negative
坚持把安全风险管控挺在隐患前而，	坚持把安全风险管控挺在隐患前面，	negative
8个多月过去了，乘着地铁去杭州也已经成了不少富阳上班族的日常。	8个多月过去了，乘坐地铁去杭州也已经成了不少富阳上班族的日常。	negative
北京将推出“绿码”服务 个人购房资格可实时查	北京将推出“绿码”服务 个人购房资格可实时查询	negative
活动现场，法律顾问及大闫村委干部现场发放了《老年人权益保护法（节选）》宣传单页等，并向群众普及、解释宣传折页中涉老方面的政策法规，进一步提高老年人自我保护意识，增强老年人的自我保护能力，引起了众多老年人的兴趣和热情。	活动现场，法律顾问及大闫村委干部现场发放了《老年人权益保障法（节选）》宣传单页等，并向群众普及、解释宣传折页中涉老方面的政策法规，进一步提高老年人自我保护意识，增强老年人的自我保护能力，引起了众多老年人的兴趣和热情。	negative
”灵宝烟草局党组书记李致新说。	”灵宝烟草专卖局党组书记李致新说。	negative
加入中国共产党这个先进的政党，不断接受党的教育，提高思想政治觉悟，全心全意为人民服务，为社会主义事业奋斗终身，实现自己的人身价值与社会价值。	加入中国共产党这个先进的政党，不断接受党的教育，提高思想政治觉悟，全心全意为人民服务，为社会主义事业奋斗终身，实现自己的人生价值与社会价值。	negative
他们冒着生命危险，踩在水泥桥的礅子上清理堵塞了涵洞的淤积物时，孙丽美突然被湍急的洪水卷到桥下，河水瞬间没过了她的胸口。	他们冒着生命危险，踩在水泥桥的墩子上清理堵塞了涵洞的淤积物时，孙丽美突然被湍急的洪水卷到桥下，河水瞬间没过了她的胸口。	negative
据透露，该消息最早于字节战投露出，此后相关消息截图被业内人事疯传。	据透露，该消息最早于字节战投露出，此后相关消息截图被业内人士疯传。	negative
专家们指出，想要把小菌种做成大产业，就要从掌控菌种质量入手，让老百姓在产业发展中用上好品种，就要在科技研发、产品销售方面狠下功夫，提高食药用菌的市场价值，进一步延长产业琏。	专家们指出，想要把小菌种做成大产业，就要从掌控菌种质量入手，让老百姓在产业发展中用上好品种，就要在科技研发、产品销售方面狠下功夫，提高食药用菌的市场价值，进一步延长产业链。	negative
3.绩效目标：进一步加快本市出租汽车行业纯电动汽车推广应用，促进出租汽车结构性调整，实现绿色发展，为完成2021年到期报废燃油车辆“油换电”目标任务、打赢污染防治攻坚战奠定坚实基础。	  3.绩效目标：进一步加快本市出租汽车行业纯电动汽车推广应用，促进出租汽车结构性调整，实现绿色发展，为完成2021年到期报废燃油车辆“油换电”目标任务、打好污染防治攻坚战奠定坚实基础。	negative
待一切准备工作就绪后，消防员轻轻靠近这个“不速之客”，利用捕蛇器对蛇进行抓捕，几分钟后成功将蛇捕获并装进了事先准备好的编制袋里，该村民一家才放下心来，连声感谢救援人员。	待一切准备工作就绪后，消防员轻轻靠近这个“不速之客”，利用捕蛇器对蛇进行抓捕，几分钟后成功将蛇捕获并装进了事先准备好的编织袋里，该村民一家才放下心来，连声感谢救援人员。	negative
4、泽普县内陆河防洪工程、大型罐区续建配套于节水改造环境监测及专项验收；	4、泽普县内陆河防洪工程、大型灌区续建配套于节水改造环境监测及专项验收；	negative
问餐具怎么消毒?答煮沸15分钟（从水开算时间）或用84消毒液（如有效氯含量5%，1份84消毒液+99份水）或泡腾片配置消毒液（1片+1000毫升水）浸泡30分钟后用清水漂洗于净。	问餐具怎么消毒?答煮沸15分钟（从水开算时间）或用84消毒液（如有效氯含量5%，1份84消毒液+99份水）或泡腾片配置消毒液（1片+1000毫升水）浸泡30分钟后用清水漂洗干净。	negative
我要打印成都市成华区规划和自然资源局地下管线普査成果更新项目公开招标采购公告pclass="	我要打印成都市成华区规划和自然资源局地下管线普查成果更新项目公开招标采购公告pclass="	negative
督查组按照严和实的要求，开展专项督导考核，坚持运用通报、约谈、警示、曝光等措施，强化督办问效，进一步激励、促进各职能部门树牢红线意识、底线思维，提振势气、提升效能。	督查组按照严和实的要求，开展专项督导考核，坚持运用通报、约谈、警示、曝光等措施，强化督办问效，进一步激励、促进各职能部门树牢红线意识、底线思维，提振士气、提升效能。	negative
八、10:00各代表团第二次会议审议党委报告、纪委工作报告、党费收缴和使用（县委组织部下拔党费）情况报告，并提出意见建议。	八、10:00各代表团第二次会议审议党委报告、纪委工作报告、党费收缴和使用（县委组织部下拨党费）情况报告，并提出意见建议。	negative
如果在其位不勤其政，还做点花架子的事糊弄上级、糊弄百姓，这种庸懒散的干部甚至比贪官更可恶。	如果在其位不谋其政，还做点花架子的事糊弄上级、糊弄百姓，这种庸懒散的干部甚至比贪官更可恶。	negative
被告人的辩解开始变得语无论次，时而称长年在不同的工地打工，记不清了；	被告人的辩解开始变得语无伦次，时而称长年在不同的工地打工，记不清了；	negative
同时，提前派出两个设施维护小组，对全区校园周边交通基础施设进行巡查和维护，共施划、复划中心线354米，斑马线136米，减速线227米，网格线235米，“前方学校”标志牌4组，“注意儿童”标志牌6块，“禁止鸣笛”标志牌5块，“人行横道”标志牌8块。	同时，提前派出两个设施维护小组，对全区校园周边交通基础设施进行巡查和维护，共施划、复划中心线354米，斑马线136米，减速线227米，网格线235米，“前方学校”标志牌4组，“注意儿童”标志牌6块，“禁止鸣笛”标志牌5块，“人行横道”标志牌8块。	negative
9、标段划分：本项目共分为两个标段，标段一是茌平区第四污水厂配套污水官网，控制价：15085059.36元；	9、标段划分：本项目共分为两个标段，标段一是茌平区第四污水厂配套污水管网，控制价：15085059.36元；	negative
截至目前，全县各级纪检监察机关查处群众身边腐败和不生之风问题9起13人。	截至目前，全县各级纪检监察机关查处群众身边腐败和不正之风问题9起13人。	negative
四川省广安市岳池县岳池县住房和城乡建设局岳池县林角大道（广岳大道至银城大道）道路及管网新建工程等5个项目编制桥梁行洪论证采购项目竞争性磋商采购公告	四川省广安市岳池县住房和城乡建设局岳池县林角大道（广岳大道至银城大道）道路及管网新建工程等5个项目编制桥梁行洪论证采购项目竞争性磋商采购公告	negative
他指出，让人民群众过上幸福生活，是我们党百年来的执着追求，我们要不忘初心、牢记使命，一代接着一代干。	他指出，让人民群众过上幸福生活，是我们党百年来的执着追求，我们要“不忘初心、牢记使命”，一代接着一代干。	negative
向云星主动承担起每日到营业厅值班的任务，由于她家住湘东区，疫情期间公交停运，她索性带上泡面干粮住在宿舍，在疫情防控最严竣的春节期间连续34天坚守岗位，处理居民业扩新装、线上办电的流程，协助办理故障换表。	向云星主动承担起每日到营业厅值班的任务，由于她家住湘东区，疫情期间公交停运，她索性带上泡面干粮住在宿舍，在疫情防控最严峻的春节期间连续34天坚守岗位，处理居民业扩新装、线上办电的流程，协助办理故障换表。	negative
参加培训的人民陪审员纷纷表示，通过培训，进一步提高了理论素质与业务能力，在今后的工作中中将加强法律法规知识的学习，充分发挥人民陪审员的作用，更好的服务于司法审判工作。	参加培训的人民陪审员纷纷表示，通过培训，进一步提高了理论素质与业务能力，在今后的工作中将加强法律法规知识的学习，充分发挥人民陪审员的作用，更好的服务于司法审判工作。	negative
创造自己的人性价值。“请问您是本机号码的机主吗？	创造自己的人生价值。“请问您是本机号码的机主吗？	negative
根据“互联网+监管”平台数据信息共建共享操作指南，规范地完成相关数据收集、录入、管理等工作，适时对相关工作人员进性技术培训，在全县范围内试运行应用“互联网+监管”平台。	根据“互联网+监管”平台数据信息共建共享操作指南，规范地完成相关数据收集、录入、管理等工作，适时对相关工作人员进行技术培训，在全县范围内试运行应用“互联网+监管”平台。	negative
第第七十二条第一款、第七十三条第二款、第三款的规定，	第七十二条第一款、第七十三条第二款、第三款的规定，	negative
1949年6月10日，经中央批准，上海市军管会周密部署，一举査封了证券大楼，将投机商200余人逮捕法办。	1949年6月10日，经中央批准，上海市军管会周密部署，一举查封了证券大楼，将投机商200余人逮捕法办。	negative
注：（1）供应商应在竞争性磋商文件领取取时间内登录聊城市公共资源交易网站电子交易平台领取竞争性磋商文件，逾期将无法领取。	注：（1）供应商应在竞争性磋商文件领取时间内登录聊城市公共资源交易网站电子交易平台领取竞争性磋商文件，逾期将无法领取。	negative
湖北文理学院累计有65名本科毕业生就职于该公司，该公司有115名员工完成了湖北文理学院专升本学力提升。	湖北文理学院累计有65名本科毕业生就职于该公司，该公司有115名员工完成了湖北文理学院专升本学历提升。	negative
盐城市盐都区大纵湖卫生院全院医疗设备整体维保服务竟争性磋商公告	盐城市盐都区大纵湖卫生院全院医疗设备整体维保服务竞争性磋商公告	negative
试点• “微治理”  上海市公安局青浦分局徐乐路派出所搭建“微治理平台”，建立居委会、业委会、居民、行业、场所等多方共同参与与治理的联动模式。	试点• “微治理”  上海市公安局青浦分局徐乐路派出所搭建“微治理平台”，建立居委会、业委会、居民、行业、场所等多方共同参治理的联动模式。	negative
扎实开展安全生产、生态环境、防汛抗旱等领域问题问题排查整改清零行动，坚决守住安全底线，全力保障广大群众生命财产安全。	扎实开展安全生产、生态环境、防汛抗旱等领域问题排查整改清零行动，坚决守住安全底线，全力保障广大群众生命财产安全。	negative
现在，户籍民警利用休息时间整理出包括出生、死亡、迁入等常见户籍业务所需材料，形成告知单，张贴在户籍大厅醒目位置，一目了解。	现在，户籍民警利用休息时间整理出包括出生、死亡、迁入等常见户籍业务所需材料，形成告知单，张贴在户籍大厅醒目位置，一目了然。	negative
最后，双方就两地民宗工作进行座谈交流，考察组对南通宗教活动场所中国化建设给予了充分肯定，希望两地进一步加强交流与学习，推动民宗工作再向新台阶。	最后，双方就两地民众工作进行座谈交流，考察组对南通宗教活动场所中国化建设给予了充分肯定，希望两地进一步加强交流与学习，推动民众工作再向新台阶。	negative
b.系统或网络故障在三个小时内未能排除的，项目暂停开标，并在江西省共资源交易网、吉安政府采购网等网站发布暂停通告，待系统恢复后另行通知开标。	 b.系统或网络故障在三个小时内未能排除的，项目暂停开标，并在江西省公共资源交易网、吉安政府采购网等网站发布暂停通告，待系统恢复后另行通知开标。	negative
依照《中华人民共和国民事讼诉法》第一百四十三条、第一百五十四条第一款第十一项规定，裁定如下：本案按撤诉处理。	依照《中华人民共和国民事诉讼法》第一百四十三条、第一百五十四条第一款第十一项规定，裁定如下：本案按撤诉处理。	negative
我为群众办实事丨借鉴“枫桥经验”，政和县检察院发挥公益诉讼职能守	我为群众办实事丨借鉴“枫桥经验”，政和县检察院发挥公益诉讼职能	negative
要紧扣县委战略部署和目标任务，明确分工，细化责任，全局上下要不折不扣落实到位，坚持“迎难而上、破题攻坚”的力度，展示奋发作为的责任感，在迎难而上中想新招，在攻坚克难中出实策，坚定不移创建国家全域旅游示范县，为我县奋力推进“三三“战略提供强有力之撑。	要紧扣县委战略部署和目标任务，明确分工，细化责任，全局上下要不折不扣落实到位，坚持“迎难而上、破题攻坚”的力度，展示奋发作为的责任感，在迎难而上中想新招，在攻坚克难中出实策，坚定不移创建国家全域旅游示范县，为我县奋力推进“三三“战略提供强有力支撑。	negative
近日，安徽省发改革委要求各地做好中小学课后服务收费标准核定等工作，切实保障中小学课后服务工作有效开展。	近日，安徽省发改委要求各地做好中小学课后服务收费标准核定等工作，切实保障中小学课后服务工作有效开展。	negative
卤香味浓不会压的很耙，	卤香味浓不会压得很耙，	negative
同时，创新建立“亮灯模式”“你码上说、我马上办”“小事小解决”“大事大解决”“道德红黑榜”等网格管理服务方法，确保小事不出村、大事不出镇、矛盾不上交，乡风民风得到了较大改善。	同时，创新建立“亮灯模式”“你马上说、我马上办”“小事小解决”“大事大解决”“道德红黑榜”等网格管理服务方法，确保小事不出村、大事不出镇、矛盾不上交，乡风民风得到了较大改善。	negative
牢记“天上不会掉陷饼"，不听不信不转账，看紧捂住“钱袋子”，增强安全防范意识，切实保护个人财产安全。	牢记“天上不会掉馅饼"，不听不信不转账，看紧捂住“钱袋子”，增强安全防范意识，切实保护个人财产安全。	negative
讲话用学生喜门乐见的方式精心准备课件，	讲话用学生喜闻乐见的方式精心准备课件，	negative
8、睡眠模式可实现温度的平稳过度如果睡觉前空调温度设置得比较低，睡觉时可以启动空调睡眠模式，此时空调每1-2小时会升高1℃，直到达到预设温度，实现温度的平稳过度。	8、睡眠模式可实现温度的平稳过渡如果睡觉前空调温度设置得比较低，睡觉时可以启动空调睡眠模式，此时空调每1-2小时会升高1℃，直到达到预设温度，实现温度的平稳过渡。	negative
村会记做过一个统计：目前，小李庄240户，已拥有大屏幕彩电360多台，按人头平均都算得上一人一台半了。	村会计做过一个统计：目前，小李庄240户，已拥有大屏幕彩电360多台，按人头平均都算得上一人一台半了。	negative
每日坚持组织出早操、单双杠、单个警察队列等训练，开展有宜身心的体育活动，进一步提高封闭备勤民警职工队伍的战斗力和凝聚力、警体素质、机体免疫力，为扎实推进队伍教育整顿和开展队伍大练兵活动提供了有力保障。	每日坚持组织出早操、单双杠、单个警察队列等训练，开展有益身心的体育活动，进一步提高封闭备勤民警职工队伍的战斗力和凝聚力、警体素质、机体免疫力，为扎实推进队伍教育整顿和开展队伍大练兵活动提供了有力保障。	negative
本次交接现场除遗骸外，摆有钢笔、战靴靴底板、毛主席徽章、抗美援朝纪念勋章等遗物，现场还发现了印有“洪齐”名字的暗号字条。	本次交接现场除遗骸外，摆有钢笔、战靴底板、毛主席徽章、抗美援朝纪念勋章等遗物，现场还发现了印有“洪齐”名字的暗号字条。	negative
筹备庆祝中国共产党成立100年汇演，	筹备庆祝中国共产党成立100周年汇演，	negative
案例3： 轻型厢式货车严重超员，驾驶员、车主均构成危险驾驶罪，判处判处拘役一个月并处罚金5000元。	案例3： 轻型厢式货车严重超员，驾驶员、车主均构成危险驾驶罪，判处拘役一个月并处罚金5000元。	negative
嗓音空灵又悠远，高音听得令人心酥～  ​ ​​	嗓音空灵又悠远，高音听得令人心醉～  ​ ​​	negative
但是“法伦功”邪教却处心积虑地把罪恶的黑手伸向少年儿童，玷污孩子的心灵，摧残孩子的身体，吞噬孩子的生命。	但是“法轮功”邪教却处心积虑地把罪恶的黑手伸向少年儿童，玷污孩子的心灵，摧残孩子的身体，吞噬孩子的生命。	negative
为了给幼儿上好开开学第一课，教师做了充分的准备，为幼儿遴选学习安全内容、一日生活习惯内容、生活习惯篇，内容涵盖了幼儿入园的习惯适应、安全注意事项、安全常识、教室安全排查和我的幼儿园生活等等。	为了给幼儿上好开学第一课，教师做了充分的准备，为幼儿遴选学习安全内容、一日生活习惯内容、生活习惯篇，内容涵盖了幼儿入园的习惯适应、安全注意事项、安全常识、教室安全排查和我的幼儿园生活等等。	negative
有村民认为雨后水浑浊很正常，但朱双全凭着培训了解的知识和工作经验，感受到了不详的苗头，“上午巡查时水塘的水还是清的，下午就变浑了，不对劲！	有村民认为雨后水浑浊很正常，但朱双全凭着培训了解的知识和工作经验，感受到了不祥的苗头，“上午巡查时水塘的水还是清的，下午就变浑了，不对劲！	negative
在讲话中，习总书记提出了号召，牢记初心使命，坚定理想信念，饯行党的宗旨，同人民想在一起，干在一起，为实现人民对美好生活的向往，努力为党和人民争取更大光荣。	在讲话中，习总书记提出了号召，牢记初心使命，坚定理想信念，践行党的宗旨，同人民想在一起，干在一起，为实现人民对美好生活的向往，努力为党和人民争取更大光荣。	negative
静普线“静普线”是静安区与普陀区两区行政区域界线的简称，由南至北整体成弧型。	静普线“静普线”是静安区与普陀区两区行政区域界线的简称，由南至北整体成弧形。	negative
切实发挥信访反向规制作用，把信访案件、信访问题作为考核法官的重要内容，实现信访案件管理系统与审判流程管理、执行流程管理、档案管理系统衔接融合，自动关联案件，分析信访原因，有错必究，有责必问。	切实发挥信访反向规制作用，把信访案件、信访问题作为考核法官的重要内容，实现信访案件管理系统与审判流程管理、执行流程管理、档案管理系统衔接融合，自动关联案件，分析信访原因，有错必纠，有责必问。	negative
让我们平衡心续静待秋凉吧！	让我们平衡心绪静待秋凉吧！	negative
与上年对比增加1084.74万元、上升232.45%，主要原因分析为本年增加其他扶贫项目收入较多，如易地扶贫偿债准备金、大理浦发扶贫项目政府购买服务资金、脱贫攻坚宣传资金、易地搬迁搬迁项目贷款利息等收入。	与上年对比增加1084.74万元、上升232.45%，主要原因分析为本年增加其他扶贫项目收入较多，如易地扶贫偿债准备金、大理浦发扶贫项目政府购买服务资金、脱贫攻坚宣传资金、易地搬迁项目贷款利息等收入。	negative
做强高端装备制造业、打造全链条电子信息业、培育壮大战略新兴产业、大力发展现代服务业，县域生态经济蓬勃发展，跻身全国县域经济、县域综合发展第4位、第5位，成为中西部县域经济发展的标杆。	做强高端装备制造业、打造全链条电子信息产业、培育壮大战略新兴产业、大力发展现代服务业，县域生态经济蓬勃发展，跻身全国县域经济、县域综合发展第4位、第5位，成为中西部县域经济发展的标杆。	negative
违反了《重庆市天然气管理条例》第四十条条第三款的规定，依据《重庆市天然气管理条例》第六十条第二款的规定予以行政处罚。	违反了《重庆市天然气管理条例》第四十条第三款的规定，依据《重庆市天然气管理条例》第六十条第二款的规定予以行政处罚。	negative
（三）实施城市能级提升战略，着力提升城市品质形象，为加快建设现代化、国际化美丽省会城市提供重要载体坚定不移推进城市拥河发展，树立洁净、秩序、文明、美丽理念，拓展优化生产生活生态空间，不断提升城市承载能力和服务功能，打造有靓度、有高度、有温度的幸福美丽家园。	（三）实施城市能级提升战略，着力提升城市品质形象，为加快建设现代化、国际化美丽省会城市提供重要载体坚定不移推进城市拥河发展，树立洁净、秩序、文明、美丽理念，拓展优化生产生活生态空间，不断提升城市承载能力和服务功能，打造有进度、有高度、有温度的幸福美丽家园。	negative
五马村宣传预防地址灾害	五马村宣传预防地质灾害	negative
继续发扬不畏坚难、顽强拼博的前岐革命老区精神，	继续发扬不畏艰难、顽强拼博的前岐革命老区精神，	negative
四、注意事项（一）紫玛街道清泉社区8月27日中午12时起至完成核酸采样前，对清泉社区幸福家园道路、隔离酒店道路、县医院附近部分道路实行交通管控，原则上只进不岀，请各位居民提前储备好一定数量的生活物资。	四、注意事项（一）紫玛街道清泉社区8月27日中午12时起至完成核酸采样前，对清泉社区幸福家园道路、隔离酒店道路、县医院附近部分道路实行交通管控，原则上只进不出，请各位居民提前储备好一定数量的生活物资。	negative
这可能会给培训行业带翻天覆地的变化。	这可能会给培训行业带来翻天覆地的变化。	negative
把中心所在、大局所需与各自所长有机结合起来，	把重心所在、大局所需与各自所长有机结合起来，	negative
政府相关部门将以办好代表建议为为契机，改革创新为抓手，以产城融合发展为目标，以机制创新为保障，落细落实促进医药健康产业跨越发展的各项措施，推动“健康产业”与“健康城市”共创共建，推动全市大健康产业各领域协调发展。	政府相关部门将以办好代表建议为契机，改革创新为抓手，以产城融合发展为目标，以机制创新为保障，落细落实促进医药健康产业跨越发展的各项措施，推动“健康产业”与“健康城市”共创共建，推动全市大健康产业各领域协调发展。	negative
安全意识层面：近年来，技术进步在带来金融创新、服务升级的同时，也滋生了非法集资、非法盗用、非法采集信息等乱象，消费者在开展消费和参与金融活动的过程中，逐渐将将人身安全、财产安全和信息安全放在首要位置。	  安全意识层面：近年来，技术进步在带来金融创新、服务升级的同时，也滋生了非法集资、非法盗用、非法采集信息等乱象，消费者在开展消费和参与金融活动的过程中，逐渐将人身安全、财产安全和信息安全放在首要位置。	negative
第二十五条 市、区县（自治县）人民政府设立的公共图书馆应当开设无障碍阅览室，推动图书数字化建设，为残疾人、老年人等社会成员提供盲文读物、有声读物和无障碍信息检索设备。	  第二十五条 市、区县（自治县）人民政府设立的公共图书馆应当开设无障碍阅览室，推动图书馆数字化建设，为残疾人、老年人等社会成员提供盲文读物、有声读物和无障碍信息检索设备。	negative
绿色石化产业集群，上游依托中海油湛江分公司，下游引进石化产业类项目15个，中石化、巴斯夫、法液空、茂华实华、利柏特等知名石化企业，逐步形成以石油开采—石油炼化—精细化工全产业链。	绿色石化产业集群，上游依托中海油湛江分公司，下游引进石化产业类项目15个，中石化、巴斯夫、法液空、茂化实华、利柏特等知名石化企业，逐步形成以石油开采—石油炼化—精细化工全产业链。	negative
发来刘女士的银行卡消费信息及自身警官证待取得刘女士信任后便问刘女士名下的银行卡数及余额由于心里恐惧刘女士和盘托出自己的积蓄并按照对方指示拿上所有银行卡兜转到小区附近一处偏僻草地进行“秘密”	发来刘女士的银行卡消费信息及自身警官证待取得刘女士信任后便问刘女士名下的银行卡数及余额由于心里恐惧刘女士和盘托出自己的积蓄并按照对方指示拿上所有银行卡都转到小区附近一处偏僻草地进行“秘密”	negative
加强行业监管力度，严把林业审批关口，严格控制乱砍滥发、非法征占用林地，强化野生动物保护和森林防火巡查力度，依法打击破坏森林资源违法活动。	加强行业监管力度，严把林业审批关口，严格控制乱砍滥伐、非法征占用林地，强化野生动物保护和森林防火巡查力度，依法打击破坏森林资源违法活动。	negative
2.职责：贯彻执行党中央、国务院对台工作的方针政策和市委、市政府决策部署，组织、指导、管理、协调全市对台工作；制定对台工作规划，研究政策问题，提出意见和建议；负责起草地方法规、规章草案并组织实施；负责本市对台交流往来、对台经济工作、对台宣传等工作。	  2.职责：贯彻执行党中央、国务院对台工作的方针政策和市委、市政府决策部署，组织、指导、管理、协调全市对台工作；制定对台工作规划，研究政策问题，提出意见和建议；负责起草地方性法规、规章草案并组织实施；负责本市对台交流往来、对台经济工作、对台宣传等工作。	negative
”提到这，吴谢宇开始痛苦流涕。	”提到这，吴谢宇开始痛哭流涕。	negative
地点：京市密云区阳光街383号密云区医院行政楼一层会议室（接待室）	地点：北京市密云区阳光街383号密云区医院行政楼一层会议室（接待室）	negative
在全市首家推行执行案款直发流程，通过源头治理、分类处置、边清边发，有序推进执行案款清理工作。	在全市首家推行执行案款执法流程，通过源头治理、分类处置、边清边发，有序推进执行案款清理工作。	negative
前两天，三点红还专门请她去试什锦菜的口味，“我建议他们，多加点胡萝卜丝和荠菜，色彩鲜艳一点，过年嘛，不就就是图个喜气！	    前两天，三点红还专门请她去试什锦菜的口味，“我建议他们，多加点胡萝卜丝和荠菜，色彩鲜艳一点，过年嘛，不就是图个喜气！	negative
创新塔建环境眼AI感知、环境码全面体检、环境芯智能分析、环境链协同治理等“四位一体”数字化综合应用系统，实现生态环境监管整治智慧智能、无缝闭环、高效协同。	创新搭建环境眼AI感知、环境码全面体检、环境芯智能分析、环境链协同治理等“四位一体”数字化综合应用系统，实现生态环境监管整治智慧智能、无缝闭环、高效协同。	negative
市政协十五届一次会议主席团常务主席段发达、陈红兵、满开清、冉清、杜萍、李晓、全武、马跃祥、刘海云、郭统骏在主席台前排就坐，陈红兵主持大会。	市政协十五届一次会议主席团常务主席段发达、陈红兵、满开清、冉清、杜萍、李晓、全武、马跃祥、刘海云、郭统骏在主席台前排就座，陈红兵主持大会。	negative
我院通过内外联动，不断强化公开听证宣传公作，充分利用检察门户网站和“两微一端”新媒体等渠道对公开听证工作相关情况进行宣传，同时积极与主流媒体协作、向各级各类新闻媒体投稿，着力向社会公众传递检察力度、温度，提升群众对检察机关工作的知晓度、满意度。	我院通过内外联动，不断强化公开听证宣传工作，充分利用检察门户网站和“两微一端”新媒体等渠道对公开听证工作相关情况进行宣传，同时积极与主流媒体协作、向各级各类新闻媒体投稿，着力向社会公众传递检察力度、温度，提升群众对检察机关工作的知晓度、满意度。	negative
其他情况说明：我公司场区内不存在安全生产非法违法行为。	其他情况说明：我公司厂区内不存在安全生产非法违法行为。	negative
揚州市召開第十七場新冠肺炎疫情防控新聞發布會向定點醫療机构首批預付1億元滿足市民日常就診所需	揚州市召开第十七場新冠肺炎疫情防控新聞發布會向定點醫療机构首批預付1億元滿足市民日常就診所需	negative
图｜参观园区目前，佳木斯天润产业园区已签约意向入住企业8家，其中生产经营型企业3家，物流企业4家，酒店经营企业1家，园区的集聚效应逐步显现。	图｜参观园区目前，佳木斯天润产业园区已签约意向入驻企业8家，其中生产经营型企业3家，物流企业4家，酒店经营企业1家，园区的集聚效应逐步显现。	negative
调查组认定，震兴武馆违法组织在校中小学生开展武术培训， 未依法办理办学许可证；未落实消防安全主体责任，对有关部门 和单位检查指出的火灾隐患没有及时整改；火灾发生后，没有及时报警，组织学员疏散不力。	  调查组认定，震兴武馆违法组织在校中小学生开展武术培训， 未依法办理办学许可证；未落实消防安全主体责任，对有关部门和单位检查指出的火灾隐患没有及时整改；火灾发生后，没有及时报警，组织学员疏散不力。	negative
此次高海拔驻训驻训队还完成了对石卡雪山、 哈巴雪山、玉龙雪山3个实训基地规范、专业、系统分级训练考察等内容。	此次高海拔驻训队还完成了对石卡雪山、 哈巴雪山、玉龙雪山3个实训基地规范、专业、系统分级训练考察等内容。	negative
华盖指的是黄帝车上的伞盖。	华盖指的是皇帝车上的伞盖。	negative
过去，当事人或委托代理人、律师、法院需要需要带着身份证、营业执照到窗口查询企业信息，今后，企业查询相关档案，不用再跑腿，点击鼠标就行。	过去，当事人或委托代理人、律师、法院需要带着身份证、营业执照到窗口查询企业信息，今后，企业查询相关档案，不用再跑腿，点击鼠标就行。	negative
不发分子冒充流调工作者通过发送不明木马链接、兜售特效药、拉入各种群刷单等形式骗取受害人钱款。	不法分子冒充流调工作者通过发送不明木马链接、兜售特效药、拉入各种群刷单等形式骗取受害人钱款。	negative
地址：江西省南昌市西湖区沿江南大道1299号力高滨江囯际花园1号写字楼一单pstyle="	地址：江西省南昌市西湖区沿江南大道1299号力高滨江国际花园1号写字楼一单pstyle="	negative
要立鸿鹄之志，做奋斗者，让青春焕发绚丽风彩；	要立鸿鹄之志，做奋斗者，让青春焕发绚丽风采；	negative
十三五期间，全市产业和信息化领域发布实施地方标准105项，约占期间发布实施地方标准数量的四分之一。	“十三五”期间，全市产业和信息化领域发布实施地方标准105项，约占期间发布实施地方标准数量的四分之一。	negative
-06 15:002021-09-06 16:003（2021）粤0608刑初474号强奸罪[被告人]周世锋第一审判庭/大/刑事刑事审判庭仇文华刘忆红2021-09-06 15:002021-09-06 15:504（2021）粤0608刑初472号诈骗罪	-06 15:002021-09-06 16:003（2021）粤0608刑初474号强奸罪[被告人]周世锋第一审判庭/大/刑事审判庭仇文华刘忆红2021-09-06 15:002021-09-06 15:504（2021）粤0608刑初472号诈骗罪	negative
在宿迁高新区的发展里程中，党的建设始终是一面高扬的旗帜。	在宿迁高新区的发展历程中，党的建设始终是一面高扬的旗帜。	negative
吹着渤海的风踏着海岛的白沙与细浪将彼此的手放在心爱人的手掌游艇承载两个两个相爱的人海岛将两颗相爱的心系在一起来源：魅力三岛温馨提示：安全出行市民游客出游意愿强烈，但目前仍处于疫情常态化防控阶段。	吹着渤海的风踏着海岛的白沙与细浪将彼此的手放在心爱人的手掌游艇承载两个相爱的人海岛将两颗相爱的心系在一起来源：魅力三岛温馨提示：安全出行市民游客出游意愿强烈，但目前仍处于疫情常态化防控阶段。	negative
收到商务印书馆赠送的《徐志摩全集》（以下简称北京商务版），我真真是爱不释手，用了两周多的时间，从头至尾翻阅了一遍。	  收到商务印书馆赠送的《徐志摩全集》（以下简称北京商务版），我真是爱不释手，用了两周多的时间，从头至尾翻阅了一遍。	negative
在袅袅的禅音和清雅的环境中，原本浮躁的心不由安静下来，写下几行经文，细品茶香，生命中久伟的幸福感油然在心田，像莲花静静绽放。	在袅袅的禅音和清雅的环境中，原本浮躁的心不由安静下来，写下几行经文，细品茶香，生命中久违的幸福感油然在心田，像莲花静静绽放。	negative
督导落实整改。薛镇派出所民辅警警主动放弃周末休息时间，	督导落实整改。薛镇派出所民辅警主动放弃周末休息时间，	negative
内置2台跟踪清摄像机，不低于213万像素，1/2.8英寸CMOS，支持1080P 60fps视频图像采集。	内置2台跟踪高清摄像机，不低于213万像素，1/2.8英寸CMOS，支持1080P 60fps视频图像采集。	negative
#闽检分享#【普法宣传丨开学在即，纳入新修订《未成年人保护法》的强制报告制度制度，请知悉！	#闽检分享#【普法宣传丨开学在即，纳入新修订《未成年人保护法》的强制报告制度，请知悉！	negative
惠安县将继续深入开展山海协作对口帮扶，一如即往地支持光泽建设，希望双方充分发挥各自优势，不断深化合作层次，拓展山海协作的内容和领域，实现优势互补、互惠发展。	惠安县将继续深入开展山海协作对口帮扶，一如既往地支持光泽建设，希望双方充分发挥各自优势，不断深化合作层次，拓展山海协作的内容和领域，实现优势互补、互惠发展。	negative
提醒广大单身青年工作之于多学习，多参加社会公益活动，谨防网络诈骗，同时也警示刚踏入社会的年轻人应聘时，要提高警惕，不要误入诈骗集团。	提醒广大单身青年工作之余多学习，多参加社会公益活动，谨防网络诈骗，同时也警示刚踏入社会的年轻人应聘时，要提高警惕，不要误入诈骗集团。	negative
上幼儿园能带妈妈一起吗？上小学能不能带恐龙玩具？老师会不会很凶？才进入幼儿园和小学的小小朋友~你是否有很多的问号？不要担心！	上幼儿园能带妈妈一起吗？上小学能不能带恐龙玩具？老师会不会很凶？才进入幼儿园和小学的小朋友~你是否有很多的问号？不要担心！	negative
法有效的市政公用工程施工总承包三级及以上资质【参照建筑业企业资质管理规定和资质标准实施意见（建市[2015]20号）、建筑业企业资质标准（建市[2014]159号）、《住房城乡建设部关于建筑业企业资质资质管理有关问题的通知》（建市[2015]154号）】，	法有效的市政公用工程施工总承包三级及以上资质【参照建筑业企业资质管理规定和资质标准实施意见（建市[2015]20号）、建筑业企业资质标准（建市[2014]159号）、《住房城乡建设部关于建筑业企业资质管理有关问题的通知》（建市[2015]154号）】，	negative
努力提升人民人民群众的幸福感、获得感和安全感。	努力提升人民群众的幸福感、获得感和安全感。	negative
中共中央臺灣工作辦公室、國務院臺灣事務辦公室	中共中央臺灣工作办公室、國務院臺灣事務办公室	negative
家访前期，充分与家长沟通，选择事宜时机前往；	家访前期，充分与家长沟通，选择适宜时机前往；	negative
烟灰缸：每日清洗二次，缸内烟帝不超过4支，保持表面干净、光亮。	 烟灰缸：每日清洗二次，缸内烟蒂不超过4支，保持表面干净、光亮。	negative
作为一个侦查员，她虚心向经验丰富的同事学习，努力做好自己份内的事。	作为一个侦查员，她虚心向经验丰富的同事学习，努力做好自己分内的事。	negative
我局将依托依托各镇（街道）社会救助“一门受理，	我局将依托各镇（街道）社会救助“一门受理，	negative
①发热（体温体温≥37.3℃）	①发热（体温≥37.3℃）	negative
民警赶到现场时发现仅驾驶驾驶员受了轻微伤，乘车人员受到小面积擦伤。	民警赶到现场时发现仅驾驶员受了轻微伤，乘车人员受到小面积擦伤。	negative
做到无人值守 2.具有按顺序开启/关闭16路受控设备电源 3.关机后后排输出插座可完全断电 4.本机输出总容达4.5KW 5.具有短路信号激活功能 6.定时器控制信号：AC 220V 10mA 7.控电源插座输出容：电源输入总容量：AC220V 12A	做到无人值守 2.具有按顺序开启/关闭16路受控设备电源 3.关机后排输出插座可完全断电 4.本机输出总容达4.5KW 5.具有短路信号激活功能 6.定时器控制信号：AC 220V 10mA 7.控电源插座输出容：电源输入总容量：AC220V 12A	negative
助力长沙成功创建国家食品食品安全示范城市	助力长沙成功创建国家食品安全示范城市	negative
湖南省湘西土家族苗族自治州永顺县灵溪镇河西南路10浩门面（消防队对面）	湖南省湘西土家族苗族自治州永顺县灵溪镇河西南路10号门面（消防队对面）	negative
己具备破产原因，	已具备破产原因，	negative
农业农业部举办庆祝建党百年农业农村成就展，	农业部举办庆祝建党百年农业农村成就展，	negative
★★★★★在各讨论现场，与会代表们针对事关全区经济社会发展的热点、难点问题和人民群众关心、关注的问题各抒已见，畅所欲言，积极建言献策，现场气氛热烈。	★★★★★在各讨论现场，与会代表们针对事关全区经济社会发展的热点、难点问题和人民群众关心、关注的问题各抒己见，畅所欲言，积极建言献策，现场气氛热烈。	negative
湖北工业大学艺术设计系党总支书记曹秀实介绍，学院的教职工平时忙于工作，很少有时间能和能孩子一起参加活动。	  湖北工业大学艺术设计系党总支书记曹秀实介绍，学院的教职工平时忙于工作，很少有时间能和孩子一起参加活动。	negative
‍‍　　对连续发生的两起盗窃案件，辛安泉派出所以规范涉企案件办理，强化涉企予盾纠纷化解，维护正常生产秩序为出发点，快速办理，震慑违法犯罪，现对违法嫌疑人王某贤、白某珍(女)依法处以行政拘留伍日的处罚。	‍‍　　对连续发生的两起盗窃案件，辛安泉派出所以规范涉企案件办理，强化涉企矛盾纠纷化解，维护正常生产秩序为出发点，快速办理，震慑违法犯罪，现对违法嫌疑人王某贤、白某珍(女)依法处以行政拘留伍日的处罚。	negative
随及也被辞退，	随即也被辞退，	negative
真正成为成为组工业务的“政策通”	真正成为组工业务的“政策通”	negative
警方提醒 在微信上热聊的美女 三翻四次要钱 一约见面就百般推辞？ 小心！	警方提醒 在微信上热聊的美女 三番四次要钱 一约见面就百般推辞？ 小心！	negative
安全生产费用提取、使用和监督管理的具体办法由国务院财政部门会同国务院应急管理部门部门征求国务院有关部门意见后制定。	安全生产费用提取、使用和监督管理的具体办法由国务院财政部门会同国务院应急管理部门征求国务院有关部门意见后制定。	negative
接种注意事项：去哪里接种疫苗？接照就近接种的原则，尽早（一定要有监护人陪同）到就近的新冠疫苗接种点接种疫苗。	接种注意事项：去哪里接种疫苗？按照就近接种的原则，尽早（一定要有监护人陪同）到就近的新冠疫苗接种点接种疫苗。	negative
童世界既无核心IP，又未迎合文化市场需求积极调整战略，造成文旅地产价格冰点倒挂，越卖越便宜，从上万元降至内部的2000元每平米，文旅城项目已到了举步为坚的地步。	童世界既无核心IP，又未迎合文化市场需求积极调整战略，造成文旅地产价格冰点倒挂，越卖越便宜，从上万元降至内部的2000元每平米，文旅城项目已到了举步维艰的地步。	negative
气候变化需要全球团结一心、携手应对。希望《联合国气候变z化框架公约》第二十六次缔约方大会发出坚定维护多边主义、尊重多边规则、促进气候行动的强有力政治信号，	气候变化需要全球团结一心、携手应对。希望《联合国气候变化框架公约》第二十六次缔约方大会发出坚定维护多边主义、尊重多边规则、促进气候行动的强有力政治信号，	negative
热心公益不记得失宝坻小伙总干“傻事”今年30岁的李伟，是宝坻区牛道口镇沟头村一名农村小伙子，他自从24岁开始参加公益志愿活动，如今已是第七个年头。	热心公益不计得失宝坻小伙总干“傻事”今年30岁的李伟，是宝坻区牛道口镇沟头村一名农村小伙子，他自从24岁开始参加公益志愿活动，如今已是第七个年头。	negative
）10台28002800012其他材质架类音箱壁挂支架单10寸、12寸、15寸音箱音箱壁挂式支架，	）10台28002800012其他材质架类音箱壁挂支架单10寸、12寸、15寸音箱壁挂式支架，	negative
我须高度机动，要选好向北发展的路线，先机夺人。	我须高度机动，要选好向北发展的路线，先声夺人。	negative
公共资源网上交易系统（http://117.187.102.28:8091/TPBidder/memberLogin）下载 方式方式：  黔东南州公共资源网上交易系统（http://117.187.102.28:8091/TPBidder/memberLo	公共资源网上交易系统（http://117.187.102.28:8091/TPBidder/memberLogin）下载 方式：  黔东南州公共资源网上交易系统（http://117.187.102.28:8091/TPBidder/memberLo	negative
”  近年来，青野五音戏剧团不断创作，将传统文化融入精神文明建设，十九大精神、移风易俗、扫黑除恶等新精神、新理念融入剧目。	”  近年来，青野五音戏剧团不断创作，将传统文化融入精神文明建设，党的十九大精神、移风易俗、扫黑除恶等新精神、新理念融入剧目。	negative
深圳市儿童医院儿童医院垃圾分类示范医院创建服务项目公开招标公告	深圳市儿童医院垃圾分类示范医院创建服务项目公开招标公告	negative
秦岭卫星遥感综合监测服务平台建设与应用项目二期招标项目潜在的投标人可在西安市高新二路2号山西证劵大厦21层办公室获取招标文件，并于2021-09-2309:30:00前递交投标文件。	秦岭卫星遥感综合监测服务平台建设与应用项目二期招标项目潜在的投标人可在西安市高新二路2号山西证券大厦21层办公室获取招标文件，并于2021-09-2309:30:00前递交投标文件。	negative
加强药品供应管理，突出抓好用药用耗规范，坚决把不合理的费用降下来。	加强药品供应管理，突出抓好用药用好规范，坚决把不合理的费用降下来。	negative
双人小圆桌，情侣相约来这里这里再适合不过啦！	双人小圆桌，情侣相约来这里再适合不过啦！	negative
6台面、门把手、电话机、开关、热水壶、洗水壶、洗手盆、坐便器等日常可能接触使用的物品表面,用含有效氯250mgL-500mgL的含氯消毒剂擦拭,后用清水洗净,每天至少1次.每天用250mgL~500mgL人合含氯消毒剂进行湿式拖地。	6台面、门把手、电话机、开关、热水壶、洗水壶、洗手盆、坐便器等日常可能接触使用的物品表面,用含有效氯250mgL-500mgL的含氯消毒剂擦拭,后用清水洗净,每天至少1次.每天用250mgL~500mgL任何含氯消毒剂进行湿式拖地。	negative
自禄口机场暴发疫情以来，潘金海积极响应号召，招募志愿者，成立美年大健康志愿者服务小分队，组织防疫培训、帮忙搭建遮阳棚、协助核酸采集……每天忙得马不停歇。	自禄口机场暴发疫情以来，潘金海积极响应号召，招募志愿者，成立美年大健康志愿者服务小分队，组织防疫培训、帮忙搭建遮阳棚、协助核酸采集……每天忙得马不停蹄。	negative
10. 行政监管部门及联系方式本次本次招标活动接受郴州市发展改革委员会（行政监管部门）的监督，联系方式0735-2368528。	10. 行政监管部门及联系方式本次招标活动接受郴州市发展改革委员会（行政监管部门）的监督，联系方式0735-2368528。	negative
许多日子因为某位伟人的诞生被历史重重地写上了一笔，日历上凭添一页亮色，七月一日，也因为一个伟大的政党而变得不同凡响，熠熠生辉。	许多日子因为某位伟人的诞生被历史重重地写上了一笔，日历上平添一页亮色，七月一日，也因为一个伟大的政党而变得不同凡响，熠熠生辉。	negative
5如果现行反病毒软件无法清除该病毒，应立即向本单位分管信息话工作的领导报告，并迅速联系有关产品商研究解决。	5如果现行反病毒软件无法清除该病毒，应立即向本单位分管信息化工作的领导报告，并迅速联系有关产品商研究解决。	negative
2021年8月9日傍晚6时左右，虹桥镇万源新城3期117号门口的非机动车车棚里一辆电动自行车充电时突然自燃，车内的电瓶发生爆炸，火势一簇而上，又因当天风力强劲，火势迅速向西蔓延。	2021年8月9日傍晚6时左右，虹桥镇万源新城3期117号门口的非机动车车棚里一辆电动自行车充电时突然自燃，车内的电瓶发生爆炸，火势一拥而上，又因当天风力强劲，火势迅速向西蔓延。	negative
在地方教育督导工作中我们发现，有时存在“一团和气”的倾向，督是督了、导也导了，问题发现不少，但一些群众反映强烈的问题久拖不决、屡改屡范，主要原因就是没有把问责的板子打下去，没人承担责任。	在地方教育督导工作中我们发现，有时存在“一团和气”的倾向，督是督了、导也导了，问题发现不少，但一些群众反映强烈的问题久拖不决、屡改屡犯，主要原因就是没有把问责的板子打下去，没人承担责任。	negative
会议强调，要认真学习贯彻落实王君书记调研讲话精神，按照王君书记对基层组织建设、疫情防控、户厕改造排查整改及防汛等工作提出的具体要求，全面査找差距、细化完善工作措施，狠抓各项工作落实落细。	会议强调，要认真学习贯彻落实王君书记调研讲话精神，按照王君书记对基层组织建设、疫情防控、户厕改造排查整改及防汛等工作提出的具体要求，全面查找差距、细化完善工作措施，狠抓各项工作落实落细。	negative
新华每日电讯记者胡锦武、崔璐、姚子云  披上高科技外衣的量子保健产品，打着新概念旗号的抗衰功能食品，宣称新疗法的抗幽门螺旋杆菌牙膏……春节临近，又到了消费旺季，伪概念营销现象再次抬头，消费者一不小心就可能交“智商税”。	  新华每日电讯记者胡锦武、崔璐、姚子云  披上高科技外衣的量子保健产品，打着新概念旗号的抗衰功能食品，宣称新疗法的抗幽门螺杆菌牙膏……春节临近，又到了消费旺季，伪概念营销现象再次抬头，消费者一不小心就可能交“智商税”。	negative
如果出现上述情况，相关供应商的报价均将被否绝。	如果出现上述情况，相关供应商的报价均将被否决。	negative
工程涉及的房屋层数多为1至2层，总建筑面为3237.33平方米，共计有52户。	工程涉及的房屋层数多为1至2层，总建筑面积为3237.33平方米，共计有52户。	negative
“春风化雨项目、夏日清风项目、情系深秋项目、冬日暖阳项目”是该基金会的资金支助方向和支助项目，主要围绕低保低边家庭，做好一老一小的加持保障。	“春风化雨项目、夏日清风项目、情系深秋项目、冬日暖阳项目”是该基金会的资金资助方向和资助项目，主要围绕低保低边家庭，做好一老一小的加持保障。	negative
#自测是否脱发教程#】#三天不洗头后可自测是否脱发#：①用食指和拇指从发根的地方捏住捏住50到60根头发，轻轻地往外捋，一般不能超过6根。	#自测是否脱发教程#】#三天不洗头后可自测是否脱发#：①用食指和拇指从发根的地方捏住50到60根头发，轻轻地往外捋，一般不能超过6根。	negative
参展企业筛选方面，我们在招展过程中坚持优中选优、好中选好，力争把自主创新能力最突出、最具行业代表性的企业争取到会参展，其中不泛国际国内500强企业。	参展企业筛选方面，我们在招展过程中坚持优中选优、好中选好，力争把自主创新能力最突出、最具行业代表性的企业争取到会参展，其中不乏国际国内500强企业。	negative
提示:竞租人竞租会议上如未提供上述竞租人的资格要求的原件和复印件的，示为放弃本次竞租机会。	提示:竞租人竞租会议上如未提供上述竞租人的资格要求的原件和复印件的，视为放弃本次竞租机会。	negative
（四）废胶片及废像纸：废X光片、CT光片等感光胶片、废像纸底片。	（四）废胶片及废相纸：废X光片、CT光片等感光胶片、废相纸底片。	negative
警方当下立断，让其父亲将梯子架在屋檐旁，并在梯子底下埋伏一个突击小组。	警方当机立断，让其父亲将梯子架在屋檐旁，并在梯子底下埋伏一个突击小组。	negative
其中，《民法典》系首次被纳入全县人民陪审员任前考试范畴，重点测试参考人员对《民法典》编篡的重要意义、基本规定、编章结构、人格权、隐私权、夫妻共同财产、侵权责任等法律知识的了解掌握情况。	其中，《民法典》系首次被纳入全县人民陪审员任前考试范畴，重点测试参考人员对《民法典》编纂的重要意义、基本规定、编章结构、人格权、隐私权、夫妻共同财产、侵权责任等法律知识的了解掌握情况。	negative
为学生开礼仪课程“要让孩子们理解称谓礼仪、问候礼仪、着装礼仪、行走礼仪、课堂礼仪等不同形式的礼仪。	为学生开设礼仪课程“要让孩子们理解称谓礼仪、问候礼仪、着装礼仪、行走礼仪、课堂礼仪等不同形式的礼仪。	negative
大骨头由于降解时间长，不宜腐烂，所以应投放至其他垃圾收集容器里。	大骨头由于降解时间长，不易腐烂，所以应投放至其他垃圾收集容器里。	negative
习近平总书记强调“要强化公仆意识和为民情怀，首先是立足本职岗位为人民服务，发挥好共产党员先锋模范作用，还要从最困难的群众入手、从最突出的问题抓起、从最现实的利益出发，切实解决至后的困难事、群众的烦心事。	习近平总书记强调“要强化公仆意识和为民情怀，首先是立足本职岗位为人民服务，发挥好共产党员先锋模范作用，还要从最困难的群众入手、从最突出的问题抓起、从最现实的利益出发，切实解决之后的困难事、群众的烦心事。	negative
”张祥爱工作认真负责，考勤考绩、村干部履职履责等工作均做到一事同仁，严格监督，定期不定期对村务、财务公开内容进行督查检查，发现问题要求相关人员及时整改。	”张祥爱工作认真负责，考勤考绩、村干部履职履责等工作均做到一视同仁，严格监督，定期不定期对村务、财务公开内容进行督查检查，发现问题要求相关人员及时整改。	negative
2.本次招标 不接受 （接受或不接受）联体投标。	 2.本次招标 不接受 （接受或不接受）联合体投标。	negative
45岁的伊仁青，在陵园最前排的昂尕烈士墓前，点燃一柱香，煨上桑烟，把一盏油灯和一些干果摆到墓碑前，和家人一起郑重磕头祭拜。	45岁的伊仁青，在陵园最前排的昂尕烈士墓前，点燃一炷香，煨上桑烟，把一盏油灯和一些干果摆到墓碑前，和家人一起郑重磕头祭拜。	negative
山东省潍坊市青州市人民医手术动力系统和宫颈激光治疗机等设备采购项目（二次）中标（成交）公告	山东省潍坊市青州市人民医院手术动力系统和宫颈激光治疗机等设备采购项目（二次）中标（成交）公告	negative
今天再和大家分享一个重要的追讨本金的消息： 又有大批出借人高喊着口号去了市公安局经侦大队去唯权了，要求加快案子进展，退还本金。	今天再和大家分享一个重要的追讨本金的消息： 又有大批出借人高喊着口号去了市公安局经侦大队去维权了，要求加快案子进展，退还本金。	negative
改变生活方式 消灭结节诱因  上面说了甲状腺结节的诊断，下面就聊聊聊如何治疗。	  改变生活方式 消灭结节诱因  上面说了甲状腺结节的诊断，下面就聊聊如何治疗。	negative
重点聚焦：通过热线电话举报的有效性在组织中没有举报热线的组织损失中值已接近有举报热线的两倍：有举报热线损失中值为10万美元，没有的为19.8万美元。	重点聚焦：通过热线电话举报的有效性在组织中没有举报热线的组织损失总值已接近有举报热线的两倍：有举报热线损失总值为10万美元，没有的为19.8万美元。	negative
（6）法律、行政法规规定的其他条件。 1.2供应商需提供合法有效含统一社会信用代码和二维码标识的营业照副本原件扫描件并加盖电子印章；	 （6）法律、行政法规规定的其他条件。 1.2供应商需提供合法有效含统一社会信用代码和二维码标识的营业执照副本原件扫描件并加盖电子印章；	negative
PART02—以爱的名义重新建立亲自沟通的桥梁给孩子更多关爱和尊重想要打开孩子紧闭的心扉，最好的方式，就是以爱来化解。	PART02—以爱的名义重新建立亲子沟通的桥梁给孩子更多关爱和尊重想要打开孩子紧闭的心扉，最好的方式，就是以爱来化解。	negative
百岳茶业、洪椿茶业、华义茶业“三架马车”为代表的出口绿茶加工集群。	百岳茶业、洪椿茶业、华义茶业“三驾马车”为代表的出口绿茶加工集群。	negative
发挥战斗保垒作用一是抓实基础工作。	发挥战斗堡垒作用一是抓实基础工作。	negative
注意事顷：一、开放时间：2021年8月27日起，常规开馆时间为周一至周五8:30—11:30，15:00—18:00。	注意事项：一、开放时间：2021年8月27日起，常规开馆时间为周一至周五8:30—11:30，15:00—18:00。	negative
新华社记者 庞兴雷/摄九空间实验室飞行任务启动以来，我们坚持自力更生、自主创新，突破了壹大批核心和关键技术，首次实现我国航太员中期在轨驻留，为建设航太强国奠定了坚实基础。	新华社记者 庞兴雷/摄九空间实验室飞行任务启动以来，我们坚持自力更生、自主创新，突破了一大批核心和关键技术，首次实现我国航太员中期在轨驻留，为建设航太强国奠定了坚实基础。	negative
协商民主是中国社会主义民主政治中独特的、独有的、独到的民主形式。	协商民主是中国特色社会主义民主政治中独特的、独有的、独到的民主形式。	negative
▶曰本迎来“大災难”，世界各囯都紧张不己！	▶曰本迎来“大災难”，世界各囯都紧张不已！	negative
溪水、青山、飞瀑交相互映宛如一幅山水画卷。	溪水、青山、飞瀑交相辉映宛如一幅山水画卷。	negative
B、某论坛连续发表对某公司进行的毫无根据的污辱诽谤的文章,给该公司造成了重大经济损失。	B、某论坛连续发表对某公司进行的毫无根据的侮辱诽谤的文章,给该公司造成了重大经济损失。	negative
市公安局黄州分局坚持教育整顿抓规范、改革创新抓规范、服务为民抓规范、强化监督抓规范，服务社会优质高效、切实担当了“人民卫士”的圣神职责。	市公安局黄州分局坚持教育整顿抓规范、改革创新抓规范、服务为民抓规范、强化监督抓规范，服务社会优质高效、切实担当了“人民卫士”的神圣职责。	negative
为了能够帮助在泰的乡亲们更好的做好防疫工作，商会疫情应急小组决定购买测试剂和药品（莲花清温胶囊和疏风解毒胶囊）分发给每一位会员以及各位名誉会长和顾问。	为了能够帮助在泰的乡亲们更好的做好防疫工作，商会疫情应急小组决定购买测试剂和药品（莲花清瘟胶囊和疏风解毒胶囊）分发给每一位会员以及各位名誉会长和顾问。	negative
一方有难八方驰援微光汇聚风雨同舟我们目睹了天灾的可怕也见证了人间的温情暴雨凶猛，敌不过众志成城“把灾难当教材与祖国共成长”相信雨后的彩虹会更加灿烂！	一方有难八方支援微光汇聚风雨同舟我们目睹了天灾的可怕也见证了人间的温情暴雨凶猛，敌不过众志成城“把灾难当教材与祖国共成长”相信雨后的彩虹会更加灿烂！	negative
否则视同自愿放弃投标 (注：信用承诺书由投标企业法人代表签字，	否则视同自愿放弃投标 (注：信用承诺书由投标企业法定代表人签字，	negative
为疫情防控筹备物资，准备好充足的口罩及消毒用品，为辖区隔离人员和行动不便老人、残疾人及低保人员买莱买米及生活用品等，李德芬及社区工作人员的以身作则，得到辖区群众的一致好评。	为疫情防控筹备物资，准备好充足的口罩及消毒用品，为辖区隔离人员和行动不便老人、残疾人及低保人员买菜买米及生活用品等，李德芬及社区工作人员的以身作则，得到辖区群众的一致好评。	negative
积极响应长三角区域一体化发展、长江经济带建设等，江苏中行梳理辖内相关项目，明确重大项目20余个，涵盖公路、铁路、物流、清洁能源等领域，总投金额超3000亿元。	积极响应长三角区域一体化发展、长江经济带建设等，江苏中行梳理辖内相关项目，明确重大项目20余个，涵盖公路、铁路、物流、清洁能源等领域，总投资金额超3000亿元。	negative
2.截止时间：2021年9月2日10:30:00（北京时间），愈期不予受理。	2.截止时间：2021年9月2日10:30:00（北京时间），逾期不予受理。	negative
沧月会在QQ上催促庹政更新小说，让庹政第一次知道被“追更”是什么感受：作品被重视，作者有了价值感和骄傲。	沧月会在QQ上催促庹政更新小说，让庹政第一次知道被“追更”是什么感受：作品被重视，作者有了价值感和骄傲感。	negative
修复漏洞B、不与理睬,	修复漏洞B、不予理睬,	negative
意气奋发地走向了火热的警营，	意气风发地走向了火热的警营，	negative
当事人梁先生称，28日在家中睡觉时，有人敲门告知领居家中起火。	当事人梁先生称，28日在家中睡觉时，有人敲门告知邻居家中起火。	negative
地 址：青海省兴海县子科滩你镇东大街3号	  地 址：青海省兴海县子科滩镇东大街3号	negative
师德标兵等荣誊称号，	师德标兵等荣誉称号，	negative
\uD83D\uDE958月14日，吴先生接到自称“中国银行客服”的电话，对方称事主在购物网站某宝开通了会员，需要将钱打入“银行安全账户”，否则淘宝每月会扣除相应费用，吴先生将12000元转入转入账户后，意识到被诈骗。	\uD83D\uDE958月14日，吴先生接到自称“中国银行客服”的电话，对方称事主在购物网站某宝开通了会员，需要将钱打入“银行安全账户”，否则淘宝每月会扣除相应费用，吴先生将12000元转入账户后，意识到被诈骗。	negative
”这是唐代诗人刘禹锡描写棋手善用奇兵，出奇制胜的诗句。	”这是唐代诗人刘禹锡描写棋手善用奇兵，出奇致胜的诗句。	negative
生前生后都在帮助别人谢谢你，狄大哥！	生前身后都在帮助别人谢谢你，狄大哥！	negative
十、行政监督本次招标项目接受相关部们或其委托的招标投标监管机构监督，招标投标监督机构为苏仙区发展和改革局，电话：0735-2850668。	十、行政监督本次招标项目接受相关部门或其委托的招标投标监管机构监督，招标投标监督机构为苏仙区发展和改革局，电话：0735-2850668。	negative
“接过长辈的接力捧，我要传承家风，彰显优良传统，厚植家国情怀，推动全社会共圆家庭幸福梦。	    “接过长辈的接力棒，我要传承家风，彰显优良传统，厚植家国情怀，推动全社会共圆家庭幸福梦。	negative
清正廉洁，严于利己。	清正廉洁，严于律己。	negative
地 址：厦门市湖里区湖里区机场北路476号	地 址：厦门市湖里区机场北路476号	negative
督促做好各类防御防御措施，	督促做好各类防御措施，	negative
从北京始发后，途经河北霸州、衡水，山东聊城、荷泽，河南商丘，安徽阜阳，湖北麻城，江西九江，南昌、向塘、吉安、赣州，广东龙川、常平，在常平与广深铁路接轨，通过深圳至九龙。	从北京始发后，途经河北霸州、衡水，山东聊城、菏泽，河南商丘，安徽阜阳，湖北麻城，江西九江，南昌、向塘、吉安、赣州，广东龙川、常平，在常平与广深铁路接轨，通过深圳至九龙。	negative
在电动车上牌登记工作中，不持劳苦，率先完成全市电动车上牌登记工作……只要是群众需要的地方，机关干部的身影就活跃在哪里，他们牢记“为人民服务”的宗旨，下沉一线宣讲理论政策、传播科学文化、资助困难群众，真心实意为群众解决大事小情，做新时代担当善为的人民公仆。	在电动车上牌登记工作中，不辞劳苦，率先完成全市电动车上牌登记工作……只要是群众需要的地方，机关干部的身影就活跃在哪里，他们牢记“为人民服务”的宗旨，下沉一线宣讲理论政策、传播科学文化、资助困难群众，真心实意为群众解决大事小情，做新时代担当善为的人民公仆。	negative
合同履行期限：自合同签订之日期45日内交货本项目不接受联合体投标。	合同履行期限：自合同签订之日起45日内交货本项目不接受联合体投标。	negative
报名截止时间变更变更为：	报名截止时间变更为：	negative
张明浩生活在安徽省铜陵市的长江边，他是长江水生物保护志愿者，江豚是他最为关注的长江水生物。	张明浩生活在安徽省铜陵市的长江边，他是长江水生物保护志愿者，江豚是他最为关注的长江水生动物。	negative
在德阳就可以找到省级、国家级专家看病了。一起来来瞅瞅↘↘↘divclass="	在德阳就可以找到省级、国家级专家看病了。一起来瞅瞅↘↘↘divclass="	negative
宁扬一家亲，童心共抗“疫”！	宁扬一家亲，同心共抗“疫”！	negative
“沉甸的荣誉和誓言鞭策着我。	“沉甸甸的荣誉和誓言鞭策着我。	negative
未将其土地转让收入在帐簿上列出，	未将其土地转让收入在账簿上列出，	negative
如果产品名不符实、质量不过关、服务没有保障，直播的时候越是说得天花乱坠，跟头就会摔得越惨。	如果产品名不副实、质量不过关、服务没有保障，直播的时候越是说得天花乱坠，跟头就会摔得越惨。	negative
关于举办“高校节能低碳志愿行动”	关于举办“高效节能低碳志愿行动”	negative
按照边査边改要求，对值班执勤不规范、规章制度落实不严格等问题进行重点整顿，持续规范队伍执勤训练工作秩序，培养优良的作风和严格的纪律。	按照边查边改要求，对值班执勤不规范、规章制度落实不严格等问题进行重点整顿，持续规范队伍执勤训练工作秩序，培养优良的作风和严格的纪律。	negative
2021年8月10日上无，祝阿镇东宝村村组织开展防溺水宣传志愿服务活动。	2021年8月10日上午，祝阿镇东宝村村组织开展防溺水宣传志愿服务活动。	negative
他指出，要继续发扬优良工作作风，全面加强气象监测，综合分析研判，及时准确发布预警信息，为打赢防汛防在工作阻击战奠定坚实基础。	他指出，要继续发扬优良工作作风，全面加强气象监测，综合分析研判，及时准确发布预警信息，为打赢防汛防灾工作阻击战奠定坚实基础。	negative
2021年8月26日，东川区2021年中国航天科工集团“救急难”工程救助金发放仪式，在区民政局举行，标志该项目圆满收关。	2021年8月26日，东川区2021年中国航天科工集团“救急难”工程救助金发放仪式，在区民政局举行，标志该项目圆满收官。	negative
切实解决周边落地企业、察哈尔工业园区内职工和延线村庄的村民出行不便的问题，	切实解决周边落地企业、察哈尔工业园区内职工和沿线村庄的村民出行不便的问题，	negative
2、请各入库成员单位对照本公告所附工程量清单在开标前自行核算工程量，如有异议应在摇号前2日书面堤出。	2、请各入库成员单位对照本公告所附工程量清单在开标前自行核算工程量，如有异议应在摇号前2日书面提出。	negative
就在上个月实地考察冬奥筹办工作时，习近平指出，“成功举办北京冬奥会、冬残奥会，不仅可以增强实现民族伟大复兴的信心，也给世界展现了阳光、富强、开放、充满希望的国家形象。	  就在上个月实地考察冬奥筹办工作时，习近平指出，“成功举办北京冬奥会、冬残奥会，不仅可以增强实现中华民族伟大复兴的信心，也给世界展现了阳光、富强、开放、充满希望的国家形象。	negative
03 创新德育，全面育人 该校把践行社会主义核心价值观和中华优秀传统文化教育融入到教育教学各环节，通过“欢乐闹元宵”、“学雷锋志愿服务月活动”等20多项主题教育活动，引导学生自觉践行践行社会主义核心价值观,加强学生行为规范教育和文明礼仪教育，成效显著。	03 创新德育，全面育人 该校把践行社会主义核心价值观和中华优秀传统文化教育融入到教育教学各环节，通过“欢乐闹元宵”、“学雷锋志愿服务月活动”等20多项主题教育活动，引导学生自觉践行社会主义核心价值观,加强学生行为规范教育和文明礼仪教育，成效显著。	negative
切实将党史学习教育抓在经常、融入日常。三是拓展学习范围。充分发挥党建引领、凝集力量、服务群众的作用,	切实将党史学习教育抓在经常、融入日常。三是拓展学习范围。充分发挥党建引领、凝聚力量、服务群众的作用,	negative
李连富，灵川县三街镇潞江村委乡村医生，从医40余载，坚守在农村基层卫生工作第一线，严寒酷署，从无怨言，甘做村民健康守护人。	李连富，灵川县三街镇潞江村委乡村医生，从医40余载，坚守在农村基层卫生工作第一线，严寒酷暑，从无怨言，甘做村民健康守护人。	negative
每年消化小麦、水稻桔杆1500吨，	每年消化小麦、水稻秸秆1500吨，	negative
他每天早上5点钟准时起床，然后会到自己的“音乐室”拉半个小时到一个小时的二胡。	他每天早上5点钟准时起床，然后回到自己的“音乐室”拉半个小时到一个小时的二胡。	negative
【关注】通辽市通辽市新冠肺炎疫情防控9月1日管控通告	【关注】通辽市新冠肺炎疫情防控9月1日管控通告	negative
”“乘着年轻，生活要活出精彩”同事们说，这是余涛经常说的话。	”“趁着年轻，生活要活出精彩”同事们说，这是余涛经常说的话。	negative
她的这一举也动感动了许多孤寡老人，真正做到了解群众之所需，全力保障了孤残老人的生命安全及身体健康，也为坚决打赢本轮疫情防控阻击战贡献了自己的力量。	她的这一举一动感动了许多孤寡老人，真正做到了解群众之所需，全力保障了孤残老人的生命安全及身体健康，也为坚决打赢本轮疫情防控阻击战贡献了自己的力量。	negative
案件受理费1048元，由张旭负担（与本判决生效后七日内交纳）。	案件受理费1048元，由张旭负担（于本判决生效后七日内交纳）。	negative
自驾游来到南票，让心灵在这片热土上奔腾，让思绪在这块灵地上小憩，这里足够宽阔，这里足够包容，这里以东北人的热情，以航海人的风度，在等待四面八荒的游客来到这里!	自驾游来到南票，让心灵在这片热土上奔腾，让思绪在这块灵地上小憩，这里足够宽阔，这里足够包容，这里以东北人的热情，以航海人的风度，在等待四面八方的游客来到这里!	negative
稻壳制备活性炭的工艺简单、成本低，对香烟中伤害人体健康的焦油、烟气中烟碱有良好的吸附作用，可以用来去除这些有害物质。	  稻壳制备活性炭的工艺简单、成本低，对香烟中危害人体健康的焦油、烟气中烟碱有良好的吸附作用，可以用来去除这些有害物质。	negative
引进脑外科、脑病科（神经内科）、耳鼻喉头颈外科、重症医学科、医学影像科等紧缺高级人才6名，	引进脑外科、脑病科（神经内科）、耳鼻咽喉头颈外科、重症医学科、医学影像科等紧缺高级人才6名，	negative
嵊泗县自然资源和规划局决定以挂牌方式公开出让枸杞乡三大王滨海浴场基础配套设施改造工程拟出让海域海域使用权。现将有关事项公告如下：	嵊泗县自然资源和规划局决定以挂牌方式公开出让枸杞乡三大王滨海浴场基础配套设施改造工程拟出让海域使用权。现将有关事项公告如下：	negative
新埔村冯镜清当年缴获的配刀。	新埔村冯镜清当年缴获的佩刀。	negative
从此以后，每遇大风，沙山就轰鸣作响，似鼙鼓齐鸣，刀枪乍响。	从此以后，每遇大风，沙山就轰鸣作响，似金鼓齐鸣，刀枪乍响。	negative
市委政法委、市社会科学界联合会、市文学艺术节联合会全体党员参加活动。	市委政法委、市社会科学界联合会、市文学艺术界联合会全体党员参加活动。	negative
【打印本页】【关闭窗口】分享分享到微信新浪微博QQ空间豆瓣网	【打印本页】【关闭窗口】分享到微信新浪微博QQ空间豆瓣网	negative
严个执行限时办结制，进一步优流程、减环节、简手续，营造良好环境。	严格执行限时办结制，进一步优流程、减环节、简手续，营造良好环境。	negative
也可以在线开展一些文艺活动，引导大家纾解紧张情绪、配合防控工作。	下开展以在线开展一些文艺活动，引导大家纾解紧张情绪、配合防控工作。	negative
当前，人工智能作为新一轮科技革命和产业变革的重要驱动力量，对社会影响日益凸显，已成为支撑和引领数字经济、智能产业、指挥城市、智慧社会发展的关键性信息基础设施，推动高质量发展的关键变量。	当前，人工智能作为新一轮科技革命和产业变革的重要驱动力量，对社会影响日益凸显，已成为支撑和引领数字经济、智能产业、智慧城市、智慧社会发展的关键性信息基础设施，推动高质量发展的关键变量。	negative
北京日报客户副主任、系列微纪录片《光影记忆》主编张鹏，	北京日报客户端副主任、系列微纪录片《光影记忆》主编张鹏，	negative
6.3责任追究对在矿山事故中，有玩忽职守、失职、读职等行为,或者迟报、瞒报、漏报重要情况的有关责任人，依照有关法律、法规和规定追究责任。	6.3责任追究对在矿山事故中，有玩忽职守、失职、渎职等行为,或者迟报、瞒报、漏报重要情况的有关责任人，依照有关法律、法规和规定追究责任。	negative
万顷林海润心田，燎原星火毁家园，隐患显于明火，防范等于救灾。	万顷林海润心田，燎原星火毁家园，隐患险于明火，防范等于救灾。	negative
通过调研提高了委员对六盘水煤碳行业的了解，拓宽了视野，增长了见识，对提高参议政的质量有一定的促进作用。	通过调研提高了委员对六盘水煤炭行业的了解，拓宽了视野，增长了见识，对提高参议政的质量有一定的促进作用。	negative
首先系统性学习习近平总书记关于乡村振兴的系列讲话精神和乡村振兴法及相关文件学习，其次是延伸学习范围，精准扶贫和乡村振兴是有机整体，一脉相连，想了解全因后果，必须学习精准扶贫的相关政策，力求融会贯通见成效。	首先系统性学习习近平总书记关于乡村振兴的系列讲话精神和乡村振兴法及相关文件学习，其次是延伸学习范围，精准扶贫和乡村振兴是有机整体，一脉相连，想了解前因后果，必须学习精准扶贫的相关政策，力求融会贯通见成效。	negative
关于印发《祁门县自然资源和规划局全而推行证明事项告知承诺制实施方案》的通知	关于印发《祁门县自然资源和规划局全面推行证明事项告知承诺制实施方案》的通知	negative
预设设唯一测温通道，有序开展登记、消毒演练，督促做好师生轨迹上报，核酸检测证明收取，疫苗及时接种等各项工作，为开学复工做足准备。	预设唯一测温通道，有序开展登记、消毒演练，督促做好师生轨迹上报，核酸检测证明收取，疫苗及时接种等各项工作，为开学复工做足准备。	negative
长三角投资发展（江苏）有限公司专注项目开发、强化投融能力，	长三角投资发展（江苏）有限公司专注项目开发、强化投融资能力，	negative
电话0477-3145998康巴什乐康吧古韵茶楼王潇毅（8.25）▶【招聘】养殖人员2人，放羊，喂牛，最好是俩口子，地址在泊江海子镇。	电话0477-3145998康巴什乐康吧古韵茶楼王潇毅（8.25）▶【招聘】养殖人员2人，放羊，喂牛，最好是两口子，地址在泊江海子镇。	negative
倒计时，哪些河南素将亮相纽约时报广场？	倒计时，哪些河南元素将亮相纽约时报广场？	negative
1MA618GK38D重庆市垫江县黄沙镇长红路134号李*锦黄沙乡注销食品加工小作坊2020.12.112023.12.10酒类酒类/白酒/白酒(原酒)垫江食登字〔2020〕第07004号垫江县周嘉镇旭东白酒作坊92500231MA5URQME68重庆市垫	1MA618GK38D重庆市垫江县黄沙镇长红路134号李*锦黄沙乡注销食品加工小作坊2020.12.112023.12.10酒类/白酒/白酒(原酒)垫江食登字〔2020〕第07004号垫江县周嘉镇旭东白酒作坊92500231MA5URQME68重庆市垫	negative
随后，执行干警对该车辆粘贴封条，并几经碾转找到了被执行人付某居住的房屋。	随后，执行干警对该车辆粘贴封条，并几经辗转找到了被执行人付某居住的房屋。	negative
本期《语言文字》聚焦如何更好推进手语“普通话”和盲文“规范字”的普及应用，保障视听障人士的语言文字权利。	本期《语言文字》聚焦如何更好推进手语“普通话”和盲文“规范字”的普及应用，保障视听障碍人士的语言文字权利。	negative
市财政局农业处处长李琦表示，将进一步优化财政支农政策措施和资金支出结构，更好发挥财政资金的撬动作用，通过“以奖代补”等方式，引导更多金融资本和社会资本，加大对农业的投入，以产业振兴助推全市乡村全面振兴和农村农业现代化。	  市财政局农业处处长李琦表示，将进一步优化财政支农政策措施和资金支出结构，更好发挥财政资金的撬动作用，通过“以奖代补”等方式，引导更多金融资本和社会资本，加大对农业的投入，以产业振兴助推全市乡村全面振兴和农业农村现代化。	negative
2、对于学生会内部的各种活动，积极参-与并主动出谋划策。	2、对于学生会内部的各种活动，积极参与并主动出谋划策。	negative
02引进建筑领域专业实操课程，员工提升有保障公司业务范围较广，内部课程不足，要学习的员工众多，世面上岗位实操课程少，培训部门压力极大怎么办？中研企学院的课程专门为建筑施工企业研发，涵盖各个岗位的实操课程。	02引进建筑领域专业实操课程，员工提升有保障公司业务范围较广，内部课程不足，要学习的员工众多，市面上岗位实操课程少，培训部门压力极大怎么办？中研企学院的课程专门为建筑施工企业研发，涵盖各个岗位的实操课程。	negative
要有“为管一任要造福一方”“干成几件事，带出一班人”的精神，培养和发掘更优秀的人才，把好选人用人关。	要有“为官一任要造福一方”“干成几件事，带出一班人”的精神，培养和发掘更优秀的人才，把好选人用人关。	negative
四川省甘孜藏族自治州新龙县新龙县疾病预防控制中心新龙县疾病预防控制中心特种专用车采购项目（第二次）公开招标中标公告	四川省甘孜藏族自治州新龙县疾病预防控制中心新龙县疾病预防控制中心特种专用车采购项目（第二次）公开招标中标公告	negative
硅澡泥	硅藻泥	negative
充分利用渔业生产间歇期，集中受理、集中审理船员劳务合同、海上人损责任纠纷案件，为渔民提供便利司法服务；	充分利用渔业生产间歇期，集中受理、集中审理船员劳务合同、海上人员责任纠纷案件，为渔民提供便利司法服务；	negative
（四）键全机制，逐步完善。	（四）健全机制，逐步完善。	negative
#商师小干货# 面膜已经成为了护肤必备物品，那么那么多人敷面膜，有没有哪些经常出现的误区呢？这就看看吧！	#商师小干货# 面膜已经成为了护肤必备物品，那么多人敷面膜，有没有哪些经常出现的误区呢？这就看看吧！	negative
切记正规正规网络商家退货退款无需事前支付费用，切勿轻信他人提供的网址、链接！	切记正规网络商家退货退款无需事前支付费用，切勿轻信他人提供的网址、链接！	negative
习近平总书记在庆祝中国共产党成立100周年大会上的重要讲话内涵丰富、思想深邃、高层建瓴、意义深远，是一篇闪耀着马克思主义真理光辉的纲领性文献。	习近平总书记在庆祝中国共产党成立100周年大会上的重要讲话内涵丰富、思想深邃、高屋建瓴、意义深远，是一篇闪耀着马克思主义真理光辉的纲领性文献。	negative
他指出，中美科技交流合作曾为推动两国关系健康发展发挥过重要作用，是中美关系的重要组成部分。	  他指出，中美科技交流合作曾为推动两国关系健康发展发挥了重要作用，是中美关系的重要组成部分。	negative
高投集团将继续紧盯办实事进展，确保“我为群众办实事”保质报量按时完成，真正将办实事落实到具体工作中，让企业、群众切实享受到办实事带来的效果。	高投集团将继续紧盯办实事进展，确保“我为群众办实事”保质保量按时完成，真正将办实事落实到具体工作中，让企业、群众切实享受到办实事带来的效果。	negative
村民们说，以前村里灯不明、路不平，乱风时灰尘很大，不仅脏乱，也存在一定的安全隐患。	村民们说，以前村里灯不明、路不平，刮风时灰尘很大，不仅脏乱，也存在一定的安全隐患。	negative
该项目计划投资约88.7亿美元，该合资公司注册资本金拟为55亿美元，其中公司拟出资佔比不低于51% ，上海市人民政府指定的投资主体拟出资佔比不超过25%。	该项目计划投资约88.7亿美元，该合资公司注册资本金拟为55亿美元，其中公司拟出资占比不低于51% ，上海市人民政府指定的投资主体拟出资占比不超过25%。	negative
除鳞水增加压力，提高5兆帕，提高除鳞效果。	除磷水增加压力，提高5兆帕，提高除磷效果。	negative
35.社会保障和就业支出（类）其他社会保障和就业支出（款）其他行政事业单位养老支出（项）：反映财政为生活困难人员缴纳的城乡具名基本养老保险缴费支出。	35.社会保障和就业支出（类）其他社会保障和就业支出（款）其他行政事业单位养老支出（项）：反映财政为生活困难人员缴纳的城乡居民基本养老保险缴费支出。	negative
2022年1月24日全省财政工作会召开后，	  2022年1月24日全省财政工作会议召开后，	negative
围绕构建城乡关系促进城乡要素自由互动、贵州乡村发展的路劲探索、贵州田园乡村的发展建议、乡村振兴融合发展的试验等方面内容，	围绕构建城乡关系促进城乡要素自由互动、贵州乡村发展的路径探索、贵州田园乡村的发展建议、乡村振兴融合发展的试验等方面内容，	negative
No.34问：镀锡后产生的废锡渣是哪一类危险废物进行处理？答：危险废物名录对废物归类的确定应以废物特性为前题，线路板行业生产过程中产生的废锡渣建议按336-059-17进行处理。	No.34问：镀锡后产生的废锡渣是哪一类危险废物进行处理？答：危险废物名录对废物归类的确定应以废物特性为前提，线路板行业生产过程中产生的废锡渣建议按336-059-17进行处理。	negative
收到锦旗后，代理律师律师这样说到：“作为律师，就是要在合法范围内以保障当事人的权益为己任。	收到锦旗后，代理律师这样说到：“作为律师，就是要在合法范围内以保障当事人的权益为己任。	negative
应变协调中心再次呼吁居民切勿松懈，应持续做好防疫工作，包括接种疫苗、注重个人衞生、佩戴口罩等。	应变协调中心再次呼吁居民切勿松懈，应持续做好防疫工作，包括接种疫苗、注重个人卫生、佩戴口罩等。	negative
04采用多种方式，完善“家事回访”制度为避免离婚案件、赡抚养案件产生二次纠纷，采取不定期筛选的方式进行回访调查工作，及时了解当事人的思想动态，对有可能产生纠纷的隐患及时引导疏通，做到案结事了人合。	04采用多种方式，完善“家事回访”制度为避免离婚案件、赡抚养案件产生二次纠纷，采取不定期筛选的方式进行回访调查工作，及时了解当事人的思想动态，对有可能产生纠纷的隐患及时引导疏通，做到案结事了人和。	negative
我们攻坚造林，还有四五百米的坡度，车上不去，我们用骡子驼，一个骡子两筐苗子。	我们攻坚造林，还有四五百米的坡度，车上不去，我们用骡子驮，一个骡子两筐苗子。	negative
三、关于“耕地保护和利用存在‘非粮化’‘非农化’现象”问题的整改情况（一）全力扭转粮食产粮逐年下降态势。	三、关于“耕地保护和利用存在‘非粮化’‘非农化’现象”问题的整改情况（一）全力扭转粮食产量逐年下降态势。	negative
8月27日上午，市交通运输局党组书记、局长付四九亲车简从督查指导贵池区“四好农村路”建设工作，局建管科、区交通运输局及农村公路管理服务中心负责同志陪同检查。	8月27日上午，市交通运输局党组书记、局长付四九轻车简从督查指导贵池区“四好农村路”建设工作，局建管科、区交通运输局及农村公路管理服务中心负责同志陪同检查。	negative
从以前不划区、不分时段的放牧，到现在划分专门草场进行放牧且每季度放牧的草场均进行轮牧制，让草场得到了修养生息，起到了有效的保护。	从以前不划区、不分时段的放牧，到现在划分专门草场进行放牧且每季度放牧的草场均进行轮牧制，让草场得到了休养生息，起到了有效的保护。	negative
警告391起、处罚366起其中处置违停行为309起、处置逆向行驶30起、超速21起、无证驾驶6起、扣留两轮摩托车30与辆，	警告391起、处罚366起其中处置违停行为309起、处置逆向行驶30起、超速21起、无证驾驶6起、扣留两轮摩托车30余辆，	negative
预计2021年秋收期，大通、互助、湟源及门源的部分区域为连阴雨灾害的高风险区，提醒各地利用晴好天气开展小麦、油菜等作物收割、打碾、晾晒及入库工作，谨防阴雨天气带来的不理影响。	预计2021年秋收期，大通、互助、湟源及门源的部分区域为连阴雨灾害的高风险区，提醒各地利用晴好天气开展小麦、油菜等作物收割、打碾、晾晒及入库工作，谨防阴雨天气带来的不利影响。	negative
持续推广学习柳州公交“停出文明、甘当拐杖”新风尚活动，充分发挥发挥交通运输行业引领和示范作用，倡导和引领干部职工及从业人员做安全行车、规范停车、礼让斑马线的带头人。	持续推广学习柳州公交“停出文明、甘当拐杖”新风尚活动，充分发挥交通运输行业引领和示范作用，倡导和引领干部职工及从业人员做安全行车、规范停车、礼让斑马线的带头人。	negative
警方提示 1、微信中突然有领导干部添加微信的，要谨慎甄别，涉及转账、汇款等事宜，务必通 过电话、见面等途 径核实确认，如不方便直接问时，可向同事侧面了解领导相关情况，谨慎 核实。	警方提示 1、微信中突然有领导干部添加微信的，要谨慎甄别，涉及转账、汇款等事宜，务必通 过电话、见面等途 经核实确认，如不方便直接问时，可向同事侧面了解领导相关情况，谨慎 核实。	negative
2021年8月，世界共同目睹了美军仓惶撤离阿富汗的“喀布尔时刻”——盘踞阿富汗20年的美军离开了，留给当地民众的是处处凋敝的烂摊子。	  2021年8月，世界共同目睹了美军仓皇撤离阿富汗的“喀布尔时刻”——盘踞阿富汗20年的美军离开了，留给当地民众的是处处凋敝的烂摊子。	negative
#响应伟大号召立足岗位奋斗#7.41ztR:持为民之心守一方平安只为身后的这座城-记陈旗特警大队%为中国警察点赞复制此链接，达开Dou音搜索，直接观看視频！	#响应伟大号召立足岗位奋斗#7.41ztR:持为民之心守一方平安只为身后的这座城-记陈旗特警大队%为中国警察点赞复制此链接，达开Dou音搜索，直接观看视频！	negative
全部遇险人员脱险前，只要不严重威及自身安全，严禁放弃搜救擅自驶离现场。	全部遇险人员脱险前，只要不严重危及自身安全，严禁放弃搜救擅自驶离现场。	negative
工作千头万绪，发展是硬道理。	  工作千头万绪，发展才是硬道理。	negative
下沉社区的党员干部带领孩子们开展爱卫志愿服务活动，拣拾散落在社区公共场所的生活垃极、白色垃极，清理人行道上的污染物，擦洗公共设施上的灰尘等，提高孩子们热爱劳动、尊重环保、热心公益的动手能力。	下沉社区的党员干部带领孩子们开展爱卫志愿服务活动，拣拾散落在社区公共场所的生活垃圾、白色垃圾，清理人行道上的污染物，擦洗公共设施上的灰尘等，提高孩子们热爱劳动、尊重环保、热心公益的动手能力。	negative
中新社多伦多12月16日电 (记者 余瑞冬)在中国驻加拿大使馆12月15日晚举办的北京冬奥会倒计时50天视频连线交流会上，来自加拿大和中国的多位冬奥选手和与会人士都表示，期待与各国运动员相聚北京，共同逐梦冬奥赛场。	   中新社多伦多12月16日电 (记者 余瑞冬)在中国驻加拿大大使馆12月15日晚举办的北京冬奥会倒计时50天视频连线交流会上，来自加拿大和中国的多位冬奥选手和与会人士都表示，期待与各国运动员相聚北京，共同逐梦冬奥赛场。	negative
2021年，我县对红军长征过境兴文的宿营地、战斗地、途经地以及其遗址遗址进行了修缮维护，沿红军长征过境兴文的560里路线上，在重要且显著的位置建立了石碑，并刻上碑文，详细记述了中央红军过境兴文的英勇事迹。	2021年，我县对红军长征过境兴文的宿营地、战斗地、途经地以及其遗址进行了修缮维护，沿红军长征过境兴文的560里路线上，在重要且显著的位置建立了石碑，并刻上碑文，详细记述了中央红军过境兴文的英勇事迹。	negative
中货物需求一览表中“DN500PE双璧波纹管”	中货物需求一览表中“DN500PE双壁波纹管”	negative
国家发展改革委、生态环境部、住房城乡建设部、国家卫生健康委《关于加快推进城镇环境基础设施建设的指导意见》已经国务院同意，	  国家发展改革委、生态环境部、住房和城乡建设部、国家卫生健康委《关于加快推进城镇环境基础设施建设的指导意见》已经国务院同意，	negative
咱们的搜救犬萌的一塔糊涂~｜｜~｜｜~｜｜[哈哈]	咱们的搜救犬萌的一塌糊涂~｜｜~｜｜~｜｜[哈哈]	negative
三是全面了解中国共产党团结代领人民不懈奋斗的光辉历史和伟大成就；	三是全面了解中国共产党团结带领人民不懈奋斗的光辉历史和伟大成就；	negative
05【日常工作】镇综合行政执法局干部整治清理110国道俩侧乱堆乱放等违规行为。	05【日常工作】镇综合行政执法局干部整治清理110国道两侧乱堆乱放等违规行为。	negative
5.对火灾、治安、公共卫生等突发事件有应急预案，作到及时发现、及时采取稳妥的控制措施、及时报告学院有关部门，避免事态扩大。	5.对火灾、治安、公共卫生等突发事件有应急预案，做到及时发现、及时采取稳妥的控制措施、及时报告学院有关部门，避免事态扩大。	negative
《意见》指出，广阳湾智创生态城被赋予了四大定位：“绿水青山就是金山银山”实践创新基地；人与自然和谐共生的生命共同体；国家数字经济创新发展试验区；国家绿色产业示范基地；长江经济带绿色发展示范。	《意见》指出，广阳湾智创生态城被赋予了四大定位：“绿水青山就是金山银山”实践创新基地；人与自然和谐共生的生命共同体；国家数字经济创新发展试验区；国家绿色产业示范基地；长江经济带绿色发展示范区。	negative
提髙职业素养，	提高职业素养，	negative
何江仁在会上发言说：“拆厅屋原则上不可取，但在现有厅屋的基础上进行修善和完善还是可取的。	何江仁在会上发言说：“拆厅屋原则上不可取，但在现有厅屋的基础上进行修缮和完善还是可取的。	negative
这一“背靠背”方法，难免发生“公说公有理、婆说婆有理”，以偏盖全，调查取证链条不完整，不利调处解决现象。	这一“背靠背”方法，难免发生“公说公有理、婆说婆有理”，以偏概全，调查取证链条不完整，不利调处解决现象。	negative
结合城乡建设规划，科学评估环境承载能力，编制了《留坝县矿产资源总体规划》、《留坝县秦岭生态环境保护总体规划》，合理划定矿产资源禁止开发区和限止开发区，加强水源涵养地等各类保护区的生态保护力度。	结合城乡建设规划，科学评估环境承载能力，编制了《留坝县矿产资源总体规划》、《留坝县秦岭生态环境保护总体规划》，合理划定矿产资源禁止开发区和限制开发区，加强水源涵养地等各类保护区的生态保护力度。	negative
目前，此案以移交执法办案大队作进一步处理，等待他的将是法律的严惩。	目前，此案已移交执法办案大队作进一步处理，等待他的将是法律的严惩。	negative
本该好好养一养，可她坐不住，上网定制一双能够把受伤的脚固定住的鞋子，忍着疼痛一趟趟往山上跑，还得意扬扬地对同事们说：“定制了这双鞋，可以轻松上阵，我再也不用拐杖了。	本该好好养一养，可她坐不住，上网定制一双能够把受伤的脚固定住的鞋子，忍着疼痛一趟趟往山上跑，还得意洋洋地对同事们说：“定制了这双鞋，可以轻松上阵，我再也不用拐杖了。	negative
“眼急手快来拼图”擂台除了考验孩子们垃圾分类方法的掌握程度外，街道团工委还设置了“眼急手快来拼图”擂台介绍垃圾运输过程，小选手们听了青年志愿者的讲解后，相互合作顺利拼出一整套垃圾转运过程拼图。	“眼疾手快来拼图”擂台除了考验孩子们垃圾分类方法的掌握程度外，街道团工委还设置了“眼疾手快来拼图”擂台介绍垃圾运输过程，小选手们听了青年志愿者的讲解后，相互合作顺利拼出一整套垃圾转运过程拼图。	negative
建立专项督查制，实行分级催办、跟踪督办，严肃问责问效，确保讲坛明确的各项目标任务落到实处。	建立专项督查机制，实行分级催办、跟踪督办，严肃问责问效，确保讲坛明确的各项目标任务落到实处。	negative
“融科储能自主创新，以高科技、低炭、绿色引领世界能源发展新模式，对能源结构转型、建设清洁能源体系意义重大，也是大连企业的骄傲。	“融科储能自主创新，以高科技、低碳、绿色引领世界能源发展新模式，对能源结构转型、建设清洁能源体系意义重大，也是大连企业的骄傲。	negative
主张挂靠行为是通过违法途径转嫁嫁交通运输安全风险责任，	主张挂靠行为是通过违法途径转嫁交通运输安全风险责任，	negative
8月26日下午，98岁高领老人朱玉好在家属的陪同下，到休宁县体育馆新冠疫苗接种点，接种第一针新冠病毒疫苗。	8月26日下午，98岁高龄老人朱玉好在家属的陪同下，到休宁县体育馆新冠疫苗接种点，接种第一针新冠病毒疫苗。	negative
“我们机关单位率先带头，购买安放了分类垃圾筒，张贴公益广告、宣传横额。	“我们机关单位率先带头，购买安放了分类垃圾桶，张贴公益广告、宣传横额。	negative
沂房字第176950140号房屋所有权证遗失遗失，	沂房字第176950140号房屋所有权证遗失，	negative
2022年是十四五规划推进落实之年，	  2022年是“十四五”规划推进落实之年，	negative
以城为镜，弘扬中华民主传统美德，让我们一起用实际行动为信阳的文明发展贡献出自己的一份力量！	以城为镜，弘扬中华民族传统美德，让我们一起用实际行动为信阳的文明发展贡献出自己的一份力量！	negative
一直以来，东渚街道综合执法局坚持实行违法建设自拆、助拆、强拆三步曲，通过教育劝导，尽量争取当事人自行拆除违章建筑物。	一直以来，东渚街道综合执法局坚持实行违法建设自拆、助拆、强拆三部曲，通过教育劝导，尽量争取当事人自行拆除违章建筑物。	negative
3.4信誉要求：未处于财产被结管、冻结、破产状态，没有处于投标禁入期内。	3.4信誉要求：未处于财产被接管、冻结、破产状态，没有处于投标禁入期内。	negative
★6、数字化病案系统是医院信息化建设的一部，需要整合到电子病历系统以及医院信息化平台中，以实现医院各系统的互联互通。	 ★6、数字化病案系统是医院信息化建设的一部分，需要整合到电子病历系统以及医院信息化平台中，以实现医院各系统的互联互通。	negative
三亞涉旅企業培訓新媒體“玩法”	三亞涉旅企業培訓新媒体“玩法”	negative
深化民营经济统战工作，拓展拓展港澳台侨海外统战工作，充分发挥新的社会阶层人士积极作用，扎实推动新时代统战工作再上新台阶。	深化民营经济统战工作，拓展港澳台侨海外统战工作，充分发挥新的社会阶层人士积极作用，扎实推动新时代统战工作再上新台阶。	negative
谁有农事请教，他都亳不隐瞒，会亳不保守地全盘给人家讲解。	谁有农事请教，他都毫不隐瞒，会毫不保守地全盘给人家讲解。	negative
严字律己，自我鞭策促提高。	严于律己，自我鞭策促提高。	negative
还了解独居老人的生活问题与身体情况，给老人更多的精神慰藉，减轻孤独感和寂莫感。	还了解独居老人的生活问题与身体情况，给老人更多的精神慰藉，减轻孤独感和寂寞感。	negative
三农向好，全局主动。	  “三农”向好，全局主动。	negative
经查，以犯罪嫌疑人郑某（男，35岁，江西上饶人）、陈某（男，34岁，浙江乐青人）、霍某（男，35岁，重庆万盛人）为首的犯罪团伙，在未取得相关合法手续情况下，从外地购买轻质循环油简单处理后冒充柴油，以低廉价格销售，牟取暴利。	经查，以犯罪嫌疑人郑某（男，35岁，江西上饶人）、陈某（男，34岁，浙江乐清人）、霍某（男，35岁，重庆万盛人）为首的犯罪团伙，在未取得相关合法手续情况下，从外地购买轻质循环油简单处理后冒充柴油，以低廉价格销售，牟取暴利。	negative
一些年轻人似呼有些觉醒。pstyle="	一些年轻人似乎有些觉醒。pstyle="	negative
但是这个蛇很毒，在我打完第三个电话，准备打第四个电话的时候，已经不醒人事。	但是这个蛇很毒，在我打完第三个电话，准备打第四个电话的时候，已经不省人事。	negative
所以应避免边行走边玩手机，也不要戴着耳机听音乐，这样很可能在而临险境时，听不到车辆鸣笛等提醒而发生事故。	所以应避免边行走边玩手机，也不要戴着耳机听音乐，这样很可能在面临险境时，听不到车辆鸣笛等提醒而发生事故。	negative
在党史学习中，要坚持学、思、行相结合，踏踏实实学习理论知识，工作中更要事实求实，坚持走群众路线。	在党史学习中，要坚持学、思、行相结合，踏踏实实学习理论知识，工作中更要实事求是，坚持走群众路线。	negative
他一边游一边防止自己被水流冲偏方向，虽有些吃力，却仍已最快的速度游到最近的人身边，挣扎中的人看到来人，犹如抓住了救命稻草，把所有力气都转到自己的手上。	他一边游一边防止自己被水流冲偏方向，虽有些吃力，却仍以最快的速度游到最近的人身边，挣扎中的人看到来人，犹如抓住了救命稻草，把所有力气都转到自己的手上。	negative
包括人员编制、教职工调配、工资福利、考核奖励、格案管理等。6、负责对全县各级各类学校的行政管理，	包括人员编制、教职工调配、工资福利、考核奖励、个案管理等。6、负责对全县各级各类学校的行政管理，	negative
g（价值128元）、两袋火锅牛油底料（价值21.6元）、两袋虾丸（价值37.5元左右）、两袋羊肉片（价值60.7元）、一袋娃娃菜（价值6元）、小龙虾龙虾尾0.864kg（价值25.6元）、0.464kg鲜虾（价值33.2元）、茄子3根（价值3.84元），	g（价值128元）、两袋火锅牛油底料（价值21.6元）、两袋虾丸（价值37.5元左右）、两袋羊肉片（价值60.7元）、一袋娃娃菜（价值6元）、小龙虾尾0.864kg（价值25.6元）、0.464kg鲜虾（价值33.2元）、茄子3根（价值3.84元），	negative
以建筑垃圾为原材料，生产再生骨料、路基路面材料、干混砂浆、路面透水砖、砌块、市政工程构配件等绿色建材产品，实施建筑垃圾产品质量认证，列入新型墙体材料、绿色建材等产品目录，建立再生产品联合招标制度，加快构建门类齐、成规模的再生产品市场。	以建筑垃圾为原材料，生产再生骨料、路基路面材料、干混砂浆、路面透水砖、砌块、市政工程构配件等绿色建材产品，实施建筑垃圾产品质量认证，列入新型墙体材料、绿色建材等产品目录，建立再生产品联合招标制度，加快构建门类齐全、成规模的再生产品市场。	negative
CA 办理有一定周期，请及时理以免影响本次项目。	CA 办理有一定周期，请及时办理以免影响本次项目。	negative
”专案组检察官罗宗煌介绍，这对像小果这样的罪错未成年人，海口市检察院还委托友善社工组织及专业的心理咨询师对他们进行心理疏导、家庭教育指导等。	”专案组检察官罗宗煌介绍，这对象小果这样的罪错未成年人，海口市检察院还委托友善社工组织及专业的心理咨询师对他们进行心理疏导、家庭教育指导等。	negative
各地都卯足了劲，要在营商环境上争先进位。	各地都铆足了劲，要在营商环境上争先进位。	negative
老牌园区打破原有“生命周期论”，实现赛道转换与“逆生长”，如何做到的？	老牌园区打破原有“生命周期理论”，实现赛道转换与“逆生长”，如何做到的？	negative
经费包括因公出国（境）费、公务用车购置及运行维护费和公务接侍费。（一）因公出国（境）费，	经费包括因公出国（境）费、公务用车购置及运行维护费和公务接待费。（一）因公出国（境）费，	negative
9月1日下午，番禺区应急管理局、新造镇到区消防救援大队进行走访走访座谈。	9月1日下午，番禺区应急管理局、新造镇到区消防救援大队进行走访座谈。	negative
县市场监管局对发放“大棚房”销售广告和在“大棚房”内开展经营活动要依法査处。	县市场监管局对发放“大棚房”销售广告和在“大棚房”内开展经营活动要依法查处。	negative
造成严重后果的，依法追求相关责任。	造成严重后果的，依法追究相关责任。	negative
定期组织青年干部进行党史朗读比赛、党史知识知识问答，增加党史学习积极性。	定期组织青年干部进行党史朗读比赛、党史知识问答，增加党史学习积极性。	negative
农作物受灾195.14公倾（水稻受灾114.43公顷、玉米受灾50.82公顷、烤烟受灾20公顷、草莓受灾5.47公顷、葡萄受灾2公顷、西红柿受灾2.42公顷），成灾194.93公顷、绝收1.43公顷；	农作物受灾195.14公顷（水稻受灾114.43公顷、玉米受灾50.82公顷、烤烟受灾20公顷、草莓受灾5.47公顷、葡萄受灾2公顷、西红柿受灾2.42公顷），成灾194.93公顷、绝收1.43公顷；	negative
全市法院财物统一管理后，因公出国境经费统一安排在市高级法院本级。	全市法院财物统一管理后，因公出国境经费统一安排在市高级人民法院本级。	negative
二、施工地段应设置防护围拦和必要的导向标志及指路牌,夜间施工应增设照明设备和警示;三、在醒目处设立标有施工单位、许可挖掘时间和范围、行政许可决定书（复印件）等内容的示意牌；	二、施工地段应设置防护围栏和必要的导向标志及指路牌,夜间施工应增设照明设备和警示;三、在醒目处设立标有施工单位、许可挖掘时间和范围、行政许可决定书（复印件）等内容的示意牌；	negative
扎实抓好党史党史学习教育，	扎实抓好党史学习教育，	negative
镇党委、政府将河长制工作纳入镇村干部年度考核指标，由镇纪委、镇河长办组成督查组，每季度对镇、村两级河长巡河履职情况进行专项督查，对于工作开展不力的，取消评优优树模资格，造成严重后果的将依法依规追究相关责任人责任。	镇党委、政府将河长制工作纳入镇村干部年度考核指标，由镇纪委、镇河长办组成督查组，每季度对镇、村两级河长巡河履职情况进行专项督查，对于工作开展不力的，取消评优树模资格，造成严重后果的将依法依规追究相关责任人责任。	negative
他们用忠诚卫民的信念，守护万家灯火！	他们用忠诚为民的信念，守护万家灯火！	negative
持续推进治理体系和治理能力现代化，	持续推进国家治理体系和治理能力现代化，	negative
”科技能力占据行业关键“C位”同时，有消费金融机构披露机构碳中和治理情况。	”科技能力占据行业关键“C位”同时，有消费金融机构披露机构碳综合治理情况。	negative
对有需要或受疫情影响较大的存量客户实行适当延长还款日期、减免利息等措施，助力企业度过暂时困难。	对有需要或受疫情影响较大的存量客户实行适当延长还款日期、减免利息等措施，助力企业渡过暂时困难。	negative
4. 8月26日，分宜县分宜县怡林花苑一男子在网上招嫖，被诈骗6692元。	4. 8月26日，分宜县怡林花苑一男子在网上招嫖，被诈骗6692元。	negative
市检察院帮扶的武隆区天池苗寨入选首批全国脱贫攻坚考察点，渝北区检察院被评为全国扫黑除恶专项斗争先进集体，市检察院机关党委、秀山县检察院机关党委被表彰为重庆市先进基层党组织。	市检察院帮扶的武隆区天池苗寨入选首批全国脱贫攻坚考察点，渝北区检察院被评为全国“扫黑除恶”专项斗争先进集体，市检察院机关党委、秀山县检察院机关党委被表彰为重庆市先进基层党组织。	negative
也是推进推进平安法治临桂、和谐稳定临桂，	也是推进平安法治临桂、和谐稳定临桂，	negative
为保障房屋征收评估评估结果客观公正，	为保障房屋征收评估结果客观公正，	negative
电动二、三轮摩托车作为较便捷的交通工具，简单易学，轻松上路亳不费力。	电动二、三轮摩托车作为较便捷的交通工具，简单易学，轻松上路毫不费力。	negative
三是要认真履职，加强业务学习提高工作效率和队伍凝聚力，不段完善当前工作经验，增强集体荣誉感和责任感，积极完成各项工作任务，同时要相互配合取长补短，多沟通、多交流、相互支持，努力营造团结、奋进、的工作氛围，确保大队工作顺利开展。	三是要认真履职，加强业务学习提高工作效率和队伍凝聚力，不断完善当前工作经验，增强集体荣誉感和责任感，积极完成各项工作任务，同时要相互配合取长补短，多沟通、多交流、相互支持，努力营造团结、奋进、的工作氛围，确保大队工作顺利开展。	negative
食品生产许可被注销的，许可证编号不得再次使用。	食品生产许可证被注销的，许可证编号不得再次使用。	negative
保护绿地青山2019年，恩施州如期完成脱贫目标，生活水平提高了，群众对人居环境的要求也在提高。	保护绿水青山2019年，恩施州如期完成脱贫目标，生活水平提高了，群众对人居环境的要求也在提高。	negative
但是身体不充许，	但是身体不允许，	negative
直接仍掉会污染环境。	直接扔掉会污染环境。	negative
与此同时，为了维持利润，呷脯呷脯的客单价也水涨船高。	与此同时，为了维持利润，呷哺呷哺的客单价也水涨船高。	negative
依据2019年我局出台《关于印发宣州区科技创新劵实施管理办法（试行）的通知》宣区科【2019】13号文件第六条由区科技局、区财政局依据当年度科技项目经费预算额度确定创新券发放额度和兑付额度。	依据2019年我局出台《关于印发宣州区科技创新券实施管理办法（试行）的通知》宣区科【2019】13号文件第六条由区科技局、区财政局依据当年度科技项目经费预算额度确定创新券发放额度和兑付额度。	negative
聚焦“十二项重点工作”，多次召开党委会议研究，逐项对照县委主题活动方案进行梳理，确保在学深、弄懂悟透的基础上，制定出切合黑池镇镇实际的五大行动工作方案。	聚焦“十二项重点工作”，多次召开党委会议研究，逐项对照县委主题活动方案进行梳理，确保在学深、弄懂悟透的基础上，制定出切合黑池镇实际的五大行动工作方案。	negative
在带有全世界参赛国和地区所有名字的“雪花”包容下，一个小小的火炬体现了低碳环保的理念，也体现了“星星之火可以燎原”中国的一种说法。	在带有全世界参赛国和地区所有名字的“雪花”包容下，一个小小的火炬体现了低碳环保的理念，也体现了“星星之火，可以燎原”中国的一种说法。	negative
1、原公告的采购项目编号：襄阳市城郊地区人民检察院驻监检察室远程远程约谈项目	1、原公告的采购项目编号：襄阳市城郊地区人民检察院驻监检察室远程约谈项目	negative
”因团结镇拆迁全家刚搬来大山铺租住不久的胡淑英大娘激动地说：“我在团结镇也做了登记的，这边还要做健康维护吗？”入户家庭医生陈智勇、陈小凤已经不只一次遇到这样善良的群众和感激的话语。	”因团结镇拆迁全家刚搬来大山铺租住不久的胡淑英大娘激动地说：“我在团结镇也做了登记的，这边还要做健康维护吗？”入户家庭医生陈智勇、陈小凤已经不止一次遇到这样善良的群众和感激的话语。	negative
根据省政府“法雨春风”活动月要求，咨道所在做好防疫抗疫工作的同时，深入企业、市场为业主和员工提供法律服务。	根据省政府“法雨春风”活动月要求，指导所在做好防疫抗疫工作的同时，深入企业、市场为业主和员工提供法律服务。	negative
本报讯（记者赵洪波）9月2日，市疾控中心被正式确定为国家致病菌识别网网络实验室，标志着我市开展致病菌分离鉴定和基因组分子分型的能力水平达到了国家标准，是目前我省第四个成为国家致病菌识别网网络实验室并被授牌的城市。	本报讯（记者赵洪波）9月2日，市疾控中心被正式确定为国家致病菌识别网络实验室，标志着我市开展致病菌分离鉴定和基因组分子分型的能力水平达到了国家标准，是目前我省第四个成为国家致病菌识别网络实验室并被授牌的城市。	negative
业主（凭当地供电部门受理确认的居民家庭分布式光伏发电项目并网申请表进行网上申报）登录登录浙江政务网→用户申请注册→填报项目备案申请表→上传申报材料→申报提交→备案登记。	业主（凭当地供电部门受理确认的居民家庭分布式光伏发电项目并网申请表进行网上申报）登录浙江政务网→用户申请注册→填报项目备案申请表→上传申报材料→申报提交→备案登记。	negative
有这样的党，作为其中的一分子，怎能让我不自豪、不骄傲？我想骄傲的大声说，我是纪检监察队伍中的一员。	有这样的党，作为其中的一分子，怎能让我不自豪、不骄傲？我想骄傲地大声说，我是纪检监察队伍中的一员。	negative
8月29日傍晚，青海西宁市湟源县一片纯净温暖的蔚蓝上空，云朵泼墨写意、变幻么测，放眼远看感觉像要掉到地面上，让高原蓝更加梦幻。	8月29日傍晚，青海西宁市湟源县一片纯净温暖的蔚蓝上空，云朵泼墨写意、变幻莫测，放眼远看感觉像要掉到地面上，让高原蓝更加梦幻。	negative
洞经古乐是中国传统文化宝库中的一颗璀灿明珠，它起源于四川，发祥于七曲山大庙，以咏唱道家经典《文昌大洞仙经》而得名，流传至今已有840多年。	洞经古乐是中国传统文化宝库中的一颗璀璨明珠，它起源于四川，发祥于七曲山大庙，以咏唱道家经典《文昌大洞仙经》而得名，流传至今已有840多年。	negative
他们将继续弘扬抗疫精神、践行责任使命，力争在院患者早日清零，为杭州人民生命健康保驾护航。	他们将继续弘扬伟大抗疫精神、践行责任使命，力争在院患者早日清零，为杭州人民生命健康保驾护航。	negative
因为有了们的肯定，让李翠兰在做月嫂培训的路上才更有动力，更有价值，她希望把贴心的服务带到更多的家庭。	因为有了他们的肯定，让李翠兰在做月嫂培训的路上才更有动力，更有价值，她希望把贴心的服务带到更多的家庭。	negative
学习《毛泽东邓小平江泽民胡锦涛关于中国共产党历史论述摘篇》——邓小平重要论述篇目。	学习《毛泽东邓小平江泽民胡锦涛关于中国共产党历史论述摘编》——邓小平重要论述篇目。	negative
庄主席在调研中实地考察了各基地的规模、环境建设请况，了解了基地科技含量、未来发展规划，询问了带动妇女就业人数和收入水平。	庄主席在调研中实地考察了各基地的规模、环境建设情况，了解了基地科技含量、未来发展规划，询问了带动妇女就业人数和收入水平。	negative
址：北京市北京市西城区北京市西城区车公庄大街9号院1号楼	址：北京市西城区北京市西城区车公庄大街9号院1号楼	negative
突出思想教育引领，全面覆盖政治理论、党史教育、警示教育和业务学习。	突出思想教育引领，全面覆盖政治理论、党史学习教育、警示教育和业务学习。	negative
王园现在是重庆联通石桥铺综合营销服中心区域装维板块负责人，也见证了白马凼小区换新颜的全过程。	  王园现在是重庆联通石桥铺综合营销服务中心区域装维板块负责人，也见证了白马凼小区换新颜的全过程。	negative
2016年村委会与服务中心签订《土地流转合同》，村委会将包括涉诉土地在内的634．5亩土地出租给服务中心用于于家务中心公园建设。	2016年村委会与服务中心签订《土地流转合同》，村委会将包括涉诉土地在内的634．5亩土地出租给服务中心用于家务中心公园建设。	negative
2013年10月26日，数百名民众在美国首都华盛顿参加示威活动，抗议美国家安全局（NSA）针对普通美国民众的大规模监控活动。	  2013年10月26日，数百名民众在美国首都华盛顿参加示威活动，抗议美国国家安全局（NSA）针对普通美国民众的大规模监控活动。	negative
（2）公告发布媒体：中国河北政府采购网、河北省公共资源交易服务平台、雄安新区公共资源交易服务平台。	 （2）公告发布媒体：中国河北省人民政府采购网、河北省公共资源交易服务平台、雄安新区公共资源交易服务平台。	negative
家人盼着他们的“主心骨”能在身边，但作为巩义河务局的“一把手”，作为巩义市防汛抗旱指挥部副指挥长、黄河黄河防汛办公室主任，这个时候，徐啸选择了坚守。	家人盼着他们的“主心骨”能在身边，但作为巩义河务局的“一把手”，作为巩义市防汛抗旱指挥部副指挥长、黄河防汛办公室主任，这个时候，徐啸选择了坚守。	negative
不得参与参与本次投标活动。	不得参与本次投标活动。	negative
娟娟细流，以滋万物，几百年后的今天，“忠亮笃实”依然作为时代之音，激励着每一位麟游人民。	涓涓细流，以滋万物，几百年后的今天，“忠亮笃实”依然作为时代之音，激励着每一位麟游人民。	negative
12时07分，茹村中队民警在国道239线763公里处执勤检查时，发现杨某某驾驶的三轮车车厢内载载人人，民警立即让其靠边停车，纠正其违法行为，对驾驶人杨某某及其乘坐人员讲解了农用车违法载人的危害性和极易发生的后果。	12时07分，茹村中队民警在国道239线763公里处执勤检查时，发现杨某某驾驶的三轮车车厢内载人人，民警立即让其靠边停车，纠正其违法行为，对驾驶人杨某某及其乘坐人员讲解了农用车违法载人的危害性和极易发生的后果。	negative
常州市中医院沈献芳主任表示，在与扬州的同志一起共事过程中，深刻感受到扬州法院、检察院干警的严谨、高效和战斗精神，特别是认真、负责的精神令人倾佩。	常州市中医院沈献芳主任表示，在与扬州的同志一起共事过程中，深刻感受到扬州法院、检察院干警的严谨、高效和战斗精神，特别是认真、负责的精神令人钦佩。	negative
形式灵活多样   支队邀请邀请闽南师范大学硕士生导师何孟飞教授为全市指战员作专题讲座；	形式灵活多样   支队邀请闽南师范大学硕士生导师何孟飞教授为全市指战员作专题讲座；	negative
请考生严格按照考试时间准时到达考场，严谨携带电子设备带入考场。	请考生严格按照考试时间准时到达考场，严禁携带电子设备带入考场。	negative
關于疫情風險等級調整的通告（第65號）	關于疫情风险等級調整的通告（第65號）	negative
关于广东中烟工业有限责任公司梅州卷烟厂可视化与定置化标识设计制作项目(2021年10月-2024年9月)(招标编号:0724-2100D66N3353)的评审工作已圆满结束,	关于广东中烟工业有限责任公司梅州卷烟厂可视化与定制化标识设计制作项目(2021年10月-2024年9月)(招标编号:0724-2100D66N3353)的评审工作已圆满结束,	negative
那段时间，她脑中的弦一直紧绷着，开盘前一周，每晚回到家就倒头痛哭，第二天早晨，除了眼睛肿一点，又满血复活。	那段时间，她脑中的弦一直紧绷着，开盘前一周，每晚回到家就抱头痛哭，第二天早晨，除了眼睛肿一点，又满血复活。	negative
分析道：肯定当时二嫂赚到钱后就在小白面前得瑟，	分析道：肯定当时二嫂赚到钱后就在小白面前嘚瑟，	negative
特殊的“开学第一课”今天，东胜中学教师来到三泉镇半河社区开展送教上门，为一名不能随班就读的七年级新生送上教材和学习用品，并根据其学习能力制定适宜的教案，帮助其完成九年制义无教育。	特殊的“开学第一课”今天，东胜中学教师来到三泉镇半河社区开展送教上门，为一名不能随班就读的七年级新生送上教材和学习用品，并根据其学习能力制定适宜的教案，帮助其完成九年制义务教育。	negative
其他投标人的价格分统一按下列公式计算：投标报价得分=（评标基准价投标报价）×价格权值×100属于小型和微型企业、监狱企业产品的，价格给予6%的扣除，用扣除后的价格参于评审。	其他投标人的价格分统一按下列公式计算：投标报价得分=（评标基准价投标报价）×价格权值×100属于小型和微型企业、监狱企业产品的，价格给予6%的扣除，用扣除后的价格参与评审。	negative
·节能宣传周·节能降炭绿色发展8月23日至8月29日是一年一度的全国节能宣传周今年宣传周的主题是“节能降碳，	·节能宣传周·节能降碳绿色发展8月23日至8月29日是一年一度的全国节能宣传周今年宣传周的主题是“节能降碳，	negative
十四运会和残特奥会的圣火，把更快、更高、更强、更团结的奥林匹克精神播洒到咸阳的每一个角落，更把团结、和谐、进步的追求传遍到每一个咸阳人的心中，咸阳人民将在奋进新时代的征程中，在“向阳花开”的道路上谱写出更加华彩动人的篇章。	十四运会和残特奥会的圣火，把更快、更高、更强、更团结的奥林匹克精神播撒到咸阳的每一个角落，更把团结、和谐、进步的追求传遍到每一个咸阳人的心中，咸阳人民将在奋进新时代的征程中，在“向阳花开”的道路上谱写出更加华彩动人的篇章。	negative
“习近平的2021”系列解读之五扎实推动共同富裕，实实在在造福人民【学习进行时】2021，中国，我们党迎来百年华诞，两个百年奋斗目标历史交汇。	“习近平的2021”系列解读之五扎实推动共同富裕，实实在在造福人民【学习进行时】2021，中国，我们党迎来百年华诞，两个一百年奋斗目标历史交汇。	negative
【千旱导致加拿大油菜籽产量大幅下滑】加拿大统计局发布的产量报告显示，预计2021年加拿大油菜籽产量为1470万吨，同比下降24.3%，略高于业内预期的1410 万吨，为近9年来最低。	【干旱导致加拿大油菜籽产量大幅下滑】加拿大统计局发布的产量报告显示，预计2021年加拿大油菜籽产量为1470万吨，同比下降24.3%，略高于业内预期的1410 万吨，为近9年来最低。	negative
横跨除夕到元宵，沈阳用多种多样的活动为市民们烹出一道道满溢香气的文化大餐。	  横跨除夕到元宵，沈阳用多种多样的活动为市民们烹饪出一道道满溢香气的文化大餐。	negative
第三天真的要好得多了，汗水打湿了衣服穿着特别难受，晚上我们偷偷相约把衣服洗了，但第二天早上没有干，我们找吹风机吹一下就穿上出早操了，心里乐吱吱的。	第三天真的要好得多了，汗水打湿了衣服穿着特别难受，晚上我们偷偷相约把衣服洗了，但第二天早上没有干，我们找吹风机吹一下就穿上出早操了，心里乐滋滋的。	negative
浙江省衢州市龙游县龙游县龙洲街道兴龙北路41、43、45号	浙江省衢州市龙游县龙洲街道兴龙北路41、43、45号	negative
在实际应用中，医院出院病人中药饮片使用率79.97%、重点专科中医治疗率68.51%，住院中医病历书写率95.35%；门诊中药饮片处方比例30.82%，非药物治疗人次比10.26%，门诊中药处方比例60.03%。	在实际应用中，医院出院病人中药饮片使用率79.97%、重点专科中医治疗率68.51%，住院中医病历书写率95.35%；门诊中药饮片处方比例30.82%，非药物治疗人次比例10.26%，门诊中药处方比例60.03%。	negative
为了更好地推广和普及越野滑雪运动，上世纪90年代国际雪联将越野滑雪赛事搬到了都市，每年，包括瑞典斯德哥尔摩皇宫、德国杜塞多夫河道边和挪威奥斯陆街道等都市地标都会上演城市越野滑雪的系列赛事。	为了更好地推广和普及越野滑雪运动，上世纪90年代国际雪联将越野滑雪赛事搬到了都市，每年，包括瑞典斯德哥尔摩皇宫、德国杜塞尔多夫河道边和挪威奥斯陆街道等都市地标都会上演城市越野滑雪的系列赛事。	negative
西青区委区政府高度重视，切实提高政治站位、强化政治担当，深刻认识通报问题危害性，坚决落实属地监管责任，在市住建委和相关市级部门指导下，以科学严禁的态度，高质有效推动问题整改。	西青区委区政府高度重视，切实提高政治站位、强化政治担当，深刻认识通报问题危害性，坚决落实属地监管责任，在市住建委和相关市级部门指导下，以科学严谨的态度，高质有效推动问题整改。	negative
多方争求意见的基础上，	多方征求意见的基础上，	negative
对于退体工资仅有2000多元的李婶来说，这是一笔很大的借款。	对于退休工资仅有2000多元的李婶来说，这是一笔很大的借款。	negative
8点45分，张佳已经在医院候诊，她不禁感叹：一个多小时前，自己还在张家口的街上走着，转眼功夫就到北京的医院里了。	8点45分，张佳已经在医院候诊，她不禁感叹：一个多小时前，自己还在张家口的街上走着，转眼工夫就到北京的医院里了。	negative
其必须持有《高危险性休育项目经营许可证》，	其必须持有《高危险性体育项目经营许可证》，	negative
据媒体报道，“中超经济困难户”重庆两江竞技俱乐部的球员和教练员们也曾在欠薪的状态下苦苦坚守，U19梯队的家长们甚者自筹伙食费和场地租赁费……  无论是曾经的豪门，还是名不见经传的小队伍，寒冬之中坚守的足球人没有放弃曾经的梦想，也没有丢掉中国足球的希望。	  据媒体报道，“中超经济困难户”重庆两江竞技俱乐部的球员和教练员们也曾在欠薪的状态下苦苦坚守，U19梯队的家长们甚至自筹伙食费和场地租赁费……  无论是曾经的豪门，还是名不见经传的小队伍，寒冬之中坚守的足球人没有放弃曾经的梦想，也没有丢掉中国足球的希望。	negative
各相关部门要结合本次会议精神，认真做好后序各项工作，确保《条例》按时出台。	各相关部门要结合本次会议精神，认真做好后续各项工作，确保《条例》按时出台。	negative
决算数大于预算数的主要原因是上级拔付的项目资金不列入本级预算，资金结余结转下年继续用于困难群众救助支出（1）2080201行政运行。	决算数大于预算数的主要原因是上级拨付的项目资金不列入本级预算，资金结余结转下年继续用于困难群众救助支出（1）2080201行政运行。	negative
十、疫苗用中性硼硅玻璃及预罐封针筒关键技术、核心装备研发需求目标：疫苗用中性硼硅玻璃及预罐封针筒关键技术、核心装备研发。	十、疫苗用中性硼硅玻璃及预灌封针筒关键技术、核心装备研发需求目标：疫苗用中性硼硅玻璃及预灌封针筒关键技术、核心装备研发。	negative
地址：河北省高碑市迎宾路	地址：河北省高碑店市迎宾路	negative
中国海军研究院研究员张军社此前者表示，美国第七舰队的官方声明依旧是遮遮掩掩。	  中国海军研究院研究员张军社此前表示，美国第七舰队的官方声明依旧是遮遮掩掩。	negative
今年来，耒阳市创造性开展“安商行动”改革，出台一系列“硬核”安商举措，犹如一记惊雷，在全市激起安商热潮，市外客商或来电来信，或亲临耒阳咨询恰谈。	今年来，耒阳市创造性开展“安商行动”改革，出台一系列“硬核”安商举措，犹如一记惊雷，在全市激起安商热潮，市外客商或来电来信，或亲临耒阳咨询洽谈。	negative
王建亚、赵成英、王素珍（飞机跳伞）同山东运动员在集训中破世界记录。	王建亚、赵成英、王素珍（飞机跳伞）同山东运动员在集训中破世界纪录。	negative
真正把党要管党、从严治党的各项要求落实到区政府系统各部门。	真正把党要管党、全面从严治党的各项要求落实到区政府系统各部门。	negative
要进一步强化渔港港监执法能力建设，着力推进渔港执法站点标准化建设、在册渔船安全生产执法工作以及“渔船服务组织能力提升行动”；	要进一步强化渔港监执法能力建设，着力推进渔港执法站点标准化建设、在册渔船安全生产执法工作以及“渔船服务组织能力提升行动”；	negative
而最大的遗憾，莫过于对家人的亏歉。	而最大的遗憾，莫过于对家人的亏欠。	negative
新华社北京2月15日电 题：三十载树人：桃不言，自成蹊  新华社记者张逸飞、李宇佳、李铮、崔师豪  “我是第一吗？	  新华社北京2月15日电 题：三十载树人：桃李不言，自成蹊  新华社记者张逸飞、李宇佳、李铮、崔师豪  “我是第一吗？	negative
因驾驶人一个记分周期内累积计分达到12分，民警扣留其驾驶证。	因驾驶人一个记分周期内累积记分达到12分，民警扣留其驾驶证。	negative
北京冬奥闭环人员心理健康如何保障？	北京冬奥会闭环人员心理健康如何保障？	negative
受冷空影响，预计15日至17日，新疆北部的部分地区有小到中雪，局地大雪或暴雪。	  受冷空气影响，预计15日至17日，新疆北部的部分地区有小到中雪，局地大雪或暴雪。	negative
隆林各族自治县自治县第十六届人民代表代表各专门委员会人员人选和出席百色市第五届人民代表大会代表候选人名单(草案)的说明，	隆林各族自治县第十六届人民代表代表各专门委员会人员人选和出席百色市第五届人民代表大会代表候选人名单(草案)的说明，	negative
凭政府采购合同向银行提出贷款意向申清。四、免收投标保证金。五、各供应商应加强自身诚信体系建设，	凭政府采购合同向银行提出贷款意向申请。四、免收投标保证金。五、各供应商应加强自身诚信体系建设，	negative
二是走访代理机构的同时督促代理记账机构加强会计从业人员的管理，抓好会计人员继续教育，多渠道增加会计人员学习机会，不继提高他们的素质和水平，规范会计职业道德，加强会计诚信教育，营造良好的会计行业社会氛围。	二是走访代理机构的同时督促代理记账机构加强会计从业人员的管理，抓好会计人员继续教育，多渠道增加会计人员学习机会，不断提高他们的素质和水平，规范会计职业道德，加强会计诚信教育，营造良好的会计行业社会氛围。	negative
”日前，庆阳市华池县纪委监委运用函询方式了结一起单位负责人被举报在工作中存在民主集中制落实不到位的问题线索，并开展谈话提醒。	”日前，庆阳市华池县纪委监委运用函询方式了解一起单位负责人被举报在工作中存在民主集中制落实不到位的问题线索，并开展谈话提醒。	negative
隆林民族文化底韵深厚，不同的文化种类含盖几百个品种，特别是苗族的跳坡节，彝族的火把节，仡佬族的吃薪节，壮族三月三歌会，汉族的袍汤节已形成了隆林五个少数民族独特的传统文化奇葩。	隆林民族文化底蕴深厚，不同的文化种类含盖几百个品种，特别是苗族的跳坡节，彝族的火把节，仡佬族的吃薪节，壮族三月三歌会，汉族的袍汤节已形成了隆林五个少数民族独特的传统文化奇葩。	negative
四川省广安市华蓥市华蓥市现代物流业发展中心华蓥市高兴物流园区控制性详细规划环评编制服务竞争性磋商成交公告	四川省广安市华蓥市现代物流业发展中心华蓥市高兴物流园区控制性详细规划环评编制服务竞争性磋商成交公告	negative
他热心公益，是一位“小暧男”。	他热心公益，是一位“小暖男”。	negative
【#大叔买死猪炼油致全身疼痛险送命#[吃惊]】8月27日，据湖南省人民医院，男子以为领居家的猪热死了，用低价买回来炼猪油，但仅仅只是炼成了猪油还没来得及吃，第二天便全身疼痛，并伴有恶心呕吐、意识模糊，最后送进医院。	【#大叔买死猪炼油致全身疼痛险送命#[吃惊]】8月27日，据湖南省人民医院，男子以为邻居家的猪热死了，用低价买回来炼猪油，但仅仅只是炼成了猪油还没来得及吃，第二天便全身疼痛，并伴有恶心呕吐、意识模糊，最后送进医院。	negative
5个分团围绕财政税收、金融支持、用电优惠、社保缓交、简化流程等，全面梳理优惠政策，将省、市“二十条”惠企政策汇编成企业一看就懂、便于掌握的小册子，免费发放到企业，并上门深入企业开展宣讲。	  5个分团围绕财政税收、金融支持、用电优惠、社保缓缴、简化流程等，全面梳理优惠政策，将省、市“二十条”惠企政策汇编成企业一看就懂、便于掌握的小册子，免费发放到企业，并上门深入企业开展宣讲。	negative
生产、经营蜂种的主要对获得蜂种生产经营许可证单位所生产的种蜂进行抽查，每年新增的种蜂进行登记评定。	生产、经营蜂种的主要对获得蜂种生产经营许可证单位所生产的总分进行抽查，每年新增的总分进行登记评定。	negative
”尽管采花人用雨衣或薄膜裹腿，但下半身还是湿辘辘的。	”尽管采花人用雨衣或薄膜裹腿，但下半身还是湿漉漉的。	negative
会议重点重点传达学习了县委书记曾平《着力打造“四地” 加快建设“四区”奋力谱写全面建设社会主义现代化国家的精彩全南篇章》的报告。	会议重点传达学习了县委书记曾平《着力打造“四地” 加快建设“四区”奋力谱写全面建设社会主义现代化国家的精彩全南篇章》的报告。	negative
不管逆风奔跑的战斗岁月会持续多久，不管辛酸隐忍的崎岖道路将绵延多长，只要使命在前方召唤，他们一无反顾、一往无前！	不管逆风奔跑的战斗岁月会持续多久，不管辛酸隐忍的崎岖道路将绵延多长，只要使命在前方召唤，他们义无反顾、一往无前！	negative
要促进广大党员干部积极学党史。	要促进广大党员干部积极学习党史。	negative
所有干部职工公务活动践行“135”出行方案（即1公里内步行、3公里内骑自行车、5公里内乘坐公共交通工具），自驾上班的干部职工换乘公共交通工具、骑自行车或步行上下班，以节能低碳，绿色健康的出行方式体验能源资源资源紧缺，支持节能降碳。	所有干部职工公务活动践行“135”出行方案（即1公里内步行、3公里内骑自行车、5公里内乘坐公共交通工具），自驾上班的干部职工换乘公共交通工具、骑自行车或步行上下班，以节能低碳，绿色健康的出行方式体验能源资源紧缺，支持节能降碳。	negative
福建省漳州市南靖县南靖县行政服务中心五楼	福建省漳州市南靖县行政服务中心五楼	negative
至今，邓小岚已经协调捐赠了近500件乐器、数千册图书，培养了200多名学生，有10多个学生在大学里读艺术专业或毕业后从事艺术教育。	    至今，邓小岚已经协调捐赠了近500件乐器、数千册图书，培养了200多名学生，有10多名学生在大学里读艺术专业或毕业后从事艺术教育。	negative
”据悉，铜石镇党委将28名35周岁以下青年干部纳入宣讲队伍建设范围，旨在通过宣讲活动提高铜石镇整体干部队伍的整治素养，切实增强“四个意识”、坚定“四个自信”、做到“两个维护”，听党话、跟党走，奋力开创大美铜石工作新局面。	”据悉，铜石镇党委将28名35周岁以下青年干部纳入宣讲队伍建设范围，旨在通过宣讲活动提高铜石镇整体干部队伍的政治素养，切实增强“四个意识”、坚定“四个自信”、做到“两个维护”，听党话、跟党走，奋力开创大美铜石工作新局面。	negative
邮箱：YDZBZW@163.com，并将费用汇至代理机构账号并备注“JG21013+单位名称”，经工作人员确认资料无误且费用账后，即为报名成功（报名联系电话：梁小姐0759-2286602）。	邮箱：YDZBZW@163.com，并将费用汇至代理机构账号并备注“JG21013+单位名称”，经工作人员确认资料无误且费用入账后，即为报名成功（报名联系电话：梁小姐0759-2286602）。	negative
相比原来，现在会出现越来越多的农产品滞消的情况，其实不止是农产品，还有水产品，出现过很多次滞消的情况了。	相比原来，现在会出现越来越多的农产品滞销的情况，其实不止是农产品，还有水产品，出现过很多次滞销的情况了。	negative
别山供电服务中心的职工纷纷表示，工会送来的跑步机、动感单车等健身器械非常实用，可以利用业余时间进行体育锻炼，既能够强健体魄，又能缓解工作一天的疲惫，充分体显了工会对一线职工的关心关爱。	别山供电服务中心的职工纷纷表示，工会送来的跑步机、动感单车等健身器械非常实用，可以利用业余时间进行体育锻炼，既能够强健体魄，又能缓解工作一天的疲惫，充分体现了工会对一线职工的关心关爱。	negative
该公式将Heegner点的高度与相应椭圆曲线Zeta函数的中心导数联系在一起，并推动Birch和Swinnerton-Dyer(BSD)猜想取得重大突。	该公式将Heegner点的高度与相应椭圆曲线Zeta函数的中心导数联系在一起，并推动Birch和Swinnerton-Dyer(BSD)猜想取得重大突破。	negative
2、盗用QQ号诈骗：盗用他人QQ号码，用盗用QQ登陆与“他”最信任、最亲近的好友聊天，找各种理由骗取对方，通过银行向他付款，进行诈骗。	2、盗用QQ号诈骗：盗用他人QQ号码，用盗用QQ登录与“他”最信任、最亲近的好友聊天，找各种理由骗取对方，通过银行向他付款，进行诈骗。	negative
下一步改进措施：充分利用好各种裁体，提升普通话推广工作。	下一步改进措施：充分利用好各种载体，提升普通话推广工作。	negative
张然曾担任过中国排协副主席，并且执教过袁伟民、孙晋芳等，是中国排球的开拓先锋之一。	张然曾担任过中国排协副主席，并且执教过袁伟民、孙晋芳等，是中国排球的开路先锋之一。	negative
如果症状较重、不能自行缓解或自己无发判断其严重程度，应及时到医疗机构就诊，并向接种单位报告。	如果症状较重、不能自行缓解或自己无法判断其严重程度，应及时到医疗机构就诊，并向接种单位报告。	negative
持而久之，我市生态环境质量将得到全面改善，人民群众对生态环境的幸福获得感将进一步增强。	久而久之，我市生态环境质量将得到全面改善，人民群众对生态环境的幸福获得感将进一步增强。	negative
0~｜｜3岁孩子早期听力障碍的表现：7、如何预防听力障碍（1）孕期妈妈如何预防怀孕前三个月往往是胎儿耳关键结构（内耳）的发育阶段，要注意避免接触耳毒性性药物、物理射线的照射、病毒感染、一氧化碳中度等，且孕前不宜接种疫苗，这些都是会导致听力障碍产生的原因。	0~｜｜3岁孩子早期听力障碍的表现：7、如何预防听力障碍（1）孕期妈妈如何预防怀孕前三个月往往是胎儿耳关键结构（内耳）的发育阶段，要注意避免接触耳毒性性药物、物理射线的照射、病毒感染、一氧化碳中毒等，且孕前不宜接种疫苗，这些都是会导致听力障碍产生的原因。	negative
加强对支部工作的指导督查，定期讲评支部月度工作成绩，推动党建业务深度融合。	加强对支部工作的指导督查，定期讲评支部月度工作成绩，推动党建和业务深度融合。	negative
附件：龙门县公安局2021年警务辅助人员拟录用人员公名单.xlsx  龙门县公安局  2021年12月22日	公示 附件：龙门县公安局2021年警务辅助人员拟录用人员公名单.xlsx  龙门县公安局  2021年12月22日	negative
海南省發展和改革委員會關於申報2022年省重點重大項目投資計劃的通知	海南省發展和改革委員會關於申報2022年省重點重大项目投資計劃的通知	negative
每逢清晨报时，声闻四达远及十余里，与鼓楼巨鼓日暮发出的鼓声，互为珠璧，是为全城士民的计时依托。	每逢清晨报时，声闻四达远及十余里，与鼓楼巨鼓日暮发出的鼓声，互为珠璧，是为全城市民的计时依托。	negative
窒息发生时，患者不会有强烈的咳嗽，不能说话或是唿吸，脸会短时间内变成红色或青紫色。	窒息发生时，患者不会有强烈的咳嗽，不能说话或是呼吸，脸会短时间内变成红色或青紫色。	negative
中心感谢中国大使馆对青年中心的慷慨援助，希望今后两国进一步密切各领域交流合作。	衷心感谢中国大使馆对青年中心的慷慨援助，希望今后两国进一步密切各领域交流合作。	negative
直击广州黄埔认亲现场】8个月大被收养，女子39年后报警寻回亲身父母。	直击广州黄埔认亲现场】8个月大被收养，女子39年后报警寻回亲生父母。	negative
六、投标单位提交并在信息库（诚信库）发布的相关信息均应真实有效，提交的材料无任何伪造、修改、虚假成份，材料所述内容均为本单位真实拥有。	六、投标单位提交并在信息库（诚信库）发布的相关信息均应真实有效，提交的材料无任何伪造、修改、虚假成分，材料所述内容均为本单位真实拥有。	negative
预报精准度上来讲，全国24小时晴雨预报准确率达到86%，就是今天报是否有雨可信度接近9成的水平。	预报精准度上来讲，全国24小时晴雨预报准确率达到86%，就是今天报是预报有雨可信度接近9成的水平。	negative
三亞供銷社系統近年來堅持開放辦社	三亞供銷社系統近年来堅持開放辦社	negative
按照“主体注册操作手册”如实填写相关信息注册、上传有关附（已完成注册的无需再次注册），	按照“主体注册操作手册”如实填写相关信息注册、上传有关附件（已完成注册的无需再次注册），	negative
▼本样式由135编辑器出品，不允许任何第三方编辑器抄袭使用，违者必纠。	▼本样式由135编辑器出品，不允许任何第三方编辑器抄袭使用，违者必究。	negative
第六宗罪：姿意妄为 无视当地风俗；	第六宗罪：恣意妄为 无视当地风俗；	negative
不吃十斤 不飞走 而且而且，那些插在滩涂上的假鸟也很能迷惑我们。	不吃十斤 不飞走 而且，那些插在滩涂上的假鸟也很能迷惑我们。	negative
具体明细入下表：西乌珠穆沁旗人民法院机构设置情况表单位名称机构性质所含机构西乌珠穆沁旗人民法院行政单位无下属二级预算单位第二部分2020年度部门决算情况说明一、关于2020年度预算执行情况分析2020年本年收入预算数为1408.57万元，	具体明细如下表：西乌珠穆沁旗人民法院机构设置情况表单位名称机构性质所含机构西乌珠穆沁旗人民法院行政单位无下属二级预算单位第二部分2020年度部门决算情况说明一、关于2020年度预算执行情况分析2020年本年收入预算数为1408.57万元，	negative
在“小家”面前他选择了“大家”，世界上没有从天而将的英雄，只有挺身而出的凡人。	在“小家”面前他选择了“大家”，世界上没有从天而降的英雄，只有挺身而出的凡人。	negative
2021年，全省上下一心，向污染防治发起攻坚，为“治山治水治气治城”勇毅笃行，为“生态保护修复”奋辑争先；	奋楫021年，全省上下一心，向污染防治发起攻坚，为“治山治水治气治城”勇毅笃行，为“生态保护修复”奋辑争先；	negative
添加好友之后就会以给领导送礼、资助亲友但本人不方便为由，要求员工先向指定的账户，并称随后会将钱款还给员工，甚至为了増加可信度，会索要员工的银行卡号，制作虚假的转账凭证证明已将钱款向员工转账，请员工向指定账户转账。	添加好友之后就会以给领导送礼、资助亲友但本人不方便为由，要求员工先向指定的账户，并称随后会将钱款还给员工，甚至为了增加可信度，会索要员工的银行卡号，制作虚假的转账凭证证明已将钱款向员工转账，请员工向指定账户转账。	negative
【同期】北京冬奥会五棵松体育中心 体育展示经理 白芸  我们每一个进进球都会迎来特别大的欢呼声，然后我们用音乐配合，是会能够把这整个的赛场都达到一种高潮的状态。	  【同期】北京冬奥会五棵松体育中心 体育展示经理 白芸  我们每一个进球都会迎来特别大的欢呼声，然后我们用音乐配合，是会能够把这整个的赛场都达到一种高潮的状态。	negative
会议强调：一是各企业要结合本企业实际，严格对照县上印发的《方案》尽快制定切实可行的《促销活动方案》，报商务局审核后及时通过各类媒体平台进行发布，加大促消活动宣传力度和范围。	会议强调：一是各企业要结合本企业实际，严格对照县上印发的《方案》尽快制定切实可行的《促销活动方案》，报商务局审核后及时通过各类媒体平台进行发布，加大促销活动宣传力度和范围。	negative
【百人51】毕恒光：把我的一切都贡献给革命人物简介毕恒光（1923-1949）云南石林人1944年加入中共外围组织云南民主青年同盟1945年加入中国共产党1949年1月20日英勇就义来原：乐云网​​	【百人51】毕恒光：把我的一切都贡献给革命人物简介毕恒光（1923-1949）云南石林人1944年加入中共外围组织云南民主青年同盟1945年加入中国共产党1949年1月20日英勇就义来源：乐云网​​	negative
、华为生态、科大讯飞和及其他数字经济企业4个专区，	、华为生态、科大讯飞及其他数字经济企业4个专区，	negative
肥东县肥东县宝翠园小学2020年度一般公共预算财政拨款“三公”经费支出预算为0万元，支出决算为0万元，完成预算的0%。	肥东县宝翠园小学2020年度一般公共预算财政拨款“三公”经费支出预算为0万元，支出决算为0万元，完成预算的0%。	negative
孟州市市委书记接收短信信访手机号：18239101966。	孟州市委书记接收短信信访手机号：18239101966。	negative
柏林马拉松、纽约马拉松赛、伦敦马拉松赛、东京马拉松赛等世界世界顶级马拉松巡回赛，每年吸引着不少“打卡大满贯赛事”的跑者去旅游。	柏林马拉松、纽约马拉松赛、伦敦马拉松赛、东京马拉松赛等世界顶级马拉松巡回赛，每年吸引着不少“打卡大满贯赛事”的跑者去旅游。	negative
”张环说，“冷酸灵”牙膏作为重庆轻工业所剩不多的“五朵金花”之一，目前在国内口腔行业连续保持民族品牌销量第一，市场份额第二，在抗敏感细分领域占有60%以上市场份额，这都益于在抗敏感技术深耕及持续创新、卓越的产品品质。	”张环说，“冷酸灵”牙膏作为重庆轻工业所剩不多的“五朵金花”之一，目前在国内口腔行业连续保持民族品牌销量第一，市场份额第二，在抗敏感细分领域占有60%以上市场份额，这都得益于在抗敏感技术深耕及持续创新、卓越的产品品质。	negative
二是以法严事。	二是依法严事。	negative
地址：广东省佛山市顺德区顺德区大良南国东路宝翠花园36号铺	地址：广东省佛山市顺德区大良南国东路宝翠花园36号铺	negative
来自全省34所高职院校的68名选手围绕主题宴会设计、宴会服务、休闲餐服务、鸡尾酒制作服务四大赛项各显身手、一决高下。	来自全省34所高职院校的68名选手围绕主题宴会设计、宴会服务、休闲餐饮服务、鸡尾酒制作服务四大赛项各显身手、一决高下。	negative
始终以优化发展环境、促进经济发展为已任，	始终以优化发展环境、促进经济发展为己任，	negative
地点：延长县政府采购招评标大厅大厅	地点：延长县政府采购招评标大厅	negative
第二十一条档案目录登记薄、接收登记薄、销毁登记薄、销毁批件、移交登记薄列为永久保管。	第二十一条档案目录登记簿、接收登记簿、销毁登记簿、销毁批件、移交登记簿列为永久保管。	negative
但一心赚“快钱”的崔伟斌再次重操就业，将目光锁定在了性保健品上。	但一心赚“快钱”的崔伟斌再次重操旧业，将目光锁定在了性保健品上。	negative
不知不觉，我在追星的道路上渡过了一个又一个的春夏秋冬，也在广袤无垠的星空下渡过了一个又一个不眠之夜。	不知不觉，我在追星的道路上度过了一个又一个的春夏秋冬，也在广袤无垠的星空下度过了一个又一个不眠之夜。	negative
对方要求先缴5000元保险费做担保还需要交15000元保证金放款时会全部返还于是他交了5000元又交了15000元但他却始终没等到现金支票……骗局揭密这种贷款诈骗被称作“纯骗贷”，	对方要求先交5000元保险费做担保还需要交15000元保证金放款时会全部返还于是他交了5000元又交了15000元但他却始终没等到现金支票……骗局揭密这种贷款诈骗被称作“纯骗贷”，	negative
important;"镇党委书记张华东对待补法庭在维护社会稳定，促进社会治理等方面的工作给予充分肯定，并希望新进人员继续再接再砺，多为人民群众办实事、办好事、办小事、充分发挥人民法庭在基层社会治理中的重要作用。	important;"镇党委书记张华东对待补法庭在维护社会稳定，促进社会治理等方面的工作给予充分肯定，并希望新进人员继续再接再厉，多为人民群众办实事、办好事、办小事、充分发挥人民法庭在基层社会治理中的重要作用。	negative
遂即成立专题调研组，	随即成立专题调研组，	negative
4.发现违法线索，可拨打珠海使命服务热线（0756-12345）举报。	4.发现违法线索，可拨打珠海市民服务热线（0756-12345）举报。	negative
近日，市工信局对全市2个一级煤炭交易市场、17个乡镇二级煤炭配送网点民用煤炭储备量进行了摸底调查，督促配送网点秋季抓紧采购,储备适量库存,缓解冬季、疫情防控造成运输运输紧张等不确定因素形成块煤采购困难。	近日，市工信局对全市2个一级煤炭交易市场、17个乡镇二级煤炭配送网点民用煤炭储备量进行了摸底调查，督促配送网点秋季抓紧采购,储备适量库存,缓解冬季、疫情防控造成运输紧张等不确定因素形成块煤采购困难。	negative
梦想和现实在这里转承，奋斗和拼搏在这里接续。	梦想和现实在这里传承，奋斗和拼搏在这里接续。	negative
现将评标标结果公示如下：	现将评标结果公示如下：	negative
针对职业学校建设，林坚指出，要对学校发展进行长远规划，科学设置学科专业，周密谋划招生规模，确保学校长租发展。	针对职业学校建设，林坚指出，要对学校发展进行长远规划，科学设置学科专业，周密谋划招生规模，确保学校长足发展。	negative
根据市编办批复，	根据市委编办批复，	negative
从诗名不彰到闻名欧美  上世纪50年代中到70年代，海外很少出现关于穆旦的翻译与介绍。	  从诗名不彰到闻名欧美  上世纪50年代中期到70年代，海外很少出现关于穆旦的翻译与介绍。	negative
玛多“卓果”曲调高昂，一般开头和节尾比较平缓，中间部分节奏欢快，起伏较大。	玛多“卓果”曲调高昂，一般开头和结尾比较平缓，中间部分节奏欢快，起伏较大。	negative
我局在陈旗人大常委会的指导下进行执法检査，	我局在陈旗人大常委会的指导下进行执法检查，	negative
”    通俗形象的话语，道出质朴深刻的逻辑：打最硬的铁，须是铁打的人。	”    通俗形象的话语，道出质朴深刻的逻辑：打最硬的铁，必须是铁打的人。	negative
色香味倶全的午餐加上丰富多彩的文化娱乐活动大餐，饱了胃、健了身、更悦了心。	色香味俱全的午餐加上丰富多彩的文化娱乐活动大餐，饱了胃、健了身、更悦了心。	negative
【#蓝朋友可爱版校园安全提示#】可爱可爱的蓝朋友来科普啦，校园安全要注意哦，记住没？ ​​​	【#蓝朋友可爱版校园安全提示#】可爱的蓝朋友来科普啦，校园安全要注意哦，记住没？ ​​​	negative
#我为群众办实事#【低廉草药变“神药”？罗田警方打掉一贩买假药团伙】有人充当病友，有人冒充神医，一伙人长期活动在罗田县人民医院附近，把价值低廉的草药说成包治百病的神药，专门诈骗前来看病的老人及家属。	#我为群众办实事#【低廉草药变“神药”？罗田警方打掉一贩卖假药团伙】有人充当病友，有人冒充神医，一伙人长期活动在罗田县人民医院附近，把价值低廉的草药说成包治百病的神药，专门诈骗前来看病的老人及家属。	negative
对于基层纪监干部来说，监察官法等配套制度的出台,让自己作为监督者更有力量和底气。	对于基层纪检干部来说，监察官法等配套制度的出台,让自己作为监督者更有力量和底气。	negative
同时，领导小组要加强督促检査，及时掌握专项工作推进情况和存在问题，推动措施落实、资金到位、项目落地。	同时，领导小组要加强督促检查，及时掌握专项工作推进情况和存在问题，推动措施落实、资金到位、项目落地。	negative
守初心練內功優服務加快推進基金業高品質發展——易會滿主席在基金業協會第三屆會員代錶大會上的講話	守初心練內功優服務加快推進基金業高品質發展——易會滿主席在基金業協會第三屆會員代表大会上的講話	negative
#NAME?	#NAME?	positive
会议主要明确了2021年全市快递企业党建工作重点，将围绕组织建设、先锋模范作用发挥和快递员权益保障三大板块发力，各企业主要负责人要高度重视，亲自牵头抓好本企业的党建工作，明确专人负责，形成纵向到底、横向倒边的党建工作格局，推动各项工作落到实处。	会议主要明确了2021年全市快递企业党建工作重点，将围绕组织建设、先锋模范作用发挥和快递员权益保障三大板块发力，各企业主要负责人要高度重视，亲自牵头抓好本企业的党建工作，明确专人负责，形成纵向到底、横向到边的党建工作格局，推动各项工作落到实处。	negative
通过人脸识别和身份信息比对，交警发现王某今年22岁，至始至终都没有取得机动车驾驶证。	通过人脸识别和身份信息比对，交警发现王某今年22岁，自始至终都没有取得机动车驾驶证。	negative
此外，社区紧密围绕青年社交需求，打造了室外氧吧空间，包含篮球场、水景广场、休闲娱广场等；室内还设置了健身房、共享厨房、书吧等约2000㎡的多功能共享空间。	此外，社区紧密围绕青年社交需求，打造了室外氧吧空间，包含篮球场、水景广场、休闲娱乐广场等；室内还设置了健身房、共享厨房、书吧等约2000㎡的多功能共享空间。	negative
防汛救灾中，师生深入社区一线，为残疾家庭、高龄行动不便老人上门送菜送水，帮助周边居民和沿街商户清理泥沙泥污，捐款捐物筹集物资，整理发布救援信息，参与转移转移受困群众，用实际行动构筑了冲不垮的“红色堤坝”。	防汛救灾中，师生深入社区一线，为残疾家庭、高龄行动不便老人上门送菜送水，帮助周边居民和沿街商户清理泥沙泥污，捐款捐物筹集物资，整理发布救援信息，参与转移受困群众，用实际行动构筑了冲不垮的“红色堤坝”。	negative
同时，加强沟通协作，细化工作任务，全力推进我县排污企业用电监控系统的建设，有效将监控信息管理平台广泛应用于各项监管、服务工作，并通过人技互动，不断完善管理平台，提升监管能力。	同时，加强沟通协作，细化工作任务，全力推进我县排污企业用电监控系统的建设，有效将监控信息管理平台广泛应用于各项监管、服务工作，并通过人机互动，不断完善管理平台，提升监管能力。	negative
“报告紧扣邯郸市发展的阶段性特征和时代要求，高屋见瓴，催人奋进。	“报告紧扣邯郸市发展的阶段性特征和时代要求，高屋建瓴，催人奋进。	negative
自然资源中和风险普查	自然资源综合风险普查	negative
每種日記篇幅、數量差異很大，有前後延續一二十年到四五十年者，也有殘篇斷簡，敘事僅有一年半載乃至數月者；	每種日記篇幅、數量差異很大，有前後延續一二十年到四五十年者，也有殘篇斷簡，敘事僅有一年半载乃至數月者；	negative
”进一步了解当前历城区和南部山区辖区内金融风险防控情况，历城区检察院邀请济南市公安局历城分局、南山分局和历城区地方金融监管局召开“惩治金融犯罪和防范金融风险座谈会”。	更进一步了解当前历城区和南部山区辖区内金融风险防控情况，历城区检察院邀请济南市公安局历城分局、南山分局和历城区地方金融监管局召开“惩治金融犯罪和防范金融风险座谈会”。	negative
超级微波消解仪可有效解决上术问题，	超级微波消解仪可有效解决上述问题，	negative
要加强农村基础设施和公共服务体系建设，加快补齐公共衞生服务这块短板，完善基层公共衞生设施，加强乡村精神文明建设，开展健康知识普及，倡导文明健康、绿色环保的生活方式。	要加强农村基础设施和公共服务体系建设，加快补齐公共卫生服务这块短板，完善基层公共卫生设施，加强乡村精神文明建设，开展健康知识普及，倡导文明健康、绿色环保的生活方式。	negative
若自本项目采购公告发布之日起至投标截止时间止前三年内存在行贿受贿等犯罪档案记录的将取消其投标资格（查询要求：企业、法人应当分别独立查询，	若自本项目采购公告发布之日起至投标截止时间之前三年内存在行贿受贿等犯罪档案记录的将取消其投标资格（查询要求：企业、法人应当分别独立查询，	negative
奥林匹克运动的目的是促进和平、相互理解和表达善意，它始终与和平、友谊、去政治化相伴生。	奥林匹克运动的目的是促进和平、相互理解和表达善意，它始终与和平、友谊、去政治化相伴一生。	negative
拒决参与本项目政府采购活动。pstyle="	拒绝参与本项目政府采购活动。pstyle="	negative
学生作业本原则上使用具有环保功能的防近视薄册。	学生作业本原则上使用具有环保功能的防近视簿册。	negative
】四川省卫生健康宣教中心联合联合厦门翼下之风动漫特别推出了《那年那兔那些事儿—“抗疫的故事”》，漫画形式还原一个个抗疫小故事，致敬在疫情防控中作出奉献的每一个人！	】四川省卫生健康宣教中心联合厦门翼下之风动漫特别推出了《那年那兔那些事儿—“抗疫的故事”》，漫画形式还原一个个抗疫小故事，致敬在疫情防控中作出奉献的每一个人！	negative
“现在是李子的采摘期，每天都会组织10余名工人进行采摘，确保李子能抢占市场，买个好价钱。	“现在是李子的采摘期，每天都会组织10余名工人进行采摘，确保李子能抢占市场，卖个好价钱。	negative
新华社济南2月12日电 题：百年五音戏的“涨粉”秘诀  新华社记者邵琨  戴上胡子、穿上状元袍、蹬上靴子、围上披风……山东省济南市章丘区文祖街道青野村戏台旁边的化装间里，村民们正在化装。	  新华社济南2月12日电 题：百年五音戏的“涨粉”秘诀  新华社记者邵琨  戴上胡子、穿上状元袍、蹬上靴子、围上披风……山东省济南市章丘区文祖街道青野村戏台旁边的化妆间里，村民们正在化装。	negative
围绕打造宜居宜业新港城，海门港新区将继续完善医疗、教育、居住、休闲等功能，打造教育医疗保障完善、生活居住功能完备、生态环境优美怡人的平台。	围绕打造宜居宜业新港城，海门港新区将继续完善医疗、教育、居住、休闲等功能，打造教育医疗保障完善、生活居住功能完备、生态环境优美宜人的平台。	negative
加大宣传力度，采取边检查边宣传的工作模式，在日常监督检查过程中有针对性地向易燃易爆场所宣传消防法律法规、消防基本知识，主动为各场所提供整改防火措施等方面的服务，使从业人员撑握消防基本常识及火场逃生自救技能。	  加大宣传力度，采取边检查边宣传的工作模式，在日常监督检查过程中有针对性地向易燃易爆场所宣传消防法律法规、消防基本知识，主动为各场所提供整改防火措施等方面的服务，使从业人员掌握消防基本常识及火场逃生自救技能。	negative
1945年1月27日，苏联红军解放了位于波兰的奥斯威辛集中营。	  1945年1月27日，苏联红军解放了位于波兰的奥斯维辛集中营。	negative
四川省凉山彝族自治州金阳县金阳县民政局日间照料中心设施设备采购项目第二次询价废标、流标公告	四川省凉山彝族自治州金阳县民政局日间照料中心设施设备采购项目第二次询价废标、流标公告	negative
他还结合具体案例，深入分析了党员干部违反政治纪律、组织纪律、廉洁纪律、群众纪律、工作纪律、生活纪律的表现及相应处理依据依据。	他还结合具体案例，深入分析了党员干部违反政治纪律、组织纪律、廉洁纪律、群众纪律、工作纪律、生活纪律的表现及相应处理依据。	negative
系统发布时间：2021-08-2417:42项目概况四川省甘孜藏族自治州炉霍县民政局2021年度居家养老服务采购项目（第二次）招标项目的潜在供应商应在中国（四川）自由贸易实验区成都高新区锦城大道666号4栋20层3号获取采购文件，	系统发布时间：2021-08-2417:42项目概况四川省甘孜藏族自治州炉霍县民政局2021年度居家养老服务采购项目（第二次）招标项目的潜在供应商应在中国（四川）自由贸易试验区成都高新区锦城大道666号4栋20层3号获取采购文件，	negative
②宣传教育职工与游客，文明工作与游玩，不高声叫碱。	②宣传教育职工与游客，文明工作与游玩，不高声叫喊。	negative
标的车辆以现状为准转让，成交后买受人不得以不了解标的标的物现状为由提出任何异议，委托方、代理机构不承担瑕疵担保责任。	标的车辆以现状为准转让，成交后买受人不得以不了解标的物现状为由提出任何异议，委托方、代理机构不承担瑕疵担保责任。	negative
2、落实政府采购政策需满足的资格要求：本项目非专门面相中小企业采购，节约能源、保护环境、扶持残疾人福利性单位、支持监狱企业发展、促进中小企业发展。	2、落实政府采购政策需满足的资格要求：本项目非专门面向中小企业采购，节约能源、保护环境、扶持残疾人福利性单位、支持监狱企业发展、促进中小企业发展。	negative
马鞍山市中级法院审判法庭空调更新项目招标公告项目概况	马鞍山市中级人民法院审判法庭空调更新项目招标公告项目概况	negative
二、合同名称：湖北大别山国家级自然保护区罗田管理局劳务派遗协议pstyle="	二、合同名称：湖北大别山国家级自然保护区罗田管理局劳务派遣协议pstyle="	negative
不具备设置条件的，应当委托经批准设立从事会计代理记帐业务的中介机构代理记帐。	不具备设置条件的，应当委托经批准设立从事会计代理记账业务的中介机构代理记账。	negative
代表们就群众反应强烈的热点难点问题进行询问，	代表们就群众反映强烈的热点难点问题进行询问，	negative
我们教师不仅要成为自己的一束光，更要教会学生们去追光、寻光，让孩子从小树立天下兴亡、匹夫有责，国家振兴、人人有责的信念，要在学生中传递岂日无衣、与子同袍的深情。	我们教师不仅要成为自己的一束光，更要教会学生们去追光、寻光，让孩子从小树立天下兴亡、匹夫有责，国家振兴、人人有责的信念，要在学生中传递岂曰无衣、与子同袍的深情。	negative
同弓乡彤弓山村村口现壮图效果图【指导老师】罗飒飒【设计思路】目标庭院的面积较小，呈狭长形，庭院改造紧紧围绕“净”和“靓”两个字。	同弓乡彤弓山村村口现状图效果图【指导老师】罗飒飒【设计思路】目标庭院的面积较小，呈狭长形，庭院改造紧紧围绕“净”和“靓”两个字。	negative
明：“为党管档，	明：“为党管党，	negative
浙江省衢州财政：以法治政，以政普法！	浙江省衢州市财政：以法治政，以政普法！	negative
虎年春节后两江半导体产业园迎来招商热  打造中国西部半导体发展新引擎	虎年春节后两江半导体产业园迎来招商热潮  打造中国西部半导体发展新引擎	negative
8月27日，五台县公安局交警大队茹村中队民警在国道239线763公里处查处一起载人载人交通违法行为。	8月27日，五台县公安局交警大队茹村中队民警在国道239线763公里处查处一起载人交通违法行为。	negative
稳住中小企业基本盘  “我们对全省中小企业发展面临的难关感同深受。	    稳住中小企业基本盘  “我们对全省中小企业发展面临的难关感同身受。	negative
从9月6日到10月3日，釜山市将原先实行的保持社会距离第4阶段阶段下调为第3阶段。	从9月6日到10月3日，釜山市将原先实行的保持社会距离第4阶段下调为第3阶段。	negative
秦安融媒体中心2019、2020年度分别荣获甘肃省县级融媒体综合传播力榜单第一名和第三名佳绩，多次季度考评婵联榜首。	秦安融媒体中心2019、2020年度分别荣获甘肃省县级融媒体综合传播力榜单第一名和第三名佳绩，多次季度考评蝉联榜首。	negative
把做好州委第八轮巡察“回头看”暨第四轮提级+交叉+联动巡察“回头看”反馈意见作为当前阶段重要政治任务，对照整改方案，细化整改措施，分类建立整改台帐，逐项逐项认解决，对整改台帐实行“销号制”处理，做到即知即改、立巡立改和全面整改。	把做好州委第八轮巡察“回头看”暨第四轮提级+交叉+联动巡察“回头看”反馈意见作为当前阶段重要政治任务，对照整改方案，细化整改措施，分类建立整改台帐，逐项认解决，对整改台帐实行“销号制”处理，做到即知即改、立巡立改和全面整改。	negative
参保人员因工受到事故伤害的，由受伤时工作单位或正在送单的派单平台企业承但工伤保险责任。	参保人员因工受到事故伤害的，由受伤时工作单位或正在送单的派单平台企业承担工伤保险责任。	negative
目前沈某因涉嫌非法占用农用地罪被立案并已侦察终结，依法起诉至检察院。	目前沈某因涉嫌非法占用农用地罪被立案并已侦查终结，依法起诉至检察院。	negative
遵义会议会址前人山人海。一群年轻人兴高彩烈的高歌唱支山歌给党听》作者:李祖良divclass="	遵义会议会址前人山人海。一群年轻人兴高采烈的高歌唱支山歌给党听》作者:李祖良divclass="	negative
（3）一旦出现发热、肌肉酸痛、皮肤出血点等症状应及时到医院救诊。	（3）一旦出现发热、肌肉酸痛、皮肤出血点等症状应及时到医院就诊。	negative
李寅贵紧急赶回公司，并叫回了能赶回的工人加班加点，24小时生产“冰壳”。	  李寅贵紧急赶回公司，并叫回了能赶回来的工人加班加点，24小时生产“冰壳”。	negative
本代理机构对南县茅草街等四个乡镇2020年旱地该造水田项目配电工程项目进行采购，	本代理机构对南县茅草街等四个乡镇2020年旱地改造水田项目配电工程项目进行采购，	negative
”“这话从和说起？”贾俊杰丈二和尚摸不着头脑，惊疑地望着陈同雄。	”“这话从何说起？”贾俊杰丈二和尚摸不着头脑，惊疑地望着陈同雄。	negative
Ⅱ江门“院士之乡”如何炼成崇文重教传统代代流传一个村子出了近50名博士国势之强由于人，人材之成出于学。	Ⅱ江门“院士之乡”如何炼成崇文重教传统代代流传一个村子出了近50名博士国势之强由于人，人才之成出于学。	negative
匈牙利前总统两度出席北京奥运开幕式：奥运是中匈的特殊联系	匈牙利前总统两度出席北京奥运会开幕式：奥运是中匈的特殊联系	negative
四川省眉山市仁寿县仁寿县民政局仁寿县2019年政府购买居家养老服务项目（第三次）公开招标采购公告	四川省眉山市仁寿县民政局仁寿县2019年政府购买居家养老服务项目（第三次）公开招标采购公告	negative
注重发挥人大常委会党组把方向、管大局、保落实的领导作用，研究把关法规草案，统筹谋划监督事项，及时听取市人大各专工委工作汇报，指导区县人大工作，确保中央决策部署和市委要求在人大工作中得到全面贯彻落实。	注重发挥人大常委会党组把方向、管大局、保落实的领导作用，研究把关法规草案，统筹谋划监督事项，及时听取市人大各专工委工作汇报，指导区县人大工作，确保党中央决策部署和市委要求在人大工作中得到全面贯彻落实。	negative
福建省南平市武夷山市武夷山市迎宾路2号皇城大厦左侧电梯五楼福建晨至信招标代理有限公司武夷山分公司	福建省南平市武夷山市迎宾路2号皇城大厦左侧电梯五楼福建晨至信招标代理有限公司武夷山分公司	negative
肉业公司上述行为行为违反了《中华人民共和国环境保护法》第四十二条、《中华人民共和国水污染防治法》第十条和第三十九条的规定，三明市生态环境局已责令肉业公司限期改正，拟处罚款37.84万元并移送公安机关。	肉业公司上述行为违反了《中华人民共和国环境保护法》第四十二条、《中华人民共和国水污染防治法》第十条和第三十九条的规定，三明市生态环境局已责令肉业公司限期改正，拟处罚款37.84万元并移送公安机关。	negative
初秋的德新，秋风微佛，硕果累累，一派欣欣向荣的景象。	初秋的德新，秋风微拂，硕果累累，一派欣欣向荣的景象。	negative
九三學社三亞市第六次代表大會召開	九三學社三亞市第六次代表大会召開	negative
城阳区20210701批次技能培训培训补贴公示花名册	城阳区20210701批次技能培训补贴公示花名册	negative
切实把学习成效转为为工作动力和成效，	切实把学习成效转为工作动力和成效，	negative
自然灾害领域要深入开展地质灾害隐患点的综合整治，做好雨情水情讯情等灾害的监测预报，坚决防止祭祀用火、春耕生产、踏青旅游、生产作业等引发的森林火灾。	  自然灾害领域要深入开展地质灾害隐患点的综合整治，做好雨情水情汛情等灾害的监测预报，坚决防止祭祀用火、春耕生产、踏青旅游、生产作业等引发的森林火灾。	negative
华丽达公司解除与赵雪林劳动合同亦于2018年12月28日经工会批复无异议。	华丽达公司解除与赵雪林劳动合同已于2018年12月28日经工会批复无异议。	negative
回首2021年，涟水县公安局满怀“打铁必须自身硬”的担当豪情，严管厚爱筑忠诚。	    回首2021年，涟水县公安局满怀“打铁必须自身硬”的担当豪情，严管厚爱铸忠诚。	negative
下一步，北安街道将紧扣“实”字，立足“新”字，突出“真”字，不段丰富和完善党史学习教育内容，充分发挥好党小组作用，经常组织专题研讨，加强统筹协调，以高度政治自觉和行动自觉推动每一个党员在严格的党内生活中得到提升，推动党史学习教育走深走实。	下一步，北安街道将紧扣“实”字，立足“新”字，突出“真”字，不断丰富和完善党史学习教育内容，充分发挥好党小组作用，经常组织专题研讨，加强统筹协调，以高度政治自觉和行动自觉推动每一个党员在严格的党内生活中得到提升，推动党史学习教育走深走实。	negative
乙方未按照本合同约定按期足额支付租金及其他应付款项的，乙方应按照租赁物转让价款0.2%日的标准支付预期滞纳金，按照租赁物转让价款的5%支付违约金；	乙方未按照本合同约定按期足额支付租金及其他应付款项的，乙方应按照租赁物转让价款0.2%日的标准支付逾期滞纳金，按照租赁物转让价款的5%支付违约金；	negative
将全县生态环境领域“双随机”执法监管纳入州生态环境监测大数据管理平台平台统一管理，完成“两库一单”建设工作，将43家企业纳入信息名录库（其中重点污染源2家、一般污染源40家，特殊监管对象1家），7名执法人员纳入执法人员库；	将全县生态环境领域“双随机”执法监管纳入州生态环境监测大数据管理平台统一管理，完成“两库一单”建设工作，将43家企业纳入信息名录库（其中重点污染源2家、一般污染源40家，特殊监管对象1家），7名执法人员纳入执法人员库；	negative
【百米障碍操 #这就是开封消防速度# 】近日，在全省全省消防队伍全员岗位大练兵比武竞赛中，开封消支队薛云飞获得百米障碍操第一名。	【百米障碍操 #这就是开封消防速度# 】近日，在全省消防队伍全员岗位大练兵比武竞赛中，开封消支队薛云飞获得百米障碍操第一名。	negative
一起起被曝光的美军海外行动导致的大量平民伤亡事件，引发国际社会的强烈谴责。	  一起被曝光的美军海外行动导致的大量平民伤亡事件，引发国际社会的强烈谴责。	negative
”藤贤二郎认为,这种被大自然环抱的感觉,与他们着力打造的“健康、有机生活生活”理念相契合。	”藤贤二郎认为,这种被大自然环抱的感觉,与他们着力打造的“健康、有机生活”理念相契合。	negative
“金秋奖学”是大生集团工会多年来一直坚持开展的一项品牌活动，是企业关怀职工和职工子女的有效途经。	“金秋奖学”是大生集团工会多年来一直坚持开展的一项品牌活动，是企业关怀职工和职工子女的有效途径。	negative
區委主要領導調研服務保障冬奧百日會戰工作	區委主要领導調研服務保障冬奧百日會戰工作	negative
袁集镇特困供养供养对象花名册(袁集镇2021年9月份-集中供养) 填表单位：袁集镇民政办序号姓名性别批准	袁集镇特困供养对象花名册(袁集镇2021年9月份-集中供养) 填表单位：袁集镇民政办序号姓名性别批准	negative
会上，明确提出了“先进双联户”的评选评选标准： 一要 热爱中国共产党，热爱祖国，热爱中国特色社会主义，拥护党的领导和路线、方针政策，维护祖国统一，坚决反对分裂。	会上，明确提出了“先进双联户”的评选标准： 一要 热爱中国共产党，热爱祖国，热爱中国特色社会主义，拥护党的领导和路线、方针政策，维护祖国统一，坚决反对分裂。	negative
農工黨三亞市第七次代表大會召開	农工党三亞市第七次代表大會召開	negative
记者 谢智强 摄/视觉重庆  “变化太大了——我年纪越来越大，这片山看起反而越来越‘年轻’了！	记者 谢智强 摄/视觉重庆  “变化太大了——我年纪越来越大，这座山看起来反而越来越‘年轻’了！	negative
这种基于与用户共创理念打造的活动，颠覆了传统模式和传统认知，让活动更具参与和价值感，使得蚁粉之间更亲近，更友爱，也成功的让小蚂蚁成为目光的焦点。	这种基于与用户共创理念打造的活动，颠覆了传统模式和传统认知，让活动更具参与感和价值感，使得蚁粉之间更亲近，更友爱，也成功的让小蚂蚁成为目光的焦点。	negative
为有效应对汛情，经开区建立起防汛防汛应急人员队伍和联动机制，落实领导代班及24小时值班制度，及时做好汛情的上传下达。	为有效应对汛情，经开区建立起防汛应急人员队伍和联动机制，落实领导代班及24小时值班制度，及时做好汛情的上传下达。	negative
市纪监委《关于元旦春节期间党员干部“六带头六严禁”的规定》,	市纪委监委《关于元旦春节期间党员干部“六带头六严禁”的规定》,	negative
现将＂中卫市第六小学室外音箱设备采购项目成交公告＂于中国政府采购招标网发布公告；	现将＂中卫市第六小学室外音响设备采购项目成交公告＂于中国政府采购招标网发布公告；	negative
”在360安全专家看来，我们已经进入数字安全时代，一旦出现安全问题，影响后果将会比过去更加深远，比如，恶意攻击者能够通过毁损企业重要资产、国家关键基础设施的数据，达到破坏或瘫痪电力、交通、能源等关键基础设施、中断工业生产的目的，对总体国家安全构成重大威胁。	”在360安全专家看来，我们已经进入数字安全时代，一旦出现安全问题，影响后果将会比过去更加深远，比如，恶意攻击者能够通过毁损企业重要资产、国家关键基础设施的数据，达到破坏或瘫痪电力、交通、能源等关键基础设施、中断工业生产的目的，总体国家安全观全构成重大威胁。	negative
”从中我们可以得出，如果差别从过程上是由剥削机制产生，或者从结果上造成两级分化，那么这不是社会主义制度所能容忍的。	”从中我们可以得出，如果差别从过程上是由剥削机制产生，或者从结果上造成两极分化，那么这不是社会主义制度所能容忍的。	negative
培养自立自强的精神都不无禆益，	培养自立自强的精神都不无裨益，	negative
盐城与韩国12个城市建立国际友城、与韩20多所高校结成友好学校；有万余韩国人常年在盐城工作学习和生活；四是坚持多措并举，凝成聚力优势。	盐城与韩国12个城市建立国际友城、与韩国20多所高校结成友好学校；有万余韩国人常年在盐城工作学习和生活；四是坚持多措并举，凝成聚力优势。	negative
点击上方蓝色文字关注我们为持续打好疫情防控攻坚战，有效整治滥办酒席不正之风，近日，巴庙镇三项举错整治滥办酒席，筑牢疫情防控安全线。	点击上方蓝色文字关注我们为持续打好疫情防控攻坚战，有效整治滥办酒席不正之风，近日，巴庙镇三项举措整治滥办酒席，筑牢疫情防控安全线。	negative
”立足新发展，我市在“环境打造”工作中充分做到软硬皆施：既做到了高标准规划和建设，抓好硬件的改造提升工作；	”立足新发展，我市在“环境打造”工作中充分做到软硬兼施：既做到了高标准规划和建设，抓好硬件的改造提升工作；	negative
开展庆国庆、清明寄英烈、“爱国、团结、立志”主题演讲辩论等活动，让西藏学子滋养家国情怀，使民族团结意识内化于心、外化于行，成为合格的社会主义接班人。	开展庆国庆、清明祭英烈、“爱国、团结、立志”主题演讲辩论等活动，让西藏学子滋养家国情怀，使民族团结意识内化于心、外化于行，成为合格的社会主义接班人。	negative
ZFCG-G2021072号许昌职业技术学院“许昌职业技术学院纸质图书图书采购项目(不见面开标)”更正公告	ZFCG-G2021072号许昌职业技术学院“许昌职业技术学院纸质图书采购项目(不见面开标)”更正公告	negative
薪资待遇待遇：5000-8000塑料车间主管1名要求：专科以上学历，3年以上注塑、吹塑行业现场管理工作经验。	薪资待遇：5000-8000塑料车间主管1名要求：专科以上学历，3年以上注塑、吹塑行业现场管理工作经验。	negative
“因为就备考不充分，加之也没有做过核酸检测。	  “因为备考不充分，加之也没有做过核酸检测。	negative
”宋坑村支部书记陈德奎说，在尾毛产业的带动下，宋坑村不仅旧貌换新颜，村民的精气神也越来越高。	”宋坑村党支部书记陈德奎说，在尾毛产业的带动下，宋坑村不仅旧貌换新颜，村民的精气神也越来越高。	negative
人民法院可参照最高人民法院《关于审理买卖合同纠纷案件适用法律问题的解释》（本文以下简称《买卖合同解释》）第十八条第四款“买卖合同没有约定预期付款款违约金或者该违约金的计算方法，	人民法院可参照最高人民法院《关于审理买卖合同纠纷案件适用法律问题的解释》（本文以下简称《买卖合同解释》）第十八条第四款“买卖合同没有约定预期付款违约金或者该违约金的计算方法，	negative
计算机应用、网络系统系统联调	计算机应用、网络系统联调	negative
5x26            pc1根据《福建省环境影响报告书（表）编制监督管理办法（试行）》，我厅将该公司列入一般失信单位名单，责令限期整改3个月，限期整改期间，我省各级生态生态环境部门不受理其编制的环评文件审批审查申请。	5x26            pc1根据《福建省环境影响报告书（表）编制监督管理办法（试行）》，我厅将该公司列入一般失信单位名单，责令限期整改3个月，限期整改期间，我省各级生态环境部门不受理其编制的环评文件审批审查申请。	negative
以抓铁有痕踏石留印精神抓好改革任务落实，	以抓铁有痕、踏石留印精神抓好改革任务落实，	negative
文明的进步不等同于破坏生态坏境和生物的多样性，而是选择与之偕手前行。	文明的进步不等同于破坏生态坏境和生物的多样性，而是选择与之携手前行。	negative
第十六条稽察工作结束后，稽察特派员应当及时向省稽察办提交稽察报告，经省稽察办核后，报省发展计划行政主管部门；涉及重大事项和情况的，由省发展计划行政主管部门向省人民政府报告。	第十六条稽察工作结束后，稽察特派员应当及时向省稽察办提交稽察报告，经省稽察办核后，报省发展计划行政主管部门；涉及重大事项和情况的，由省发展计划行政主管部门向省人民政府工作报告。	negative
会议以电视电话会形式举行，各市（州）、县设分会场。	会议以电视电话会议形式举行，各市（州）、县设分会场。	negative
工作人员杨玉良说，他们从1月4日进闭环，要到北京冬残奥会结束才能出去，历时近3个月。	工作人员杨玉良说，他们从1月4日进入闭环，要到北京冬残奥会结束才能出去，历时近3个月。	negative
29日夜间雪（雨）止转阴天间多云。	29日夜间降雪（雨）止转阴天间多云。	negative
预算金额：42万元包二：数字化便携彩色多谱勒超声诊断系统、超声经颅多普勒血流分析仪采购，	预算金额：42万元包二：数字化便携彩色多普勒超声诊断系统、超声经颅多普勒血流分析仪采购，	negative
④保监会颁发的保险公司法人许可证；	④银保监会颁发的保险公司法人许可证；	negative
接下来，各中小学学将多维度、全方位深入推进“四史”学习教育， 努力拓展以史育人新载体、新阵地，推动“四史”教育进课堂、进班级、进宿舍，把鲜活丰富的“四史”内容融入师生学习生活实处，涵养学生历史思维，培养历史眼光，增强历史担当。	接下来，各中小学将多维度、全方位深入推进“四史”学习教育， 努力拓展以史育人新载体、新阵地，推动“四史”教育进课堂、进班级、进宿舍，把鲜活丰富的“四史”内容融入师生学习生活实处，涵养学生历史思维，培养历史眼光，增强历史担当。	negative
地址：怀化市鹤城区城区	地址：怀化市鹤城区	negative
办公区院内院内平台拆改；	办公区院内平台拆改；	negative
乌兰察布盟集宁市司法局干事、副局长；	乌兰察布盟集宁区司法局干事、副局长；	negative
三是继续保持甘于担当的心态，一线交警从事的是高强度的户外工作，要持续保持良好心态，充分发挥先进典型的引领作用，调动队伍的主观能动性，为提升姑苏整体交通治理水平和创建文明典范城市贡献力量。	三是继续保持敢于担当的心态，一线交警从事的是高强度的户外工作，要持续保持良好心态，充分发挥先进典型的引领作用，调动队伍的主观能动性，为提升姑苏整体交通治理水平和创建文明典范城市贡献力量。	negative
下一步，中行上海市分行将继续贯彻落实中央决策部署，践行“融通世界造福社会”的使命担当，锚定战略目标，为全面推进乡村振兴服务持续贡献中行力量。	下一步，中行上海市分行将继续贯彻落实党中央决策部署，践行“融通世界造福社会”的使命担当，锚定战略目标，为全面推进乡村振兴服务持续贡献中行力量。	negative
监狱民警“彭警官”从珠丝马迹中抽丝剥茧，斗智斗勇，拨开层层迷雾，成功预防一起蓄谋已久的狱内案件！	监狱民警“彭警官”从蛛丝马迹中抽丝剥茧，斗智斗勇，拨开层层迷雾，成功预防一起蓄谋已久的狱内案件！	negative
8月23日，经开大队召开专题会议迅速传达交管局党委重点工作布署会议精神，会议围绕着严要求，重落实主题召开，大队班子成员、中队以上干部及相关负责人参加会议。	8月23日，经开大队召开专题会议迅速传达交管局党委重点工作部署会议精神，会议围绕着严要求，重落实主题召开，大队班子成员、中队以上干部及相关负责人参加会议。	negative
当地有关部门对水库饮用水源一级保护区周边人畜活动频繁的区域设置隔离护网5627米，完善了水库流域范围内的界桩、警示牌的设置，并配备了一级保护区和取水口在线监控设施，确保饮用水的安全性。	  当地有关部门对水库饮用水源一级保护区周边人畜活动频繁的区域设置隔离防护网5627米，完善了水库流域范围内的界桩、警示牌的设置，并配备了一级保护区和取水口在线监控设施，确保饮用水的安全性。	negative
高安中瑞招标有限公司关于江西省宜春市高安市园林管理处昌栗高速连接线景观绿地管养项目（项目编号：中瑞中瑞-GA2021-0827）电子化公开招标澄清公告	高安中瑞招标有限公司关于江西省宜春市高安市园林管理处昌栗高速连接线景观绿地管养项目（项目编号：中瑞-GA2021-0827）电子化公开招标澄清公告	negative
二是开展分类进公共机构专项行动，重点解决公共机构强制“四分类＂落实不到位和于部职工参与率较低的问题，组织省、市、区、街道、社区的公共机构全部实行强制“四分类”，加强教育引导，提高干部职工参与率。	二是开展分类进公共机构专项行动，重点解决公共机构强制“四分类＂落实不到位和干部职工参与率较低的问题，组织省、市、区、街道、社区的公共机构全部实行强制“四分类”，加强教育引导，提高干部职工参与率。	negative
同时，运用日常检查、错时查、随机抽查等手段，对加油站、输油气站、油库等易燃易爆储存、销售单位开展全面立体排查。	同时，运用日常检查、错时检查、随机抽查等手段，对加油站、输油气站、油库等易燃易爆储存、销售单位开展全面立体排查。	negative
【党徽闪耀•学习】各党支部深入学习贯彻党的十九届六中全精神	【党徽闪耀•学习】各党支部深入学习贯彻党的十九届六中全会精神	negative
一切都平平淡淡八月的秋天时间来来往住你是悬挂在天地之间美丽的风铃风吹过人间那叮叮铛铛的美一定和你有关和爱有关诚然，	一切都平平淡淡八月的秋天时间来来往往你是悬挂在天地之间美丽的风铃风吹过人间那叮叮铛铛的美一定和你有关和爱有关诚然，	negative
面对朋友忽悠参加赌局，是欣然接受还是断然拒绝？请问你做好选择了吗？小额投入，偶有赢亏，觉得无伤大雅？快醒醒吧！	面对朋友忽悠参加赌局，是欣然接受还是断然拒绝？请问你做好选择了吗？小额投入，偶有盈亏，觉得无伤大雅？快醒醒吧！	negative
习近平总书记强调：“加快建设体育强国，就要坚持以人民为中心的思想，把人民作为发展体育事业的主体，把满足人民健身需求、促进人的全面发展作为体育工作的出发点和落脚点，落实全民健身国家战略，不断提高人民健康水平。	习近平总书记强调：“加快建设体育强国，就要坚持以人民为中心的发展思想，把人民作为发展体育事业的主体，把满足人民健身需求、促进人的全面发展作为体育工作的出发点和落脚点，落实全民健身国家战略，不断提高人民健康水平。	negative
为了确保全县食品安全，机关生产股组织专班开展食品添加剂专项整治行动，截止止前已检查食品生产作坊31家，现场整改消除隐患7处，抽取样品35批次。	为了确保全县食品安全，机关生产股组织专班开展食品添加剂专项整治行动，截止前已检查食品生产作坊31家，现场整改消除隐患7处，抽取样品35批次。	negative
为了破解无花果保鲜难题，新疆森瑞亚中保鲜科技有限公司通过科研攻关，成功开发出电场+气调复合保鲜技术，通过预冷、杀菌、调解呼吸率等环节，将无花果保鲜期从2天延长到25天。	为了破解无花果保鲜难题，新疆森瑞亚中保鲜科技有限公司通过科研攻关，成功开发出电场+气调复合保鲜技术，通过预冷、杀菌、调节呼吸率等环节，将无花果保鲜期从2天延长到25天。	negative
】近日，某养鸡场内的的塑料膜及电子称被盗。	】近日，某养鸡场内的的塑料膜及电子秤被盗。	negative
年初预算为0万元，支出决算为74.60万元，年中追加预算74.60万元，完成预算数的100%，决算数大于年初预算数的主要原因是城市社区运行运行补助专项支出增加。	年初预算为0万元，支出决算为74.60万元，年中追加预算74.60万元，完成预算数的100%，决算数大于年初预算数的主要原因是城市社区运行补助专项支出增加。	negative
主要是定期查验轮胎轮胎气压是否处于正常范围内；	主要是定期查验轮胎气压是否处于正常范围内；	negative
负责国士空间综合整治、土地整理复垦、矿山地质环境恢复治理等工作。	负责国土空间综合整治、土地整理复垦、矿山地质环境恢复治理等工作。	negative
近日，为加强电信网络诈骗风险防范工作，娄东街道进一步优化工作部署、细化分工、强化责任，深刻总结防范电信网络诈骗“百日提质”工作情况，查缺不漏，全方位筑牢反诈“防火墙”。	近日，为加强电信网络诈骗风险防范工作，娄东街道进一步优化工作部署、细化分工、强化责任，深刻总结防范电信网络诈骗“百日提质”工作情况，查缺补漏，全方位筑牢反诈“防火墙”。	negative
要高位加强审计的作用，坚持问题导向，对履审履犯和重大线索要移交有关部门，坚持“三不放过”，树立审计权威，形成监督合力，强化追责问责；	要高位加强审计的作用，坚持问题导向，对屡审屡犯和重大线索要移交有关部门，坚持“三不放过”，树立审计权威，形成监督合力，强化追责问责；	negative
在临时查封过程中，执法人员按照法律程序向单位负责人告知了查封的事实、理由和依据，听取了当事人的陈诉和申辩，并告知了擅自撕毁封条的法律后果，要求其在整改完毕、审批合格后才可复工。	在临时查封过程中，执法人员按照法律程序向单位负责人告知了查封的事实、理由和依据，听取了当事人的陈述和申辩，并告知了擅自撕毁封条的法律后果，要求其在整改完毕、审批合格后才可复工。	negative
假日期间，全市共出动文化市场综合行政执法人员792人次，检查文旅市场经营单位344家次，各级文化旅游部门严格落实24小时值班和领导带班制度，在岗在位、尽职尽责，确保全市假日文化和旅游市场运行保持安全、平稳、有序的良好形势。	假日期间，全市共出动文化市场综合行政执法人员792人次，检查文旅市场经营单位344家次，各级文化和旅游部门严格落实24小时值班和领导带班制度，在岗在位、尽职尽责，确保全市假日文化和旅游市场运行保持安全、平稳、有序的良好形势。	negative
只有知已知彼，才能迅速做出准确反应。	只有知己知彼，才能迅速做出准确反应。	negative
这是以人民为中心的发展思想的伟大实践：    我们实现了第一个百年奋斗目标，在中华大地上全面建成了小康社会，历史性地解决了绝对贫困问题，正在意气风发向着全面建成社会主义现代化强国的第二个百年奋斗目标迈进。	    这是以人民为中心的发展思想的伟大实践：    我们实现了第一个百年奋斗目标，在中华大地上全面建成小康社会，历史性地解决了绝对贫困问题，正在意气风发向着全面建成社会主义现代化强国的第二个百年奋斗目标迈进。	negative
凡是在规定时间内主动备案申报或投案自首的（违法犯罪以后主动投案，如实供诉自己罪行的是投案自首），经公安机关查证属实，情节显著轻微者可免于处罚。	凡是在规定时间内主动备案申报或投案自首的（违法犯罪以后主动投案，如实供述自己罪行的是投案自首），经公安机关查证属实，情节显著轻微者可免于处罚。	negative
全省组织部长会议召开 郑栅洁作出批示	全省委组织部长会议召开 郑栅洁作出批示	negative
岛农业大学)联系方式：0532-58957484(青岛农业大学)采购代理机构：青岛正阳工程造价咨询事务所有限公司地址：山东省青岛市市城阳区县（区）中城路517甲号/联系方式：0532-87711166二、采购项目名称：青岛农业大学平度农业教学园区土地平整划	岛农业大学)联系方式：0532-58957484(青岛农业大学)采购代理机构：青岛正阳工程造价咨询事务所有限公司地址：山东省青岛市城阳区县（区）中城路517甲号/联系方式：0532-87711166二、采购项目名称：青岛农业大学平度农业教学园区土地平整划	negative
5.加密电子投标文件的提交5.1加密电子投标文件应在招标文件规定的投标截止时间（开标时间）之前成功提交至《全国公共资源交易平台(河南省▪宝丰)》登陆业务系统系统（www.bfggzy.com:8080/ggzy/）。	5.加密电子投标文件的提交5.1加密电子投标文件应在招标文件规定的投标截止时间（开标时间）之前成功提交至《全国公共资源交易平台(河南省▪宝丰)》登陆业务系统（www.bfggzy.com:8080/ggzy/）。	negative
齐心协心将倒塌的葡萄架抬起来。divclass="	齐心协力将倒塌的葡萄架抬起来。divclass="	negative
烈性犬指犬性狂燥、凶猛、具有攻击性，	烈性犬指犬性狂躁、凶猛、具有攻击性，	negative
同时，要主动作为，不断创新思路，立足“本土化”，挖掘本地特色新闻，扩大宣传力度，提高宣传效果，推动推动广电事业上新水平。	同时，要主动作为，不断创新思路，立足“本土化”，挖掘本地特色新闻，扩大宣传力度，提高宣传效果，推动广电事业上新水平。	negative
当妻子被隔离，自己又到偏远的乡村去守卡，留下女儿和年迈的父母在家中时，万笛心里五味杂成，鼻头一酸，感觉眼角有些湿润。	当妻子被隔离，自己又到偏远的乡村去守卡，留下女儿和年迈的父母在家中时，万笛心里五味杂陈，鼻头一酸，感觉眼角有些湿润。	negative
异议书面材料送达地址：铁岭县不动产登记中心联系电话：72274379序号权利人不动产仅利类型不动产坐落不动产面积用途备注1金巨会新建铁岭县横道河子镇八家沟村四组3号108.0住宅公告单位：铁岭县不动产登记中心2021年8月26日上一篇：下一篇：	异议书面材料送达地址：铁岭县不动产登记中心联系电话：72274379序号权利人不动产权利类型不动产坐落不动产面积用途备注1金巨会新建铁岭县横道河子镇八家沟村四组3号108.0住宅公告单位：铁岭县不动产登记中心2021年8月26日上一篇：下一篇：	negative
单独列出未协商一致的职责边界事项进行集中攻艰，	单独列出未协商一致的职责边界事项进行集中攻坚，	negative
贵集团及所属省生态环境监测监控有限公司、苏力环境科技有限责任公司雪中送碳，	贵集团及所属省生态环境监测监控有限公司、苏力环境科技有限责任公司雪中送炭，	negative
要增强信仰信念信心，深刻理解贯穿于中国革命、建设、改革中不怕牺牲、英勇斗争的伟大精神，进一步坚定马克思主义的信仰、坚定中国特色社会主义的信念、坚定实现中华民族伟大复兴中国梦的信心，始终保持共产党人敢于斗争的风骨、气节、操守、胆魄。	要增强信仰信念信心，深刻理解贯穿于中国革命、建设、改革中不怕牺牲、英勇斗争的伟大精神，进一步坚定马克思主义的信仰、坚定中国特色社会主义的信念、坚定实现中华民族伟大复兴的中国梦的信心，始终保持共产党人敢于斗争的风骨、气节、操守、胆魄。	negative
倡导中国同有关国家构建命运共同体；	倡导中国同有关国家构建人类命运共同体；	negative
称号的决定（2021年8月25日常州市第十六届人民代表大会常务委员会第三十六次会议通过）常州市第十六届人民大表大会常务委员会第三十六次会议审议了市人民政府《关于提请授予李世旭等7名外籍人士“常州市荣誉市民”	称号的决定（2021年8月25日常州市第十六届人民代表大会常务委员会第三十六次会议通过）常州市第十六届人民代表大会常务委员会第三十六次会议审议了市人民政府《关于提请授予李世旭等7名外籍人士“常州市荣誉市民”	negative
组织机关工作人员通过手机观看“继承发扬勤俭节约传统，积极践行绿水青山青山理念”主题云党课、“碳达峰、碳中和”云讲座。	组织机关工作人员通过手机观看“继承发扬勤俭节约传统，积极践行绿水青山理念”主题云党课、“碳达峰、碳中和”云讲座。	negative
“人的一生纵然漫长，但关键时只有几步。	  “人的一生纵然漫长，但关键时刻只有几步。	negative
二、取得成效诚信教育是全体干部职工养成教育的一项重要内容，诚信教育任道重远，通过多项诚信教育活动，收到了ー定的效果，形成干部、职工互动的良好态势。	二、取得成效诚信教育是全体干部职工养成教育的一项重要内容，诚信教育任重道远，通过多项诚信教育活动，收到了ー定的效果，形成干部、职工互动的良好态势。	negative
吉陽區：“村醫通”讓溫暖直通民心	吉陽區：“村医通”讓溫暖直通民心	negative
（二）符合城市总体（国土）规划、街镇国土空间规划（郊野单元规划）、单元（村庄、乡村）规划（单元控制线详细规划）及各类专项规划，并批准纳入市、区土地储备或实施计画的单元地块。	（二）符合城市总体（国土）规划、街镇国土空间规划（郊野单元规划）、单元（村庄、乡村）规划（单元控制线详细规划）及各类专项规划，并批准纳入市、区土地储备或实施计划的单元地块。	negative
（2）方法二：在报名期限内，供应商到广东道勤项目管理咨询有限公司（详细地址：佛山市顺德大良街道凤山西路25号二层）现场提供主体信息资料并现金购买招标文件。	 （2）方法二：在报名期限内，供应商到广东道勤项目管理咨询有限公司（详细地址：佛山市顺德区大良街道凤山西路25号二层）现场提供主体信息资料并现金购买招标文件。	negative
以奋斗有为的青春，	以奋发有为的青春，	negative
雷阵雨雨叒叒叒要来了[苦涩] ​​	雷阵雨叒叒叒要来了[苦涩] ​​	negative
要把作风建设和反腐败工作贯穿于日常工作的始终，紧持风清气正，做到遵纪守法、清正廉洁、务实担当、履职尽责、弘扬优良作风，真正将中央八项规定精神落在实处。	要把作风建设和反腐败工作贯穿于日常工作的始终，坚持风清气正，做到遵纪守法、清正廉洁、务实担当、履职尽责、弘扬优良作风，真正将中央八项规定精神落在实处。	negative
平台操作过中如需帮助，可联系平台客服热线010-86397110获取支持。	平台操作过程中如需帮助，可联系平台客服热线010-86397110获取支持。	negative
”建党一百年，是机遇和挑战，更是动力和源泉，我们是新时代的共产党员和人民警察，唯有主动作为、勇挑重担、迎难而上、拚搏奉献，才能谱写出更加绚烂的人生华章！	”建党一百年，是机遇和挑战，更是动力和源泉，我们是新时代的共产党员和人民警察，唯有主动作为、勇挑重担、迎难而上、拼搏奉献，才能谱写出更加绚烂的人生华章！	negative
这三名学子皆是德兴一中的高三考生，分别被重庆理工大学、南昌航天航空大学、井冈山大学录取。	这三名学子皆是德兴一中的高三考生，分别被重庆理工大学、南昌航空航天大学、井冈山大学录取。	negative
四川省广安市邻水县邻水县农业机械服务中心2019年第一批生态环境保护专项资金秸秆还田综合利用机具采购项目询价采购公告更正公告	四川省广安市邻水县农业机械服务中心2019年第一批生态环境保护专项资金秸秆还田综合利用机具采购项目询价采购公告更正公告	negative
新学年，新起点，君志所向，一往如前，愈挫愈奋，再接再厉。	新学年，新起点，君志所向，一往无前，愈挫愈奋，再接再厉。	negative
三亞市生活垃圾分類指引	三亞市生活垃圾分类指引	negative
履约地点：福建省泉州市惠安县惠安县文化体育和旅游局	履约地点：福建省泉州市惠安县文化体育和旅游局	negative
受访团队供图参观中，成员们被《南昌起义》《井冈会师》《不忘初心 牢记使命》等精美的作品牢牢抓住视线。	受访团队供图参观中，成员们被《南昌起义》《井冈山会师》《不忘初心 牢记使命》等精美的作品牢牢抓住视线。	negative
精娘啤酒+汉堡，这对CP磕了磕了！	精酿啤酒+汉堡，这对CP磕了磕了！	negative
大力査摆整改队伍中存在的突出问题和隐患隐忧，	大力查摆整改队伍中存在的突出问题和隐患隐忧，	negative
望谟县金鼎开发有限公司关于望谟县易地扶贫搬迁高车安置点C2-4-1商业商业门面流标公示	望谟县金鼎开发有限公司关于望谟县易地扶贫搬迁高车安置点C2-4-1商业门面流标公示	negative
每年有数万只侯鸟飞抵双桂湖国家湿地公园过冬，	每年有数万只候鸟飞抵双桂湖国家湿地公园过冬，	negative
青岛市人民检察院指控，1999年至2020年，董宏先后担任海南省委副秘书长、北京市政府副秘书长、中央巡视组副组长等职务，为他人非法谋利，收受财物4.6亿余元。	青岛市人民检察院指控，1999年至2020年，董宏先后担任海南省委副秘书长、北京市政府副秘书长、中央巡视组副组长等职务，为他人非法牟利，收受财物4.6亿余元。	negative
SW-2021-001长治市财政实物管理中心报废资产中标公告2021年04月0110:23:51本站原创上一篇：没有了下一篇：2021001壶关县财政局9辆车竞价公告中标公告	SW-2021-001长治市财政事务管理中心报废资产中标公告2021年04月0110:23:51本站原创上一篇：没有了下一篇：2021001壶关县财政局9辆车竞价公告中标公告	negative
组织开展了中医要健康管理服务。	组织开展了中医药健康管理服务。	negative
剑门关下、轻松翠柏前，峨眉派凌云与40名武术少年执剑起舞，火光剑影传承的是江湖之远的侠义潇洒。	  剑门关下、青松翠柏前，峨眉派凌云与40名武术少年执剑起舞，火光剑影传承的是江湖之远的侠义潇洒。	negative
回复【热点】，查看地铁建设、入学入学政策等热点新闻；	回复【热点】，查看地铁建设、入学政策等热点新闻；	negative
反之，一旦动揺了人民立场、脱离了人民群众，必将一事无成，甚至走向衰败。	反之，一旦动摇了人民立场、脱离了人民群众，必将一事无成，甚至走向衰败。	negative
3、邮购或网购招标文件者，请将购买资料扫描件发至采购代理机购邮箱（810448268@qq.com），领购招标文件300元套，并另加服务费100元（人民币），经采购代理机构工作人员确认后办理相关登记。	3、邮购或网购招标文件者，请将购买资料扫描件发至采购代理机构邮箱（810448268@qq.com），领购招标文件300元套，并另加服务费100元（人民币），经采购代理机构工作人员确认后办理相关登记。	negative
今年首次参家湖北省持杖健走交流赛的宜昌老体协队就是带着学习任务而去的。	今年首次参加湖北省持杖健走交流赛的宜昌老体协队就是带着学习任务而去的。	negative
互补相让。针对本案件特殊情况，	互不相让。针对本案件特殊情况，	negative
被告提出答辨状的期限为公告送达期满后的十五日，举证期限为公告送达期满后三十日。	被告提出答辩状的期限为公告送达期满后的十五日，举证期限为公告送达期满后三十日。	negative
决算数小于预算数的主要原因是是劢行节约、严格执行接待用餐标准。	决算数小于预算数的主要原因是是厉行节约、严格执行接待用餐标准。	negative
我们将跟随跟随拾音团重走中轴线，	我们将跟随拾音团重走中轴线，	negative
党的领导制度体系、人民当家作主制度体系、中国特色社会主义法治体系、中国特色社会主义行政体制、社会主义基本经济制度……13个方面制度体系，系统描绘了中国特色社会主义的制度图谱，奠定“中国之治”的制度基石。	    党的领导制度体系、人民当家作主制度体系、中国特色社会主义法治体系、中国特色社会主义行政体制、社会主义基本经济制度……13个方面制度体系，系统描绘了中国特色社会主义制度图谱，奠定“中国之治”的制度基石。	negative
依据《集体土地上成套住宅房屋搬迁补偿协议》及《房屋规属权》协议，一审法院判令二套居室房屋所有权益归张文贵所有并无不当，本院予以维持。	依据《集体土地上成套住宅房屋搬迁补偿协议》及《房屋归属权》协议，一审法院判令二套居室房屋所有权益归张文贵所有并无不当，本院予以维持。	negative
近期（14天）有过中风险地区的旅行史，或有与发热病人接触史，或发烧或未自行隔离14天的人员不得参加现场投标，其他事项严格执行大连市新冠状病毒感染的肺炎疫情防控指挥部下发的相关文件。	近期（14天）有过中风险地区的旅行史，或有与发热病人接触史，或发烧或未自行隔离14天的人员不得参加现场投标，其他事项严格执行大连市新型冠状病毒感染的肺炎疫情防控指挥部下发的相关文件。	negative
对于这种这种将疫苗接种与入学返校强制捆绑的做法，教育部是不主张、不鼓励的。	对于这种将疫苗接种与入学返校强制捆绑的做法，教育部是不主张、不鼓励的。	negative
”江苏盐城港粮食仓储有限公司副总经理陈伟介绍，大丰港区大宗农产品仓储物流项目建成后总仓容达100万吨，将成为华东地区最大的粮食保税仓和粮食期货交割中心。	”江苏盐城港粮食仓储有限公司副总经理陈伟介绍，大丰港区大宗农产品仓储物流项目建成后总仓容达100万吨，将成为华东地区最大的粮食保税仓库和粮食期货交割中心。	negative
4.尚在录用或任职使用期内的；	4.尚在录用或任职试用期内的；	negative
澳门科技大学大一学生钱淳正说，如今我们拥有了自己的空间站，相信未来，中国人的脚步一定会踏入更远深空。	澳门科技大学大一学生钱淳正说，如今我们拥有了自己的空间站，相信未来，中国人的脚步一定会踏入更远深空。	positive
与此同时，在山东临沂，1月1日凌晨，青岛海关所属临沂海关为山东康荣国际贸易有限公司市场采购出口日本的一批服装签发了RCEP原产地证书。	与此同时，在山东临沂，1月1日凌晨，青岛海关所属临沂海关为山东康荣国际贸易有限公司市场采购出口日本的一批服装签发了RCEP原产地证书。	positive
8月4日内蒙古蒙古语天气预报http:t.cnA6IwPFX5​​	8月4日内蒙古语天气预报http:t.cnA6IwPFX5​​	negative
如今，在三江源，草场被网格化划分。	如今，在三江源，草场被网格化划分。	positive
水灾和旱灾会破坏农业生产，造成粮食欠收。	水灾和旱灾会破坏农业生产，造成粮食歉收。	negative
定期开展数据比对，对未纳入兜底保障范围的易返贫致贫人口开展入户摸排。	定期开展数据比对，对未纳入兜底保障范围的易返贫致贫人口开展入户摸排。	positive
【冈上镇党委、政府赴南昌县武装部、驻县部队开展“八一”走访慰问活动】为迎接“八一”建军节的到来，7月30日上午，冈上镇党委书记蔡厚华、镇长余青、镇武装部长王成来到南昌县武装部、96876部队、96882部队、武警南昌支队开展走访慰问，共叙军民鱼水情，向部队官兵致以节日祝福和崇高敬意。	【冈上镇党委、政府赴南昌县人民武装部、驻县部队开展“八一”走访慰问活动】为迎接“八一”建军节的到来，7月30日上午，冈上镇党委书记蔡厚华、镇长余青、镇武装部长王成来到南昌县人民武装部、96876部队、96882部队、武警南昌支队开展走访慰问，共叙军民鱼水情，向部队官兵致以节日祝福和崇高敬意。	negative
】你瞧，这里多美呀图片，风光迤逦山清水秀，这就是迷人的西陵峡片区，可是这么美的地方，为什么还要进行生态修复呢？	】你瞧，这里多美呀图片，风光旖旎山清水秀，这就是迷人的西陵峡片区，可是这么美的地方，为什么还要进行生态修复呢？	negative
泗阳交警机动中队查获一起小型面包车车超员的违法行为。	泗阳交警机动中队查获一起小型面包车超员的违法行为。	negative
#淮安消防[超话]#长夜漫，独愿汝安晚安[心]​​	#淮安消防[超话]#长夜漫漫，独愿汝安晚安[心]​​	negative
汲取着百年奋斗历史经验，中国共产党带领亿万中华儿女披坚执锐、迎难而上，昂首踏上新的伟大征程。	汲取着百年奋斗历史经验，中国共产党带领亿万中华儿女披坚执锐、迎难而上，昂首踏上新的伟大征程。	positive
一只航母造价130亿，美国背负27万亿外债，为何还能养得起	一艘航母造价130亿，美国背负27万亿外债，为何还能养得起	negative
#兰州理工大学[超话]#【写给新生–#各校区平面图#】两校区均位于兰州市七里河区，相距3.8公里，坐校车可以直达，以下是两校区平面图⬇️[话筒]兰工坪的具体地址在甘肃省兰州七里河区兰工坪路287号\uD83D\uDCCD到达火车站后出站约步行500米海天新都站上车坐11路公交就可以到达喽\uD83D\uDEB6[话筒]彭家坪的具体地址是在甘肃省兰州市七里河区彭家坪路36号\uD83D\uDCCD到达高铁站在西站北广场c口上车乘坐地铁地铁一号线到达西站什字后转Q5公交\uD83C\uDFC3由于两校区都离火车站都有点距离大家出行记得保管好自己的行李哦[可爱]来源:兰州理工大学记者团	#兰州理工大学[超话]#【写给新生–#各校区平面图#】两校区均位于兰州市七里河区，相距3.8公里，坐校车可以直达，以下是两校区平面图⬇️[话筒]兰工坪的具体地址在甘肃省兰州七里河区兰工坪路287号\uD83D\uDCCD到达火车站后出站约步行500米海天新都站上车坐11路公交就可以到达喽\uD83D\uDEB6[话筒]彭家坪的具体地址是在甘肃省兰州市七里河区彭家坪路36号\uD83D\uDCCD到达高铁站在西站北广场c口上车乘坐地铁一号线到达西站什字后转Q5公交\uD83C\uDFC3由于两校区都离火车站都有点距离大家出行记得保管好自己的行李哦[可爱]来源:兰州理工大学记者团	negative
向党告白│以史为师，星火传承踏着时代节拍，穿越岁月时空，我们伟大的党迎来了她的百年华诞。	向党告白│以史为师，薪火传承踏着时代节拍，穿越岁月时空，我们伟大的党迎来了她的百年华诞。	negative
妻子遭国民党联保“打地雷公”的酷刑，生活无依靠，沿村乞讨度日。	妻子遭国民党联保“打地雷公”的酷刑，生活无依无靠，沿村乞讨度日。	negative
副市长原阳亲自部署，市教育局党组书记、局长滕海燕周密安排，市教育局、市审批局、市民政局、市委网信办、市卫健委、市市场监管局、市公安局协同配合，全市各县（市）区行动迅速，在全市范围内扎扎实实开展“2021年署假校外培训机构治理专项行动”，切实减轻中小学生课外负担及其家长的经济、精力负担，促进教育公平。	副市长原阳亲自部署，市教育局党组书记、局长滕海燕周密安排，市教育局、市审批局、市民政局、市委网信办、市卫健委、市市场监管局、市公安局协同配合，全市各县（市）区行动迅速，在全市范围内扎扎实实开展“2021年暑假校外培训机构治理专项行动”，切实减轻中小学生课外负担及其家长的经济、精力负担，促进教育公平。	negative
​教科文组织文化助理总干事奥托内·拉米雷斯通过连线表示，我们将审查一套为期两年的议程项目，我们将更新三个重要的清单，即世界遗产名录、濒危世界遗产名录和试验名录，我们将处理一些具有深远影响的议题，如气候变化、可持续发展、非洲优先和世界遗产之间的关係，以及未来改善世界遗产工作方法和治理的途径。	​教科文组织文化助理总干事奥托内·拉米雷斯通过连线表示，我们将审查一套为期两年的议程项目，我们将更新三个重要的清单，即世界遗产名录、濒危世界遗产名录和试验名录，我们将处理一些具有深远影响的议题，如气候变化、可持续发展、非洲优先和世界遗产之间的关系，以及未来改善世界遗产工作方法和治理的途径。	negative
从2022年1月1日开始，包括特殊学校在内的全港中小学，必须于每个上课日以及1月1日、7月1日和10月1日升挂国旗。	从2022年1月1日开始，包括特殊学校在内的全港中小学，必须于每个上课日以及1月1日、7月1日和10月1日升挂国旗。	positive
以农业为例，RCEP区域是我国农业走出去的重要目的地，负面清单管理大幅放宽了市场准入限制，将有利于我国农业企业开展区域农业种植和加工互利合作。	以农业为例，RCEP区域是我国农业走出去的重要目的地，负面清单管理大幅放宽了市场准入限制，将有利于我国农业企业开展区域农业种植和加工互利合作。	positive
新华社北京12月31日电中国人民政治协商会议全国委员会12月31日上午在全国政协礼堂举行新年茶话会。	新华社北京12月31日电中国人民政治协商会议全国委员会12月31日上午在全国政协礼堂举行新年茶话会。	positive
红旗再上新台阶，1~7月销辆超17万，同比增长95%！	红旗再上新台阶，1~7月销量超17万，同比增长95%！	negative
图片图片图片非遗美食# 第二天 #板桥古镇-青龙街-光尊寺-蒲缥古镇-梁金山故居-蒲缥温泉度假区板桥古镇与蒲缥古镇在历史上都是南方丝绸之路的重要驿站，向来是商贾云集之所、文人雅士闲赋休憩之居，第二天的研学之旅便由驼铃声声与蜿蜒古道开启。	图片图片图片非遗美食# 第二天 #板桥古镇-青龙街-光尊寺-蒲缥古镇-梁金山故居-蒲缥温泉度假区板桥古镇与蒲缥古镇在历史上都是南方丝绸之路的重要驿站，向来是商贾云集之所、文人雅士赋闲休憩之居，第二天的研学之旅便由驼铃声声与蜿蜒古道开启。	negative
屋内的展台上，各式竹艺制品琳琅满目。	屋内的展台上，各式竹艺制品琳琅满目。	positive
图片认罪伏法定边法院经审理认为，被告人杨某暴力袭击正在依法执行职务的人民警察，其行为已构成袭警罪。	图片认罪服法定边法院经审理认为，被告人杨某暴力袭击正在依法执行职务的人民警察，其行为已构成袭警罪。	negative
放眼国际，单边主义、保护主义、霸权主义甚嚣尘上，守成大国对新兴大国的打压遏制变本加厉。	放眼国际，单边主义、保护主义、霸权主义甚嚣尘上，守成大国对新兴大国的打压遏制变本加厉。	positive
#云南高速路况[超话]#【昆曲高速】昆昆曲高速公路天气晴朗，路面干燥，双向通行正常。	#云南高速路况[超话]#【昆曲高速】昆曲高速公路天气晴朗，路面干燥，双向通行正常。	negative
过了一个多月，左膝盖基本不疼痛了。	过了一个多月，左膝盖基本不疼痛了。	positive
中国人民志愿军严密的组织性、纪律性，使九兵团这样一支十几万规模的大军，能够在美军的虎视眈眈下，翻越被冰雪覆盖的荒山野岭，并且在几乎没有任何补给的情况下，在冰天雪地里的隐蔽状态下完成了战略机动，达成了对美军的战略包围。	中国人民志愿军严密的组织性、纪律性，使九兵团这样一支十几万规模的大军，能够在美军的虎视眈眈下，翻越被冰雪覆盖的荒山野岭，并且在几乎没有任何补给的情况下，在冰天雪地里的隐蔽状态下完成了战略机动，达成了对美军的战略包围。	positive
同时，执勤民警警充分利用与驾驶人面对面接触的机会，宣传酒后驾驶的危害性和严重的法律后果，提醒驾驶人切记“开车不喝酒、喝酒不开车”，文明驾驶、安全出行。	同时，执勤民警充分利用与驾驶人面对面接触的机会，宣传酒后驾驶的危害性和严重的法律后果，提醒驾驶人切记“开车不喝酒、喝酒不开车”，文明驾驶、安全出行。	negative
数据显示，台湾对东盟贸易比重从2017年的16%下滑至2020年的14%。	数据显示，台湾对东盟贸易比重从2017年的16%下滑至2020年的14%。	positive
捐款有限、爱心无限，大家通过现场捐款方式以实际行动支援河南灾区工作，切实发挥党员先锋模范作用，充分弘扬“一方有难，八方支援”的传统美德，体现了检察人员与灾区人民“情相牵、心相连”共度难关的坚定决心。	捐款有限、爱心无限，大家通过现场捐款方式以实际行动支援河南灾区工作，切实发挥党员先锋模范作用，充分弘扬“一方有难，八方支援”的传统美德，体现了检察人员与灾区人民“情相牵、心相连”共渡难关的坚定决心。	negative
市政府将此项工作做为耕地保护责任目标考核、粮食安全省长责任制和政府绩效考核重要内容及政府重点督查事项，对工作不力、弄虚作假、问题突出的，该通报的通报、该约谈的约谈、该问责的问责，对重大典型问题的整改进行督办，坚决做到监管到位、查处到位。	市政府将此项工作作为耕地保护责任目标考核、粮食安全省长责任制和政府绩效考核重要内容及政府重点督查事项，对工作不力、弄虚作假、问题突出的，该通报的通报、该约谈的约谈、该问责的问责，对重大典型问题的整改进行督办，坚决做到监管到位、查处到位。	negative
全村主体建筑仍大量采用传统材料，通过传统方法建造木柱檐廊、木椽挑廊。	全村主体建筑仍大量采用传统材料，通过传统方法建造木柱檐廊、木椽挑廊。	positive
赣州交警铁骑队员接到报警后立即处警，在十分钟之内赶到现场。	赣州交警铁骑队员接到报警后立即出警，在十分钟之内赶到现场。	negative
实施临时救助616.6万人次，认定低保边缘家庭人口358.9万人。	实施临时救助616.6万人次，认定低保边缘家庭人口358.9万人。	positive
后来有了人民日报海外版，我们留学生真是如获至宝。	后来有了人民日报海外版，我们留学生真是如获至宝。	positive
再过一个多月，北京冬奥会、冬残奥会就要开幕了。	再过一个多月，北京冬奥会、冬残奥会就要开幕了。	positive
”曾经他们耐心教会我们每一项生活技能，现在我们“反哺”他们，让他们能够跟上时代的潮流，智能化的意义是拉进人与人的距离，而不是将距离推远。	”曾经他们耐心教会我们每一项生活技能，现在我们“反哺”他们，让他们能够跟上时代的潮流，智能化的意义是拉近人与人的距离，而不是将距离推远。	negative
只有一套规则，就是以联合国宪章宗旨和原则为基础的国际关系基本准则。	只有一套规则，就是以联合国宪章宗旨和原则为基础的国际关系基本准则。	positive
等妈妈找到儿子的时候，他已经蹲在马路边吃了十几个。	等妈妈找到儿子的时候，他已经蹲在马路边吃了十几个。	positive
分行业看，医药、通用设备、黑色金属冶炼及压延加工等行业生产指数回升3.9个百分点及以上，生产活动有所加快；	分行业看，医药、通用设备、黑色金属冶炼及压延加工等行业生产指数回升3.9个百分点及以上，生产活动有所加快；	positive
#我为群众办实事#8月2日下，暴雨突发山洪，造成大埔县城虎源路积水，於泥堆积，影响交通，大埔交警第一时间赶赴现场，疏导管控交通，清理道路隐患，站好安全第一岗，确保人民群众的出行安全。	#我为群众办实事#8月2日下，暴雨突发山洪，造成大埔县城虎源路积水，淤泥堆积，影响交通，大埔交警第一时间赶赴现场，疏导管控交通，清理道路隐患，站好安全第一岗，确保人民群众的出行安全。	negative
2、站区围墙砌筑、压顶、墙面抹灰全部完成完成。	2、站区围墙砌筑、压顶、墙面抹灰全部完成。	negative
近年来的金鸡奖，在保持艺术初心的同时，更加包容多元，鼓励创新创造。	近年来的金鸡奖，在保持艺术初心的同时，更加包容多元，鼓励创新创造。	positive
实现祖国完全统一是两岸同胞的共同心愿。	实现祖国完全统一是两岸同胞的共同心愿。	positive
2021年以来，民政部会同财政部下达中央财政困难群众救助补助资金1476亿元。	2021年以来，民政部会同财政部下达中央财政困难群众救助补助资金1476亿元。	positive
【温馨提示】2021年8月4日截止07：00分左右，受阴雨天影响，路面湿滑，容易发生追尾、刮蹭等事故，请途经驾驶人减速慢行，安全驾驶。	【温馨提示】2021年8月4日截止07：00分左右，受阴雨天影响，路面湿滑，容易发生追尾、剐蹭等事故，请途经驾驶人减速慢行，安全驾驶。	negative
在遇到挫折时应暂时把烦恼丢开，先坐你喜欢做的事情。	在遇到挫折时应暂时把烦恼丢开，先做你喜欢做的事情。	negative
”于平福在李先生离开后又立即反回了自己的工作岗位，从警33年的时间让他对于警民情有了非常深刻的理解，警民一家亲，警民鱼水情从不是一句空话。	”于平福在李先生离开后又立即返回了自己的工作岗位，从警33年的时间让他对于警民情有了非常深刻的理解，警民一家亲，警民鱼水情从不是一句空话。	negative
3新城法院："八一"去慰问送法进军营新城法院党组成员、执行局长焦继军带领第五党支部及刑庭相关同志一行前往中国人民武装警察部队西安支队执勤五大队新城中队进行走访慰问，共叙军民雨水情谊，结合今年开展的党史学习教育活动，为武警官兵送去了党史学习资料及刑事法律法规等精神食粮，同时送去了防暑降温药品。	3新城法院："八一"去慰问送法进军营新城法院党组成员、执行局长焦继军带领第五党支部及刑庭相关同志一行前往中国人民武装警察部队西安支队执勤五大队新城中队进行走访慰问，共叙军民鱼水情谊，结合今年开展的党史学习教育活动，为武警官兵送去了党史学习资料及刑事法律法规等精神食粮，同时送去了防暑降温药品。	negative
年初一的一大早，父亲就把母亲准备好的鞭炮拿到楼下燃放，新的一年就在噼里啪啦声中开始了。	年初一的一大早，父亲就把母亲准备好的鞭炮拿到楼下燃放，新的一年就在噼里啪啦声中开始了。	positive
你的论文写得太负责了，逻辑性非常混乱，收到了很多不好的评价。	你的论文写得太复杂了，逻辑性非常混乱，收到了很多不好的评价。	negative
韩荣卿便与妻子烧火做饭，定居下来。	韩荣卿便与妻子烧火做饭，定居下来。	positive
重点宣传《保障农民工工资支付条例》，引导建筑施工总承包企业、分包企业自觉履行工资支付法定义务，引导农民工运用法律手段维护自身合法利益，同时要求建筑施工企业开展保障农民工工资支付的自查自纠，确保农名工工资支付到位，营造良好社会氛围。	重点宣传《保障农民工工资支付条例》，引导建筑施工总承包企业、分包企业自觉履行工资支付法定义务，引导农民工运用法律手段维护自身合法利益，同时要求建筑施工企业开展保障农民工工资支付的自查自纠，确保农民工工资支付到位，营造良好社会氛围。	negative
回望2021年中国元首外交，既有沉着冷静的科学应变，也有波澜壮阔的开拓进取，浸润着为国为民的深厚情怀，磅礴着天下一家的恢宏气度。	回望2021年中国元首外交，既有沉着冷静的科学应变，也有波澜壮阔的开拓进取，浸润着为国为民的深厚情怀，磅礴着天下一家的恢宏气度。	positive
较为保守的州包括爱达荷州、怀俄明州、阿肯色州、路易斯安娜州、密西西比州、田纳西州、阿拉巴马州、佐治亚州和西弗吉尼亚州，这些地方至少接种一剂疫苗的比例大部分仍在60%以下。	较为保守的州包括爱达荷州、怀俄明州、阿肯色州、路易斯安那州、密西西比州、田纳西州、阿拉巴马州、佐治亚州和西弗吉尼亚州，这些地方至少接种一剂疫苗的比例大部分仍在60%以下。	negative
面对严峻形式，文峰分局民警始终坚持人民至上，生命至上。	面对严峻形势，文峰分局民警始终坚持人民至上，生命至上。	negative
第八届天府临床营养高峰论坛丨电子学分证下载国家级继续教育项目《家庭营养管理及专业技能培训》（国家级I类学分6分）可以下载学分啦，注册并报到人员请登陆网站下载：http:t.cnA6vbA0wf点击“学分查询”（图一）：输入项目编号：2021-12-02-041→项目名称：家庭营养管理及专业技能培训→姓名：***→点击“查询”→下载电子学分证（图二）http:t.cnA6Iz6Beh	第八届天府临床营养高峰论坛丨电子学分证下载国家级继续教育项目《家庭营养管理及专业技能培训》（国家级I类学分6分）可以下载学分啦，注册并报到人员请登录网站下载：http:t.cnA6vbA0wf点击“学分查询”（图一）：输入项目编号：2021-12-02-041→项目名称：家庭营养管理及专业技能培训→姓名：***→点击“查询”→下载电子学分证（图二）http:t.cnA6Iz6Beh	negative
脑子里虽然这样想着，手上却并没有停止挥锄将它们锄掉，杂草已成堆，太阳一晒就会干枯，放一把火就能将其烧为灰烬。	脑子里虽然这样想着，手上却并没有停止挥锄将它们锄掉，杂草已成堆，太阳一晒就会干枯，放一把火就能将其烧为灰烬。	positive
中老铁路全线开通运营后，中国昆明至老挝万象实现朝发夕至。	中老铁路全线开通运营后，中国昆明至老挝万象实现朝发夕至。	positive
一起向未来活动结束后，京港澳三地学生都意犹未尽、依依不舍。	一起向未来活动结束后，京港澳三地学生都意犹未尽、依依不舍。	positive
无声的战场体现掷地有声的入党誓言    队员张振东每次执勤必定到岗，考虑到他出勤次数多，队里决定让他修整一下，他主动要求参加执勤，“让家里有孩子的和女同事先歇一歇，我是复原军人有任务我先上。	    无声的战场体现掷地有声的入党誓言    队员张振东每次执勤必定到岗，考虑到他出勤次数多，队里决定让他修整一下，他主动要求参加执勤，“让家里有孩子的和女同事先歇一歇，我是复员军人有任务我先上。	negative
张嘴”这样的话她平均一天要说上千次，连续的检测时常让她累的腰都直不起来，每次同事让她休息会她都连连摆手，为了不耽误每一个来检测的人。	张嘴”这样的话她平均一天要说上千次，连续的检测时常让她累得腰都直不起来，每次同事让她休息会她都连连摆手，为了不耽误每一个来检测的人。	negative
《指引》明确了建立健全中国宏观审慎政策框架的要素。	《指引》明确了建立健全中国宏观审慎政策框架的要素。	positive
经过一代代接续努力，以前贫困的人们，现在也能吃饱肚子、穿暖衣裳，有学上、有房住、有医保。	经过一代代接续努力，以前贫困的人们，现在也能吃饱肚子、穿暖衣裳，有学上、有房住、有医保。	positive
旅院#“生活不需要比别人好，但一定要比以前过得好，人生最幸福的事，不是活的像别人，而是在努力之后活的更像自己。	旅院#“生活不需要比别人好，但一定要比以前过得好，人生最幸福的事，不是活得像别人，而是在努力之后活得更像自己。	negative
2.风力预报5日白天起风力逐渐加大，预计5～7日高海拔山区区最大风力可达6～7级阵风8～9级。	2.风力预报5日白天起风力逐渐加大，预计5～7日高海拔山区最大风力可达6～7级阵风8～9级。	negative
车牌：京AJH853车辆初始登记日期：2018年9月29日行使里程：705.7公里起拍价：12万元保证金：2.4万元开拍时间：2021年8月17日扫码查看更多信息imgsrc="https:wx2.sinaimg.cnlarge003PrMuBly4gt3q3k7os7j60b40b4tcq02.jpg"alt="财产处置月来了，好物好价，先看为“竞”！	车牌：京AJH853车辆初始登记日期：2018年9月29日行驶里程：705.7公里起拍价：12万元保证金：2.4万元开拍时间：2021年8月17日扫码查看更多信息imgsrc="https:wx2.sinaimg.cnlarge003PrMuBly4gt3q3k7os7j60b40b4tcq02.jpg"alt="财产处置月来了，好物好价，先看为“竞”！	negative
确保程序到位，对特困供养人员认定按程序开展，参会人员根据相关材料发表个人见解，在民主评议时现场进行无记名投票，并当场唱票记票，公布结果。	确保程序到位，对特困供养人员认定按程序开展，参会人员根据相关材料发表个人见解，在民主评议时现场进行无记名投票，并当场唱票计票，公布结果。	negative
美国Social Catfish公司日前结合美国互联网犯罪投诉中心、联邦贸易委员会及联邦调查局的公开数据发布的研究报告显示，2020年，超过2.3万名21岁以下的美国年轻人遭遇网络诈骗，较2017年增涨了156%。	美国Social Catfish公司日前结合美国互联网犯罪投诉中心、联邦贸易委员会及联邦调查局的公开数据发布的研究报告显示，2020年，超过2.3万名21岁以下的美国年轻人遭遇网络诈骗，较2017年增长了156%。	negative
王春英表示，总体看，我国经济韧性强，长期向好的基本面没有改变，有助于我国国际收支保持总体稳定、基本平衡的格局。	王春英表示，总体看，我国经济韧性强，长期向好的基本面没有改变，有助于我国国际收支保持总体稳定、基本平衡的格局。	positive
#贵州应用技术职业学院##晚安贵应院#命运不回亏待正在努力变好的你。	#贵州应用技术职业学院##晚安贵应院#命运不会亏待正在努力变好的你。	negative
使禁毒人人皆之，家喻户晓，全力净化辖区良好的社会治安环境。	使禁毒人人皆知，家喻户晓，全力净化辖区良好的社会治安环境。	negative
近期，梁溪城管机动中队不俱“烤”验，坚守工作岗位，每天中午12点至下午5点时间段内，通过定点设卡、流动巡查、暗中蹲守等方式，对出入港务四区、下甸桥港区、五八环境等3个码头的渣土运输车辆进行抽查核验。	近期，梁溪城管机动中队不惧“烤”验，坚守工作岗位，每天中午12点至下午5点时间段内，通过定点设卡、流动巡查、暗中蹲守等方式，对出入港务四区、下甸桥港区、五八环境等3个码头的渣土运输车辆进行抽查核验。	negative
百年成就使人振奋，百年经验给人启迪。	百年成就使人振奋，百年经验给人启迪。	positive
美国个人征信公司Equifax首席信息安全官贾米尔·法希奇表示，与其他世代相比，95后更容易受到类似的网络诈骗威胁。	美国个人征信公司Equifax首席信息安全官贾米尔·法希奇表示，与其他时代相比，95后更容易受到类似的网络诈骗威胁。	negative
新当选立法会议员、将军澳香岛中学校长邓飞说，升旗仪式是爱国主义教育的一个重要组成部分，是一种特殊的教育形式。	新当选立法会议员、将军澳香岛中学校长邓飞说，升旗仪式是爱国主义教育的一个重要组成部分，是一种特殊的教育形式。	positive
根据计划，中国将在2022年正式建成空间站，具备长期连续载人驻留能力，航天员乘组也将实现在轨轮换。	根据计划，中国将在2022年正式建成空间站，具备长期连续载人驻留能力，航天员乘组也将实现在轨轮换。	positive
】这天上掉下来的是不是馅饼我们不知道，但是帮女郎知道，这一但砸到人，那不管是馅饼还是别的什么，问题就严重了。	】这天上掉下来的是不是馅饼我们不知道，但是帮女郎知道，这一旦砸到人，那不管是馅饼还是别的什么，问题就严重了。	negative
茶叶总产量按照2.8%左右的增长率测算，到2025年底茶叶总产量达到50万吨，茶叶产值按照9.7%的增长率测算，到2025年底突破800亿元。	茶叶总产量按照2.8%左右的增长率测算，到2025年底茶叶总产量达到50万吨，茶叶产值按照9.7%的增长率测算，到2025年底突破800亿元。	positive
新华社北京1月1日电1月1日晚，由中共中央宣传部、文化和旅游部主办的2022年新年戏曲晚会在中央广播电视总台央视综合频道播出。	新华社北京1月1日电1月1日晚，由中共中央宣传部、文化和旅游部主办的2022年新年戏曲晚会在中央广播电视总台央视综合频道播出。	positive
并在疫情前沿迅速成立“党员抗疫突击队”，将战斗堡垒建立在疫情防控一线，充分发挥基层党组织战斗堡垒作用，全队上下士气高昂，同袍共泽。	并在疫情前沿迅速成立“党员抗疫突击队”，将战斗堡垒建立在疫情防控一线，充分发挥基层党组织战斗堡垒作用，全队上下士气高昂，同袍同泽。	negative
35-110千伏铁塔组立完成40%2021年6月工程建设进度Scheduleplan变电工程：乌克变依据国土手续办理情况复工，进行进行对侧间隔设备基础浇筑，现已完成。	35-110千伏铁塔组立完成40%2021年6月工程建设进度Scheduleplan变电工程：乌克变依据国土手续办理情况复工，进行对侧间隔设备基础浇筑，现已完成。	negative
今天，我们比历史上任何时期都更接近、更有信心和能力实现中华民族伟大复兴的目标，同时必须清醒认识到，中华民族伟大复兴绝不是轻轻松松、敲锣打鼓就能实现的，也绝不是一马平川、朝夕之间就能到达的。	今天，我们比历史上任何时期都更接近、更有信心和能力实现中华民族伟大复兴的目标，同时必须清醒认识到，中华民族伟大复兴绝不是轻轻松松、敲锣打鼓就能实现的，也绝不是一马平川、朝夕之间就能到达的。	positive
#路况播报#龙岗布吉辖区湖南路百鸽路口，呈车多缓行状态，请广大车友保持安全车距，注意谨慎行驶。	#路况播报#龙岗布吉辖区湖南路百个路口，呈车多缓行状态，请广大车友保持安全车距，注意谨慎行驶。	negative
#文理·可乐#我一直相信越过了泥泞孤勇终会和奇迹相拥如期归来比去时汹涌沉没如晦风雨中#巅峰之上[音乐]#​​	#文理·可乐#我一直相信越过了泥泞孤勇终会和奇迹相拥如期归来比去时汹涌沉默如晦风雨中#巅峰之上[音乐]#​​	negative
我们党没有任何自己特殊的利益，这是我们党敢于自我革命的勇气之源、底气所在。	我们党没有任何自己特殊的利益，这是我们党敢于自我革命的勇气之源、底气所在。	positive
一路走来，行至现在的村子附近，老牛长跪不起。	一路走来，行至现在的村子附近，老牛长跪不起。	positive
武昌朗读亭第二期来了了~	武昌朗读亭第二期来了~	negative
此外，本案发生于新冠疫情防控的关健期间，公园工作人员要求出示健康码进入园区属于疫情防控要求，游客均应遵守。	此外，本案发生于新冠疫情防控的关键期间，公园工作人员要求出示健康码进入园区属于疫情防控要求，游客均应遵守。	negative
汲取奥林匹克精神所体现的价值比以往任何时候都更显重要。	汲取奥林匹克精神所体现的价值比以往任何时候都更显重要。	positive
清理2处紧邻居民楼陡坡上的杂树，督促部分工程停止施工、封闭围档、清理场地。	清理2处紧邻居民楼陡坡上的杂树，督促部分工程停止施工、封闭围挡、清理场地。	negative
每当看到此类故事，我都会思考中文外宣媒体的使命担当和创新之道。	每当看到此类故事，我都会思考中文外宣媒体的使命担当和创新之道。	positive
RCEP生效首日，中国贸促会及地方机构为全国69家企业签发了158份RCEP原产地证书，涉及出口金额1200万美元，预计可为企业减免关税18万美元。	RCEP生效首日，中国贸促会及地方机构为全国69家企业签发了158份RCEP原产地证书，涉及出口金额1200万美元，预计可为企业减免关税18万美元。	positive
防御指南:1.政府及相关部门按照职责做好防短时暴雨、防雷、防大风准备工作，气象部门做好人工防雹作业准备；2.户外行人和工作人员减少户外活动，注意远离棚架广告牌等搭建物；3.驱赶家禽、牲畜进入有顶蓬的场所，关好门窗加固棚舍；4.检查城市、农田、鱼塘排水系统，做好排涝准备和对山洪、滑坡、泥石流等灾害的防御准备。	防御指南:1.政府及相关部门按照职责做好防短时暴雨、防雷、防大风准备工作，气象部门做好人工防雹作业准备；2.户外行人和工作人员减少户外活动，注意远离棚架广告牌等搭建物；3.驱赶家禽、牲畜进入有顶篷的场所，关好门窗加固棚舍；4.检查城市、农田、鱼塘排水系统，做好排涝准备和对山洪、滑坡、泥石流等灾害的防御准备。	negative
企业员工要安全，社会公众也要安全，好企业就是要维护员工和社会公众的生命权益，旅行社会责任。	企业员工要安全，社会公众也要安全，好企业就是要维护员工和社会公众的生命权益，履行社会责任。	negative
穿行村中，各色当地小吃吸引着游人的目光。	穿行村中，各色当地小吃吸引着游人的目光。	positive
40年来，金鸡奖从一年一评，到两年一评，再到恢复一年一评；	40年来，金鸡奖从一年一评，到两年一评，再到恢复一年一评；	positive
率先垂范，严格落实防控图片疫情防控图片图片   8月1日下午，芦淞区副区长、芦淞公安分局分局党委书记、局长樊伟；芦淞分局党委成员、副局长汤征等一行人到辖区隔离酒店进行督导检查。	率先垂范，严格落实防控图片疫情防控图片图片   8月1日下午，芦淞区副区长、芦淞公安分局党委书记、局长樊伟；芦淞分局党委成员、副局长汤征等一行人到辖区隔离酒店进行督导检查。	negative
经过一个多小时的仔细搜寻，终于在本溪方向离弓长岭收费站约五公里外的寒岭隧道出口不远处寻找到该青年男子，其精神惶惚，正跌跌撞撞在应急车道里行走。	经过一个多小时的仔细搜寻，终于在本溪方向离弓长岭收费站约五公里外的寒岭隧道出口不远处寻找到该青年男子，其精神恍惚，正跌跌撞撞在应急车道里行走。	negative
除了竹篮、竹篓以外，余品林时常创新编织手法，制作动物、汽车等竹艺品。	除了竹篮、竹篓以外，余品林时常创新编织手法，制作动物、汽车等竹艺品。	positive
要以伟大自我革命引领伟大社会革命，以伟大社会革命促进伟大自我革命，确保党在新时代坚持和发展中国特色社会主义的历史进程中始终成为坚强领导核心。	要以伟大自我革命引领伟大社会革命，以伟大社会革命促进伟大自我革命，确保党在新时代坚持和发展中国特色社会主义的历史进程中始终成为坚强领导核心。	positive
正直炎热的周末应该在家喝着冰凉可口的饮品吃着西瓜刷着抖音……好不惬意！	正值炎热的周末应该在家喝着冰凉可口的饮品吃着西瓜刷着抖音……好不惬意！	negative
2021年共有6家台企在大陆A股上市，截至目前总数已超过40家。	2021年共有6家台企在大陆A股上市，截至目前总数已超过40家。	positive
我认为，做好对外传播，讲好中国故事，必须接地气，要了解当地的文化氛围和阅读习惯，同时更离不开国内的支持和帮助。	我认为，做好对外传播，讲好中国故事，必须接地气，要了解当地的文化氛围和阅读习惯，同时更离不开国内的支持和帮助。	positive
要持续聚焦抓班子、带队伍，积极开展作风整顿活动，切实解决“慵懒散拖”等突出问题。	要持续聚焦抓班子、带队伍，积极开展作风整顿活动，切实解决“庸懒散拖”等突出问题。	negative
监狱负责人发表了热情洋溢的讲话，代表监狱党委向金榜提名的学子们表示祝贺，感谢民警职工的辛勤付出，对即将迈入大学校门的学子们提出几点希望：希望同学们坚定信念，爱国爱家。	监狱负责人发表了热情洋溢的讲话，代表监狱党委向金榜题名的学子们表示祝贺，感谢民警职工的辛勤付出，对即将迈入大学校门的学子们提出几点希望：希望同学们坚定信念，爱国爱家。	negative
活动现场，司法所工作人员采取“行走普法”模式向过往农民工发放民法典宣传单页、法律援助宣传手册等材料普及法律知识，工作人员围绕他们最关心的合同、工伤保险、劳动争议调解仲裁等法律问题，提供了现场法律咨询服务，以案释法、生动形象，引起了农民共的共鸣，有效的提升了农民工的法治思维，促使他们把“法律既生活、生活既法律”理念深入人心，养成自觉守法的意识，形成遇事找法的习惯，共同营造学法、守法、懂法、用法的良好普法氛围。	活动现场，司法所工作人员采取“行走普法”模式向过往农民工发放民法典宣传单页、法律援助宣传手册等材料普及法律知识，工作人员围绕他们最关心的合同、工伤保险、劳动争议调解仲裁等法律问题，提供了现场法律咨询服务，以案释法、生动形象，引起了农民工的共鸣，有效的提升了农民工的法治思维，促使他们把“法律既生活、生活既法律”理念深入人心，养成自觉守法的意识，形成遇事找法的习惯，共同营造学法、守法、懂法、用法的良好普法氛围。	negative
从行业看，新设立制造业和服务业外资企业分别增长24.1%和30.1%，新设立高技术产业外资企业增长25.4%，占新设立外资企业总数的28%。	从行业看，新设立制造业和服务业外资企业分别增长24.1%和30.1%，新设立高技术产业外资企业增长25.4%，占新设立外资企业总数的28%。	positive
发挥好2150万公顷森林、22.4亿立方米森林蓄积量的资源优势，坚持生态优先、绿色发展。	发挥好2150万公顷森林、22.4亿立方米森林蓄积量的资源优势，坚持生态优先、绿色发展。	positive
党的百年征程，就是一部为人民打江山、守江山的历史。	党的百年征程，就是一部为人民打江山、守江山的历史。	positive
认真听取环境状况和环境保护目标完成情况报告、中央环境保护督查反馈问题整改情况专项报告。	认真听取环境状况和环境保护目标完成情况报告、中央环境保护督察反馈问题整改情况专项报告。	negative
交警支队组织民警深入辖区危化品运输企业停车场、客运企业，检查车辆安全设施和列检等情况，加强对重点车辆车辆及驾驶人源头管理，坚决遏制道路交通事故。	交警支队组织民警深入辖区危化品运输企业停车场、客运企业，检查车辆安全设施和列检等情况，加强对重点车辆及驾驶人源头管理，坚决遏制道路交通事故。	negative
说起事故经过，张女士眼泪止不住地流了下来，即感慨今天碰到了救自己的好心人，又心疼自己的西瓜就这样没了。	说起事故经过，张女士眼泪止不住地流了下来，既感慨今天碰到了救自己的好心人，又心疼自己的西瓜就这样没了。	negative
回望2021年，人民日报海外版的很多版面亮点频出，不少文章令人印象深刻。	回望2021年，人民日报海外版的很多版面亮点频出，不少文章令人印象深刻。	positive
古老的国度焕发青春，自信自强，以世界和平建设者、全球发展贡献者、国际秩序维护者、人类文明促进者的崭新形象，巍然屹立于世界东方。	古老的国度焕发青春，自信自强，以世界和平建设者、全球发展贡献者、国际秩序维护者、人类文明促进者的崭新形象，巍然屹立于世界东方。	positive
毎年都有一天，可以宣布夏天的结束，今年就选今天。	每年都有一天，可以宣布夏天的结束，今年就选今天。	negative
轻度脂肪肝通常来的悄无声息，倘若放任不管，肝脏上的脂肪越积越多，就给肝硬化甚至肝癌可趁之机……《医问医答》全新推出#护肝专家号#系列视频，邀请北京友谊医院肝病中心主任、中华医学会肝病学分会前主任委员贾继东，揭开有关护肝的健康真相。	轻度脂肪肝通常来得悄无声息，倘若放任不管，肝脏上的脂肪越积越多，就给肝硬化甚至肝癌可趁之机……《医问医答》全新推出#护肝专家号#系列视频，邀请北京友谊医院肝病中心主任、中华医学会肝病学分会前主任委员贾继东，揭开有关护肝的健康真相。	negative
#凤凰网旅游赏味#【你可能不知道，螺蛳粉在南宁只能算“弟弟”】在广西南宁，美食才不是只有螺狮粉！	#凤凰网旅游赏味#【你可能不知道，螺蛳粉在南宁只能算“弟弟”】在广西南宁，美食才不是只有螺蛳粉！	negative
主要原材料购进价格指数和出厂价格指数分别为48.1%和45.5%，低于上月4.8和3.4个百分点，连续两个月回落，均降至2020年5月份以来低点。	主要原材料购进价格指数和出厂价格指数分别为48.1%和45.5%，低于上月4.8和3.4个百分点，连续两个月回落，均降至2020年5月份以来低点。	positive
运输服务收入增速快于支出，运输逆差同比收窄41%。	运输服务收入增速快于支出，运输逆差同比收窄41%。	positive
普京表示，即将过去的一年是《俄中睦邻友好合作条约》签署20周年。	普京表示，即将过去的一年是《俄中睦邻友好合作条约》签署20周年。	positive
录取通知书信封内包括录取通知书、入学须知、国家资助资助政策和大学生征兵入伍宣传手册。	录取通知书信封内包括录取通知书、入学须知、国家资助政策和大学生征兵入伍宣传手册。	negative
#宣汉新闻#随着红军逐步撤离宣汉县境，参加围攻的四川军阀各部队、因红军占领宣汉而逃亡外县的地主豪绅组成的“还乡团”和各个场镇死灰复燃的民团，怀着反攻倒算的焰火、带着血雨腥风的杀气席卷而来，将宣汉人民掀入一场空前惨烈的灾难之中。	#宣汉新闻#随着红军逐步撤离宣汉县境，参加围攻的四川军阀各部队、因红军占领宣汉而逃亡外县的地主豪绅组成的“还乡团”和各个场镇死灰复燃的民团，怀着反攻倒算的焰火、带着血雨腥风的杀气席卷而来，将宣汉人民陷入一场空前惨烈的灾难之中。	negative
在教育一线工作了近30年，乡村教师盘玖仁向总书记反映偏远民族地区老师数量不足、好的老师留不住。	在教育一线工作了近30年，乡村教师盘玖仁向总书记反映偏远民族地区老师数量不足、好的老师留不住。	positive
【正在直播：#跑步运动可以有多迷人#】电光火石，风驰电掣，中国飞人苏炳添在本次#奥运会#上跑出了最好的自己，也成就了中国人新的奥运纪录！	【正在直播：#跑步运动可以有多迷人#】电光石火，风驰电掣，中国飞人苏炳添在本次#奥运会#上跑出了最好的自己，也成就了中国人新的奥运纪录！	negative
【信宜暴雨预警解除】目前影响我市的强对流云团减弱，信宜市气象台2021年8月7日20时22分解除暴雨黄色黄色预警信号。	【信宜暴雨预警解除】目前影响我市的强对流云团减弱，信宜市气象台2021年8月7日20时22分解除暴雨黄色预警信号。	negative
殊不知，这种将本属于高速公路运营公司财物占为已有的行为，已经涉嫌了盗窃罪。	殊不知，这种将本属于高速公路运营公司财物占为己有的行为，已经涉嫌了盗窃罪。	negative
4.液化气或煤气、天然气因漏气着火时，可将毛巾或抹布等侵湿捂住着火点，同时迅速关闭阀门；	4.液化气或煤气、天然气因漏气着火时，可将毛巾或抹布等浸湿捂住着火点，同时迅速关闭阀门；	negative
中国在保护主义逆风中继续高举开放合作大旗，从博鳌到达沃斯，从服贸会到进博会，一以贯之推动全球共同开放不断向前。	中国在保护主义逆风中继续高举开放合作大旗，从博鳌到达沃斯，从服贸会到进博会，一以贯之推动全球共同开放不断向前。	positive
赛后谢思埸也情不自禁留下了眼泪，“九年，我相信对于任何人来说都不短，在这九年内，我经历了低谷，还有等待和忍耐，我也不知道自己怎么走过来的。	赛后谢思埸也情不自禁流下了眼泪，“九年，我相信对于任何人来说都不短，在这九年内，我经历了低谷，还有等待和忍耐，我也不知道自己怎么走过来的。	negative
这里有可亲可敬的人民，有日新月异的发展，有赓续传承的事业。	这里有可亲可敬的人民，有日新月异的发展，有赓续传承的事业。	positive
#5年5次起诉离婚女子回应被判返还彩礼#【#女子5次诉离婚判返还男方8.5万彩礼#当事人：愤愤不平吃点亏算了】8月3日，记者从5年5诉离婚当事人宁顺花处获悉，其已收到衡阳市中院的二审判决书，法院维持准予双方离婚的原判决，并判决其返还男方陈定华彩礼、红包85000元。	#5年5次起诉离婚女子回应被判返还彩礼#【#女子5次诉离婚判返还男方8.5万彩礼#当事人：忿忿不平吃点亏算了】8月3日，记者从5年5诉离婚当事人宁顺花处获悉，其已收到衡阳市中院的二审判决书，法院维持准予双方离婚的原判决，并判决其返还男方陈定华彩礼、红包85000元。	negative
“把每场比赛都当做最后一场比赛来打”，向32岁的老将谷红致敬。	“把每场比赛都当作最后一场比赛来打”，向32岁的老将谷红致敬。	negative
传统与现代在这里交织，这个豫南小村焕发出新的生机。	传统与现代在这里交织，这个豫南小村焕发出新的生机。	positive
在移植仓，小甜录下视频“祝河南早点度过难关，我也早日康复出院”。	在移植仓，小甜录下视频“祝河南早点渡过难关，我也早日康复出院”。	negative
图为解放军仪仗队护送国旗走向升旗台。	图为解放军仪仗队护送国旗走向升旗台。	positive
贵州茶园总面积已达700万亩，其中投产茶园面积643万亩，2021年茶叶产量约达46.99万吨、产值570.9亿元，产量、产值分别同比增长约7.7%和13.3%，带动涉茶人数340余万人，涉茶农户年人均收入12351元。	贵州茶园总面积已达700万亩，其中投产茶园面积643万亩，2021年茶叶产量约达46.99万吨、产值570.9亿元，产量、产值分别同比增长约7.7%和13.3%，带动涉茶人数340余万人，涉茶农户年人均收入12351元。	positive
同时，还要清点草场载畜量，开展政策法规宣传。	同时，还要清点草场载畜量，开展政策法规宣传。	positive
坚持稳字当头、稳中求进，推动经济实现质的稳步提升和量的合理增长；	坚持稳字当头、稳中求进，推动经济实现质的稳步提升和量的合理增长；	positive
连续9年排名上升，位居中等收入经济体首位，超过日本、以色列、加拿大等发达经济体。	连续9年排名上升，位居中等收入经济体首位，超过日本、以色列、加拿大等发达经济体。	positive
为认真贯彻落实新修订的《未成人保护法》，	为认真贯彻落实新修订的《未成年人保护法》，	negative
#早安，光明#思而后行，以免做出蠢事。	#早安，光明#三思而后行，以免做出蠢事。	negative
【美丽中国青春行动】#赣青爱分享#目前，由全国保护母亲河行动领到小组发起，我国青少年生态环保工作领域的唯一奖项——第十届“母亲河奖”评选活动已正式启动。	【美丽中国青春行动】#赣青爱分享#目前，由全国保护母亲河行动领导小组发起，我国青少年生态环保工作领域的唯一奖项——第十届“母亲河奖”评选活动已正式启动。	negative
该单位法治意识淡薄，为谋取暴利，在无危险废物处置资质的情况下，擅自处置危险废物涉嫌污染环境罪。	该单位法治意识淡薄，为牟取暴利，在无危险废物处置资质的情况下，擅自处置危险废物涉嫌污染环境罪。	negative
各级公安机关做实打防管控举措，严格落实“135”快反处置机制，囤警街面加强巡逻，提高见警率管事率，并积极配合属地乡镇、有关部门加强对医院、小区、核酸检测点、疫苗接种点等重要场所的秩序维护，及时排查化解矛盾纠纷、严打各类违法犯罪，并持续加大对非法偷越国边境等跨境违法犯罪的查处和打击力度。	各级公安机关做实打防管控举措，严格落实“135”快反处置机制，屯警街面加强巡逻，提高见警率管事率，并积极配合属地乡镇、有关部门加强对医院、小区、核酸检测点、疫苗接种点等重要场所的秩序维护，及时排查化解矛盾纠纷、严打各类违法犯罪，并持续加大对非法偷越国边境等跨境违法犯罪的查处和打击力度。	negative
本报北京1月2日电（记者徐佩玉）为完善宏观审慎政策治理机制，提高防范化解系统性金融风险的能力，中国人民银行近日发布《宏观审慎政策指引（试行）》。	本报北京1月2日电（记者徐佩玉）为完善宏观审慎政策治理机制，提高防范化解系统性金融风险的能力，中国人民银行近日发布《宏观审慎政策指引（试行）》。	positive
我们父子两也算是同在一个‘战壕’里战斗过了，以后我爸可不能说我‘菜’了。	我们父子俩也算是同在一个‘战壕’里战斗过了，以后我爸可不能说我‘菜’了。	negative
讲到四川盆地，朱广权说：就像一个巨形的红油火锅！	讲到四川盆地，朱广权说：就像一个巨型的红油火锅！	negative
从昆明到北京，各国代表对中方作为东道国发挥的重要引领作用给予高度评价。	从昆明到北京，各国代表对中方作为东道国发挥的重要引领作用给予高度评价。	positive
此后，中国扩大博士项目，每年的科学、技术、工程和数学类博士毕业生人数不断增长。	此后，中国扩大博士项目，每年的科学、技术、工程和数学类博士毕业生人数不断增长。	positive
在飞逝的时光里，我们看到的、感悟到的中国，是一个坚韧不拔、欣欣向荣的中国。	在飞逝的时光里，我们看到的、感悟到的中国，是一个坚韧不拔、欣欣向荣的中国。	positive
我当即把这些美文收藏下来，准备待疫情过后择机去实地打卡。	我当即把这些美文收藏下来，准备待疫情过后择机去实地打卡。	positive
人类只有一个地球，人类也只有一个共同的未来。	人类只有一个地球，人类也只有一个共同的未来。	positive
作为首条进入粤港澳大湾区南沙自贸区境内的客货双线铁路，南沙港铁路是服务泛珠三角与广大内陆地区铁路货运联系的重要通道。	作为首条进入粤港澳大湾区南沙自贸区境内的客货双线铁路，南沙港铁路是服务泛珠三角与广大内陆地区铁路货运联系的重要通道。	positive
让我们高扬理想信念的旗帜，加强中华儿女大团结，凝聚万众一心的伟力，保持勇毅笃行的坚定，展现虎虎生威的雄风，努力争取新的更加伟大的胜利和荣光！	让我们高扬理想信念的旗帜，加强中华儿女大团结，凝聚万众一心的伟力，保持勇毅笃行的坚定，展现虎虎生威的雄风，努力争取新的更加伟大的胜利和荣光！	positive
大坝高耸，江水蓄势，百万千瓦水轮发电机组高速转动，运行一个小时，就能发出100万度清洁电能。	大坝高耸，江水蓄势，百万千瓦水轮发电机组高速转动，运行一个小时，就能发出100万度清洁电能。	positive
天地间对话15时15分许，当翟志刚、王亚平、叶光富三名航天员出现在大屏幕时，全场沸腾了。	天地间对话15时15分许，当翟志刚、王亚平、叶光富三名航天员出现在大屏幕时，全场沸腾了。	positive
有记者问：当地时间2021年12月31日，中国驻尼加拉瓜使馆举行了复馆仪式。	有记者问：当地时间2021年12月31日，中国驻尼加拉瓜使馆举行了复馆仪式。	positive
生灵有知，世间的真情真义亦有知。	生灵有知，世间的真情真意亦有知。	negative
合肥“五月抗疫”事实更证明，只要科学决策，措施有力，既使出现少数病例，也完全能在这场对决中最终胜出。	合肥“五月抗疫”事实更证明，只要科学决策，措施有力，即使出现少数病例，也完全能在这场对决中最终胜出。	negative
经审讯，犯罪嫌疑人祝某、马某、刘某某对其为诈骗份子洗钱变现，掩饰隐瞒犯罪所得的犯罪事实供认不讳。	经审讯，犯罪嫌疑人祝某、马某、刘某某对其为诈骗分子洗钱变现，掩饰隐瞒犯罪所得的犯罪事实供认不讳。	negative
​​美姑县生态环境保护委员会召开2021年第七次全体会议暨迎接第二轮中央生态环境保护督察准备情况调度会8月2日，美姑县县委副书记、县环委会副主任邓兴伟主持召开美姑县生态环境保护委员会2021年第七次全体会议，庚即传达7月30日全州迎接第二轮中央生态环境保护督察工作及生态环境突出问题整改推进情况调度视频会和8月2日上午全省生态环境系统迎接第二轮中央生态环境保护督察准备工作推进会会议精神，并就抓好该县生态环境保护各项工作作安排部署。	​​美姑县生态环境保护委员会召开2021年第七次全体会议暨迎接第二轮中央生态环境保护督察准备情况调度会8月2日，美姑县县委副书记、县环委会副主任邓兴伟主持召开美姑县生态环境保护委员会2021年第七次全体会议，赓即传达7月30日全州迎接第二轮中央生态环境保护督察工作及生态环境突出问题整改推进情况调度视频会和8月2日上午全省生态环境系统迎接第二轮中央生态环境保护督察准备工作推进会会议精神，并就抓好该县生态环境保护各项工作作安排部署。	negative
更加开放、有效的区域经济合作，将成为推动新型经济全球化的重要力量。	更加开放、有效的区域经济合作，将成为推动新型经济全球化的重要力量。	positive
它又十分贴近海外读者的生活，特别是《读者桥》版，信息覆盖面广，还十分接地气。	它又十分贴近海外读者的生活，特别是《读者桥》版，信息覆盖面广，还十分接地气。	positive
在前线指挥所，彭德怀因为38军军长梁兴初作战失利而大发雷霆；	在前线指挥所，彭德怀因为38军军长梁兴初作战失利而大发雷霆；	positive
在家她们是“小公主”在外却是“女汉子”挑战战很大，困难很多，但只要我们凝聚在一起便是最强的武器，定能攻无不克、战无不胜。	在家她们是“小公主”在外却是“女汉子”挑战很大，困难很多，但只要我们凝聚在一起便是最强的武器，定能攻无不克、战无不胜。	negative
影片艺术地再现了那一特殊的时刻，让人感受到真情涌动和精神力量。	影片艺术地再现了那一特殊的时刻，让人感受到真情涌动和精神力量。	positive
接续奋斗、勇毅前行，在过去一百年赢得了伟大胜利和荣光的中国共产党和中国人民，必将在新时代新征程上赢得更加伟大的胜利和荣光！	接续奋斗、勇毅前行，在过去一百年赢得了伟大胜利和荣光的中国共产党和中国人民，必将在新时代新征程上赢得更加伟大的胜利和荣光！	positive
积极响应县防疫办号召，于7月30日邀请县人民医院对全局干部职工、物业人员、临聘人员等分三批次进行核算检测，要求局内所有人员需持核酸检测阴性报告和绿色健康码、行程码，佩戴好口罩方可上班。	积极响应县防疫办号召，于7月30日邀请县人民医院对全局干部职工、物业人员、临聘人员等分三批次进行核酸检测，要求局内所有人员需持核酸检测阴性报告和绿色健康码、行程码，佩戴好口罩方可上班。	negative
遇游客进店，他便起身与之攀谈，引导对方上手尝试竹艺品制作，手把手教授游客竹艺编织技能。	遇游客进店，他便起身与之攀谈，引导对方上手尝试竹艺品制作，手把手教授游客竹艺编织技能。	positive
会上强调，开山塘口生态修复工作是阳新县生态环境建设的短板，也是环保督查问题整改的重点。	会上强调，开山塘口生态修复工作是阳新县生态环境建设的短板，也是环保督察问题整改的重点。	negative
在湖南设立海峡两岸产业合作区，在山东设立海峡两岸新旧动能转换产业合作区，新批设立两个海峡两岸青年就业创业基地。	在湖南设立海峡两岸产业合作区，在山东设立海峡两岸新旧动能转换产业合作区，新批设立两个海峡两岸青年就业创业基地。	positive
查济，在自然与文化天然蕴育下而成，从未被世俗条框所束缚。	查济，在自然与文化天然孕育下而成，从未被世俗条框所束缚。	negative
党面临形势环境的复杂性和严峻性、肩负任务的繁重性和艰巨性世所罕见、史所罕见。	党面临形势环境的复杂性和严峻性、肩负任务的繁重性和艰巨性世所罕见、史所罕见。	positive
井口由一整块石板雕琢而成，外圆内方，寓意方圆有度，有规有矩。	井口由一整块石板雕琢而成，外圆内方，寓意方圆有度，有规有矩。	positive
“强化组织领导，加强内部防范”分局警务保障部门做好物资储备，注意民辅警自身防护，对派出所一线民警、辅警做到防疫装备一人一套一套。	“强化组织领导，加强内部防范”分局警务保障部门做好物资储备，注意民辅警自身防护，对派出所一线民警、辅警做到防疫装备一人一套。	negative
会同有关部门出台政策，降低了外资研发中心享受税收优惠的门槛。	会同有关部门出台政策，降低了外资研发中心享受税收优惠的门槛。	positive
这种犯罪一般由两人来完成，利用人撞车或者自行车撞轿车的方式故意制造交通事故，其中一人和司机争执，而另一人趁机悄悄打开副驾驶座的车门拿走贵重物品，等司机发现后，另一人早以逃之夭夭，与他争执的人也伺机逃跑。	这种犯罪一般由两人来完成，利用人撞车或者自行车撞轿车的方式故意制造交通事故，其中一人和司机争执，而另一人趁机悄悄打开副驾驶座的车门拿走贵重物品，等司机发现后，另一人早已逃之夭夭，与他争执的人也伺机逃跑。	negative
法律之精义与精髓隐藏于人们的日常生活中，然而，普通民众对此中真意，往往又行焉不察。	法律之精义与精髓隐藏于人们的日常生活中，然而，普通民众对此中真意，往往又习焉不察。	negative
目前，一热带低压加强中，一路沿着海岸线北上，未来降水停不下来了，注意防范降水带来的不利不利影响同时持续性的降水，地质灾害风险等级较高，也请注意防范。	目前，一热带低压加强中，一路沿着海岸线北上，未来降水停不下来了，注意防范降水带来的不利影响同时持续性的降水，地质灾害风险等级较高，也请注意防范。	negative
咱们都知道，在跑步届的大场面往往都是清一色的黑人运动员，黑人运动员咋就这么能跑？	咱们都知道，在跑步界的大场面往往都是清一色的黑人运动员，黑人运动员咋就这么能跑？	negative
2014年，田铺大塆开启美丽乡村建设；	2014年，田铺大塆开启美丽乡村建设；	positive
演员建立在厚重剧作基础之上的出色表演为影片添彩。	演员建立在厚重剧作基础之上的出色表演为影片添彩。	positive
其他分类指数中，从业人员指数为49.1%，比上月上升0.2个百分点，表明制造业企业用工景气度有所回升。	其他分类指数中，从业人员指数为49.1%，比上月上升0.2个百分点，表明制造业企业用工景气度有所回升。	positive
灾情和疫情牵动着每一位南京人民的心，社会各界人士纷份自发献爱心、捐善款。	灾情和疫情牵动着每一位南京人民的心，社会各界人士纷纷自发献爱心、捐善款。	negative
同时，他多次到江西景德镇，对景德镇瓷瓶进行深入研究，在创作作品时亲历亲为，先后研制、手绘了数百件作品。	同时，他多次到江西景德镇，对景德镇瓷瓶进行深入研究，在创作作品时亲力亲为，先后研制、手绘了数百件作品。	negative
记者：贯彻落实中央经济工作会议精神、推进振兴发展，黑龙江省主要有哪些考虑？	记者：贯彻落实中央经济工作会议精神、推进振兴发展，黑龙江省主要有哪些考虑？	positive
生而富贵者，又无鉴而自得者，鲜矣！	生而富贵者，又无鉴而自得者，鲜矣！	positive
#晚安来安#】晚上的来安更添一抹温柔，希望疫情过去，各位能来来安看看，这座小城用最独特的魅力在蓬勃发展，欣欣向上[抱一抱]#厦门已有5名新冠肺炎确诊患者#http:t.cnRXLnJ68​​	#晚安来安#】晚上的来安更添一抹温柔，希望疫情过去，各位能来来安看看，这座小城用最独特的魅力在蓬勃发展，欣欣向荣[抱一抱]#厦门已有5名新冠肺炎确诊患者#http:t.cnRXLnJ68​​	negative
拥有五千年历史的中华文明创新性崛起，已成为深刻影响人类未来的重大历史性事件。	拥有五千年历史的中华文明创新性崛起，已成为深刻影响人类未来的重大历史性事件。	positive
检查人员先后来到济源联合环保医疗废物处置有限公司、济源市生活垃圾焚烧厂、济源市第二人民医院等地，认真检查医疗废物收运、处置情况和设施设备设备运行情况，详细了解防疫物资储备、疫情应急预案制定等，并就做好疫情期间的医疗废物工作提出具体要求。	检查人员先后来到济源联合环保医疗废物处置有限公司、济源市生活垃圾焚烧厂、济源市第二人民医院等地，认真检查医疗废物收运、处置情况和设施设备运行情况，详细了解防疫物资储备、疫情应急预案制定等，并就做好疫情期间的医疗废物工作提出具体要求。	negative
4、蛋　　维他命B2可以消除脂肪，磷、维它命B1以及烟碱酸，可对抗下半身赘肉。	4、蛋　　维他命B2可以消除脂肪，磷、维他命B1以及烟碱酸，可对抗下半身赘肉。	negative
【#黑龙江紧急寻人#北安市2名确诊确诊病例密接者行程轨迹公布，紧急寻找次密接人员】黑龙江省北安市8月5日发布公告称，8月4日北安市疾病预防控制中心接到上级推送，涉及北安市两名密切接触者，现寻找该两名密切接触者的次密接者。	【#黑龙江紧急寻人#北安市2名确诊病例密接者行程轨迹公布，紧急寻找次密接人员】黑龙江省北安市8月5日发布公告称，8月4日北安市疾病预防控制中心接到上级推送，涉及北安市两名密切接触者，现寻找该两名密切接触者的次密接者。	negative
沿途可以从不同角度去观赏达美拥雪山群，海子也非常亮眼，深蓝色的揉措和勒松阿措让人留恋忘返。	沿途可以从不同角度去观赏达美拥雪山群，海子也非常亮眼，深蓝色的揉措和勒松阿措让人流连忘返。	negative
《可可西里三重奏》《长汀绿满荒山写传奇》等文章，不仅让心系祖国、渴望乡情的我们感受到祖国日新月异的发展变化，更看到了中国生态文明建设的显著成绩。	《可可西里三重奏》《长汀绿满荒山写传奇》等文章，不仅让心系祖国、渴望乡情的我们感受到祖国日新月异的发展变化，更看到了中国生态文明建设的显著成绩。	positive
这里层恋叠翠，沟壑纵横，人文景观丰富，历史遗址众多，还是锡伯族的发源地和朝鲜族的聚居地，是一个兼具自然景观及人文景观的地方。	这里层峦叠翠，沟壑纵横，人文景观丰富，历史遗址众多，还是锡伯族的发源地和朝鲜族的聚居地，是一个兼具自然景观及人文景观的地方。	negative
夜幕降临，村南一方荷塘，塘边几户人家，推窗见景。	夜幕降临，村南一方荷塘，塘边几户人家，推窗见景。	positive
随着时代的进步、科技的发展，犯罪手段也不段翻新。	随着时代的进步、科技的发展，犯罪手段也不断翻新。	negative
近年来，当地对住房进行除险加固，修旧如旧，保留村庄原貌。	近年来，当地对住房进行除险加固，修旧如旧，保留村庄原貌。	positive
​​中国有句老话不到长城非好汉可以说长城一直是我们华夏儿女心中向往的地方是我们永久追求的精神所在金山岭长城是万里长城的精华地段有着“万里长城金山独秀”之誉风光秀美 建筑精巧 文化深厚 登上金山岭一起来感受它独有的壮丽风光金山岭长城西起龙峪口 东至望京楼十多千米的长城上设有大小关隘5处、敌楼67座、烽燧2座敌楼密集、建筑精美、保存完好依山就势，用险置塞障墙 支墙 挡马墙站台炮台瞭望台射孔 雷石孔……这里军事防御体系完善层层设防固如金汤金山岭长城保存完好这里没有过多修复的痕迹大部分还保留着原始风貌站在这里似乎还能感受那段真实的历史金山岭有着壮丽奇特的风光站在长城上远处是崇山峻岭近处是林木葱葱长城蜿蜒盘旋在崇山峻岭之间随山势起伏如同奔腾飞跃的巨龙气势恢宏 雄伟壮观观之，心潮澎湃金山岭长城没有喧嚣与浮躁只有让人思考的清净登上长城登高远眺凭古怀幽让思绪尽数在这放空、理顺只有登上了金山岭才能体会到万里长城金山独秀的独特风光所以，“好汉”们一起来金山岭感受它独有的壮丽风光吧​​​​	​​中国有句老话不到长城非好汉可以说长城一直是我们华夏儿女心中向往的地方是我们永久追求的精神所在金山岭长城是万里长城的精华地段有着“万里长城金山独秀”之誉风光秀美 建筑精巧 文化深厚 登上金山岭一起来感受它独有的壮丽风光金山岭长城西起龙峪口 东至望京楼十多千米的长城上设有大小关隘5处、敌楼67座、烽燧2座敌楼密集、建筑精美、保存完好依山就势，用险置塞障墙 支墙 挡马墙站台炮台瞭望台射孔 雷石孔……这里军事防御体系完善层层设防固若金汤金山岭长城保存完好这里没有过多修复的痕迹大部分还保留着原始风貌站在这里似乎还能感受那段真实的历史金山岭有着壮丽奇特的风光站在长城上远处是崇山峻岭近处是林木葱葱长城蜿蜒盘旋在崇山峻岭之间随山势起伏如同奔腾飞跃的巨龙气势恢宏 雄伟壮观观之，心潮澎湃金山岭长城没有喧嚣与浮躁只有让人思考的清净登上长城登高远眺凭古怀幽让思绪尽数在这放空、理顺只有登上了金山岭才能体会到万里长城金山独秀的独特风光所以，“好汉”们一起来金山岭感受它独有的壮丽风光吧​​​​	negative
重口难调别发愁，石家庄体育公园提升后，样样都能满足你！	众口难调别发愁，石家庄体育公园提升后，样样都能满足你！	negative
会议传达了省、市、区主要领导领导批示指示精神，通报了近期发生的溺水事故，要求乡（街道、办事处）及区直各部门要充分认识防溺水安全形势严峻，建立健全联防机制，加强防溺水安全警示宣传教育力度，切实做好防范工作，全力避免此类事故再发生。	会议传达了省、市、区主要领导批示指示精神，通报了近期发生的溺水事故，要求乡（街道、办事处）及区直各部门要充分认识防溺水安全形势严峻，建立健全联防机制，加强防溺水安全警示宣传教育力度，切实做好防范工作，全力避免此类事故再发生。	negative
​​为提升产品质量国家监督抽查工作的科学性、规范性，市场监管总局依照《产品质量监督抽查管理暂行办法》，根据标准最新发布实施情况，经充分研讨，修定了《彩色电视机产品质量国家监督抽查实施细则》（附件1），现向社会公开征求意见。	​​为提升产品质量国家监督抽查工作的科学性、规范性，市场监管总局依照《产品质量监督抽查管理暂行办法》，根据标准最新发布实施情况，经充分研讨，修订了《彩色电视机产品质量国家监督抽查实施细则》（附件1），现向社会公开征求意见。	negative
中国已超过韩国成为日本研究人员的优先目的地。	中国已超过韩国成为日本研究人员的优先目的地。	positive
在奔向文化强国的征程上，期待金鸡奖书写更具华彩的新篇章。	在奔向文化强国的征程上，期待金鸡奖书写更具华彩的新篇章。	positive
深情回望过去一年难忘瞬间，殷殷寄语新一年美好前景，温暖的话语直抵人心，在14亿多中国人民心中澎湃激荡。	深情回望过去一年难忘瞬间，殷殷寄语新一年美好前景，温暖的话语直抵人心，在14亿多中国人民心中澎湃激荡。	positive
在保障各族群众宗教信仰自由方面，新疆开办新疆伊斯兰教经学院和8所分院，以及伊斯兰教经文学校共10所宗教院校，每年按需招收本科、大专、中专学生，形成了较完善的伊斯兰教人才教育培养体系，保障了伊斯兰教健康有序传承。	在保障各族群众宗教信仰自由方面，新疆开办新疆伊斯兰教经学院和8所分院，以及伊斯兰教经文学校共10所宗教院校，每年按需招收本科、大专、中专学生，形成了较完善的伊斯兰教人才教育培养体系，保障了伊斯兰教健康有序传承。	positive
每逢有前来学习经验的牧民，他都会倾囊相授。	每逢有前来学习经验的牧民，他都会倾囊相授。	positive
截止2021年8月3日7时，共计119个地区。	截至2021年8月3日7时，共计119个地区。	negative
我愿同米舒斯京总理继续保持密切工作联系，共同推动两国务实合作开辟新局面、展现新面貌、收获新成果。	我愿同米舒斯京总理继续保持密切工作联系，共同推动两国务实合作开辟新局面、展现新面貌、收获新成果。	positive
2、负责销售公司产品，完成预订销售目标；	2、负责销售公司产品，完成预定销售目标；	negative
她还提到，世界正面临着前所未有的挑战和危机，各国需携手合作，同心协力，才能共克时艰。	她还提到，世界正面临着前所未有的挑战和危机，各国需携手合作，同心协力，才能共克时艰。	positive
5分钟看#手机防泄密指南#】你们有没有注意到，在移动互联网时代，网络社交也伴生了不少网络信息安全问题，点击测试链接、连接公共wifi、下载应用程序、社交平台展示、更换手机都可能有信息泄露风险，如何保护网络信息安全，一起来看！	5分钟看#手机防泄密指南#】你们有没有注意到，在移动互联网时代，网络社交也伴生了不少网络信息安全问题，点击测试链接、连接公共Wi-Fi、下载应用程序、社交平台展示、更换手机都可能有信息泄露风险，如何保护网络信息安全，一起来看！	negative
\uD83D\uDC49了解社团实闻趣事，敬请关注社团管理中心微博\uD83D\uDC48@湖北三峡职业技术学院官博@芝麻坨坨@社团风采@青春三职@三峡大学学生社团联合会@三峡电力职业学院社团联合会@三职青年志愿者行动指导中心@湖北医药学院药护学院社团联合会@汉口学院学生社团联合会@湖北民族大学学生社团联合会@湖北经济学院学生社团联合会@武汉东湖学院社团联合会@黄冈职业技术学院社团联合会@武汉职业技术学院学生社团联合会@湖北第二师范学院社团联合会	\uD83D\uDC49了解社团逸闻趣事，敬请关注社团管理中心微博\uD83D\uDC48@湖北三峡职业技术学院官博@芝麻坨坨@社团风采@青春三职@三峡大学学生社团联合会@三峡电力职业学院社团联合会@三职青年志愿者行动指导中心@湖北医药学院药护学院社团联合会@汉口学院学生社团联合会@湖北民族大学学生社团联合会@湖北经济学院学生社团联合会@武汉东湖学院社团联合会@黄冈职业技术学院社团联合会@武汉职业技术学院学生社团联合会@湖北第二师范学院社团联合会	negative
#抗击疫情豫警在行动#坚守之下是平安，在疫情面前，济源公安日以夜继、风雨无阻，做好济源防疫工作“守门人”@平安中原​​	#抗击疫情豫警在行动#坚守之下是平安，在疫情面前，济源公安日以继夜继、风雨无阻，做好济源防疫工作“守门人”@平安中原​​	negative
#泉州一线警事#【暖暖的感谢信[可爱]】7月30日上午，@南安公安石井交警中队收到一封来自安微临泉耿先生写的感谢信，感谢辅警杨顺顺的热心相助，信件语言朴实无华，一张薄薄的信纸承载了满满谢意，事件虽小却情真意切，温暖每一个民、辅警的心[可爱]​​	#泉州一线警事#【暖暖的感谢信[可爱]】7月30日上午，@南安公安石井交警中队收到一封来自安徽临泉耿先生写的感谢信，感谢辅警杨顺顺的热心相助，信件语言朴实无华，一张薄薄的信纸承载了满满谢意，事件虽小却情真意切，温暖每一个民、辅警的心[可爱]​​	negative
如果您收到疾控部门通过运营商发来的短信或发现个人的湖南省居民健康卡变色请不用惊慌这意味着您须要依照防疫流程认真监测与确保个人的健康状况在此为您提供一份服务指南1、熟练健康卡的使用Stepone进入方法丨微信搜索“湖南省居民健康卡”，进入公众号后，点击下方“健康卡”选项，查看个人健康码信息。	如果您收到疾控部门通过运营商发来的短信或发现个人的湖南省居民健康卡变色请不用惊慌这意味着您需要依照防疫流程认真监测与确保个人的健康状况在此为您提供一份服务指南1、熟练健康卡的使用Stepone进入方法丨微信搜索“湖南省居民健康卡”，进入公众号后，点击下方“健康卡”选项，查看个人健康码信息。	negative
#小龙女微直播#主持人：感谢区委政法委新闻发言人，下面是《都市时报》记者赵倩提出的问题：“刚才在您的发言中，我关注到盘龙法院在开展‘我为群众群众办实事’实践活动中开展了多项便民利民措施。	#小龙女微直播#主持人：感谢区委政法委新闻发言人，下面是《都市时报》记者赵倩提出的问题：“刚才在您的发言中，我关注到盘龙法院在开展‘我为群众办实事’实践活动中开展了多项便民利民措施。	negative
（据新华社北京/香港/澳门电记者刘欢、张瑞杰、高蕊、刘刚、王茜）	（据新华社北京/香港/澳门电记者刘欢、张瑞杰、高蕊、刘刚、王茜）	positive
他们纯朴可爱\uD83D\uDC67他们嬉戏玩闹，他们的生活或许不尽人意，但是他们愿以最纯真的微笑去面对生活\uD83D\uDE46他们的笑容犹如太阳在散发着光芒，令小栖觉得十分温暖啦~	他们纯朴可爱\uD83D\uDC67他们嬉戏玩闹，他们的生活或许不尽如人意，但是他们愿以最纯真的微笑去面对生活\uD83D\uDE46他们的笑容犹如太阳在散发着光芒，令小栖觉得十分温暖啦~	negative
或是一段励志的名人名言，或是生活小妙招，或是小笑话。	或是一段励志的名人名言，或是生活小妙招，或是小笑话。	positive
然而，历史反复证明，不顾本国国情、照搬西方模式，不是水土不服，就是成为他国附庸。	然而，历史反复证明，不顾本国国情、照搬西方模式，不是水土不服，就是成为他国附庸。	positive
可见中国的跳水远动员多么厉害呀	可见中国的跳水运动员多么厉害呀	negative
#南铁微视角##台风#厦门工务段积极应对9号台风“卢碧”，泉州路桥车间组织党员突击队检查清点加固防洪应急机具，做好应急强险准备工作，确保应对有序，应急有备。	#南铁微视角##台风#厦门工务段积极应对9号台风“卢碧”，泉州路桥车间组织党员突击队检查清点加固防洪应急机具，做好应急抢险准备工作，确保应对有序，应急有备。	negative
中尼复交完全符合双方根本和长远利益，得到两国人民的欢迎和支持。	中尼复交完全符合双方根本和长远利益，得到两国人民的欢迎和支持。	positive
协助台商台企参加第四届中国国际进口博览会，用好各类电商平台，拓展大陆内需市场。	协助台商台企参加第四届中国国际进口博览会，用好各类电商平台，拓展大陆内需市场。	positive
表演时，演员一专多能，三五艺人在白色幕布后面，一边操纵戏曲人物，一边用当地流行的曲调唱述故事，同时配以打击乐器和弦乐。	表演时，演员一专多能，三五艺人在白色幕布后面，一边操纵戏曲人物，一边用当地流行的曲调唱述故事，同时配以打击乐器和弦乐。	positive
（停电原因：线路消缺）8月19日9:00-18:00胜十二路胜1254开关开关后段线路：韵家口地区；青海世全城市环境工程有限公司、西宁佳宁冷库存储有限公司、吉圆防水材料有限公司、西宁市污泥集中处置中心、青海金辰实业公司等。	（停电原因：线路消缺）8月19日9:00-18:00胜十二路胜1254开关后段线路：韵家口地区；青海世全城市环境工程有限公司、西宁佳宁冷库存储有限公司、吉圆防水材料有限公司、西宁市污泥集中处置中心、青海金辰实业公司等。	negative
我索性将锄头扔在一边，因为我每一锄都意味着一条生命的结束、一朵花儿的凋谢，它本来在春天可以恣意绽放，这就是人类的自大，人类一直试图重塑大自然的风貌。	我索性将锄头扔在一边，因为我每一锄都意味着一条生命的结束、一朵花儿的凋谢，它本来在春天可以恣意绽放，这就是人类的自大，人类一直试图重塑大自然的风貌。	positive
#晚安，重理工#我们一定要维持着美好的心，欣赏的心，就像是春天想到百合，秋天想到芒花，永远保持着预约的期望。	#晚安，重理工#我们一定要维持着美好的心，欣赏的心，就像是春天想到百合，秋天想到芒花，永远保持着愉悦的期望。	negative
先是在管道里种起了油麦菜，生菜之后，又陆续在其他管道上种植了紫生菜、红菠菜、矮生蕃茄等南方蔬菜，就这样在大棚内种满了农作物。	先是在管道里种起了油麦菜，生菜之后，又陆续在其他管道上种植了紫生菜、红菠菜、矮生番茄等南方蔬菜，就这样在大棚内种满了农作物。	negative
六、做细宣传引导广大居民民应自觉遵守疫情防控相关规定，认真履行疫情防控个人责任，做到不造谣、不信谣、不传谣。	六、做细宣传引导广大居民应自觉遵守疫情防控相关规定，认真履行疫情防控个人责任，做到不造谣、不信谣、不传谣。	negative
围绕茶叶加工、标准宣传及贯彻实行、试验示范技术推广以及机械改造升级等方面，联合省内外科研单位专家团队，在9个市（州）开展技术服务及培训，解决春茶生产温度较低、湿度较大，不利于萎凋的问题，改善茶叶品质。	围绕茶叶加工、标准宣传及贯彻实行、试验示范技术推广以及机械改造升级等方面，联合省内外科研单位专家团队，在9个市（州）开展技术服务及培训，解决春茶生产温度较低、湿度较大，不利于萎凋的问题，改善茶叶品质。	positive
近年来，我走遍了黄河上中下游9省区。	近年来，我走遍了黄河上中下游9省区。	positive
我认为，海外版是陪伴、见证、助推中国发展的一支重要力量，相信它今后的作用会越来越大。	我认为，海外版是陪伴、见证、助推中国发展的一支重要力量，相信它今后的作用会越来越大。	positive
茶产业加工企业和合作社数量10000家以上，其中规模以上企业600家以上；	茶产业加工企业和合作社数量10000家以上，其中规模以上企业600家以上；	positive
泰来检察丨迅速反映 全力应对 筑牢疫情防控墙	泰来检察丨迅速反应 全力应对 筑牢疫情防控墙	negative
这不仅反映了疫情之下，全世界人民万众一心抗击疫情的美好愿望，也反映了赛场上团结有爱的重要性。	这不仅反映了疫情之下，全世界人民万众一心抗击疫情的美好愿望，也反映了赛场上团结友爱的重要性。	negative
引进生物领域科研机构、创新人才、领军企业，加强基因工程、蛋白质工程等方面的前瞻布局，推动生物医药、生物育种、生物能源等产业快速崛起。	引进生物领域科研机构、创新人才、领军企业，加强基因工程、蛋白质工程等方面的前瞻布局，推动生物医药、生物育种、生物能源等产业快速崛起。	positive
三是持续深化两岸融合发展取得新进展。	三是持续深化两岸融合发展取得新进展。	positive
而当下的德尔塔病毒，更是来势汹汹；据世界卫生组织的研究，德尔塔病毒病毒和老的病毒株比起来，传播率增加近100%，几乎翻了一倍。	而当下的德尔塔病毒，更是来势汹汹；据世界卫生组织的研究，德尔塔病毒和老的病毒株比起来，传播率增加近100%，几乎翻了一倍。	negative
（新华社北京2021年12月31日电）	（新华社北京2021年12月31日电）	positive
大国要有大国的样子，要展现更多责任担当。	大国要有大国的样子，要展现更多责任担当。	positive
共计47名教练员、运动员员统一乘旅游大巴前往省水上运动管理中心红莲湖基地休整。	共计47名教练员、运动员统一乘旅游大巴前往省水上运动管理中心红莲湖基地休整。	negative
图1.书影一、以下是书中的部分古代玛瑙珠和天珠，让它们带领我们穿越千年光阴，在美仑美奂的视觉盛宴中感知深邃的历史文化信息。	图1.书影一、以下是书中的部分古代玛瑙珠和天珠，让它们带领我们穿越千年光阴，在美轮美奂的视觉盛宴中感知深邃的历史文化信息。	negative
#镜湖交警##交通违法整治##交通安全提示##拒绝超员#8月10日上午午7时30分，镜湖交警八中队民警在万达路口对一辆面包车进行检查时，发现车内十分拥挤，坐满了大人和未成年儿童，后经过仔细清点人数，确认车内分别坐有5名大人和6名儿童，而该车辆核载人数仅7人，实际载客共11人，已经严重违反交通法规。	#镜湖交警##交通违法整治##交通安全提示##拒绝超员#8月10日上午7时30分，镜湖交警八中队民警在万达路口对一辆面包车进行检查时，发现车内十分拥挤，坐满了大人和未成年儿童，后经过仔细清点人数，确认车内分别坐有5名大人和6名儿童，而该车辆核载人数仅7人，实际载客共11人，已经严重违反交通法规。	negative
纵览40年来金鸡奖的提名名单、获奖名单，一条主线清晰可见：坚持为人民服务、为社会主义服务，坚持百花齐放、百家争鸣，坚持创造性转化、创新性发展。	纵览40年来金鸡奖的提名名单、获奖名单，一条主线清晰可见：坚持为人民服务、为社会主义服务，坚持百花齐放、百家争鸣，坚持创造性转化、创新性发展。	positive
沿着绵延的山路，来到大别山深处，自新县县城向东南出发，过香山湖，再前行10余公里，豁然开朗，田铺大塆映入眼帘。	沿着绵延的山路，来到大别山深处，自新县县城向东南出发，过香山湖，再前行10余公里，豁然开朗，田铺大塆映入眼帘。	positive
非制造业景气水平总体回升2021年12月份，非制造业商务活动指数为52.7%，比上月上升0.4个百分点，连续4个月高于临界点，非制造业景气水平总体有所回升。	非制造业景气水平总体回升2021年12月份，非制造业商务活动指数为52.7%，比上月上升0.4个百分点，连续4个月高于临界点，非制造业景气水平总体有所回升。	positive
人民是历史的创造者，是真正的英雄。	人民是历史的创造者，是真正的英雄。	positive
既有量的合理增长，又有质的稳步提升，在高质量发展道路上稳步前进的中国，有坚定信心、充足能力战胜一切风险挑战。	既有量的合理增长，又有质的稳步提升，在高质量发展道路上稳步前进的中国，有坚定信心、充足能力战胜一切风险挑战。	positive
实事求是、宁缺毋滥，既是对高标准的坚持，也是对不断提高电影质量的期盼。	实事求是、宁缺毋滥，既是对高标准的坚持，也是对不断提高电影质量的期盼。	positive
大力支持福建探索海峡两岸融合发展新路，初步形成台胞台企在闽享受同等待遇政策体系。	大力支持福建探索海峡两岸融合发展新路，初步形成台胞台企在闽享受同等待遇政策体系。	positive
#壁纸#如果你停止，就是低谷，如果继续努力，就是上坡，这是我听过关于人生低谷，最好的阐诉。	#壁纸#如果你停止，就是低谷，如果继续努力，就是上坡，这是我听过关于人生低谷，最好的阐述。	negative
【马蜂“落户”居民家 县消防救援大队成功摘除解民忧】8月3日上午,县消防救援大队接到群众报警称：沱江镇西门街一居民家中屋檐下有一个马蜂窝，已经“落户”两个多月，数不清的马蜂到处乱飞，这期间，家中大人还被蛰伤过。	【马蜂“落户”居民家 县消防救援大队成功摘除解民忧】8月3日上午,县消防救援大队接到群众报警称：沱江镇西门街一居民家中屋檐下有一个马蜂窝，已经“落户”两个多月，数不清的马蜂到处乱飞，这期间，家中大人还被蜇伤过。	negative
母亲是个热爱生活的人，对仪式感有种宗教般的虔诚。	母亲是个热爱生活的人，对仪式感有种宗教般的虔诚。	positive
人口规模发挥了一定作用，但中国政府的政策对中国在精英教育方面赶超美国至关重要。	人口规模发挥了一定作用，但中国政府的政策对中国在精英教育方面赶超美国至关重要。	positive
由于农村道路一般较为狭窄，过往车辆车速较快，因此会产生一定的交通安全隐患，特别是在暑期车流辆陡增的情况下，更加容易发生交通事故。	由于农村道路一般较为狭窄，过往车辆车速较快，因此会产生一定的交通安全隐患，特别是在暑期车流量陡增的情况下，更加容易发生交通事故。	negative
未来，汉娃龙子将秉承先贤的理想，以一种活泼的形象出现在人们的衣食住行各个领域。	未来，汉娃龙子将秉承先贤的理想，以一种活泼的形象出现在人们的衣食住行各个领域。	positive
从岩羊腾跃的高山峡谷，到鸟类翱翔的湿地湖泊，再到雪豹出没的草甸峡谷，成千上万名生态管护员持证上岗，坚守在三江源巡护一线。	从岩羊腾跃的高山峡谷，到鸟类翱翔的湿地湖泊，再到雪豹出没的草甸峡谷，成千上万名生态管护员持证上岗，坚守在三江源巡护一线。	positive
杜飞对如萍的爱近乎痴情，整部剧中，随时随地为如萍鞍前马不说。	杜飞对如萍的爱近乎痴情，整部剧中，随时随地为如萍鞍前马后不说。	negative
面对严峻复杂环境，如何确保民族复兴进程不被迟滞甚至阻断，继续推进人类和平与发展的崇高事业？	面对严峻复杂环境，如何确保民族复兴进程不被迟滞甚至阻断，继续推进人类和平与发展的崇高事业？	positive
自台进口2275.1亿美元，同比增长26.2%。	自台进口2275.1亿美元，同比增长26.2%。	positive
主治：胃肠燥热之脾约便秘证。	主治：胃肠燥热之脾约便秘症。	negative
镜头中，一幕幕武汉的江景、夜景，展现出了江城武汉的城市之美。	镜头中，一幕幕武汉的江景、夜景，展现出了江城武汉的城市之美。	positive
新加坡《联合早报》网站报道，面对西方对中国核心技术的掣肘，中国大幅增加科研投入，切实减轻科研人员不合理负担。	新加坡《联合早报》网站报道，面对西方对中国核心技术的掣肘，中国大幅增加科研投入，切实减轻科研人员不合理负担。	positive
#郑州无症状转确诊20例##健康码是否变黄主要针对第三轮核酸检测#在8月7日举行的郑州市新冠肺肺炎第六次新闻发布会上，郑州市人民政府副秘书长李慧芳称，错过第二轮核酸检测的市民可以直接进行第三轮检测。	#郑州无症状转确诊20例##健康码是否变黄主要针对第三轮核酸检测#在8月7日举行的郑州市新冠肺炎第六次新闻发布会上，郑州市人民政府副秘书长李慧芳称，错过第二轮核酸检测的市民可以直接进行第三轮检测。	negative
院内还配有窗口，可以购买皮影戏道具和小摆件。	院内还配有窗口，可以购买皮影戏道具和小摆件。	positive
比赛现场，参赛的小选手们精心装扮，盛装参赛，他们精彩的表演获得了评委的一直好评。	比赛现场，参赛的小选手们精心装扮，盛装参赛，他们精彩的表演获得了评委的一致好评。	negative
正如歌词“我知道你无处不在”，河南受灾群众与全国支援者之间的信任与依赖再次应证：人民守望相助，力量生生不息！	正如歌词“我知道你无处不在”，河南受灾群众与全国志愿者之间的信任与依赖再次应证：人民守望相助，力量生生不息！	negative
现场观摩结束后,召开了临泽县水务局2021年上半年考核分析暨下半年重点工作推进会议会议。	现场观摩结束后,召开了临泽县水务局2021年上半年考核分析暨下半年重点工作推进会议。	negative
二是助力台商台企在大陆发展迈上新台阶。	二是助力台商台企在大陆发展迈上新台阶。	positive
越是变革的时代，越呼唤胸怀天下的担当。	越是变革的时代，越呼唤胸怀天下的担当。	positive
白洋淀旁，河北雄安新区塔吊林立，各项建设如火如荼，进入承接北京非首都功能疏解和大规模建设同步推进的重要阶段；	白洋淀旁，河北雄安新区塔吊林立，各项建设如火如荼，进入承接北京非首都功能疏解和大规模建设同步推进的重要阶段；	positive
二十二年党的历史证明：毛泽东同志的意见，是贯串着整个党的历史时期，发展成为一条马列主义中国化，也就是中国共产主义的路线！	二十二年党的历史证明：毛泽东同志的意见，是贯穿着整个党的历史时期，发展成为一条马列主义中国化，也就是中国共产主义的路线！	negative
#应急科普#【积水区趟水通行，这些要注意！	#应急科普#【积水区蹚水通行，这些要注意！	negative
茶话会上，全国政协委员和文艺工作者表演了精彩的节目，会场气氛喜庆热烈。	茶话会上，全国政协委员和文艺工作者表演了精彩的节目，会场气氛喜庆热烈。	positive
#通知公告##地质灾害预警#【广州地质灾害气象风险预警】http:t.cnRBP8jk6：经广州市规划和自然资源局和广州市气象局联合会商，预计2021年8月4日二十时至8月5日二十时，白白云区景泰街道、云城街道、龙归街道、太和镇、钟落潭镇，黄埔区九龙镇，番禺区钟村街道，花都区梯面镇、炭步镇、赤坭镇、狮岭镇，南沙区黄阁镇，增城区新塘镇、石滩镇、小楼镇、仙村镇，从化区良口镇、吕田镇的地质灾害气象风险预警等级为四级，气象因素致地质灾害发生有一定风险，请做好地质灾害隐患点的巡查排查工作，特别是对房前、屋后人工边坡加强巡查。	#通知公告##地质灾害预警#【广州地质灾害气象风险预警】http:t.cnRBP8jk6：经广州市规划和自然资源局和广州市气象局联合会商，预计2021年8月4日二十时至8月5日二十时，白云区景泰街道、云城街道、龙归街道、太和镇、钟落潭镇，黄埔区九龙镇，番禺区钟村街道，花都区梯面镇、炭步镇、赤坭镇、狮岭镇，南沙区黄阁镇，增城区新塘镇、石滩镇、小楼镇、仙村镇，从化区良口镇、吕田镇的地质灾害气象风险预警等级为四级，气象因素致地质灾害发生有一定风险，请做好地质灾害隐患点的巡查排查工作，特别是对房前、屋后人工边坡加强巡查。	negative
数据来源：贵州省农村产业革命茶产业发展领导小组	数据来源：贵州省农村产业革命茶产业发展领导小组	positive
沙特国际电力和水务公司董事长默罕默德·阿布纳扬表示，近年来，随着贸易和知识经济的发展，中国与阿拉伯国家以及沙特与中国的关系不断加深，沙特国际电力和水务公司与中国企业之间的伙伴关系也变得更加密切，更加重要。	沙特国际电力和水务公司董事长穆罕默德·阿布纳扬表示，近年来，随着贸易和知识经济的发展，中国与阿拉伯国家以及沙特与中国的关系不断加深，沙特国际电力和水务公司与中国企业之间的伙伴关系也变得更加密切，更加重要。	negative
90首古诗词，引人步入一条销夏避暑的清凉小径。	90首古诗词，引人步入一条消夏避暑的清凉小径。	negative
中国在上世纪八九十年代开始了教育的现代化和扩张，教育被列为现代中国发展的战略重点。	中国在上世纪八九十年代开始了教育的现代化和扩张，教育被列为现代中国发展的战略重点。	positive
在这场特别的越洋电话中，阿里总统高度赞赏中方在诸多全球问题上发挥的重要领导作用。	在这场特别的越洋电话中，阿里总统高度赞赏中方在诸多全球问题上发挥的重要领导作用。	positive
得奖给我更多压力，催促我思考研究表演中的得与失，要做得比上一部更好。	得奖给我更多压力，催促我思考研究表演中的得与失，要做得比上一部更好。	positive
对于当时身在法国的我来说，海外版是一个及时获取国内消息，与国内交流的平台，每次看到都感觉特别亲切。	对于当时身在法国的我来说，海外版是一个及时获取国内消息，与国内交流的平台，每次看到都感觉特别亲切。	positive
如何在危机中育先机、于变局中开新局？	如何在危机中育先机、于变局中开新局？	positive
患有感冒者不宜进人舞场。	患有感冒者不宜进入舞场。	negative
发布了头条文章：《广东公安八大专项行动｜古玩骗局“换装上线”，警方提醒请勿利令智》​​	发布了头条文章：《广东公安八大专项行动｜古玩骗局“换装上线”，警方提醒请勿利令智昏》​​	negative
基本建成全国低收入人口数据库，归集了5700多万低收入人口基本信息，实现对低保对象、特困人员、低保边缘人口、易返贫致贫人口、支出型困难人口等低收入人口全覆盖。	基本建成全国低收入人口数据库，归集了5700多万低收入人口基本信息，实现对低保对象、特困人员、低保边缘人口、易返贫致贫人口、支出型困难人口等低收入人口全覆盖。	positive
世纪疫情冲击下，百年变局加速演进，外部环境更趋复杂严峻和不确定。	世纪疫情冲击下，百年变局加速演进，外部环境更趋复杂严峻和不确定。	positive
图片扎根在反恐处突一线16年，刘洪涌获得了很多荣誉，他将这些荣誉视为绝不后退的责任担当与属于集体的无尚光荣。	图片扎根在反恐处突一线16年，刘洪涌获得了很多荣誉，他将这些荣誉视为绝不后退的责任担当与属于集体的无上光荣。	negative
只有一个秩序，就是以国际法为基础的国际秩序。	只有一个秩序，就是以国际法为基础的国际秩序。	positive
图片图片No.02法院判决   酉阳县法院法院审理后判决：涂某1、涂某江、涂某2赔偿涂某琏医疗费、住院伙食补助费等各项损失共计139717.45元。	图片图片No.02法院判决   酉阳县法院审理后判决：涂某1、涂某江、涂某2赔偿涂某琏医疗费、住院伙食补助费等各项损失共计139717.45元。	negative
最后，由衷感谢您的辛勤耕耘、辛苦付出、育人育心，由衷祝您健康快乐、阖家幸福、桃李天下！	最后，由衷感谢您的辛勤耕耘、辛苦付出、育人育心，由衷祝您健康快乐、阖家幸福、桃李满天下！	negative
在新的赶考之路上，必须铭记生于忧患、死于安乐，常怀远虑、居安思危，继续推进新时代党的建设新的伟大工程，保持越是艰险越向前的英雄气概，做到难不住、压不垮，确保党不变质、不变色、不变味。	在新的赶考之路上，必须铭记生于忧患、死于安乐，常怀远虑、居安思危，继续推进新时代党的建设新的伟大工程，保持越是艰险越向前的英雄气概，做到难不住、压不垮，确保党不变质、不变色、不变味。	positive
【西安暴雨还将持续陕西省气象台发布暴雨橙色预警预警】陕西省气象台2021年8月3日22时06分发布暴雨橙色预警信号：目前西安市东部县区、商洛市西部县区降水量已达50毫米以上且降雨可能持续，预计下述地区未来3小时内降雨量将达50毫米以上：西安市灞桥区、未央区、雁塔区、阎良区、临潼区、长安区、高陵区、新城区、碑林区、莲湖区、蓝田县，渭南市临渭区、华州区、大荔县、澄城县、蒲城县、华阴市，商洛市商州区、洛南县、山阳县、镇安县、柞水县，请注意防范。	【西安暴雨还将持续陕西省气象台发布暴雨橙色预警】陕西省气象台2021年8月3日22时06分发布暴雨橙色预警信号：目前西安市东部县区、商洛市西部县区降水量已达50毫米以上且降雨可能持续，预计下述地区未来3小时内降雨量将达50毫米以上：西安市灞桥区、未央区、雁塔区、阎良区、临潼区、长安区、高陵区、新城区、碑林区、莲湖区、蓝田县，渭南市临渭区、华州区、大荔县、澄城县、蒲城县、华阴市，商洛市商州区、洛南县、山阳县、镇安县、柞水县，请注意防范。	negative
面对共同挑战，人类只有和衷共济、和合共生这一条出路。	面对共同挑战，人类只有和衷共济、和合共生这一条出路。	positive
40年来，金鸡奖先后颁出数百个奖项，褒奖数百位来自导演、编剧、表演、摄影、剪辑、美术、音乐、录音等不同岗位的电影工作者。	40年来，金鸡奖先后颁出数百个奖项，褒奖数百位来自导演、编剧、表演、摄影、剪辑、美术、音乐、录音等不同岗位的电影工作者。	positive
【强担当除隐患防事故保安全】因为酒驾醉驾这些驾驶人被曝光了!为贯彻落实公安部“7.27”视频会议精神，根据公安部交通管理局和省公安厅统一部署，进一步深化酒驾醉驾违法犯罪行为整治成效，全力维护道路交通秩序，保护人民群众生命财产安全，自公安部部暑开展酒驾醉驾集中整治行动以来，清水县公安局交警大队严密各项工作措施，积极开展集中整治行动，严整严治酒后驾驶等严重交通违法，最大限度消除安全隐患，形成了严管酒驾醉驾的高压态势，现就近期查获酒驾、醉驾名单进行公开曝光，以警醒交通参与者。	【强担当除隐患防事故保安全】因为酒驾醉驾这些驾驶人被曝光了!为贯彻落实公安部“7.27”视频会议精神，根据公安部交通管理局和省公安厅统一部署，进一步深化酒驾醉驾违法犯罪行为整治成效，全力维护道路交通秩序，保护人民群众生命财产安全，自公安部部署开展酒驾醉驾集中整治行动以来，清水县公安局交警大队严密各项工作措施，积极开展集中整治行动，严整严治酒后驾驶等严重交通违法，最大限度消除安全隐患，形成了严管酒驾醉驾的高压态势，现就近期查获酒驾、醉驾名单进行公开曝光，以警醒交通参与者。	negative
他出身音乐世家，父母都曾在乐团工作，他门一起合奏的动漫歌曲视频，收获了几百万播放量。	他出身音乐世家，父母都曾在乐团工作，他们一起合奏的动漫歌曲视频，收获了几百万播放量。	negative
傍晚18时许，消防员趁女子放松时刻，迅速翻越护栏死死将女子抱住，在一旁警戒的民警跑到护拦协助，避免她挣扎时发生意外。	傍晚18时许，消防员趁女子放松时刻，迅速翻越护栏死死将女子抱住，在一旁警戒的民警跑到护栏协助，避免她挣扎时发生意外。	negative
夏玉琴走访产妇资料图现在年纪大了，身体不是太好，虽然热情还在，夏玉琴开始感觉心有余力不足了。	夏玉琴走访产妇资料图现在年纪大了，身体不是太好，虽然热情还在，夏玉琴开始感觉心有余而力不足了。	negative
”8月5日傍晚，慈利县纪委监委监委委员朱黎匆匆挂掉电话，看了看手机屏保上孩子的笑脸，又继续在位于白公城社区的环城医院外引导居民有序进行核酸检测。	”8月5日傍晚，慈利县纪委监委委员朱黎匆匆挂掉电话，看了看手机屏保上孩子的笑脸，又继续在位于白公城社区的环城医院外引导居民有序进行核酸检测。	negative
人民英雄纪念碑、人民大会堂，见证人民力量。	人民英雄纪念碑、人民大会堂，见证人民力量。	positive
为进一步强化措施、压实责任，切实构筑安全生产和疫情防控坚强防线，推进创城、创卫工作进行一步深入落实，旧宫镇组成联合督导专项检查组，以“四不两直”的方式，对旧宫镇重点点位进行突击检查。	为进一步强化措施、压实责任，切实构筑安全生产和疫情防控坚强防线，推进创城、创卫工作进一步深入落实，旧宫镇组成联合督导专项检查组，以“四不两直”的方式，对旧宫镇重点点位进行突击检查。	negative
【管理学院暑假社会实践|曲园学子青春三下乡—农家书屋社会实践实践感悟】为了深人贯彻落实中共中央、国务院《关于推进社会主义新农村建设的若干意见》和《关于进-步加强农村文化建设的意见》，切实地解决广大农村儿童“买书难、借书难、看书难”的多种问题，2007年3月，新闻出版总署会同中央文明办、国家发展改革委、科技部、民政部、财政部、农业部、国家人口计生委联合发出了《关于印发〈农家书屋工程实施意见的通知》，并开始在全国范围内实施。	【管理学院暑假社会实践|曲园学子青春三下乡—农家书屋社会实践实践感悟】为了深入贯彻落实中共中央、国务院《关于推进社会主义新农村建设的若干意见》和《关于进-步加强农村文化建设的意见》，切实地解决广大农村儿童“买书难、借书难、看书难”的多种问题，2007年3月，新闻出版总署会同中央文明办、国家发展改革委、科技部、民政部、财政部、农业部、国家人口计生委联合发出了《关于印发〈农家书屋工程实施意见的通知》，并开始在全国范围内实施。	negative
【露水早市】#涡水流韵##美文悦读#这个世界上，有比露水起得早的事物吗？似乎没有，鸡司晨，也是生物本能似的，而且还会叫上几遍。	【露水早市】#涡水流韵##美文悦读#这个世界上，有比露水起得早的事物吗？似乎没有，牝鸡司晨，也是生物本能似的，而且还会叫上几遍。	negative
果果家在北京通州区，10个月时被确诊为脊髓性肌萎缩症，一直不能独自站立行走。	果果家在北京通州区，10个月时被确诊为脊髓性肌萎缩症，一直不能独自站立行走。	positive
中俄科技创新年圆满收官，双边贸易额再创新高，能源、航空航天、互联互通等领域战略性大项目加快推进。	中俄科技创新年圆满收官，双边贸易额再创新高，能源、航空航天、互联互通等领域战略性大项目加快推进。	positive
如今，他带着几位徒弟经营这家创客小店。	如今，他带着几位徒弟经营这家创客小店。	positive
金平府的三只犀牛精利用老百姓崇佛，每年元宵节假扮佛爷偷香油。	金平府的三只犀牛精利用老百姓崇佛，每年元宵节假扮佛爷偷香油。	positive
记者近日从民政部获悉：2021年，我国分层分类的社会救助体系更加健全，为切实保障困难群众基本生活、巩固拓展脱贫攻坚兜底保障成果提供了重要支撑。	记者近日从民政部获悉：2021年，我国分层分类的社会救助体系更加健全，为切实保障困难群众基本生活、巩固拓展脱贫攻坚兜底保障成果提供了重要支撑。	positive
堂屋居中、两边对称，单体建筑与院墙有机组合，共同形成围合空间。	堂屋居中、两边对称，单体建筑与院墙有机组合，共同形成围合空间。	positive
他语文成绩优秀，是由于平时多读多写的缘故。	他语文成绩优秀，是平时多读多写的缘故。	negative
海南中部山区白沙：多措并举奏响乡村振兴曲 ——访白沙黎族自治县县	海南中部山区白沙：多措并举奏响乡村振兴曲 ——访白沙黎族自治县	negative
航天员的回答声情并茂，活动现场掌声不时响起，大家都为航天员的爱国情怀、敬业精神点赞。	航天员的回答声情并茂，活动现场掌声不时响起，大家都为航天员的爱国情怀、敬业精神点赞。	positive
这无疑是中国作为全球生态文明建设参与者、贡献者、引领者的有力注脚。	这无疑是中国作为全球生态文明建设参与者、贡献者、引领者的有力注脚。	positive
目前，案件正在及进一步侦办中。	目前，案件正在更进一步侦办中。	negative
基本信息承诺信息资质信息业绩信息获奖信息信用信息从业人员信用中国法人代码：91370103MA3MM7CX81信息来源:烟台市法人名称山东中悦玉盈项目管理有限公司法人类别法人法人角色投标人法定代表人姓名亓宝玉法人机构类别企业法人代表联系电话资信等级法人机构地址山东省济南市历下区趵突泉北路1号B326室单位网站电子邮箱法人业务状态	基本信息承诺信息资质信息业绩信息获奖信息信用信息从业人员信用中国法人代码：91370103MA3MM7CX81信息来源:烟台市法人名称山东中悦玉盈项目管理有限公司法人类别法人角色投标人法定代表人姓名亓宝玉法人机构类别企业法人代表联系电话资信等级法人机构地址山东省济南市历下区趵突泉北路1号B326室单位网站电子邮箱法人业务状态	negative
电影《穿过寒冬拥抱你》是一部表现普通民众守望相助、同舟共济战胜疫情的影片。	电影《穿过寒冬拥抱你》是一部表现普通民众守望相助、同舟共济战胜疫情的影片。	positive
活动中，交警编制了系列贴近民生、通熟易懂的广播稿，采取灵活的方式，在农村用“大喇叭”播讲。	活动中，交警编制了系列贴近民生、通俗易懂的广播稿，采取灵活的方式，在农村用“大喇叭”播讲。	negative
2021年12月份，高技术制造业、装备制造业和消费品行业PMI分别为54%、51.6%和51.1%，均继续高于临界点，行业保持扩张。	2021年12月份，高技术制造业、装备制造业和消费品行业PMI分别为54%、51.6%和51.1%，均继续高于临界点，行业保持扩张。	positive
奋进新征程、建功新时代，唯有坚守岗位，奋斗奉献，勇攀高峰。	奋进新征程、建功新时代，唯有坚守岗位，奋斗奉献，勇攀高峰。	positive
共克时坚！	共克时艰！	negative
椎叶村在森林之中，与神木相遇 隐世独立的日本三大秘境之一——椎叶村，就在九州的宫崎县。	椎叶村在森林之中，与神木相遇 遗世独立的日本三大秘境之一——椎叶村，就在九州的宫崎县。	negative
对此，记者也采访了我市多位市民，他们不少人表示，常不知不觉地就会遇到这杨的情况。	对此，记者也采访了我市多位市民，他们不少人表示，常不知不觉地就会遇到这样的情况。	negative
时代是出卷人，我们是答卷人，人民是阅卷人。	时代是出卷人，我们是答卷人，人民是阅卷人。	positive
数据显示，2021年前三季度，我国国际收支保持基本平衡。	数据显示，2021年前三季度，我国国际收支保持基本平衡。	positive
这是中国人首次在太空跨年，也是中国人首次在自己建造的空间站里欢度元旦。	这是中国人首次在太空跨年，也是中国人首次在自己建造的空间站里欢度元旦。	positive
影片中的故事，仍然在我们每一个人的身边发生着，它就是我们真实的生活，是时代和人民鲜活实践的写照。	影片中的故事，仍然在我们每一个人的身边发生着，它就是我们真实的生活，是时代和人民鲜活实践的写照。	positive
交警的工作在路上，每天都会遇到不同的情况，当人民需要时，他们总是义无返顾、奋勇向前。	交警的工作在路上，每天都会遇到不同的情况，当人民需要时，他们总是义无反顾、奋勇向前。	negative
积极协助台湾青年在大陆实习就业创业。	积极协助台湾青年在大陆实习就业创业。	positive
辽宁省副省长王明玉来锦州调研　　在松山新区实验学校，王明玉实地查看了参加托管服务的部分小学生，正在老师的指导下进行花式跳绳训练。	辽宁省副省长王明玉来锦州调研　　在松山新区实验学校，王明玉实地察看了参加托管服务的部分小学生，正在老师的指导下进行花式跳绳训练。	negative
561公里的道路翻越雪山、绕过峡谷、穿过草原湖泊，连接起北疆的温柔与南疆的粗旷，沿途海拔落差3400米，气温如同穿越四季。	561公里的道路翻越雪山、绕过峡谷、穿过草原湖泊，连接起北疆的温柔与南疆的粗犷，沿途海拔落差3400米，气温如同穿越四季。	negative
重点外资项目工作专班举办了74场外资企业、外国商协会对话交流活动，积极宣讲政策、听取各方诉求、回应外资企业关切；	重点外资项目工作专班举办了74场外资企业、外国商协会对话交流活动，积极宣讲政策、听取各方诉求、回应外资企业关切；	positive
40年，不过时间长河的一瞬，40岁，正是朝气蓬勃的年华。	40年，不过时间长河的一瞬，40岁，正是朝气蓬勃的年华。	positive
踏进2022年的门槛，回首百年奋斗风雨路，更感人间正道是沧桑。	踏进2022年的门槛，回首百年奋斗风雨路，更感人间正道是沧桑。	positive
漫步古村，游客可以体验创客工坊，临走前还可以购买特色伴手礼，将田铺大塆的记忆带回家。	漫步古村，游客可以体验创客工坊，临走前还可以购买特色伴手礼，将田铺大塆的记忆带回家。	positive
刘诗雯在兵乓球混合双打比赛后，哭着说：对不起大家。	刘诗雯在乒乓球混合双打比赛后，哭着说：对不起大家。	negative
2015年2月14日一早，延安杨家岭中央大礼堂。	2015年2月14日一早，延安杨家岭中央大礼堂。	positive
二、从这些地区来（返）钦人员须主动报备（一）自７月6日以来有南京旅居史（经停史）人员；（二）自7月16日以来有湖南省张家界、株洲市、湘西土家族苗族自治州，福建省厦门市、江苏省淮安市、扬州市旅居史（经停史）人员；（三）7月24日曾前往常德市大小河街游玩，或20:00-22:00乘坐过穿紫河三号船游河的人员；（四）近14天与北京市、江苏省、广东省、湖南省、辽宁省、重庆市及成都市、绵阳市、宜宾市、常德市、银川市、郑州市等市（县、区）阳性病例行程轨迹有交集的人员；（五）中高风险地区所在县（市、区）人员；三、切实做好个人及家庭成员防护和健康监测广大市民朋友要切实增强防护意识，做好个人防护，少聚集、不扎堆，坚持戴口罩、勤洗手、常清洁、用公筷等良好生活习惯。	二、从这些地区来（返）勤人员须主动报备（一）自７月6日以来有南京旅居史（经停史）人员；（二）自7月16日以来有湖南省张家界、株洲市、湘西土家族苗族自治州，福建省厦门市、江苏省淮安市、扬州市旅居史（经停史）人员；（三）7月24日曾前往常德市大小河街游玩，或20:00-22:00乘坐过穿紫河三号船游河的人员；（四）近14天与北京市、江苏省、广东省、湖南省、辽宁省、重庆市及成都市、绵阳市、宜宾市、常德市、银川市、郑州市等市（县、区）阳性病例行程轨迹有交集的人员；（五）中高风险地区所在县（市、区）人员；三、切实做好个人及家庭成员防护和健康监测广大市民朋友要切实增强防护意识，做好个人防护，少聚集、不扎堆，坚持戴口罩、勤洗手、常清洁、用公筷等良好生活习惯。	negative
我参加了近十次秘鲁国际图书博览会，感到秘鲁读者对中国的传统文化有着浓厚兴趣。	我参加了近十次秘鲁国际图书博览会，感到秘鲁读者对中国的传统文化有着浓厚兴趣。	positive
孔敬府副府尹萨塔表示，随着中老铁路的开通运营和泰中铁路合作项目的推进，未来可以把更多大米、木薯、橡胶、水果、牛肉等产品销往中国市场，为泰国东北部经济发展注入更多动力。	孔敬府副府尹萨塔表示，随着中老铁路的开通运营和泰中铁路合作项目的推进，未来可以把更多大米、木薯、橡胶、水果、牛肉等产品销往中国市场，为泰国东北部经济发展注入更多动力。	positive
先看看是否属于不当得利】“一夜暴富”“天降横财”，是许多人渴望的美梦，然而，这些这些钱真的可以装进口袋吗？	先看看是否属于不当得利】“一夜暴富”“天降横财”，是许多人渴望的美梦，然而，这些钱真的可以装进口袋吗？	negative
随后，李培福同志对位奇镇警保合作劝导站工作开展情况进行了督导检查，并随即抽查了一辆客运班车，对车上乘客安全带使用情况情况进行了现场检查。	随后，李培福同志对位奇镇警保合作劝导站工作开展情况进行了督导检查，并随即抽查了一辆客运班车，对车上乘客安全带使用情况进行了现场检查。	negative
收拾停当，母亲便带着我们，一边守岁，一边包饺子和汤圆，这些是为年初一早上准备的。	收拾停当，母亲便带着我们，一边守岁，一边包饺子和汤圆，这些是为年初一早上准备的。	positive
相信在我们共同努力下，俄中各领域合作一定能够取得进一步发展。	相信在我们共同努力下，俄中各领域合作一定能够取得进一步发展。	positive
其中，盖赖自然村地处高山区，全是上坡，不便骑自行车，每当盖赖村村民来请他出诊，不管白天夜晚，睛天下雨，陈孔厚从不推辞，步行上门送诊。	其中，盖赖自然村地处高山区，全是上坡，不便骑自行车，每当盖赖村村民来请他出诊，不管白天夜晚，晴天下雨，陈孔厚从不推辞，步行上门送诊。	negative
#一盔一带#【危化车驾驶员用铁丝捆绑安全带被罚】8月1日，宁夏公安厅交管局高速交警十二大队在平吉堡收费站查处一起危化车驾驶员不安规定使用安全带的违法行为。	#一盔一带#【危化车驾驶员用铁丝捆绑安全带被罚】8月1日，宁夏公安厅交管局高速交警十二大队在平吉堡收费站查处一起危化车驾驶员不按规定使用安全带的违法行为。	negative
登高壮观天地间坚持真理、与时俱进，思想之光指引伟大实践2021年12月8日至10日，北京京西宾馆，新时代第10次中央经济工作会议举行。	登高壮观天地间坚持真理、与时俱进，思想之光指引伟大实践2021年12月8日至10日，北京京西宾馆，新时代第10次中央经济工作会议举行。	positive
本报广州2021年12月31日电（记者程远州）2021年12月31日，一列满载粮食、木材、卷钢等货物的集装箱班列缓缓从新建南沙港车站驶出，发往湖南、江西、重庆等内陆地区，这标志着粤港澳大湾区重点项目南沙港铁路正式建成通车。	本报广州2021年12月31日电（记者程远州）2021年12月31日，一列满载粮食、木材、卷钢等货物的集装箱班列缓缓从新建南沙港车站驶出，发往湖南、江西、重庆等内陆地区，这标志着粤港澳大湾区重点项目南沙港铁路正式建成通车。	positive
新时代的中国踔厉奋发、笃行不怠，在世界大变局中开创新局、在世界乱局中化危为机，为破解时代难题、拓展发展新机带来了宝贵启示。	新时代的中国踔厉奋发、笃行不怠，在世界大变局中开创新局、在世界乱局中化危为机，为破解时代难题、拓展发展新机带来了宝贵启示。	positive
他们大多知道那不是真正的名人堂，但依然无法抗拒与名人接触的机会，而且，他们总爱拍下一些照片，以向朋友、家人和学生展示自己多么重要！	他们大多知道那不是真正的名人堂，但依然无法抗拒与名人接触的机会，而且，他们总爱拍下一些照片，以向朋友、家人和学生展示自己多么重要！	positive
过去一年，全国城镇新增就业超过1200万人，为居民收入恢复性增长打下坚实基础；	过去一年，全国城镇新增就业超过1200万人，为居民收入恢复性增长打下坚实基础；	positive
“从7月21日至27日，我们萧县蓝天救援队11名队员已转战了12个乡镇，总计救出550名灾民，募捐并输送了6吨救援物资，也算是尽点微博之力了吧！	“从7月21日至27日，我们萧县蓝天救援队11名队员已转战了12个乡镇，总计救出550名灾民，募捐并输送了6吨救援物资，也算是尽点微薄之力了吧！	negative
中国行动让世界进一步看到，中国不会因为参与经济全球化而损害他国利益，反而将为世界经济可持续发展继续作出杰出贡献。	中国行动让世界进一步看到，中国不会因为参与经济全球化而损害他国利益，反而将为世界经济可持续发展继续作出杰出贡献。	positive
2021年12月综合PMI产出指数为52.2%，与上月持平，表明中国企业生产经营活动总体稳定扩张。	2021年12月综合PMI产出指数为52.2%，与上月持平，表明中国企业生产经营活动总体稳定扩张。	positive
在中国共产党百年华诞、中国恢复在联合国教科文组织合法席位50週年之际，泉州项目申遗成功具有特殊意义。	在中国共产党百年华诞、中国恢复在联合国教科文组织合法席位50周年之际，泉州项目申遗成功具有特殊意义。	negative
调解的过程并不顺利，郭青文不断进行反思，及时发现刘某家属的法律误区，并抓住双方想尽快解决事件的心理，动之以情，晓之以理，释之以法，促使案件圆满解决。	调解的过程并不顺利，郭青文不断进行反思，及时发现刘某家属的法律误区，并抓住双方想尽快解决事件的心理，动之以情，晓之以理，释绳之以法，促使案件圆满解决。	negative
暴饮暴食的解药，马走以后用的上！	暴饮暴食的解药，马走以后用得上！	negative
常宁镇共有农业产业园5个，期中产业一路的农业综合示范园区，占地3280余亩，由海越果业基地、光伏产业基地、中药材种植基地、生猪养殖基地、蔬菜食用菌大棚基地五大版块组成。	常宁镇共有农业产业园5个，其中产业一路的农业综合示范园区，占地3280余亩，由海越果业基地、光伏产业基地、中药材种植基地、生猪养殖基地、蔬菜食用菌大棚基地五大版块组成。	negative
为了对此现像做出更实际的调查，我队成员来到了山东省枣庄市滕州市金城小区市场。	为了对此现象做出更实际的调查，我队成员来到了山东省枣庄市滕州市金城小区市场。	negative
#甘肃路网实时路况#G6京藏高速青海往兰州方向，距兰州西收费站约3公里K1616+250处一车辆故障故障占道，道路半幅单车道段通行。	#甘肃路网实时路况#G6京藏高速青海往兰州方向，距兰州西收费站约3公里K1616+250处一车辆故障占道，道路半幅单车道段通行。	negative
美食的“搬运工”，骄阳下奔跑的“飞毛腿”……在玉环，1300余名外卖骑手有了一个共同的身份——外卖食品安全“侦查兵”，他们还有一个共同的“家”——玉环市网络订餐骑手临时党支部。	美食的“搬运工”，骄阳下奔跑的“飞毛腿”……在玉环，1300余名外卖骑手有了一个共同的身份——外卖食品安全“侦察兵”，他们还有一个共同的“家”——玉环市网络订餐骑手临时党支部。	negative
实践发展永无止境，理论创新永不停滞。	实践发展永无止境，理论创新永不停滞。	positive
广大海外华侨华人将继续脚踏实地、努力奋斗，不断为中国发展添砖加瓦。	广大海外华侨华人将继续脚踏实地、努力奋斗，不断为中国发展添砖加瓦。	positive
每天都在收货成功巅峰之路，永无边界中国健儿加油❤️#中国队加油##东京奥运会#中国\uD83C\uDDE8\uD83C\uDDF3乒乓男团加油！	每天都在收获成功巅峰之路，永无边界中国健儿加油❤️#中国队加油##东京奥运会#中国\uD83C\uDDE8\uD83C\uDDF3乒乓男团加油！	negative
纵使世事纷繁、暗流涌动，历史前进的步伐不会停止，人类渴求进步的梦想不曾褪色。	纵使世事纷繁、暗流涌动，历史前进的步伐不会停止，人类渴求进步的梦想不曾褪色。	positive
有关事项通知如下：一、评价范围经省工业和信息化厅公布且在有效期内的省级小型微型企业创业创新示范基地（2018、2019年度获评国家级小微企业双创示范示范基地并获得省财政奖励支持的，此次不再重复评价支持）。	有关事项通知如下：一、评价范围经省工业和信息化厅公布且在有效期内的省级小型微型企业创业创新示范基地（2018、2019年度获评国家级小微企业双创示范基地并获得省财政奖励支持的，此次不再重复评价支持）。	negative
生活是就一种积累不无道理。	生活就是一种积累不无道理。	negative
界定了宏观审慎政策相关概念，包括宏观审慎政策框架、系统性金融风险、宏观审慎管理工作机制等；	界定了宏观审慎政策相关概念，包括宏观审慎政策框架、系统性金融风险、宏观审慎管理工作机制等；	positive
活动现场，通过戏曲舞蹈、花灯歌舞、快板、戏曲独唱、合唱、小品等等方式给益宁街道的乡亲们带来不一样的视觉体验，一场场精彩的演出，赢得群众们阵阵掌声和喝彩声。	活动现场，通过戏曲舞蹈、花灯歌舞、快板、戏曲独唱、合唱、小品等等方式给益宁街道的乡亲们带来不一样的视觉体验，一场场精彩的演出，赢得群众阵阵掌声和喝彩声。	negative
我们通过面对质疑自己一无是处的声音，获得勇气。	我们通过面对质疑自己一无是处的声音，获得勇气。	positive
在中国共产党奋斗史、新中国发展史、中华民族文明史上都具有里程碑意义。	在中国共产党奋斗史、新中国发展史、中华民族文明史上都具有里程碑意义。	positive
（本报北京、努尔苏丹、墨西哥城、曼谷、首尔、布鲁塞尔、里约热内卢、莫斯科、雅加达、开罗、约翰内斯堡、罗马1月1日电记者曲颂、周翰博、谢佳宁、刘慧、马菲、张朋辉、吴杰、张光政、徐伟、黄培昭、邹松、谢亚宏）	（本报北京、努尔苏丹、墨西哥城、曼谷、首尔、布鲁塞尔、里约热内卢、莫斯科、雅加达、开罗、约翰内斯堡、罗马1月1日电记者曲颂、周翰博、谢佳宁、刘慧、马菲、张朋辉、吴杰、张光政、徐伟、黄培昭、邹松、谢亚宏）	positive
讲话指出，要坚持党的政治建设，始终保持党的团结统一。	讲话指出，要坚持党的政治建设，始终保持党的团结统一。	positive
如今，上海国际电影节、北京国际电影节、长春电影节、丝绸之路国际电影节、海南岛国际电影节等电影交流平台各具特色，共同为讲好中国故事、传播好中国声音搭建桥梁。	如今，上海国际电影节、北京国际电影节、长春电影节、丝绸之路国际电影节、海南岛国际电影节等电影交流平台各具特色，共同为讲好中国故事、传播好中国声音搭建桥梁。	positive
党历经百年沧桑依然风华正茂，其奥秘就在于具有自我净化、自我完善、自我革新、自我提高的强大能力。	党历经百年沧桑依然风华正茂，其奥秘就在于具有自我净化、自我完善、自我革新、自我提高的强大能力。	positive
（视频天山天池景区景区）http:t.cnA6IZjUoF	（视频天山天池景区）http:t.cnA6IZjUoF	negative
这次全会《决议》同党作出的前两个历史决议一样，必将对推动全党统一思想、统一意志、统一行动，团结带领全国各族人民以史为鉴、开创未来，埋头苦干、勇毅前行，在新时代更好坚持和发展中国特色社会主义、实现中华民族伟大复兴产生重大而深远的影响。	这次全会《决议》同党作出的前两个历史决议一样，必将对推动全党统一思想、统一意志、统一行动，团结带领全国各族人民以史为鉴、开创未来，埋头苦干、勇毅前行，在新时代更好坚持和发展中国特色社会主义、实现中华民族伟大复兴产生重大而深远的影响。	positive
徒步爱好者健身徒步的同时，还能欣赏到清东陵山青水秀的美景和辉煌壮美的古代建筑。	徒步爱好者健身徒步的同时，还能欣赏到清东陵山清水秀的美景和辉煌壮美的古代建筑。	negative
该条约为两国关系发展奠定坚实基础。	该条约为两国关系发展奠定坚实基础。	positive
时任福建省长的习近平同志，亲自部署泉州申遗工作，专门核拨经费建设泉州海交馆伊斯兰馆。	时任福建省省长的习近平同志，亲自部署泉州申遗工作，专门核拨经费建设泉州海交馆伊斯兰馆。	negative
】美丽的地球孕育了无数神奇的生命，然而，一些认为活动却造成了许多悲剧。	】美丽的地球孕育了无数神奇的生命，然而，一些人为活动却造成了许多悲剧。	negative
相传它是龙的第九个儿子，可用来驱邪、挡煞、镇宅。	相传它是龙的第九个儿子，可用来驱邪、挡煞、镇宅。	positive
赛后采访，有记者问到孙颖莎和陈梦敢不敢主动请战请战伊藤美诚？	赛后采访，有记者问到孙颖莎和陈梦敢不敢主动请战伊藤美诚？	negative
学会去正视自己，在这里，哪怕是颗小小绿叶，也会顶天立地般翌立，如此景致，美得如仙境般的难以形容。	学会去正视自己，在这里，哪怕是颗小小绿叶，也会顶天立地般屹立，如此景致，美得如仙境般的难以形容。	negative
【8月3日渭南政法一线微报（组图）】为不断增强人民群众的获得感、安全感和幸福感，近日，渭南政法政法干警利用暑期放假，邀请青少年走进法治教育基地，接受法治教育和体验；同时，走进青少年拓展中心，对青少年进行交通安全教育，进一步提高青少年的法治意识和交通安全意识。	【8月3日渭南政法一线微报（组图）】为不断增强人民群众的获得感、安全感和幸福感，近日，渭南政法干警利用暑期放假，邀请青少年走进法治教育基地，接受法治教育和体验；同时，走进青少年拓展中心，对青少年进行交通安全教育，进一步提高青少年的法治意识和交通安全意识。	negative
此次会议让全体干警对今后的工作有了明确的努力方向，对法院队伍教育整顿也有了新的认识，受益非浅。	此次会议让全体干警对今后的工作有了明确的努力方向，对法院队伍教育整顿也有了新的认识，受益匪浅。	negative
40个城市计划新筹集保障性租赁住房93.6万套，温暖住有所居的梦想；	40个城市计划新筹集保障性租赁住房93.6万套，温暖住有所居的梦想；	positive
#探索渔业发展展望海洋经济——江苏海洋大学药学院暑期社会实践队参访连云港市海洋与渔业发展促进中心#海洋与渔业两者密切相关，相互影响，海洋带动渔业的发展，同时渔业也影响着海洋坏境。	#探索渔业发展展望海洋经济——江苏海洋大学药学院暑期社会实践队参访连云港市海洋与渔业发展促进中心#海洋与渔业两者密切相关，相互影响，海洋带动渔业的发展，同时渔业也影响着海洋环境。	negative
河南南部地区可能会出现大面积降雨，大家出行需要警惕！	河南南部地区可能会出现大面肌降雨，大家出行要需警惕！	negative
2021年12月6日，北京中南海。	2021年12月6日，北京中南海。	positive
针对个别违法进入楼栋的电动车，大队参谋指导中队指战员和物业人员现场将其搬出楼栋，并联系楼栋长上门进行警示教育；对于占用、堵塞疏散楼梯的现象，中队指战员逐户宣讲《高层民用建筑消防安全管理规定》，晓之以情，动之以理。	针对个别违法进入楼栋的电动车，大队参谋指导中队指战员和物业人员现场将其搬出楼栋，并联系楼栋长上门进行警示教育；对于占用、堵塞疏散楼梯的现象，中队指战员逐户宣讲《高层民用建筑消防安全管理规定》，晓之以理，动之以理。	negative
一方有难八方支援是中华民族的传统美德，此次选派的精兵强赴株洲支援，是我市的荣幸和担当，也是卫健系统医护工作者的大爱展现。	一方有难八方支援是中华民族的传统美德，此次选派的精兵强将赴株洲支援，是我市的荣幸和担当，也是卫健系统医护工作者的大爱展现。	negative
积极培育茶园生态观光、茶文化体验、茶文化康养、茶旅研学等茶旅新业态。	积极培育茶园生态观光、茶文化体验、茶文化康养、茶旅研学等茶旅新业态。	positive
好的，你慢慢说，不着急不着急”，从早晨8：30起，金旭路派出所社区民警崔斌的电话铃声就没有断过，有的是被诈骗了又哭又急地打过来的，有的是来咨询户口迁移、居住证办理，有的打了半个小时还捋不清事情的经过.....打过来的理由千奇百样，但崔斌一接通，在耐心、真诚的问询后，总会给出妥帖的解决办法。	好的，你慢慢说，不着急不着急”，从早晨8：30起，金旭路派出所社区民警崔斌的电话铃声就没有断过，有的是被诈骗了又哭又急地打过来的，有的是来咨询户口迁移、居住证办理，有的打了半个小时还捋不清事情的经过.....打过来的理由千奇百怪样，但崔斌一接通，在耐心、真诚的问询后，总会给出妥帖的解决办法。	negative
我国夏季风的形成是由于风从气压较高的海洋吹向气压较低的陆地，而高原的热源作用会使地面空气受热膨胀，在高原表面形成一个低压区，尤如一台巨型“气泵”，吸引周围空气吹向高原，从而造就了更加强劲的东亚、南亚夏季风。	我国夏季风的形成是由于风从气压较高的海洋吹向气压较低的陆地，而高原的热源作用会使地面空气受热膨胀，在高原表面形成一个低压区，犹如一台巨型“气泵”，吸引周围空气吹向高原，从而造就了更加强劲的东亚、南亚夏季风。	negative
为了精确掌握孩子每一餐的食量，小丽特意买来一个称重器放在手边，每次孩子用餐之前，她都会将食物放上去称一下，多去少补，且小昊的日常状况都都会记录留存，不敢有丝毫的大意……#猛犸公益#链接：http:t.cnA6I7w71chttp:t.cnA6I7wA2x	为了精确掌握孩子每一餐的食量，小丽特意买来一个称重器放在手边，每次孩子用餐之前，她都会将食物放上去称一下，多去少补，且小昊的日常状况都会记录留存，不敢有丝毫的大意……#猛犸公益#链接：http:t.cnA6I7w71chttp:t.cnA6I7wA2x	negative
团结奋斗，这是一百年来中国共产党人、中国人民、中华民族锤炼铸就的宝贵精神品质。	团结奋斗，这是一百年来中国共产党人、中国人民、中华民族锤炼铸就的宝贵精神品质。	positive
#呼声回应#【#延川县民政局10年未给临时工缴纳社保#县政府：建议通过司法途经解决】近日，有网友在华商论坛发帖，称自己于2010年7月1日以退伍军人家属身份被安排进入民政局下属单位养老院工作，2013年调入延川县救助管理站，2019年被单位无故清退。	#呼声回应#【#延川县民政局10年未给临时工缴纳社保#县政府：建议通过司法途径解决】近日，有网友在华商论坛发帖，称自己于2010年7月1日以退伍军人家属身份被安排进入民政局下属单位养老院工作，2013年调入延川县救助管理站，2019年被单位无故清退。	negative
日前，首批33辆泰国大货车从泰国东北部口岸城市廊开进入老挝首都万象，把通过中老铁路运来的蔬菜运回泰国销售。	日前，首批33辆泰国大货车从泰国东北部口岸城市廊开进入老挝首都万象，把通过中老铁路运来的蔬菜运回泰国销售。	positive
这有利于企业平衡好合理营利与社会责任之间的关系。	这有利于企业平衡好合理盈利与社会责任之间的关系。	negative
1928年5月1日，在这里打响了渭华起义的第一枪，在这里涌现出了众多力狂澜、匡扶社稷的民族栋梁。	1928年5月1日，在这里打响了渭华起义的第一枪，在这里涌现出了众多力挽狂澜、匡扶社稷的民族栋梁。	negative
在此，若有客户需停电机会进行设备检修的，为了确保人生安全，请提前到永善供电局溪洛渡供电所办理停、复电手续，如擅自在自己无法停电的设备上工作，造成触电事故的，后果自负。	在此，若有客户需停电机会进行设备检修的，为了确保人身安全，请提前到永善供电局溪洛渡供电所办理停、复电手续，如擅自在自己无法停电的设备上工作，造成触电事故的，后果自负。	negative
医护人员很快为老俩口做完检测，刘林又将老奶奶背了出来，老俩口连连道谢。	医护人员很快为老两口做完检测，刘林又将老奶奶背了出来，老两口连连道谢。	negative
今天，脚踏中华大地，传承中华文明，走符合中国国情的正确道路，我们具有无比广阔的发展舞台，具有无比深厚的历史底蕴，具有无比强大的前进定力。	今天，脚踏中华大地，传承中华文明，走符合中国国情的正确道路，我们具有无比广阔的发展舞台，具有无比深厚的历史底蕴，具有无比强大的前进定力。	positive
越是动荡的世界，越需要稳定人心的力量。	越是动荡的世界，越需要稳定人心的力量。	positive
过去我们为什么能够成功、未来我们怎样才能继续成功？	过去我们为什么能够成功、未来我们怎样才能继续成功？	positive
但每逢台风或潮汛过后，风和潮水会把垃圾运到岸边，大量海飘垃圾和人为干扰等因素，导致白沙湾西岸环境受到威胁、红树林生态遭受破坏。	但每逢台风或潮汛过后，风和潮水会把垃圾运到岸边，大量海漂垃圾和人为干扰等因素，导致白沙湾西岸环境受到威胁、红树林生态遭受破坏。	negative
贵州种茶、制茶、饮茶历史悠久，贵州发展茶产业更是久久为功、坚持不懈。	贵州种茶、制茶、饮茶历史悠久，贵州发展茶产业更是久久为功、坚持不懈。	positive
他们用荣誉和正直吸引目光和做宣传。	他们用荣誉和正直吸引目光和做宣传。	positive
三维石墨烯功能材料可以通过静电引力、表面络合、光催化、电吸附和离子交换等作用去除水中的重金属离子、有机污染物（染料、油污）、抗生素、烷类及其他有机污染物，并具有一定的循坏再生性能。	三维石墨烯功能材料可以通过静电引力、表面络合、光催化、电吸附和离子交换等作用去除水中的重金属离子、有机污染物（染料、油污）、抗生素、烷类及其他有机污染物，并具有一定的循环再生性能。	negative
有网友可能会说：感觉广东挺安全的呀，这样会不会有点小题大作了？	有网友可能会说：感觉广东挺安全的呀，这样会不会有点小题大做了？	negative
被上诉人（一审被告）北京市大兴区大兴区人力资源和社会保障局，住所地北京市大兴区永华南里甲14号。	被上诉人（一审被告）北京市大兴区人力资源和社会保障局，住所地北京市大兴区永华南里甲14号。	negative
李会琪强调，党组成员、中层干部、普通干警要不断提升政治站位，凝聚奋进共识，明细工作路径，强化履职能力，为农业农村现代化发展提供更优质的检察服务。	李会琪强调，党组成员、中层干部、普通干警要不断提升政治站位，凝聚奋进共识，明晰工作路径，强化履职能力，为农业农村现代化发展提供更优质的检察服务。	negative
本次论坛暨峰会由宁夏回族自治区互联网信息办公室、宁夏回族自治区工业和信息化厅、银川市人民政府共同主办，以“数字‘丝路’智引未来”为主题，包括开幕式、主论坛、推介会及签约仪式等内容。	本次论坛暨峰会由宁夏回族自治区互联网信息办公室、宁夏回族自治区工业和信息化厅、银川市人民政府共同主办，以“数字‘丝路’指引未来”为主题，包括开幕式、主论坛、推介会及签约仪式等内容。	negative
山水好安居人勤事业成黎明，山中雾气漫开，鸡鸣打破宁静，田铺大塆迎来崭新的一天。	山水好安居人勤事业成黎明，山中雾气漫开，鸡鸣打破宁静，田铺大塆迎来崭新的一天。	positive
问题：解决群众诉求不上心整改：一是2020年10月，对永春庄沟渠沟渠进行硬化，铺设了水泥板。	问题：解决群众诉求不上心整改：一是2020年10月，对永春庄沟渠进行硬化，铺设了水泥板。	negative
#安师大王春雨800米第五#东京奥运会田径女子800米决赛，来自我试@安徽师范大学的选手王春雨跑出1分57秒，突破个人最好成绩，获得第5名[赞]祝贺@王春雨加油[打call][打call][打call][打call]​​	#安师大王春雨800米第五#东京奥运会田径女子800米决赛，来自我市@安徽师范大学的选手王春雨跑出1分57秒，突破个人最好成绩，获得第5名[赞]祝贺@王春雨加油[打call][打call][打call][打call]​​	negative
#寻找江苏最美风景#【初秋夏末，来无锡惠山古镇走走逛逛[照相机]】落落欲往，矫矫不群。	#寻找江苏最美风景#【初秋夏末，来无锡惠山古镇走走逛逛[照相机]】落落欲往，矫矫不群群。	negative
但后一种创造，比前一种创造更科学、更迅速，也更有价值。	但后一种创造，比前一种创造更科学、更迅速，也更有价值。	positive
讲话指出，要坚定历史自信，自觉坚守理想信念。	讲话指出，要坚定历史自信，自觉坚守理想信念。	positive
在加大现场检查力度的同时，我市将升级放射源监控网络，在放射源源库和装置出入口加设高清摄像头，24小时全方位无死角监控，目前正在整合涉源单位监控端口上传智慧环保一体化平台，9月中旬与省、市生态环境部门联网，实现各类放射源在线监控联动。	在加大现场检查力度的同时，我市将升级放射源监控网络，在放射源库和装置出入口加设高清摄像头，24小时全方位无死角监控，目前正在整合涉源单位监控端口上传智慧环保一体化平台，9月中旬与省、市生态环境部门联网，实现各类放射源在线监控联动。	negative
西关国际机场曾经是距离城市最近的机场，据市中心仅4400米，甚至小于大型机场的跑道长度。	西关国际机场曾经是距离城市最近的机场，距市中心仅4400米，甚至小于大型机场的跑道长度。	negative
这一年，有很多难忘的中国声音、中国瞬间、中国故事。	这一年，有很多难忘的中国声音、中国瞬间、中国故事。	positive
我关注了一系列海外版策划的重大报道。	我关注了一系列海外版策划的重大报道。	positive
在古村落接待中心，可稍作歇息，于晒场观看田铺大塆全貌。	在古村落接待中心，可稍作歇息，于晒场观看田铺大塆全貌。	positive
保持党的团结统一，要求全党必须做到对党忠诚。	保持党的团结统一，要求全党必须做到对党忠诚。	positive
赵庆河分析，大、中型企业新订单指数分别为50.8%和51.7%，高于上月1.2和1.3个百分点。	赵庆河分析，大、中型企业新订单指数分别为50.8%和51.7%，高于上月1.2和1.3个百分点。	positive
#微视角#【#城市街景#】拍摄于宿州扶疏巷，走进宿州的大街巷，每一道新老烙印都是生活之手的岁月留痕。	#微视角#【#城市街景#】拍摄于宿州扶疏巷，走进宿州的大街小巷，每一道新老烙印都是生活之手的岁月留痕。	negative
【#台风卢碧影响厦门#天气实况】受台风“卢碧”外围环流影响，截至至15时（08时-15时），我市出现明显降水，当前累计降雨量榜首为同安区小坪森林公园，累计降雨量达到22.8mm，同时气温方面，由于降雨的影响，温度相对缓和，厦门站今日最高温30.7℃。	【#台风卢碧影响厦门#天气实况】受台风“卢碧”外围环流影响，截至15时（08时-15时），我市出现明显降水，当前累计降雨量榜首为同安区小坪森林公园，累计降雨量达到22.8mm，同时气温方面，由于降雨的影响，温度相对缓和，厦门站今日最高温30.7℃。	negative
（新华社北京1月1日电记者赵承、张旭东、张晓松、赵超、林晖、朱基钗、杨依军、孙少龙）	（新华社北京1月1日电记者赵承、张旭东、张晓松、赵超、林晖、朱基钗、杨依军、孙少龙）	positive
接下来的多年中，她常常回到这里，寻访专业厨师、民间高手、路边摊的美食“扫地僧”和乡野农人，记录故事、学习菜肴、品尝人间至味。	接下来的多年中，她常常回到这里，寻访专业厨师、民间高手、路边摊的美食“扫地僧”和乡野农人，记录故事、学习菜肴、品尝人间滋味。	negative
线路自广珠铁路雅瑶所引出，途经江门、佛山、中山、广州4市，终至南沙港区，桥隧比达90%。	线路自广珠铁路雅瑶所引出，途经江门、佛山、中山、广州4市，终至南沙港区，桥隧比达90%。	positive
既立足现实的中国，又植根历史的中国，更指引未来的中国。	既立足现实的中国，又植根历史的中国，更指引未来的中国。	positive
【2021年度全省林业局长培训班在杭州举办】省林业局党组书记、局长胡侠出席开班仪式并作全省林业形势和任务报告，	【2021年度全省林业局局长培训班在杭州举办】省林业局党组书记、局长胡侠出席开班仪式并作全省林业形势和任务报告，	negative
俄罗斯圣彼得堡国立大学东方系常务副主任阿列克谢·罗季奥诺夫表示，当今世界正经历百年未有之大变局，中国稳定繁荣发展，有助于维护世界的和平稳定。	俄罗斯圣彼得堡国立大学东方系常务副主任阿列克谢·罗季奥诺夫表示，当今世界正经历百年未有之大变局，中国稳定繁荣发展，有助于维护世界的和平稳定。	positive
大树倒伏民警秒变“清理工”近日，济宁市公安局市中区分局特警大队110接处警第三网格接到群众报警称，在红星路一颗大树歪倒，严重影响过往车辆通行安全。	大树倒伏民警秒变“清理工”近日，济宁市公安局市中区分局特警大队110接处警第三网格接到群众报警称，在红星路一棵大树歪倒，严重影响过往车辆通行安全。	negative
许勤：黑龙江省2021年粮食总产达到1573.5亿斤、增产65.4亿斤。	许勤：黑龙江省2021年粮食总产达到1573.5亿斤、增产65.4亿斤。	positive
二、属于政府调拨、社会捐赠的检测试剂，各级医疗机构按照毎人次检测费最高限价40元收取。	二、属于政府调拨、社会捐赠的检测试剂，各级医疗机构按照每人次检测费最高限价40元收取。	negative
未来，我们将加快推进完成河道确权及河湖水域自然岸线保护工作，进一步提升洪涝灾害的防御能力，让群众幸福感更强。	未来，我们将加快推进完成河道确权及河湖水域自然岸线保护工作，进一步提升洪涝灾害的防御能力，让群众幸福感更强。	positive
为切实切实增强客运车辆驾驶人的法律意识、安全意识和文明意识，预防和减少道路交通事故的发生，维护辖区道路交通安全形势平稳，8月7日上午，乌什县公安局交通管理大队组织民警深入辖区客运站开展交通安全宣传教育活动。	为切实增强客运车辆驾驶人的法律意识、安全意识和文明意识，预防和减少道路交通事故的发生，维护辖区道路交通安全形势平稳，8月7日上午，乌什县公安局交通管理大队组织民警深入辖区客运站开展交通安全宣传教育活动。	negative
在打赢抗疫阻击战展区，一整面抗疫工作者照片组成的照片墙，让大家深受震撼，特别时看到照片上抗疫工作者脸上深深的口罩勒痕时，大家内心久久不能平静，并且纷纷表示，在本职岗位上发挥党员先锋模范作用，就是诠释党员的责任和担当。	在打赢抗疫阻击战展区，一整面抗疫工作者照片组成的照片墙，让大家深受震撼，特别是看到照片上抗疫工作者脸上深深的口罩勒痕是，大家内心久久不能平静，并且纷纷表示，在本职岗位上发挥党员先锋模范作用，就是诠释党员的责任和担当。	negative
马克思主义中国化时代化不断取得成功，使马克思主义以崭新形象展现在世界上，使世界范围内社会主义和资本主义两种意识形态、两种社会制度的历史演进及其较量发生了有利于社会主义的重大转变。	马克思主义中国化时代化不断取得成功，使马克思主义以崭新形象展现在世界上，使世界范围内社会主义和资本主义两种意识形态、两种社会制度的历史演进及其较量发生了有利于社会主义的重大转变。	positive
可能从小的时候感冒，学生时期会有运动受损伤，中青年可能椎间盘突出，随着年龄的推移患上糖尿病，最后患上阿尔茨海默症或者帕金森。	可能从小的时候感冒，学生时期会有运动受损伤，中青年可能腰椎间盘突出，随着年龄的推移患上糖尿病，最后患上阿尔茨海默症或者帕金森。	negative
冯某称，目前除个人低保收入外，还带着孩子和赵某杂耍卖艺维生。	冯某称，目前除个人低保收入外，还带着孩子和赵某杂耍卖艺为生。	negative
面对冷战思维回潮，中国高举多边主义火炬，倡导全人类共同价值，坚定维护以联合国为核心的国际体系和以国际法为基础的国际秩序；	面对冷战思维回潮，中国高举多边主义火炬，倡导全人类共同价值，坚定维护以联合国为核心的国际体系和以国际法为基础的国际秩序；	positive
这就是历史，这就是规律，谁也改变不了，永远改变不了。	这就是历史，这就是规律，谁也改变不了，永远改变不了。	positive
当代中国，江山壮丽，人民豪迈，前程远大。	当代中国，江山壮丽，人民豪迈，前程远大。	positive
阳台和窗子、灯光倒映在水塘，波光粼粼。	阳台和窗子、灯光倒映在水塘，波光粼粼。	positive
截至到昨天，南京市累计调拨各类医疗物资共计539万件，平均每天调拨量45万件，最高日调拨量49万件。	截止到昨天，南京市累计调拨各类医疗物资共计539万件，平均每天调拨量45万件，最高日调拨量49万件。	negative
我们非常清楚，不能低估舞者的柔韧性和强劲性，如过你想让机器人做出优秀运动员的动作，这会非常困难，也是做不到的。	我们非常清楚，不能低估舞者的柔韧性和强劲性，如果你想让机器人做出优秀运动员的动作，这会非常困难，也是做不到的。	negative
对于很多民族国家，落未后必挨打。	对于很多民族国家，落后未必挨打。	negative
比如，东北和环渤海地区可用好地缘优势，打造东北亚经济圈和对日韩开放的桥头堡。	比如，东北和环渤海地区可用好地缘优势，打造东北亚经济圈和对日韩开放的桥头堡。	positive
在完成三轮征求意见后，《备案办法（征求意见稿）》正待相关部门审订。	在完成三轮征求意见后，《备案办法（征求意见稿）》正待相关部门审定。	negative
坚持创优争先、赶超跨越、振兴发展，解放思想、更新观念，转变作风、提高质效；	坚持创优争先、赶超跨越、振兴发展，解放思想、更新观念，转变作风、提高质效；	positive
行动前，大队提前优化警力部署，突出对重点时段与路段的管控，在各什字路口对驾乘摩托车、电动自行车未佩戴安全头盔的违法行为开展现场宣传、教育、查纠，切实提升驾乘人员的安全意识和法律意识，着力营造“严查、严管”态势。	行动前，大队提前优化警力部署，突出对重点时段与路段的管控，在各十字路口对驾乘摩托车、电动自行车未佩戴安全头盔的违法行为开展现场宣传、教育、查纠，切实提升驾乘人员的安全意识和法律意识，着力营造“严查、严管”态势。	negative
行至村前，小潢河潺潺流过，清澈见底。	行至村前，小潢河潺潺流过，清澈见底。	positive
2021年前三季度，全国共实施临时救助616.6万人次，其中，救助非本地户籍对象5.6万人次，同比增长69.2%，累计支出救助资金76.4亿元，平均救助水平达到1238元/人次。	2021年前三季度，全国共实施临时救助616.6万人次，其中，救助非本地户籍对象5.6万人次，同比增长69.2%，累计支出救助资金76.4亿元，平均救助水平达到1238元/人次。	positive
面对新冠肺炎疫情，普通人联起手来同舟共济，影片中的这份友善扑面而来，贯穿始终，直击观众心底。	面对新冠肺炎疫情，普通人联起手来同舟共济，影片中的这份友善扑面而来，贯穿始终，直击观众心底。	positive
轻度脂肪肝通常来的悄无声息，倘若放任不管，肝脏上的脂肪越积越多，就给肝硬化甚至肝癌可趁之机……《医问医答》全新推出#护肝专家号#系列视频，邀请北京友谊医院肝病中心主任、中华医学会肝病学分会前主任委员贾继东，揭开有关护肝的健康真相。	轻度脂肪肝通常来的悄无声息，倘若放任不管，肝脏上的脂肪越积越多，就给肝硬化甚至肝癌可乘之机……《医问医答》全新推出#护肝专家号#系列视频，邀请北京友谊医院肝病中心主任、中华医学会肝病学分会前主任委员贾继东，揭开有关护肝的健康真相。	negative
7月30日，早8点多坐公交3路车上班，早9点多坐单位车俩去市人民医院，之后回单位，下午5点多坐公交3路车回家，未外出。	7月30日，早8点多坐公交3路车上班，早9点多坐单位车辆去市人民医院，之后回单位，下午5点多坐公交3路车回家，未外出。	negative
综合PMI产出指数为52.2%，与上月持平。	综合PMI产出指数为52.2%，与上月持平。	positive
【奉节已对自武汉返渝无症状感染者重点区域实行封闭管理】在今（4）日市政府新闻办今举行的疫情防控新闻发布会发布会上，针对8月4日重庆奉节报告一例新冠肺炎无症状感染者，奉节县人民政府副县长于潜介绍了处置应对工作。	【奉节已对自武汉返渝无症状感染者重点区域实行封闭管理】在今（4）日市政府新闻办今举行的疫情防控新闻发布会上，针对8月4日重庆奉节报告一例新冠肺炎无症状感染者，奉节县人民政府副县长于潜介绍了处置应对工作。	negative
市郊，花园式的别墅和住宅鳞闪栉比，掩映在绿树、鲜花丛中；高速公路穿过郁郁葱葱的树林，草坪向沙漠深处延伸。	市郊，花园式的别墅和住宅鳞次栉比，掩映在绿树、鲜花丛中；高速公路穿过郁郁葱葱的树林，草坪向沙漠深处延伸。	negative
8月4日上午8：30，在灵壁县自然资源和规划局精心的筹备下，灵壁县清廉乡村建设规划专家评审会议如期召开。	8月4日上午8：30，在灵璧县自然资源和规划局精心的筹备下，灵璧县清廉乡村建设规划专家评审会议如期召开。	negative
工程两端分别联接京哈高铁朝阳站和京哈铁路秦沈段凌海南站，沿途设置朝阳、巴图营、锦州北、凌海南4个站点，全长107公里，其中锦州段里程为61公里，西起凌海市沈家台镇，东至凌海市大凌河街道，途经凌海市、义县、古塔区、凌河区、太和区的10个乡（镇）30个行政村。	工程两端分别连接京哈高铁朝阳站和京哈铁路秦沈段凌海南站，沿途设置朝阳、巴图营、锦州北、凌海南4个站点，全长107公里，其中锦州段里程为61公里，西起凌海市沈家台镇，东至凌海市大凌河街道，途经凌海市、义县、古塔区、凌河区、太和区的10个乡（镇）30个行政村。	negative
新的一年，我将更加深入学习专业知识，以自己的实际行动争做新时代的追梦人、新征程的奋斗者。	新的一年，我将更加深入学习专业知识，以自己的实际行动争做新时代的追梦人、新征程的奋斗者。	positive
在全国政法队伍教育整顿期间，张健同志与其他干警组织全院开展祭扫博克图镇革命英雄纪念碑及参观百年机车库爱国主义教育基地活动，此次祭扫及参观为全体干警上了一堂生动的革命传统教育课，曾强了干警们的使命感，激发了队伍的正能量。	在全国政法队伍教育整顿期间，张健同志与其他干警组织全院开展祭扫博克图镇革命英雄纪念碑及参观百年机车库爱国主义教育基地活动，此次祭扫及参观为全体干警上了一堂生动的革命传统教育课，增强了干警们的使命感，激发了队伍的正能量。	negative
泰国东北部的出口商品主要是农畜产品。	泰国东北部的出口商品主要是农畜产品。	positive
被判处刑法的，还要开除公职。	被判处刑罚的，还要开除公职。	negative
#净网2021##福州新闻[超话]#这些骗子布下的疫苗骗局，看似言之凿，实则来源不明、套路满满，有的还语句不通，但是这些骗局里有一点一定是相通的，那就是在最后一定会诱导大家填写银行卡、密码、手机验证码等，各位市民一定要警惕，谨防被骗！	#净网2021##福州新闻[超话]#这些骗子布下的疫苗骗局，看似言之凿凿，实则来源不明、套路满满，有的还语句不通，但是这些骗局里有一点一定是相通的，那就是在最后一定会诱导大家填写银行卡、密码、手机验证码等，各位市民一定要警惕，谨防被骗！	negative
推进先进制造、石油化工、生物医药、食品加工和信息智能等产业集群化发展，提升制造业核心竞争力。	推进先进制造、石油化工、生物医药、食品加工和信息智能等产业集群化发展，提升制造业核心竞争力。	positive
66岁的他虽已不再担任嘎查党支部书记，但作为共产党员，他心中始终想着服务群众，无论谁有需要，都全力去帮。	66岁的他虽已不再担任嘎查党支部书记，但作为共产党员，他心中始终想着服务群众，无论谁有需要，都全力去帮。	positive
后续，西安地铁将继续在大修方案优化、工艺规程评审、物资设备采购、生产组织优化、职工专业融合培训、设备信息化管理等方面下工夫，不断缩减生产周期，力求达到国内地铁领先水平，逐步形成电客车大修的“西安经验”。	后续，西安地铁将继续在大修方案优化、工艺规程评审、物资设备采购、生产组织优化、职工专业融合培训、设备信息化管理等方面下功夫，不断缩减生产周期，力求达到国内地铁领先水平，逐步形成电客车大修的“西安经验”。	negative
巴赫还指出，国际社会对北京冬奥会的支持是显而易见且受到广泛欢迎的。	巴赫还指出，国际社会对北京冬奥会的支持是显而易见且受到广泛欢迎的。	positive
】汉中市执委会推荐选拨了40名火炬手候选人，具体名单如下：（汉中日报）​​	】汉中市执委会推荐选拔了40名火炬手候选人，具体名单如下：（汉中日报）​​	negative
我们要理解课堂上学到的知识，切勿要囫囵吞枣。	我们要理解课堂上学到的知识，切勿囫囵吞枣。	negative
#减量控大##严查交通违法#神木交警开展专项行动，对乱停乱放、不戴偷窥、不系安全带等交通违法行为进行重点整治。	#减量控大##严查交通违法#神木交警开展专项行动，对乱停乱放、不戴头盔、不系安全带等交通违法行为进行重点整治。	negative
【首次曝光：#王焯冉战友冲突夜间渡河增援画面#】据河南省军区官方微博@中原国防8月2日消息，在2020年6月份中印边境对峙事件事件中，河南省漯河市黑龙潭镇土城王村的王焯冉光荣牺牲，王焯冉和陈祥榕、肖思远一道被中央军委追记一等功。	【首次曝光：#王焯冉战友冲突夜间渡河增援画面#】据河南省军区官方微博@中原国防8月2日消息，在2020年6月份中印边境对峙事件中，河南省漯河市黑龙潭镇土城王村的王焯冉光荣牺牲，王焯冉和陈祥榕、肖思远一道被中央军委追记一等功。	negative
某位同学志愿小时居然300+他荣获宁波市优秀志愿者她荣获五星级志愿者“雷锋精神踟蹰于尘世间，巍然独立，去天迟五”志愿精神永驻工商校园无论你身处何处总有穿着红马甲的志愿者以劳动换来校园整洁“红马甲”们也在校外开展着志愿活动为人民服务！	某位同学志愿小时居然300+他荣获宁波市优秀志愿者她荣获五星级志愿者“雷锋精神踟蹰于尘世间，巍然屹立，去天迟五”志愿精神永驻工商校园无论你身处何处总有穿着红马甲的志愿者以劳动换来校园整洁“红马甲”们也在校外开展着志愿活动为人民服务！	negative
记者：中央经济工作会议要求扩大高水平对外开放，黑龙江省如何更好地在对外开放上发挥更大作用？	记者：中央经济工作会议要求扩大高水平对外开放，黑龙江省如何更好地在对外开放上发挥更大作用？	positive
我高度重视中希关系发展，愿同萨克拉罗普卢总统一道努力，深化两国传统友谊，推动各领域合作不断取得新成果，造福两国和两国人民。	我高度重视中希关系发展，愿同萨克拉罗普卢总统一道努力，深化两国传统友谊，推动各领域合作不断取得新成果，造福两国和两国人民。	positive
看看这些行业里有哪些是你心怡的职位吧~	看看这些行业里有哪些是你心仪的职位吧~	negative
这些都是国际社会为推进新型经济全球化所作出的努力。	这些都是国际社会为推进新型经济全球化所作出的努力。	positive
今天的我们，无论是在港澳，还是在内地，都有强大的祖国作为后盾，都有伟大的时代作为舞台。	今天的我们，无论是在港澳，还是在内地，都有强大的祖国作为后盾，都有伟大的时代作为舞台。	positive
这是她对自己的一惯要求，尊敬长辈，孝顺父母，因为她，家庭里充满了欢声笑语。	这是她对自己的一贯要求，尊敬长辈，孝顺父母，因为她，家庭里充满了欢声笑语。	negative
他为自己懂点儿武术而自吹自雷。	他为自己懂点儿武术而自吹自擂。	negative
S105（犁尖湾-联合西路）改建工程项目起点位于皖苏省界处顺接苏S338（丽水大道），向西经中海新材料、金桐化学北侧，跨越慈湖河后折向太子大道桥头，此后沿沿江大道加宽，终点接联合西路，路线长1.863公里。	S105（犁尖湾-联合西路）改建工程项目起点位于皖苏省界处顺接苏S338（丽水大道），向西经中海新材料、金桐化学北侧，跨越慈湖河后折向太子大道桥头，此后沿江大道加宽，终点接联合西路，路线长1.863公里。	negative
这是对全体卫生健康工作者的肯定和赞许。	这是对全体卫生健康工作者的肯定和赞许。	positive
山坡上种满了薰衣草、海棠、矢车菊、榆叶梅、红刺玫瑰等20余种的观赏性植物花卉，花期从七月开始一直持续到国庆节，鲜花满山遍野绽放。	山坡上种满了薰衣草、海棠、矢车菊、榆叶梅、红刺玫瑰等20余种的观赏性植物花卉，花期从七月开始一直持续到国庆节，鲜花漫山遍野绽放。	negative
【错过第二轮核酸检测的市民可直接进行第三轮检测，健康码不会变黄】8月7日晚20时，郑州市郑州市新冠肺炎疫情应急处置联合指挥部召开“新冠肺炎疫情防控”第六场新闻发布会，介绍全市新冠肺炎疫情防控最新情况。	【错过第二轮核酸检测的市民可直接进行第三轮检测，健康码不会变黄】8月7日晚20时，郑州市新冠肺炎疫情应急处置联合指挥部召开“新冠肺炎疫情防控”第六场新闻发布会，介绍全市新冠肺炎疫情防控最新情况。	negative
如今，田铺大塆深耕乡村旅游，发展农村经济，走上致富的快车道。	如今，田铺大塆深耕乡村旅游，发展农村经济，走上致富的快车道。	positive
每到群众家中，常会问一问，还有什么困难，父老乡亲的话我都记在心里。	每到群众家中，常会问一问，还有什么困难，父老乡亲的话我都记在心里。	positive
第三届结束，中国女篮实现反超！	第三节结束，中国女篮实现反超！	negative
】这是个负压的问题，遂道里的空气流通较差，当高速运行的火车进入时，对原有的空气流通产生影响，空气压力的骤增会对人的身体产生影响，引起耳膜的变化。	】这是个负压的问题，隧道里的空气流通较差，当高速运行的火车进入时，对原有的空气流通产生影响，空气压力的骤增会对人的身体产生影响，引起耳膜的变化。	negative
虽然年级很小，但是朱梦辰对葫芦丝的热情丝毫不比别的孩子少，从一开始对葫芦丝一点也不了解，到现在已经可以吹出一首完整的歌曲，她对葫芦丝的喜爱逐渐加深，除了上课时间，她回到家中也会自发练习。	虽然年纪很小，但是朱梦辰对葫芦丝的热情丝毫不比别的孩子少，从一开始对葫芦丝一点也不了解，到现在已经可以吹出一首完整的歌曲，她对葫芦丝的喜爱逐渐加深，除了上课时间，她回到家中也会自发练习。	negative
踏上双虹桥，涛涛江水就在脚下，耳边是阵阵轰鸣，考验孩子们的不仅是历史知识，更要有着从容的胆量。	踏上双虹桥，滔滔江水就在脚下，耳边是阵阵轰鸣，考验孩子们的不仅是历史知识，更要有着从容的胆量。	negative
眼花缭乱的同时，也在感慨，虽然现在吃着十几块的冰棍，缺总感觉少了点什么。	眼花缭乱的同时，也在感慨，虽然现在吃着十几块的冰棍，却总感觉少了点什么。	negative
2021年12月大、中型企业PMI均为51.3%，分别高于上月1.1和0.1个百分点，景气水平稳中有升。	2021年12月大、中型企业PMI均为51.3%，分别高于上月1.1和0.1个百分点，景气水平稳中有升。	positive
2021年，一个充满嬗变与挑战的年份。	2021年，一个充满嬗变与挑战的年份。	positive
下午15时许，横栏警方接到消息，该男孩孩已经找到了！	下午15时许，横栏警方接到消息，该男孩已经找到了！	negative
商务部已举办3次全国性RCEP专题培训，涵盖了所有地级市，参训人数超过6.6万人，70%以上是企业代表。	商务部已举办3次全国性RCEP专题培训，涵盖了所有地级市，参训人数超过6.6万人，70%以上是企业代表。	positive
人这一辈子能做到看山是山看，看水是水，一定是经过了一番酸甜苦辣的领悟，卸下鲜衣努马，开始理解生活，化干戈为玉帛，懂得与这世界温柔相待。	人这一辈子能做到看山是山看，看水是水，一定是经过了一番酸甜苦辣的领悟，卸下鲜衣怒马，开始理解生活，化干戈为玉帛，懂得与这世界温柔相待。	negative
供应商配送时间指数为48.3%，比上月上升0.1个百分点。	供应商配送时间指数为48.3%，比上月上升0.1个百分点。	positive
三是外资企业和项目服务水平进一步提升。	三是外资企业和项目服务水平进一步提升。	positive
利用村委会园坡地靠近207国道的优势及政府的脱贫政策，在雷州市南兴镇党委政府招商的基础上，多方联系，争取高朗村委会墩家村190多亩坡地提供给牧原公司建设猪饲养场，并协商牧原公司将招聘现场设在村委会，目前已有有40多名村民被牧原公司招聘。	利用村委会园坡地靠近207国道的优势及政府的脱贫政策，在雷州市南兴镇党委政府招商的基础上，多方联系，争取高朗村委会墩家村190多亩坡地提供给牧原公司建设猪饲养场，并协商牧原公司将招聘现场设在村委会，目前已有40多名村民被牧原公司招聘。	negative
闻其香，香气馥郁，沁人心脾，闻之神清气爽、心旷神怡；	闻其香，香气馥郁，沁人心脾，闻之神清气爽、心旷神怡；	positive
图片特别是在中国共产党鄂伦春自治旗第十五次代表大会精神的鼓舞和指引下，全旗广大党员干部职工更加豪情满怀、斗志昂扬，正凝聚起“敢叫日月换新天、乘势而上开山河”的磅礴伟力，立志以更加优异的成绩和奋发有为的姿态共同庆祝自治旗成立70周年。	图片特别是在中国共产党鄂伦春自治旗第十五次代表大会精神的鼓舞和指引下，全旗广大党员干部职工更加豪情满怀、斗志昂扬，正凝聚起“敢教日月换新天、乘势而上开山河”的磅礴伟力，立志以更加优异的成绩和奋发有为的姿态共同庆祝自治旗成立70周年。	negative
如何评价红米4A这产款品？	如何评价红米4A这款产品？	negative
滚滚长江，浩浩黄河，哺育华夏儿女，滋养民族精神。	滚滚长江，浩浩黄河，哺育华夏儿女，滋养民族精神。	positive
【王永利：美国货币政策是否调整关键看8月】进入2020年3月，尽管美国当时确诊的新冠病毒患者并不多，但很多国家新冠疫情大爆发对经济社会的影响已经反应到美国的股市等金融市场，并引发股市的极度恐慌和美元的极度紧张。	【王永利：美国货币政策是否调整关键看8月】进入2020年3月，尽管美国当时确诊的新冠病毒患者并不多，但很多国家新冠疫情大爆发对经济社会的影响已经反映到美国的股市等金融市场，并引发股市的极度恐慌和美元的极度紧张。	negative
经过改革开放后几十年的高速增长，中国发展已站到新的起点，社会主要矛盾发生了事关全局的历史性变化。	经过改革开放后几十年的高速增长，中国发展已站到新的起点，社会主要矛盾发生了事关全局的历史性变化。	positive
进入新发展阶段、贯彻新发展理念、构建新发展格局、推动高质量发展，历史性的战略抉择必将为中国赢得历史性的战略主动。	进入新发展阶段、贯彻新发展理念、构建新发展格局、推动高质量发展，历史性的战略抉择必将为中国赢得历史性的战略主动。	positive
这就是共产员的手！	这就是共产党员的手！	negative
把握时代主流与发扬艺术民主相结合，是金鸡奖的一条历史经验。	把握时代主流与发扬艺术民主相结合，是金鸡奖的一条历史经验。	positive
原材料库存指数为49.2%，比上月上升1.5个百分点。	原材料库存指数为49.2%，比上月上升1.5个百分点。	positive
让我为你送来清凉为了帮助医护人员们降温让他们稍微舒服点人们想出了许多办法直接动手操作——扇扇子送来超大冰块让他们在检测时脚踩着冰块让他们在休息间隙躺在冰块上享受片刻的清凉还有人更厉害直接在户外核酸检测点装上空调空调为医护人员们吹来阵阵凉风你们为我们坚守在酷暑中我们也想尽办法努力守护你们疫情中的宝宝们懂事得让人心疼湖南张家界有家女主人在一线抗疫为了家人的安全一直不敢回家小宝宝想妈妈了他以为妈妈在窗外的小区里迈着小短腿走到窗户前稚嫩的奶音向窗外一声声地喊着：“妈妈妈妈快回来妈妈回家”小宝宝等你长大了就知道你的妈妈是全世界最美的妈妈她现在暂时不能回家是为了守护许许多多像你一样可爱的宝宝许许多多家庭7月30日四川成都一家人一起去做核酸轮到哥哥的时候小妹妹就很熟练地跑过去给哥哥帮忙担心哥哥做核酸不配合她边安抚哥哥边按住哥哥的嘴用力扒开配合医护人员采样郑州的一个小朋友自创了防疫“过家家”她做出核酸检测点自己充当医护人员用棉签给小猪佩奇采样她还用自己的想象造出隔离小房子网友：觉得很可爱又觉得很心疼希望疫情可以早日结束！	让我为你送来清凉为了帮助医护人员们降温让他们稍微舒服点人们想出了许多办法直接动手操作——扇扇子送来超大冰块让他们在检测时脚踩着冰块让他们在休息间隙躺在冰块上享受片刻的清凉还有人更厉害直接在户外核酸检测点装上空调为医护人员们吹来阵阵凉风你们为我们坚守在酷暑中我们也想尽办法努力守护你们疫情中的宝宝们懂事得让人心疼湖南张家界有家女主人在一线抗疫为了家人的安全一直不敢回家小宝宝想妈妈了他以为妈妈在窗外的小区里迈着小短腿走到窗户前稚嫩的奶音向窗外一声声地喊着：“妈妈妈妈快回来妈妈回家”小宝宝等你长大了就知道你的妈妈是全世界最美的妈妈她现在暂时不能回家是为了守护许许多多像你一样可爱的宝宝许许多多家庭7月30日四川成都一家人一起去做核酸轮到哥哥的时候小妹妹就很熟练地跑过去给哥哥帮忙担心哥哥做核酸不配合她边安抚哥哥边按住哥哥的嘴用力扒开配合医护人员采样郑州的一个小朋友自创了防疫“过家家”她做出核酸检测点自己充当医护人员用棉签给小猪佩奇采样她还用自己的想象造出隔离小房子网友：觉得很可爱又觉得很心疼希望疫情可以早日结束！	negative
水落石出　　近400页审结卷宗还原真相　　经过3个月的调查取证，从一封举报信到近400页的审结卷宗，检察官严格按照虚假诉讼的构成要件，在当事人精通法律、干扰破坏调查工作的情况下，以大量书证为链条，以证人证言为佐证，在“零口供”的情况下，认定潘某、刘某恶意串通，将公司办理“垫资过桥”业务中客户向公司清偿借款，经由潘某账户向刘某账户回款的事实虚构成二人之间的借贷关系提起诉讼，并在诉讼过程中申请诉讼财产保全，查封了刘某的所有房产，导致举报人姜某等真实债权人即便获得胜诉判决，500多万元的债权仍无法实现的结果，二人行为确系虚假诉讼。	水落石出　　近400页审结卷宗还原真相　　经过3个月的调查取证，从一封举报信到近400页的审结卷宗，检察官严格按照虚假诉讼的构成要件，在当事人精通法律、干扰破坏调查工作的情况下，以大量书证为链条，以证人证言为佐证，在“零口供”的情况下，认定潘某、刘某恶意串通，将公司办理“垫资过桥”业务中客户向公司清偿借款，经由潘某账户向刘某账户汇款的事实虚构成二人之间的借贷关系提起诉讼，并在诉讼过程中申请诉讼财产保全，查封了刘某的所有房产，导致举报人姜某等真实债权人即便获得胜诉判决，500多万元的债权仍无法实现的结果，二人行为确系虚假诉讼。	negative
新加坡《海峡时报》网站报道认为，中国教育质量在过去十年里显著提升，尤其是在博士级别。	新加坡《海峡时报》网站报道认为，中国教育质量在过去十年里显著提升，尤其是在博士级别。	positive
三地青年学生为了能够参加这次别具意义的活动，踊跃报名。	三地青年学生为了能够参加这次别具意义的活动，踊跃报名。	positive
【大埔天气快报】粤西海面的季风扰动已于8月2日17时加强为热带低压，3日14时，其中心位于位于南海北部近海海面上，距离闽粤交界西偏南方向约435公里，预计其将以每小时5-10公里的速度向东偏北方向移动....http:t.cnR2TuaaC​​	【大埔天气快报】粤西海面的季风扰动已于8月2日17时加强为热带低压，3日14时，其中心位于南海北部近海海面上，距离闽粤交界西偏南方向约435公里，预计其将以每小时5-10公里的速度向东偏北方向移动....http:t.cnR2TuaaC​​	negative
#第3代毒品混入饮料##毒品#最近，这些“软毒品”倍受关注！	#第3代毒品混入饮料##毒品#最近，这些“软毒品”备受关注！	negative
】李青带着女儿小晴到弟弟李往的新居作客，小晴独自玩耍时爬上邻居王庆堆放在消防通道的塑料凳，不慎从窗户坠楼致严重受伤，后身亡。	】李青带着女儿小晴到弟弟李往的新居做客，小晴独自玩耍时爬上邻居王庆堆放在消防通道的塑料凳，不慎从窗户坠楼致严重受伤，后身亡。	negative
同时，在演练期间，天津公安内保总队还针对近期疫情防控工作对快递公司提出三点安全防护建议：一是要进一步提高防控意识，对于从高风险疫情地区发来的快件、物品及时做好消杀工作，确保进津物品的防疫安全；二是公司从业人员要做好自身的防护工作，要针对工作区域的不同特点采取不同安全防护措施，避免交叉感染；三是充分调动公司员工积极性，在收派快件过程中，发挥员工流动宣传作用，提醒群众警惕疫情凤险，做好安全防护工作。	同时，在演练期间，天津公安内保总队还针对近期疫情防控工作对快递公司提出三点安全防护建议：一是要进一步提高防控意识，对于从高风险疫情地区发来的快件、物品及时做好消杀工作，确保进津物品的防疫安全；二是公司从业人员要做好自身的防护工作，要针对工作区域的不同特点采取不同安全防护措施，避免交叉感染；三是充分调动公司员工积极性，在收派快件过程中，发挥员工流动宣传作用，提醒群众警惕疫情风险，做好安全防护工作。	negative
2021年，中国在航空领域捷报频传，正是中国科技发展的缩影。	2021年，中国在航空领域捷报频传，正是中国科技发展的缩影。	positive
以数字赋能装备制造、石油化工、食品加工等传统产业，实现产业数字化。	以数字赋能装备制造、石油化工、食品加工等传统产业，实现产业数字化。	positive
驾驶人何某涛告诉民警，自己当日午间吃饭时在家喝了一些酒，喝完酒后他在家里睡了一下午，晚上闷热的慌，心想喝酒是中午的事了，体内不会有酒精含量了，就心存侥系独自驾车出去玩，没想到刚上路还没走多远，就被执勤交警给逮个正着，正所谓，法网恢恢，疏而不漏，心存侥辛，最终受害的是自己，想到这，他追悔莫及。	驾驶人何某涛告诉民警，自己当日午间吃饭时在家喝了一些酒，喝完酒后他在家里睡了一下午，晚上闷热的慌，心想喝酒是中午的事了，体内不会有酒精含量了，就心存侥系独自驾车出去玩，没想到刚上路还没走多远，就被执勤交警给逮个正着，正所谓，法网恢恢，疏而不漏，心存侥幸，最终受害的是自己，想到这，他追悔莫及。	negative
山东糖酒会、陶博会、新材料论坛、新经济大会、金融发展大会……在过去的一年，张店区会展经济得以突飞能进，并展现出了越来越旺盛的生命力。	山东糖酒会、陶博会、新材料论坛、新经济大会、金融发展大会……在过去的一年，张店区会展经济得以突飞猛进，并展现出了越来越旺盛的生命力。	negative
2019年，中国授予了188.6万个科学、技术、工程和数学类本科学位和32.6万个硕士学位，美国的这两个数字分别为44.5万和17.1万。	2019年，中国授予了188.6万个科学、技术、工程和数学类本科学位和32.6万个硕士学位，美国的这两个数字分别为44.5万和17.1万。	positive
【2021每日一词】全力以赴全力以赴是一个汉语成语，意思是指把全部精力都投入进去，与“竭尽全力”意思相近。	【2021每日一词】全力以赴是一个汉语成语，意思是指把全部精力都投入进去，与“竭尽全力”意思相近。	negative
尤为重要的是，它向我们揭示了抗美援朝战争之所以能够以弱胜强，是因为就本质而言，中国人民志愿军是在中国共产党坚强领导下的人民军队，抗美援朝战争是一场正义的、反侵略的战争。	尤为重要的是，它向我们揭示了抗美援朝战争之所以能够以弱胜强，是因为就本质而言，中国人民志愿军是在中国共产党坚强领导下的人民军队，抗美援朝战争是一场正义的、反侵略的战争。	positive
每日一早他来到店中将竹子破成篾片，加热弯曲，开始一天的编织工作。	每日一早他来到店中将竹子破成篾片，加热弯曲，开始一天的编织工作。	positive
环境气候挑战迫在眉睫，改变地球未来的行动共识正在不断扩大；	环境气候挑战迫在眉睫，改变地球未来的行动共识正在不断扩大；	positive
……目标明确，路径清晰，方法科学。	……目标明确，路径清晰，方法科学。	positive
在此前中国文联举办的庆祝中国电影金鸡奖创立40周年暨中国金鸡百花电影节举办30届研讨会上，在电影频道播出的《蓝羽会客厅金鸡奖四十年访谈录》中，多位电影工作者动情讲述，闪光的片段为我们揭晓答案。	在此前中国文联举办的庆祝中国电影金鸡奖创立40周年暨中国金鸡百花电影节举办30届研讨会上，在电影频道播出的《蓝羽会客厅金鸡奖四十年访谈录》中，多位电影工作者动情讲述，闪光的片段为我们揭晓答案。	positive
随着中国日益走近世界舞台中央，逐渐成为新型经济全球化的重要参与者、引领者和推动者。	随着中国日益走近世界舞台中央，逐渐成为新型经济全球化的重要参与者、引领者和推动者。	positive
有正直之心的人，邪恶势力必然憎恨。	有正直之心的人，邪恶势力必然憎恨。	positive
据新华社香港电（记者韦骅、王红玉）1月1日上午8时，在庄严的国歌声中，鲜艳的五星红旗和香港特别行政区区旗在香港金紫荆广场冉冉升起，迎接新年。	据新华社香港电（记者韦骅、王红玉）1月1日上午8时，在庄严的国歌声中，鲜艳的五星红旗和香港特别行政区区旗在香港金紫荆广场冉冉升起，迎接新年。	positive
创新服务举措，便民提挡加速“平凡的英雄本色，关键时刻能被信赖；平凡的岗位，不平凡的事迹，为你们点赞！	创新服务举措，便民提档加速“平凡的英雄本色，关键时刻能被信赖；平凡的岗位，不平凡的事迹，为你们点赞！	negative
21日凌晨2点，通信开关和UPS不间断电源电源突然告警，通过对通信系统详细测试发现蓄电池组电量严重不足，更大的难题摆在大家面前，接通的临时电源无法通过UPS设备为电池组充电，通信设备又将面临全部断电中断的严重威胁。	21日凌晨2点，通信开关和UPS不间断电源突然告警，通过对通信系统详细测试发现蓄电池组电量严重不足，更大的难题摆在大家面前，接通的临时电源无法通过UPS设备为电池组充电，通信设备又将面临全部断电中断的严重威胁。	negative
。即：文昌宫、水映寺、靖澜寺、青齐李氏宗祠、玉虎李氏宗祠、尹氏宗祠、段氏宗祠、田心刘氏宗祠。1985年被云南省委、政府授予“文明乡”	。即：文昌宫、水映寺、靖澜寺、青齐李氏宗祠、玉虎李氏宗祠、尹氏宗祠、段氏宗祠、田心刘氏宗祠。1985年被云南省委、省政府授予“文明乡”	negative
高温范围一点一点一点缩减​​	高温范围一点一点缩减​​	negative
我经常建议在海外长大的年轻人多读报纸，因为当今铺天盖地的网络信息经常让人感到真假难辨，而报纸则可以引导读者认知事物的本质，同时可以帮助读者选择哪些新闻是值得他们关注的。	我经常建议在海外长大的年轻人多读报纸，因为当今铺天盖地的网络信息经常让人感到真假难辨，而报纸则可以引导读者认知事物的本质，同时可以帮助读者选择哪些新闻是值得他们关注的。	positive
武戏《快乐的花果山》汇集多种武功技艺，绝技频出，妙趣横生。	武戏《快乐的花果山》汇集多种武功技艺，绝技频出，妙趣横生。	positive
吴晖还来到乐道村背金山金山桥附近，查看库区水位。	吴晖还来到乐道村背金山桥附近，查看库区水位。	negative
北京主会场设在中央广播电视总台演播厅，香港分会场设在香港大学陆佑堂，澳门分会场设在澳门大学。	北京主会场设在中央广播电视总台演播厅，香港分会场设在香港大学陆佑堂，澳门分会场设在澳门大学。	positive
我们期待通过铁路加强同老挝和中国的联系。	我们期待通过铁路加强同老挝和中国的联系。	positive
本报记者贾平凡整理所有图片由受访者供图	本报记者贾平凡整理所有图片由受访者供图	positive
@沅汰:回复@那年夏天雨很大:这一类很难总结出什么“最”来，又不好形像化，又不好量化。	@沅汰:回复@那年夏天雨很大:这一类很难总结出什么“最”来，又不好形象化，又不好量化。	negative
茶产业是贵州的富民产业，贵州有数百万茶农从事种茶、管茶、采茶、茶叶加工、茶叶销售等。	茶产业是贵州的富民产业，贵州有数百万茶农从事种茶、管茶、采茶、茶叶加工、茶叶销售等。	positive
第十条生态环境部门中参与举报奖励工作的人员必须严格执行保密制度，不得故意透露线索给他人举报以获取奖励，或在举报受理、查处过程中推诱拖延、通风报信、玩忽职守、殉私舞弊或者泄漏举报人身份的，违者依照有关规定追究其责任。	第十条生态环境部门中参与举报奖励工作的人员必须严格执行保密制度，不得故意透露线索给他人举报以获取奖励，或在举报受理、查处过程中推诱拖延、通风报信、玩忽职守、徇私舞弊或者泄漏举报人身份的，违者依照有关规定追究其责任。	negative
泰州市抢抓发展机遇，加块5G基础设施建设和应用，推动5G技术与工业互联网、人工智能、大数据等技术深度融合，为制造业转型升级赋能。	泰州市抢抓发展机遇，加快5G基础设施建设和应用，推动5G技术与工业互联网、人工智能、大数据等技术深度融合，为制造业转型升级赋能。	negative
​孙春兰要求中国将以举办世界遗产大会为契机，深化国际交流合作，全方位展示我国保护文化和自然遗产的历史性成就，让世界遗产成为文明对话的桥樑纽带。	​孙春兰要求中国将以举办世界遗产大会为契机，深化国际交流合作，全方位展示我国保护文化和自然遗产的历史性成就，让世界遗产成为文明对话的桥梁纽带。	negative
这次全会《决议》充分显示了我们党高度的历史自信，向党内外、国内外展示了一个百年大党的清醒和成熟。	这次全会《决议》充分显示了我们党高度的历史自信，向党内外、国内外展示了一个百年大党的清醒和成熟。	positive
要加强严峻形势和个人防控知识宣传，引导群众增强自我防护意识，多对防控漏洞开展與论监督，不对防控成效进行宣传。	要加强严峻形势和个人防控知识宣传，引导群众增强自我防护意识，多对防控漏洞开展舆论监督，不对防控成效进行宣传。	negative
在家里，她从小就养成了自己的事情自己做的好习惯，每一天还协助大人做很多事情：帮妈妈打扫卫生，收拾房间，自己的房间物品摆放都是整整齐齐，不用大人操心，和爸爸一齐收看新闻节目，并且讨论实事政治。	在家里，她从小就养成了自己的事情自己做的好习惯，每一天还协助大人做很多事情：帮妈妈打扫卫生，收拾房间，自己的房间物品摆放都是整整齐齐，不用大人操心，和爸爸一齐收看新闻节目，并且讨论时事政治。	negative
#山东考古成就展##文博热展#【山东史前考古学文化谱系】龙山文化时期海岱地区区域政体已经普遍发展为以城址为中心的城邦社会，此时社会已进入“古国”阶段。	#山东考古成就展##文博热展#【山东史前考古学文化谱系】龙山文化时期海岱地区区域整体已经普遍发展为以城址为中心的城邦社会，此时社会已进入“古国”阶段。	negative
这些内容，是课本上找不到、大人也不会教的。	这些内容，是课本上找不到、大人也不会教的。	positive
李勇说，今晚12点以前将做好物资调运、现场检测点布置、设备安装调式等各项准备工作，http:t.cnA6IwMt8r，力争http:t.cnA6IwMtRE。	李勇说，今晚12点以前将做好物资调运、现场检测点布置、设备安装调试等各项准备工作，http:t.cnA6IwMt8r，力争http:t.cnA6IwMtRE。	negative
北京电影学院党委副书记胡智锋清晰记得，夏衍曾回忆担任金鸡奖评委会名誉主任委员的经历。	北京电影学院党委副书记胡智锋清晰记得，夏衍曾回忆担任金鸡奖评委会名誉主任委员的经历。	positive
记者从相关部门获悉，按照《中共保定市委坚持人民至上用心用情用力解决群众关心的实际问题领导小组工作推进方案》及领导小组办公室《2021年工作要点》有关要求，通过市委社情民意办、市12345政务服务便民热线办、市信访局、市网信办、市城市管理综合行政执法局（市数字化城市管理平台）等渠道汇总梳理了7月份群众普遍关注、反映较集中的问题线索，从中筛选出8月份需解决的10件民生事项。	记者从相关部门获悉，按照《中共保定市委坚持人民至上用心用情用力解决群众关心的实际问题领导小组工作推进方案》及领导小组办公室《2021年工作要点》有关要求，通过市委社情民意办、市12345政务服务便民热线办、市信访局、市委网信办、市城市管理综合行政执法局（市数字化城市管理平台）等渠道汇总梳理了7月份群众普遍关注、反映较集中的问题线索，从中筛选出8月份需解决的10件民生事项。	negative
蜀黍在接警1个多小时后便在安海镇将嫌疑人颜某抓获。	蜀黍在接近1个多小时后便在安海镇将嫌疑人颜某抓获。	negative
生怕被抓，导出躲避监控，后又将三轮车遗弃！	生怕被抓，到处躲避监控，后又将三轮车遗弃！	negative
听证会结束后，与会人员对这种公开透明的办案模式表示认可，同时自已也学习了很多法律知识，回去后将对身边的人进行宣传，以扩大法律覆盖面，让我们泰来县的老百性们都懂法、知法、守法，促进社会治安综合治理。	听证会结束后，与会人员对这种公开透明的办案模式表示认可，同时自已也学习了很多法律知识，回去后将对身边的人进行宣传，以扩大法律覆盖面，让我们泰来县的老百姓们都懂法、知法、守法，促进社会治安综合治理。	negative
队员张丽女儿每年二月初二过生日都在昆阳曦龙广场煮长寿面送给环卫工人；队员阿勇、君丽儿子过生日，包括郭云妹去年自已过生日也是这样，把摆生日宴的钱节省下来，煮长寿面与环卫工人一起过生日。	队员张丽女儿每年二月初二过生日都在昆阳曦龙广场煮长寿面送给环卫工人；队员阿勇、君丽儿子过生日，包括郭云妹去年自己过生日也是这样，把摆生日宴的钱节省下来，煮长寿面与环卫工人一起过生日。	negative
在我的映象中高中生活应该是枯燥而又乏味的，是紧张的。	在我的印象中高中生活应该是枯燥而又乏味的，是紧张的。	negative
#全民反诈专项行动#【民警说反诈——防范防范冒充电商物流客服诈骗】南川区反诈骗中心提醒：当有网络卖家主动联系为你办理退货退款时，小心是诈骗！	#全民反诈专项行动#【民警说反诈——防范冒充电商物流客服诈骗】南川区反诈骗中心提醒：当有网络卖家主动联系为你办理退货退款时，小心是诈骗！	negative
市市政设施管理处监察科副科长杨敦勇表示：“通过联合交警部门对全市现已投放的共享单车进行上牌，并实现车辆一车一牌一头盔，可有效控制单车企业投放数量，有效提高骑行人员文明交通意识，为进一步规范全市共享单车秩序提供了便利。	市政设施管理处监察科副科长杨敦勇表示：“通过联合交警部门对全市现已投放的共享单车进行上牌，并实现车辆一车一牌一头盔，可有效控制单车企业投放数量，有效提高骑行人员文明交通意识，为进一步规范全市共享单车秩序提供了便利。	negative
服务业商务活动指数为52%，比上月上升0.9个百分点，显示服务业经营活动恢复步伐总体有所加快。	服务业商务活动指数为52%，比上月上升0.9个百分点，显示服务业经营活动恢复步伐总体有所加快。	positive
自此发端，几乎每一届金鸡奖都有奖项空缺。	自此发端，几乎每一届金鸡奖都有奖项空缺。	positive
从携手应对气候变化、呵护人与自然生命共同体，到提出全球发展倡议、共建全球发展命运共同体；	从携手应对气候变化、呵护人与自然生命共同体，到提出全球发展倡议、共建全球发展命运共同体；	positive
这期间由于工作的原因，我从海外辗转回到祖籍国并在好几个城市出差，亲身体验了这些城市在接种疫苗、快速隔离病毒携带者等方面的快速反应能力，全过程杂而不乱、秩序井然，给世界人民作出了表率。	这期间由于工作的原因，我从海外辗转回到祖籍国并在好几个城市出差，亲身体验了这些城市在接种疫苗、快速隔离病毒携带者等方面的快速反应能力，全过程杂而不乱、秩序井然，给世界人民作出了表率。	positive
截止日前（据不完全统计），华清宫景区《长恨歌》《12·12》、大唐芙蓉园景区《大唐追梦》《鼓》《梦回大唐黄金版》、西安唐乐宫《大唐女皇》、华夏文旅大剧院《驼铃传奇》、西安城墙景区《梦长安-大唐迎宾盛礼》、曲江海洋极地公园《哪吒》儿童舞台秀、海豚海狮表演秀、海洋极地欢乐大巡游、乐华城·秦汉园《秦汉·风云》、昆明池·七夕公园《汉武雄风》、大唐不夜城街区各类演出、大雁塔北广场喷泉表演、诗经里风雅诗颂馆演出、赵公明文化景区相关舞台演出、西安欢乐谷·玛雅海滩音乐节等演出延期，具体恢复时间以景区公告为主。	截止到日前（据不完全统计），华清宫景区《长恨歌》《12·12》、大唐芙蓉园景区《大唐追梦》《鼓》《梦回大唐黄金版》、西安唐乐宫《大唐女皇》、华夏文旅大剧院《驼铃传奇》、西安城墙景区《梦长安-大唐迎宾盛礼》、曲江海洋极地公园《哪吒》儿童舞台秀、海豚海狮表演秀、海洋极地欢乐大巡游、乐华城·秦汉园《秦汉·风云》、昆明池·七夕公园《汉武雄风》、大唐不夜城街区各类演出、大雁塔北广场喷泉表演、诗经里风雅诗颂馆演出、赵公明文化景区相关舞台演出、西安欢乐谷·玛雅海滩音乐节等演出延期，具体恢复时间以景区公告为主。	negative
红西凤酒是将传统凤香型白酒的固态发酵、传统酿造技艺与现代创新工艺相融合，打造的一款既符合消费者口感需求，又能突显西凤酒文化内涵的高端产品。	红西凤酒是将传统凤香型白酒的固态发酵、传统酿造技艺与现代创新工艺相融合，打造的一款既符合消费者口感需求，又能突显西凤酒文化内涵的高端产品。	positive
能够在祖国边关守护万家灯火，我感到无比光荣，充满力量。	能够在祖国边关守护万家灯火，我感到无比光荣，充满力量。	positive
为什么一则报道能在资本市场引起如此强烈反应，以至于相关公司的估价大幅波动。	为什么一则报道能在资本市场引起如此强烈反应，以至于相关公司的股价大幅波动。	negative
若扣除对大陆的顺差，2021年前11个月台湾贸易则转为逆差。	若扣除对大陆的顺差，2021年前11个月台湾贸易则转为逆差。	positive
外资准入负面清单不断压减，刚刚发布的2021年版全国和自贸试验区外资准入负面清单分别减至31条和27条。	外资准入负面清单不断压减，刚刚发布的2021年版全国和自贸试验区外资准入负面清单分别减至31条和27条。	positive
科莫湖长46公里、最宽处有4、3公里，最深的地方有420米，被喻为欧洲最深的湖。	科莫湖长46公里、最宽处有4、3公里，最深的地方有420米，被誉为欧洲最深的湖。	negative
#文明礼仪微讲堂#（四）四、公务礼仪一当面接待扎仪上级来访，接待要周到。	#文明礼仪微讲堂#（四）四、公务礼仪一当面接待礼仪上级来访，接待要周到。	negative
期间物管公司未按排专人护理，该次住院共产生医疗费7069.01元，门诊医疗费为158元。	期间物管公司未安排专人护理，该次住院共产生医疗费7069.01元，门诊医疗费为158元。	negative
#开学季##我在大学等你#亲爱的文传学子们开学的日子近在眼前按捺住激动的心情老师们已做好准备等你们回家~｜｜[爱你][爱你]​​	#开学季##我在大学等你#亲爱的文传学子们开学的日子近在眼前按捺不住激动的心情老师们已做好准备等你们回家~｜｜[爱你][爱你]​​	negative
丝不苟严把关	一丝不苟严把关	negative
​​（1）强化责任落实     印发实施“一网通办”能力提升集中攻坚行动实施方案方案。	​​（1）强化责任落实     印发实施“一网通办”能力提升集中攻坚行动实施方案。	negative
构成综合PMI产出指数的制造业生产指数和非制造业商务活动指数分别为51.4%和52.7%。	构成综合PMI产出指数的制造业生产指数和非制造业商务活动指数分别为51.4%和52.7%。	positive
《日本经济新闻》报道称，中国科技发展现在的局面是根据其战略计划发展而来的。	《日本经济新闻》报道称，中国科技发展现在的局面是根据其战略计划发展而来的。	positive
京剧《风华正茂》弘扬伟大建党精神，反映中华民族千年巨变。	京剧《风华正茂》弘扬伟大建党精神，反映中华民族千年巨变。	positive
为留出隔离观察时间以确保秋季开学人员能全部到位，各校要根据本校开学时间倒排日程，全面落实师生员工开学前14天返回鄂州并进行居家隔离观察和健康监测，有任何异常笫一时间向学校和单位报告。	为留出隔离观察时间以确保秋季开学人员能全部到位，各校要根据本校开学时间倒排日程，全面落实师生员工开学前14天返回鄂州并进行居家隔离观察和健康监测，有任何异常第一时间向学校和单位报告。	negative
点开链接，看看令大家唇枪舌战的辩题是什么？	点开链接，看看令大家唇枪舌剑的辩题是什么？	negative
​​​疫情无情，你我有情疫情不退，坚守不止荷塘公安义无反顾、挺身而出让党旗飘扬在主阵地让警徽闪耀在最前沿多管齐下保一方安全戮力同心护一城平安闻令即动全面部署，提高站位认真履职   2021年7月30日凌晨5时，荷塘分局组织召开疫情防控紧急部署会，专题部署新型肺炎疫情防控工作，荷塘区副区长提名人选、公安分局局长言清主持会议，分局党委班子全体成员、各单位负责人参加了会议。	​​​疫情无情，你我有情疫情不退，坚守不止荷塘公安义无反顾、挺身而出让党旗飘扬在主阵地让警徽闪耀在最前沿多管齐下保一方安全勠力同心护一城平安闻令即动全面部署，提高站位认真履职   2021年7月30日凌晨5时，荷塘分局组织召开疫情防控紧急部署会，专题部署新型肺炎疫情防控工作，荷塘区副区长提名人选、公安分局局长言清主持会议，分局党委班子全体成员、各单位负责人参加了会议。	negative
我们党依靠斗争创造历史，更要依靠斗争赢得未来。	我们党依靠斗争创造历史，更要依靠斗争赢得未来。	positive
8月2日接通知，在沌口六村项目项目部现场接受核酸采样，后由专车接送前往隔离酒店隔离。	8月2日接通知，在沌口六村项目部现场接受核酸采样，后由专车接送前往隔离酒店隔离。	negative
中国驻尼使馆全体外交官、尼加拉瓜政府代表、当地各界知名人士、中资机构和侨胞代表、驻尼使团代表等出席。	中国驻尼使馆全体外交官、尼加拉瓜政府代表、当地各界知名人士、中资机构和侨胞代表、驻尼使团代表等出席。	positive
工作组强调了乡村振兴工作的重要性，希望社区根据实际情况因地制宜从基础设施、生态环境、土地利用、人才振兴等方面统筹考虑，提出适宜社区发展的设想和规划，为工作组提供祥实、有效的材料。	工作组强调了乡村振兴工作的重要性，希望社区根据实际情况因地制宜从基础设施、生态环境、土地利用、人才振兴等方面统筹考虑，提出适宜社区发展的设想和规划，为工作组提供翔实、有效的材料。	negative
【“十三项重点任务”年中看进展①】紧盯重点环节重点事强化“一把手”监督和同级监督http:t.cnA6IwV7qt​​	【“十三项重点任务”年中看进展①】紧盯重点环节重点是强化“一把手”监督和同级监督http:t.cnA6IwV7qt​​	negative
青龙岭下，小潢河自村前流过，从这里升起的袅袅炊烟已绵延400余年。	青龙岭下，小潢河自村前流过，从这里升起的袅袅炊烟已绵延400余年。	positive
千头万绪的事，说到底是千家万户的事。	千头万绪的事，说到底是千家万户的事。	positive
除腾讯外，港股游戏公司股价均下跌明显，网易（9999.HK）跌幅近15%，中手游（0302.HK）迭幅约20%，心动公司（2400.HK）跌幅17%。	除腾讯外，港股游戏公司股价均下跌明显，网易（9999.HK）跌幅近15%，中手游（0302.HK）跌幅约20%，心动公司（2400.HK）跌幅17%。	negative
三、现在我市已经开展对12岁以上人群疫苗接种，力争早期达到群体免疫，那什么是群休免疫？	三、现在我市已经开展对12岁以上人群疫苗接种，力争早期达到群体免疫，那什么是群体免疫？	negative
自“厕所革命”工作开展以来，郝庄乡不断不断细化工作压实责任，确保如期按质按量推进改厕工作，坚决打赢“厕所革命”攻坚战。	自“厕所革命”工作开展以来，郝庄乡不断细化工作压实责任，确保如期按质按量推进改厕工作，坚决打赢“厕所革命”攻坚战。	negative
翼兽，是指原本没有翅膀的动物，在基本保留其主要特征的同时，另加上一对翅膀。	翼兽，是指原本没有翅膀的动物，在基本保留其主要特征的同时，另加上一对翅膀。	positive
炎夏送清凉盛夏寻一份清凉夏7月30日—8月6日，北碚区人大常委会副主任、区总工会主席胡涌，区总工会党组书记、常务副主席陆培梁，区总工会副主席杨柳一行先后到京东物流快递北碚营业部、中通物流快递北碚营业部、申通物流快递北碚北碚营业部、顺风物流快递北碚营业部、中铁二十二局集团五公司重庆市传感器特色产业基地项目部、中铁建生态环境有限公司重庆传感器基地项目总承包指挥部、中铁十四局集团重庆市传感器特色产业基地项目部、重庆三圣股份有限公司、重庆正川医药包装材料股份有限公司等企业开展“炎夏送清凉”活动，为奋战在高温一线岗位上的职工们送去了夏日的清凉和工会组织的关怀及防暑用品。	炎夏送清凉盛夏寻一份清凉夏7月30日—8月6日，北碚区人大常委会副主任、区总工会主席胡涌，区总工会党组书记、常务副主席陆培梁，区总工会副主席杨柳一行先后到京东物流快递北碚营业部、中通物流快递北碚营业部、申通物流快递北碚营业部、顺风物流快递北碚营业部、中铁二十二局集团五公司重庆市传感器特色产业基地项目部、中铁建生态环境有限公司重庆传感器基地项目总承包指挥部、中铁十四局集团重庆市传感器特色产业基地项目部、重庆三圣股份有限公司、重庆正川医药包装材料股份有限公司等企业开展“炎夏送清凉”活动，为奋战在高温一线岗位上的职工们送去了夏日的清凉和工会组织的关怀及防暑用品。	negative
100余名专家学者、媒体记者通过线上线下方式参会。	100余名专家学者、媒体记者通过线上线下方式参会。	positive
【奥运版《错位时空》看完破防了[泪]】“那天我做了一个梦，百年后的奥运赛场上，有中国人夺冠。	【奥运版《错位时空》看完破防了[泪]】“那天我做了一个梦，百年之后的奥运赛场上，有中国人夺冠。	negative
伟大的倡议，肩负回应时代呼唤、解答时代课题的伟大使命。	伟大的倡议，肩负回应时代呼唤、解答时代课题的伟大使命。	positive
问冷暖、看谷仓、掀锅盖，每到百姓家中，都关心备至。	问冷暖、看谷仓、掀锅盖，每到百姓家中，都关心备至。	positive
记者：中央经济工作会议强调坚持创新驱动发展，黑龙江省如何以创新培育新动能、推动高质量发展？	记者：中央经济工作会议强调坚持创新驱动发展，黑龙江省如何以创新培育新动能、推动高质量发展？	positive
图片图片填表，体测图片检查健康码 测量体温“为群众暖心献血，办实事不忘初心，我们是宝法人”——一群潮气蓬勃的宝法人响亮地喊出自己的口号，洋溢着笑容的脸上展现出坚定、自信与骄傲。	图片图片填表，体测图片检查健康码 测量体温“为群众暖心献血，办实事不忘初心，我们是宝法人”——一群朝气蓬勃的宝法人响亮地喊出自己的口号，洋溢着笑容的脸上展现出坚定、自信与骄傲。	negative
记者：中央经济工作会议指出，要把提高农业综合生产能力放在更加突出的位置，黑龙江作为农业大省，将采取哪些新举措？	记者：中央经济工作会议指出，要把提高农业综合生产能力放在更加突出的位置，黑龙江作为农业大省，将采取哪些新举措？	positive
2018年，伴随美国一纸加征关税的商品清单，建交近40年的中美关系陷入前所未有的复杂局面。	2018年，伴随美国一纸加征关税的商品清单，建交近40年的中美关系陷入前所未有的复杂局面。	positive
Q2.青少年是否有必要接种接种新冠病毒疫苗？	Q2.青少年是否有必要接种新冠病毒疫苗？	negative
如今的田铺大塆，创客工坊林立，创意的火花在传统村落中碰撞。	如今的田铺大塆，创客工坊林立，创意的火花在传统村落中碰撞。	positive
双打是：打击身份冒用：针对未成年人冒充成年人游戏的情况，将原来的“零点巡查”升级为“全天巡查”，可疑账户全部重新认证；打击作弊：积极配合政策，打击用户通过加速器登陆及部分第三方平台买卖成年人帐号的行为。	双打是：打击身份冒用：针对未成年人冒充成年人游戏的情况，将原来的“零点巡查”升级为“全天巡查”，可疑账户全部重新认证；打击作弊：积极配合政策，打击用户通过加速器登陆及部分第三方平台买卖成年人账号的行为。	negative
为了办好这些华文媒体，我时常从人民日报海外版的选题策划、文章风格和版式设计中汲取经验。	为了办好这些华文媒体，我时常从人民日报海外版的选题策划、文章风格和版式设计中汲取经验。	positive
在进领导办公室之前，要先轻轻叩门，得到允许后方可进入，切不可冒然闯入，叩门时应用手指关节轻叩，不可用力拍打。	在进领导办公室之前，要先轻轻叩门，得到允许后方可进入，切不可贸然闯入，叩门时应用手指关节轻叩，不可用力拍打。	negative
清查治理、摩电整治齐并进！	清查治理、摩电整治齐头并进！	negative
鹤壁市公安局交通警察支队密切关注气象部门发布的雷暴大风、短时强降水等相关预警信息，加强道路安全隐患隐患排查工作，提前做好应对措施，确保群众道路交通出行安全。	鹤壁市公安局交通警察支队密切关注气象部门发布的雷暴大风、短时强降水等相关预警信息，加强道路安全隐患排查工作，提前做好应对措施，确保群众道路交通出行安全。	negative
#合肥大中小学幼儿园、校外培训机构暂停一切线下教学#【关于停止一切线下教育教学活动的通知】各县市区教育主管部门，各市管学校、市管高校:根据8月4日国务院联防联控机制新冠肺炎疫情防控工作电视电话会议精神，鉴于近期国内疫情防控严峻复杂态势，在8月3日《关于做好全市教育系统近期疫情防控工作的紧急通知》基础上，现就相关事宜再次晋级通知如下：全市大中小学校、幼儿园、校外培训机构等各级各类教育机构停止一切形式的线下教育教学活动,包含外出考察、校本培训、研学、军训、社会实践、新生集体报到领取录取通知书、“暑期留园班”等。	#合肥大中小学幼儿园、校外培训机构暂停一切线下教学#【关于停止一切线下教育教学活动的通知】各县市区教育主管部门，各市管学校、市管高校:根据8月4日国务院联防联控机制新冠肺炎疫情防控工作电视电话会议精神，鉴于近期国内疫情防控严峻复杂态势，在8月3日《关于做好全市教育系统近期疫情防控工作的紧急通知》基础上，现就相关事宜再次紧急通知如下：全市大中小学校、幼儿园、校外培训机构等各级各类教育机构停止一切形式的线下教育教学活动,包含外出考察、校本培训、研学、军训、社会实践、新生集体报到领取录取通知书、“暑期留园班”等。	negative
由于开锁从业门槛低、人员混杂，一直是公安机关列管的行业，要从事开锁经营需经严挌的审批方可营业。	由于开锁从业门槛低、人员混杂，一直是公安机关列管的行业，要从事开锁经营需经严格的审批方可营业。	negative
在新的伟大征程上奋勇前进，必须坚定历史自信。	在新的伟大征程上奋勇前进，必须坚定历史自信。	positive
【#2021上半年GDP十强重庆第五#】自新冠疫情爆发以来，在历次区域经济半年报中，2021年上半年表现是比较突出的，也是被视作中国经济全面恢复，经济增长开始全面回归正规的标志性成绩表。	【#2021上半年GDP十强重庆第五#】自新冠疫情爆发以来，在历次区域经济半年报中，2021年上半年表现是比较突出的，也是被视作中国经济全面恢复，经济增长开始全面回归正轨的标志性成绩表。	negative
图片主动介入不言放弃介入老人临终关怀正红里居民区有位80＋的单身老人身体抱恙，家人也年势已高无法照顾。	图片主动介入不言放弃介入老人临终关怀正红里居民区有位80＋的单身老人身体抱恙，家人也年事已高无法照顾。	negative
此次是空间站阶段中国航天员第4次出舱。	此次是空间站阶段中国航天员第4次出舱。	positive
整个村子坐北朝南，利用北高南低的地形，营造出具有鲜明豫南特色的传统村落。	整个村子坐北朝南，利用北高南低的地形，营造出具有鲜明豫南特色的传统村落。	positive
#法院新闻#【胡道才院长检查机关疫情防控和在线诉讼情况】8月2日下午，胡道才院长到立案、信访等窗口检查疫情防控和在线诉讼等情况。	#法院新闻#【胡道才院长检察机关疫情防控和在线诉讼情况】8月2日下午，胡道才院长到立案、信访等窗口检查疫情防控和在线诉讼等情况。	negative
#甘肃路网实时路况#G2201兰州南绕城高速西固往和平方向，西果园互通立交附近K24+145处交通事故交通事故处理完毕，道路恢复正常通行。	#甘肃路网实时路况#G2201兰州南绕城高速西固往和平方向，西果园互通立交附近K24+145处交通事故处理完毕，道路恢复正常通行。	negative
二、自2021年8月1日起，暂时关闭勿图门镇区“逢五”、羊市塔村“逢九”的农村集贸市场，复市时间另行通知。	二、自2021年8月1日起，暂时关闭勿图们镇区“逢五”、羊市塔村“逢九”的农村集贸市场，复市时间另行通知。	negative
外出就餐时应注意：发现未彻底进行清洗消毒的餐具应立即要求餐饮单位予以更换，发现菜品未烧熟煮透、明显放凉、冷热不均、感观性状异常时，应停止用餐并要求餐饮单位重新加工。	外出就餐时应注意：发现未彻底进行清洗消毒的餐具应立即要求餐饮单位予以更换，发现菜品未烧熟煮透、明显放凉、冷热不均、感官性状异常时，应停止用餐并要求餐饮单位重新加工。	negative
#闽西职业技术学院[超话]##晚安，闽大#每个人都在愤世疾俗，每个人又都在同流合污。	#闽西职业技术学院[超话]##晚安，闽大#每个人都在愤世嫉俗，每个人又都在同流合污。	negative
半个小时后，老人的儿子来到调度室将老人接回，并激动地握住驾驶员蒋学伟的手连练表示感谢。	半个小时后，老人的儿子来到调度室将老人接回，并激动地握住驾驶员蒋学伟的手连连表示感谢。	negative
接警后我大队巡逻人员迅速赶赴现场进行处置，为防止树木再次倒塌伤及行人及车辆，巡逻民警立即展开对周边交通秩序的维持，疏导车辆行人绕道通行，同时通知119干到现场处置，后期后期经过半小时的处置，道路回复畅通。	接警后我大队巡逻人员迅速赶赴现场进行处置，为防止树木再次倒塌伤及行人及车辆，巡逻民警立即展开对周边交通秩序的维持，疏导车辆行人绕道通行，同时通知119干到现场处置，后期经过半小时的处置，道路回复畅通。	negative
乡镇交管站长、派出所长、交警大队班子成员、特巡警大队班子成员、城市执法队队长、为“二级路长”，重点做好5条县道、6条乡道和城区道路的交通安全管理。	乡镇交管站长、派出所所长、交警大队班子成员、特巡警大队班子成员、城市执法队队长、为“二级路长”，重点做好5条县道、6条乡道和城区道路的交通安全管理。	negative
【驾车上路，除了其他必要的基本因素外，还需要这个……】我们都知道开车是需要取的机动车驾驶证的，那么驾车上路，除了司机必须要有驾驶证以外，还需要什么呢？	【驾车上路，除了其他必要的基本因素外，还需要这个……】我们都知道开车是需要取得机动车驾驶证的，那么驾车上路，除了司机必须要有驾驶证以外，还需要什么呢？	negative
创办于1981年的金鸡奖，站在了新的历史起点。	创办于1981年的金鸡奖，站在了新的历史起点。	positive
历史征程风云激荡，百年奋斗成就辉煌。	历史征程风云激荡，百年奋斗成就辉煌。	positive
2021年，我国低收入人口动态监测扎实推进，主动发现机制不断加强。	2021年，我国低收入人口动态监测扎实推进，主动发现机制不断加强。	positive
五是部分驾驶员侥幸心理严重，无证驾驶、不盖蓬布运输的情况时有发生。	五是部分驾驶员侥幸心理严重，无证驾驶、不盖篷布运输的情况时有发生。	negative
“我朋友几年前向我借了5000元钱到现在也不还，当时处于信任没让他打欠条，但有微信转帐记录，这种情况下能起诉吗?”“可以，银行转帐凭证就是诉讼用的主要证据，它能证明民间借贷的事实真相，这也是《民法典》中所规定的一项内容……”这是座谈当中，大队官兵纷纷就民间借贷、诈骗、婚姻家庭等系列法律问题向法官展开提问交流，场面异常氛围活跃。	“我朋友几年前向我借了5000元钱到现在也不还，当时处于信任没让他打欠条，但有微信转账记录，这种情况下能起诉吗?”“可以，银行转账凭证就是诉讼用的主要证据，它能证明民间借贷的事实真相，这也是《民法典》中所规定的一项内容……”这是座谈当中，大队官兵纷纷就民间借贷、诈骗、婚姻家庭等系列法律问题向法官展开提问交流，场面异常氛围活跃。	negative
首钢京唐钢铁联合有限责任公司是位于河北省唐山市曹妃甸区的大型国有钢铁企业，2008年开始与德州职业技术学院合作，是我校电气工程系的重点合作企业之一，基本每年都会来我我校气工程系招聘优秀毕业生。	首钢京唐钢铁联合有限责任公司是位于河北省唐山市曹妃甸区的大型国有钢铁企业，2008年开始与德州职业技术学院合作，是我校电气工程系的重点合作企业之一，基本每年都会来我校气工程系招聘优秀毕业生。	negative
据了解，驾驶人胡某某8月1日晚上11时许吃宵夜时喝了几瓶啤酒，喝完酒后回家睡觉，第二天早上去上班，心想过了一夜不会有事，何况早上不会有交警查酒驾的，就抱着侥幸心里上路，不料半路被交警蜀黍查获。	据了解，驾驶人胡某某8月1日晚上11时许吃宵夜时喝了几瓶啤酒，喝完酒后回家睡觉，第二天早上去上班，心想过了一夜不会有事，何况早上不会有交警查酒驾的，就抱着侥幸心理上路，不料半路被交警蜀黍查获。	negative
这次，他伤病复发。	这次，他旧病复发。	negative
以人民为中心是我们的根本执政理念。	以人民为中心是我们的根本执政理念。	positive
让更多人参与到冰雪运动中来，这也是奥林匹克运动的题中之义。	让更多人参与到冰雪运动中来，这也是奥林匹克运动的题中之义。	positive
我们更加坚信，中国共产党的坚强领导是取得事业成功、实现民族复兴的根本保障。	我们更加坚信，中国共产党的坚强领导是取得事业成功、实现民族复兴的根本保障。	positive
获取方式1.识别图书二维码即刻阅读。	获取方式1.识别图书二维码即可阅读。	negative
记者了解到，本次共减收了买卖合同、税票、查房证明原件，以及身份证、户口薄、结婚证、出生证明的复印件共7份材料。	记者了解到，本次共减收了买卖合同、税票、查房证明原件，以及身份证、户口簿、结婚证、出生证明的复印件共7份材料。	negative
岗位要求：1、户籍、专业、性别不限；2、无经验亦可；3、有目标，面对困难，用于挑战，积极创新的人；4、性格外向、有亲和力，有较强的沟通能力和责任心；5、通勤时间在1小时以内（居所距离公司的交通时间在1小时以内）为佳。	岗位要求：1、户籍、专业、性别不限；2、无经验亦可；3、有目标，面对困难，勇于挑战，积极创新的人；4、性格外向、有亲和力，有较强的沟通能力和责任心；5、通勤时间在1小时以内（居所距离公司的交通时间在1小时以内）为佳。	negative
【资中某女子女子抖音发视频辱骂交警，被依法拘留】7月26日，资中县公安局接群众举报称，一女子在抖音撒泼，口吐芬芳，发布辱骂交警的视频。	【资中某女子抖音发视频辱骂交警，被依法拘留】7月26日，资中县公安局接群众举报称，一女子在抖音撒泼，口吐芬芳，发布辱骂交警的视频。	negative
有人就此起跳奔跑、冲向高峰，有人在作品中默默耕耘几十年，奖项坚定了他们对作品精益求精、对事业不懈追求的信念。	有人就此起跳奔跑、冲向高峰，有人在作品中默默耕耘几十年，奖项坚定了他们对作品精益求精、对事业不懈追求的信念。	positive
看着一件件制作精美，作工精良的藏族服饰，我们禁不住赞叹，它是一件服饰，更似一件精美绝伦的手工艺品。	看着一件件制作精美，做工精良的藏族服饰，我们禁不住赞叹，它是一件服饰，更似一件精美绝伦的手工艺品。	negative
针对个别违法进入楼栋的电动车，大队参谋指导中队指战员和物业人员现场将其搬出楼栋，并联系楼栋长上门进行警示教育；对于占用、堵塞疏散楼梯的现象，中队指战员逐户宣讲《高层民用建筑消防安全管理规定》，晓之以情，动之以理。	针对个别违法进入楼栋的电动车，大队参谋指导中队指战员和物业人员现场将其搬出楼栋，并联系楼栋长上门进行警示教育；对于占用、堵塞疏散楼梯的现象，中队指战员逐户宣讲《高层民用建筑消防安全管理规定》，晓之以情，动之以情。	negative
直挂云帆济沧海接续奋斗、勇毅前行，赢得更大的胜利和荣光2021年12月31日晚，华灯初上，万家团圆。	直挂云帆济沧海接续奋斗、勇毅前行，赢得更大的胜利和荣光2021年12月31日晚，华灯初上，万家团圆。	positive
二，申遗成功展示了中华文明和人类文明发展的重要成果，即泉州作为古代海洋商贸中心的历史和古人坚韧不屈、顽强拼博、勇于创新的精神特质。	二，申遗成功展示了中华文明和人类文明发展的重要成果，即泉州作为古代海洋商贸中心的历史和古人坚韧不屈、顽强拼搏、勇于创新的精神特质。	negative
党外一个部长他当得很好，有什么理由撤消？	党外一个部长他当得很好，有什么理由撤销？	negative
抖擞精神、奋楫扬帆，踔厉奋发、笃行不怠，每个人都能成就属于自己的出彩人生！	抖擞精神、奋楫扬帆，踔厉奋发、笃行不怠，每个人都能成就属于自己的出彩人生！	positive
根据官方数据，2020年，企业研发经费支出约占全国研发经费支出的76.6%。	根据官方数据，2020年，企业研发经费支出约占全国研发经费支出的76.6%。	positive
俄罗斯列格努姆通讯社报道称，这体现出中国坚持合作的理念，表明了中国与各国共建美好未来的想法。	俄罗斯列格努姆通讯社报道称，这体现出中国坚持合作的理念，表明了中国与各国共建美好未来的想法。	positive
溺水的孩子一定会拼命呼救   很多溺水事件都是消无声息的，溺水的孩子大多不会大声呼救，因为的呼吸系统会主动保护孩子的身体，把呼吸排在身体的最高优先级，所以，大部分溺水的孩子都会很安静。	溺水的孩子一定会拼命呼救   很多溺水事件都是悄无声息的，溺水的孩子大多不会大声呼救，因为的呼吸系统会主动保护孩子的身体，把呼吸排在身体的最高优先级，所以，大部分溺水的孩子都会很安静。	negative
从核能等大项目合作顺利推进，到《中俄睦邻友好合作条约》正式延期，再到中俄科技创新年完美收官，过去一年，中俄合作硕果累累，两国元首战略引领是关键之关键。	从核能等大项目合作顺利推进，到《中俄睦邻友好合作条约》正式延期，再到中俄科技创新年完美收官，过去一年，中俄合作硕果累累，两国元首战略引领是关键之关键。	positive
曲锋先后来到盛世城市广场小区、铂悦府小区、佛山社区实地查看，详细了解社区疫情防控情况，并检查疫情防控台帐。	曲锋先后来到盛世城市广场小区、铂悦府小区、佛山社区实地查看，详细了解社区疫情防控情况，并检查疫情防控台账。	negative
你输我赢、赢者通吃不是中国人的处世哲学。	你输我赢、赢者通吃不是中国人的处世哲学。	positive
王勇：推进新型经济全球化对推动世界经济增长、促进全球繁荣具有重要意义。	王勇：推进新型经济全球化对推动世界经济增长、促进全球繁荣具有重要意义。	positive
事故导致致许某连受伤，两车受损。	事故导致许某连受伤，两车受损。	negative
2014年11月，入选全国第三批传统村落名录；	2014年11月，入选全国第三批传统村落名录；	positive
荷兰队预计排在组小最后一名。	荷兰队预计排在小组最后一名。	negative
法国《世界报》网站报道，日本文部科学省指出，在截至2019年3月底的那个财政年度内，18460名日本大学研究人员至少在中国待过一个月，这一数字4年内增加了25%。	法国《世界报》网站报道，日本文部科学省指出，在截至2019年3月底的那个财政年度内，18460名日本大学研究人员至少在中国待过一个月，这一数字4年内增加了25%。	positive
奋进新时代，展现新作为，神州处处生机盎然。	奋进新时代，展现新作为，神州处处生机盎然。	positive
“它这个已经涉嫌擅自改变机动车外型和技术数据，通俗讲就是非法改装”民警介绍。	“它这个已经涉嫌擅自改变机动车外形和技术数据，通俗讲就是非法改装”民警介绍。	negative
座落在繁华的金融区中心的北京金融街丽思卡尔顿酒店，可满足商务、娱乐和休闲等各种差旅需求，酒店夺目优雅的外观、富有东方风情的室内设计、亲切自然的服务，成为宾客下榻的理想选择。	坐落在繁华的金融区中心的北京金融街丽思卡尔顿酒店，可满足商务、娱乐和休闲等各种差旅需求，酒店夺目优雅的外观、富有东方风情的室内设计、亲切自然的服务，成为宾客下榻的理想选择。	negative
黄梅戏《不朽的骄杨》、川剧《江姐》、京剧与芭蕾《红色娘子军》凝聚红色记忆中的巾帼力量。	黄梅戏《不朽的骄杨》、川剧《江姐》、京剧与芭蕾《红色娘子军》凝聚红色记忆中的巾帼力量。	positive
我们强烈反对美国对他国的经济霸凌行径，谴责美国破坏中国繁荣稳定发展的图谋，敦促美国停止干涉他国内政。	我们强烈反对美国对他国的经济霸凌行径，谴责美国破坏中国繁荣稳定发展的图谋，敦促美国停止干涉他国内政。	positive
17年过去了，110米栏奥运会记录依旧是雅典奥运会上刘翔创造的，那么团团来考考大家，刘翔创造的110米栏奥运会记录是多少呢？	17年过去了，110米栏奥运会纪录依旧是雅典奥运会上刘翔创造的，那么团团来考考大家，刘翔创造的110米栏奥运会纪录是多少呢？	negative
三、实施临时救助，确保救助及时及时向各乡镇下发临时救助备用金20余万元，对因灾情造成基本生活受到严重影响的，积极实施“先行救助”，提高救助时效性；对因灾情造成造成基本生活特别困难的群众，采取“一事一议”方式，适当提高救助标准；同时适当放宽户籍地申请限制，对非本地人员因灾情导致基本生活出现严重困难的流动人口，由灾难发生地乡镇或县民政局直接实施临时救助，确保困难群众救助及时。	三、实施临时救助，确保救助及时及时向各乡镇下发临时救助备用金20余万元，对因灾情造成基本生活受到严重影响的，积极实施“先行救助”，提高救助时效性；对因灾情造成基本生活特别困难的群众，采取“一事一议”方式，适当提高救助标准；同时适当放宽户籍地申请限制，对非本地人员因灾情导致基本生活出现严重困难的流动人口，由灾难发生地乡镇或县民政局直接实施临时救助，确保困难群众救助及时。	negative
中国共产党人的历史自信，既是对奋斗成就的自信，也是对奋斗精神的自信。	中国共产党人的历史自信，既是对奋斗成就的自信，也是对奋斗精神的自信。	positive
商务部国际贸易经济合作研究院发布的《RCEP对区域经济影响评估报告》模拟结果显示，到2035年，RCEP将带动区域出口和进口累计增量规模达8571亿美元和9837亿美元，为本地区和全球经济增长注入强大动力。	商务部国际贸易经济合作研究院发布的《RCEP对区域经济影响评估报告》模拟结果显示，到2035年，RCEP将带动区域出口和进口累计增量规模达8571亿美元和9837亿美元，为本地区和全球经济增长注入强大动力。	positive
对6月21日以后来自云南省瑞丽市低风险地区，7月4日以后来自陇川县低风险地区，7月6日以后来自南京市低风险地区，7月14日以后来自沈阳市低风险地区，7月16日以后来自淮安市、株洲市、厦门市低风险地区，7月17日以后来自宿迁市、湘西州、长沙市、益阳市、郑州市、黄岗市，泸州市低风险地区，7月18日以后来自绵阳市、湘潭市、商丘市低风险地区，7月18日以后来自海口市、荆州市低风险地区，7月24日以后来自宜宾市低风险地区、7月25日以后来自成都市低风险地区、大连市低风险地区旅居史的人员，需要持有72小时内核酸检测阴性证明，或者能够出示包括72小时内核酸检测阴性证明的健康码，到达目的地以后接受信息核查登记，如实提供行动轨迹，体温测量正常的，在做好个人防护的前提下，可以自由有序流动，并第一时间向单位和社区报告；对不能提供72小时内核酸检测阴性结果的，接受信息核查登记，如实提供行动轨迹，并接受核酸检测，待核酸检测阴性结果出来后即可有序流动。	对6月21日以后来自云南省瑞丽市低风险地区，7月4日以后来自陇川县低风险地区，7月6日以后来自南京市低风险地区，7月14日以后来自沈阳市低风险地区，7月16日以后来自淮安市、株洲市、厦门市低风险地区，7月17日以后来自宿迁市、湘西州、长沙市、益阳市、郑州市、黄冈市，泸州市低风险地区，7月18日以后来自绵阳市、湘潭市、商丘市低风险地区，7月18日以后来自海口市、荆州市低风险地区，7月24日以后来自宜宾市低风险地区、7月25日以后来自成都市低风险地区、大连市低风险地区旅居史的人员，需要持有72小时内核酸检测阴性证明，或者能够出示包括72小时内核酸检测阴性证明的健康码，到达目的地以后接受信息核查登记，如实提供行动轨迹，体温测量正常的，在做好个人防护的前提下，可以自由有序流动，并第一时间向单位和社区报告；对不能提供72小时内核酸检测阴性结果的，接受信息核查登记，如实提供行动轨迹，并接受核酸检测，待核酸检测阴性结果出来后即可有序流动。	negative
加强宣传推广，助力企业用好协定规则原产地证书如何申领？	加强宣传推广，助力企业用好协定规则原产地证书如何申领？	positive
全局上下要准确把握全会精神，迅速将思想和行动统一到市委的决策部署和工作要求上来，学习并贯彻好全会精神，以“1+8”工作新格局为引领，聚焦年度目标任务，全力推动人力社保事业高质量发展，为建设共同富裕示范区的典范城市贡献贡献人社力量。	全局上下要准确把握全会精神，迅速将思想和行动统一到市委的决策部署和工作要求上来，学习并贯彻好全会精神，以“1+8”工作新格局为引领，聚焦年度目标任务，全力推动人力社保事业高质量发展，为建设共同富裕示范区的典范城市贡献人社力量。	negative
明代嘉庆到万历年间，虎丘逐渐成为江南花木贸易的中心。	明代嘉靖到万历年间，虎丘逐渐成为江南花木贸易的中心。	negative
虽然太阳还是那个太阳，月亮还是那个月亮，天空还是那个天空，大地还是那个大地。	虽然太阳还是那个太阳，月亮还是那个月亮，天空还是那个天空，大地还是那个大地。	positive
病房外，患儿果果的妈妈殷女士两手交叉，有点紧张。	病房外，患儿果果的妈妈殷女士两手交叉，有点紧张。	positive
同时，对过往群众大力宣传了交通安全知识，为在地农用车驾驶人讲解农用车违法载人切实存在安全隐患，尤其是发生交通事故所造成的严重后果及其社会危害性，劝导和告诫广大群众切莫乘坐农用车出行，使广大群众从根本上认识到宣传农用车违法载人的必要性，有效提高了广大群众的交通法律意识、安全意识和出行意识，切实把农用车交通违法行为消除在萌牙状态，为全力营造安全、有序、畅通的道路交通环境奠定了良好基础。	同时，对过往群众大力宣传了交通安全知识，为在地农用车驾驶人讲解农用车违法载人切实存在安全隐患，尤其是发生交通事故所造成的严重后果及其社会危害性，劝导和告诫广大群众切莫乘坐农用车出行，使广大群众从根本上认识到宣传农用车违法载人的必要性，有效提高了广大群众的交通法律意识、安全意识和出行意识，切实把农用车交通违法行为消除在萌芽状态，为全力营造安全、有序、畅通的道路交通环境奠定了良好基础。	negative
【#澳门确诊女生乘南京关联病例前序航班从珠海飞西安#澳门一家4口确诊当局高度怀疑是在从珠海赴西安航班上受到感染】据澳门特区发布18时34分消息，及综合前述新闻：澳门新型冠状病毒感染应变协调中心表示，确诊女儿于7月22日出现咳嗽，并自称当时症状轻微，没有发烧，当局会跟进其入境健康码的申报情况，瞭解其有否如实申报；此外，亦会联络其学校，详细了解她有否向学校申报健康情况。	【#澳门确诊女生乘南京关联病例前序航班从珠海飞西安#澳门一家4口确诊当局高度怀疑是在从珠海赴西安航班上受到感染】据澳门特区发布18时34分消息，及综合前述新闻：澳门新型冠状病毒感染应变协调中心表示，确诊女儿于7月22日出现咳嗽，并自称当时症状轻微，没有发烧，当局会跟进其入境健康码的申报情况，了解其有否如实申报；此外，亦会联络其学校，详细了解她有否向学校申报健康情况。	negative
赵立坚表示，中尼复交后，双方一致同意尽快互设使馆。	赵立坚表示，中尼复交后，双方一致同意尽快互设使馆。	positive
推动数字技术、生物技术赋能现代农业，打造农业物联网应用先导区、全国数字农业示范区。	推动数字技术、生物技术赋能现代农业，打造农业物联网应用先导区、全国数字农业示范区。	positive
持续实施20项民生工程，扎实推进共同富裕。	持续实施20项民生工程，扎实推进共同富裕。	positive
未来7天哈尔滨市最高气温20+小伙伴们要关注温度变化以防感冒哦历史上的今天最高气温最高气温35.6℃出现在1982年8月3日最低气温最低气温14.0℃出现在1968年8月3日最大降水量最大降水量76.1mm出现在1998年8月3日编　　辑：姜  兵编　　审：景学义监　　制：王伟东气象信息实效性强超出发布当日不得转载转载请注明出处“哈尔滨气象”未经许可禁止擅自修改​​​​	未来7天哈尔滨市最高气温20+小伙伴们要关注温度变化以防感冒哦历史上的今天最高气温最高气温35.6℃出现在1982年8月3日最低气温最低气温14.0℃出现在1968年8月3日最大降水量最大降水量76.1mm出现在1998年8月3日编　　辑：姜  兵编　　审：景学义监　　制：王伟东气象信息时效性强超出发布当日不得转载转载请注明出处“哈尔滨气象”未经许可禁止擅自修改​​​​	negative
焦作公安驰援卫辉，全天侯后勤保障！	焦作公安驰援卫辉，全天候后勤保障！	negative
多所学校以举行升旗仪式的方式庆祝新一年的到来。	多所学校以举行升旗仪式的方式庆祝新一年的到来。	positive
截止8月3日：我会会长刘铁成单位铁成健康向嘉盛华府防疫点免费赠送盒饭100多盒；副会长言莹单位闻雨小院为云龙区疫情一线人员免费赠送盒饭200多盒；常务常务理事谭秀秀单位隐溪别院为大丰社区、学林街道、云龙管委会、天元疾控中心、省直中医院等地免费赠送盒饭600多盒；常务理事文蕾单位文记虾一跳为南塘社区、栗雨街道免费赠送盒饭90多盒；理事刘庆晖单位株洲在线联合胡桃里为疫情一线人员免费赠送盒饭150盒，合计1140盒。	截止8月3日：我会会长刘铁成单位铁成健康向嘉盛华府防疫点免费赠送盒饭100多盒；副会长言莹单位闻雨小院为云龙区疫情一线人员免费赠送盒饭200多盒；常务理事谭秀秀单位隐溪别院为大丰社区、学林街道、云龙管委会、天元疾控中心、省直中医院等地免费赠送盒饭600多盒；常务理事文蕾单位文记虾一跳为南塘社区、栗雨街道免费赠送盒饭90多盒；理事刘庆晖单位株洲在线联合胡桃里为疫情一线人员免费赠送盒饭150盒，合计1140盒。	negative
儿时的阳历年前，家人在赶集时一定会买一本新日历。	儿时的阳历年前，家人在赶集时一定会买一本新日历。	positive
2.候诊时，请您间隔就坐。	2.候诊时，请您间隔就座。	negative
当地民政部门主动登门，给杜开梅家发放了3000元临时救助金，还组织村民帮她家清理了淤泥和山石。	当地民政部门主动登门，给杜开梅家发放了3000元临时救助金，还组织村民帮她家清理了淤泥和山石。	positive
现就本次招标结果公告如下：一、项目名称：宜昌市红十字中心血站宜昌市血液冷链安全保障项目二、项目编号：YCZ1228-202101-01H三、采购预算：人民币1468.00万元四、采购内容：血液冷链设备及软件一批（详见招标文件第三章采购需求）五、公告发布媒体及日期：湖北政府采购网、宜昌公共资源交易信息网，2021年08月03日六、评标信息：评审日期：2021年07月30日评审地点：宜宜昌市公共资源交易中心（政府采购中心）（城东大道2号）904评标委员会：彭万军、佘瑾、刘毅、王家斌、刘本军、袁玉荣、徐亮七、中标信息：中标供应商名称：青岛海尔生物医疗股份有限公司中标供应商地址：青岛经济技术开发区海尔工业园内中标金额元：壹仟肆佰伍拾壹万元14510000.00元主要中标内容：见附件.八、中标通知书领取地址：湖北清秦招标有限公司（宜昌市西陵区夷陵大道72号九州大厦A座22层）九、公告期限：自公告发布之日起1个工作日。	现就本次招标结果公告如下：一、项目名称：宜昌市红十字中心血站宜昌市血液冷链安全保障项目二、项目编号：YCZ1228-202101-01H三、采购预算：人民币1468.00万元四、采购内容：血液冷链设备及软件一批（详见招标文件第三章采购需求）五、公告发布媒体及日期：湖北政府采购网、宜昌公共资源交易信息网，2021年08月03日六、评标信息：评审日期：2021年07月30日评审地点：宜昌市公共资源交易中心（政府采购中心）（城东大道2号）904评标委员会：彭万军、佘瑾、刘毅、王家斌、刘本军、袁玉荣、徐亮七、中标信息：中标供应商名称：青岛海尔生物医疗股份有限公司中标供应商地址：青岛经济技术开发区海尔工业园内中标金额元：壹仟肆佰伍拾壹万元14510000.00元主要中标内容：见附件.八、中标通知书领取地址：湖北清秦招标有限公司（宜昌市西陵区夷陵大道72号九州大厦A座22层）九、公告期限：自公告发布之日起1个工作日。	negative
此时，一名小女孩走到他身边，递上了一瓶矿泉水，说道：“警察叔叔，你们幸苦了，喝点水吧！	此时，一名小女孩走到他身边，递上了一瓶矿泉水，说道：“警察叔叔，你们辛苦了，喝点水吧！	negative
连日来，一批重大工程高质量建设、高标准推进，成果丰硕，捷报频传。	连日来，一批重大工程高质量建设、高标准推进，成果丰硕，捷报频传。	positive
2021年9月末，我国对外资产90566亿美元，较6月末增长0.3%。	2021年9月末，我国对外资产90566亿美元，较6月末增长0.3%。	positive
张大伯把唯一仅存的儿子送去参军。	张大伯把唯一的儿子送去参军。	negative
【#央视曝女主播背后暗藏诈骗团伙#】#央视揭主播冲榜背后猫腻#为能见到网络女主播，有人在网络平台充值几十万元，但是没有想到跟自己甜言蜜语的女主播，其实背后确是一个诈骗团伙。	【#央视曝女主播背后暗藏诈骗团伙#】#央视揭主播冲榜背后猫腻#为能见到网络女主播，有人在网络平台充值几十万元，但是没有想到跟自己甜言蜜语的女主播，其实背后却是一个诈骗团伙。	negative
从科学养殖、建设现代化新牧区，到发展肉奶加工、牧区旅游等，他带动牧民走上一条生态保护与致富增收之路。	从科学养殖、建设现代化新牧区，到发展肉奶加工、牧区旅游等，他带动牧民走上一条生态保护与致富增收之路。	positive
让我们走进训练场看看他们的飒爽英吧！	让我们走进训练场看看他们的飒爽英姿吧！	negative
因此，在新的一年里，我希望人民日报海外版继续精准地向世界传递中国声音，为广大海外华侨华人和对中国文化感兴趣的外国友人提供一个了解中国并能相互交流的平台，增强海外华侨华人群体的凝聚力。	因此，在新的一年里，我希望人民日报海外版继续精准地向世界传递中国声音，为广大海外华侨华人和对中国文化感兴趣的外国友人提供一个了解中国并能相互交流的平台，增强海外华侨华人群体的凝聚力。	positive
总我之爱她，她也爱我	总之我爱她，她也爱我	negative
小型企业PMI为46.5%，比上月下降2个百分点，景气水平依然偏弱。	小型企业PMI为46.5%，比上月下降2个百分点，景气水平依然偏弱。	positive
2022年对于中国将会是更加美好的一年。	2022年对于中国将会是更加美好的一年。	positive
令人揪心的是，“多点开花”的传播链不断暴露出防控薄弱环节：南京疫情初步判断由机场保洁人员接触境外输入病例污染物，或在污染环境中感染所致；扬州多位老人在同一间棋牌室打牌后发病；湖北荆州新增2例确诊系情侣，与淮安旅游团在火车站有交集；郑州六院发生院内感染，疫情源头仍不得知……机场、火车站、棋牌室等公共人群聚集区，成为疫情扩散焦点。	令人揪心的是，“多点开花”的传播链不断暴露出防控薄弱环节：南京疫情初步判断由机场保洁人员接触境外输入病例污染物，或在污染环境中感染所致；扬州多位老人在同一间棋牌室打牌后发病；湖北荆州新增2例确诊系情侣，与淮安旅游团在火车站有交集；郑州六院发生院内感染，疫情源头仍不得而知……机场、火车站、棋牌室等公共人群聚集区，成为疫情扩散焦点。	negative
极端天气阻挡不了对执勤岗位的坚守    夏季的天气变化多段，执勤期间突降暴雨、风雨交加，执勤岗位视野不佳，道路湿滑，执勤危险系数变得更高。	    极端天气阻挡不了对执勤岗位的坚守    夏季的天气变化多端，执勤期间突降暴雨、风雨交加，执勤岗位视野不佳，道路湿滑，执勤危险系数变得更高。	negative
如果不是中国特色，哪有我们今天这么成功的中国特色社会主义道路？	如果不是中国特色，哪有我们今天这么成功的中国特色社会主义道路？	positive
所选的原酒经多年老酒海贮藏老熟，是西凤酒秀雅之本。	所选的原酒经多年老酒海贮藏老熟，是西凤酒秀雅之本。	positive
期待未来大家能在这方寸之间，画绘意、诗传情，共同感受文化的力与美。	期待未来大家能在这方寸之间，画绘意、诗传情，共同感受文化的力与美。	positive
汲取教训，防范未然	汲取教训，防患未然	negative
文章指出，在很大程度上，中国设计和实施技术发展战略的动态性是其取得目前成功的原因。	文章指出，在很大程度上，中国设计和实施技术发展战略的动态性是其取得目前成功的原因。	positive
后续，神舟十三号航天员乘组将投入下一阶段在轨工作任务。	后续，神舟十三号航天员乘组将投入下一阶段在轨工作任务。	positive
昆曲《牡丹亭》、京剧《空城计》、越剧《梁山伯与祝英台》、蒲剧《挂画》、石家庄丝弦《寇准背靴》以传统经典抒写中华美德，尽显中国气派、中国风范。	昆曲《牡丹亭》、京剧《空城计》、越剧《梁山伯与祝英台》、蒲剧《挂画》、石家庄丝弦《寇准背靴》以传统经典抒写中华美德，尽显中国气派、中国风范。	positive
1896年，第一届雅典奥运会中，撑杆跳撑杆跳就已成为正式比赛项目。	1896年，第一届雅典奥运会中，撑杆跳就已成为正式比赛项目。	negative
如出现出现发热、咳嗽、头痛、咽痛、流鼻涕、味（嗅）觉减退、腹泻、乏力等症状，需佩戴一次性医用口罩及以上级别口罩，及时到就近医疗机构的发热门诊进行排查和诊疗，主动告知14天活动轨迹及接触史。	如出现发热、咳嗽、头痛、咽痛、流鼻涕、味（嗅）觉减退、腹泻、乏力等症状，需佩戴一次性医用口罩及以上级别口罩，及时到就近医疗机构的发热门诊进行排查和诊疗，主动告知14天活动轨迹及接触史。	negative
为了帮助外贸企业了解新规则、用好新规则，北京海关针对企业关心的关税减让表、原产地规则等四大类内容，有针对性地组织6轮线上线下RCEP政策宣讲会，编制并向企业发放《RCEP问答小册子》《出口原产地海关业务问答》，助力企业用好协定红利。	为了帮助外贸企业了解新规则、用好新规则，北京海关针对企业关心的关税减让表、原产地规则等四大类内容，有针对性地组织6轮线上线下RCEP政策宣讲会，编制并向企业发放《RCEP问答小册子》《出口原产地海关业务问答》，助力企业用好协定红利。	positive
但作为中国祥瑞文化的重要组成部分，天禄、辟邪无论从何而来，它们都从某个角度见证了中华民族千百年来的发展历程，有助于人们更好地生活，理应得到传承与弘扬。	但作为中国祥瑞文化的重要组成部分，天禄、辟邪无论从何而来，它们都从某个角度见证了中华民族千百年来的发展历程，有助于人们更好地生活，理应得到传承与弘扬。	positive
那些用坚实石块彻成的建筑完全没有奢华与复杂，带着一种奇特而迷人的古朴与厚重感，沁人心脾。	那些用坚实石块砌成的建筑完全没有奢华与复杂，带着一种奇特而迷人的古朴与厚重感，沁人心脾。	negative
这一年，大家付出了，奉献了，也收获了。	这一年，大家付出了，奉献了，也收获了。	positive
他正在工作，请勿要打扰。	他正在工作，请勿打扰。	negative
它热情讴歌了中华民族源远流长的灿烂历史，赞美了中国人民不屈不饶的斗争精神，展示了一幅英勇抗日的壮烈图景。	它热情讴歌了中华民族源远流长的灿烂历史，赞美了中国人民不屈不挠的斗争精神，展示了一幅英勇抗日的壮烈图景。	negative
在面临考验时，所有人都展现出了内心善良的一面。	在面临考验时，所有人都展现出了内心善良的一面。	positive
我要当好新型农民，不仅自己坚持保护性耕种技术，还要把先进的农机农技推广给更多人，一起努力守好这片黑土地。	我要当好新型农民，不仅自己坚持保护性耕种技术，还要把先进的农机农技推广给更多人，一起努力守好这片黑土地。	positive
上海港国际中转枢纽地位进一步凸显。	上海港国际中转枢纽地位进一步凸显。	positive
坚持人民至上、坚持民有所呼、我有所应，聚焦人民对美好生活的向往，从最困难的群体入手、从最突出的问题抓起、从最现实的利益出发，扎实开展好“我为群众办实事”实践活动，解决好人民“急难愁盼”问题，让人民群众感受到市委、政府的关怀和温度；要矢志不移的发扬斗争精神，始终筑牢防范化解重大风险坚固防线；要矢志不移做好率先垂范，始终团结带领全市上下担当实干、奋勇争先。	坚持人民至上、坚持民有所呼、我有所应，聚焦人民对美好生活的向往，从最困难的群体入手、从最突出的问题抓起、从最现实的利益出发，扎实开展好“我为群众办实事”实践活动，解决好人民“急难愁盼”问题，让人民群众感受到市委、市政府的关怀和温度；要矢志不移的发扬斗争精神，始终筑牢防范化解重大风险坚固防线；要矢志不移做好率先垂范，始终团结带领全市上下担当实干、奋勇争先。	negative
双方在国际和地区事务中密切协作，践行真正的多边主义，坚守和平、发展、公平、正义、民主、自由的全人类共同价值，为纷繁复杂的国际形势注入宝贵的稳定性和正能量。	双方在国际和地区事务中密切协作，践行真正的多边主义，坚守和平、发展、公平、正义、民主、自由的全人类共同价值，为纷繁复杂的国际形势注入宝贵的稳定性和正能量。	positive
张启胜对绘画艺术的评价可谓入木三分，从绘画的艺术内涵中概括了徐坤先生绘画艺术的精髄，不得不让人为之敬佩。	张启胜对绘画艺术的评价可谓入木三分，从绘画的艺术内涵中概括了徐坤先生绘画艺术的精髓，不得不让人为之敬佩。	negative
年轻人没有见过以前的人物、事物、情景，无法体验当年的生活，自然也无相应的感受，以致于以讹传讹、张冠李戴；而老照片则把真相呈现在大家面前，使之能直观、真实、准确地了解几十年前的人物、事物、环境、氛围、风貌等等，从而对那个时代有比较准确的认识和判断，颇有茅塞顿开之感。	年轻人没有见过以前的人物、事物、情景，无法体验当年的生活，自然也无相应的感受，以至于以讹传讹、张冠李戴；而老照片则把真相呈现在大家面前，使之能直观、真实、准确地了解几十年前的人物、事物、环境、氛围、风貌等等，从而对那个时代有比较准确的认识和判断，颇有茅塞顿开之感。	negative
如今，乡村旅游已成为田铺大塆的主要支柱产业。	如今，乡村旅游已成为田铺大塆的主要支柱产业。	positive
目前正收集牧民们意见，准备相关提案，将大家的心声带到全国两会。	目前正收集牧民们意见，准备相关提案，将大家的心声带到全国两会。	positive
本报记者深入农田、企业、社区、学校、医院、军营、科研院所采访各地干部群众，他们谈认识、谈体会、谈作为，奋进新征程的信心更加坚定。	本报记者深入农田、企业、社区、学校、医院、军营、科研院所采访各地干部群众，他们谈认识、谈体会、谈作为，奋进新征程的信心更加坚定。	positive
这种战略性的角色转换符合符合中国自身的发展需求，也是对外开放战略的要求。	这种战略性的角色转换符合中国自身的发展需求，也是对外开放战略的要求。	negative
阐述了宏观审慎政策框架的主要内容，包括宏观审慎政策目标、系统性金融风险评估、宏观审慎政策工具、传导机制和治理机制等；	阐述了宏观审慎政策框架的主要内容，包括宏观审慎政策目标、系统性金融风险评估、宏观审慎政策工具、传导机制和治理机制等；	positive
图片营地的经营者还为大家提供了免费的嗨歌环境与设备，你可以在这里对酒高歌，体验高原的豪情与奔放。	图片营地的经营者还为大家提供了免费的嗨歌环境与设备，你可以在这里对酒当歌，体验高原的豪情与奔放。	negative
一起包饺子，一起守岁，一起读书，一起成长。	一起包饺子，一起守岁，一起读书，一起成长。	positive
境内古茶树广布，类型多样、茶资源丰富。	境内古茶树广布，类型多样、茶资源丰富。	positive
#声动濮大#在这种特殊时期，我们不仅要提高警惕，做好防护，还要放平心态，在紧张的时候不方听听音乐放松一下。	#声动濮大#在这种特殊时期，我们不仅要提高警惕，做好防护，还要放平心态，在紧张的时候不妨听听音乐放松一下。	negative
每周二、周六，院里都有传统皮影戏艺人演出，节假日时还有专场演出。	每周二、周六，院里都有传统皮影戏艺人演出，节假日时还有专场演出。	positive
”现场的群众啧啧称道。	”现场的群众啧啧称赞。	negative
电影是集体创作，每一个奖项都凝聚着团队的智慧和努力。	电影是集体创作，每一个奖项都凝聚着团队的智慧和努力。	positive
接警后我大队巡逻人员迅速赶赴现场进行处置，为防止树木再次倒塌伤及行人及车辆，巡逻民警立即展开对周边交通秩序的维持，疏导车辆行人绕道通行，同时通知119干到现场处置，后期后期经过半小时的处置，道路回复畅通。	接警后我大队巡逻人员迅速赶赴现场进行处置，为防止树木再次倒塌伤及行人及车辆，巡逻民警立即展开对周边交通秩序的维持，疏导车辆行人绕道通行，同时通知119赶到现场处置，后期后期经过半小时的处置，道路回复畅通。	negative
向着更高目标进发，尤需我们踔厉奋发、笃行不怠。	向着更高目标进发，尤需我们踔厉奋发、笃行不怠。	positive
新的一年，胸怀天下、面向未来的中国，将以更开阔的格局、更高远的志向、更坚定的行动同各国携手前行，为充满不稳定性不确定性的世界走向光明未来贡献力量。	新的一年，胸怀天下、面向未来的中国，将以更开阔的格局、更高远的志向、更坚定的行动同各国携手前行，为充满不稳定性不确定性的世界走向光明未来贡献力量。	positive
2021年，我们隆重庆祝中国共产党成立100周年。	2021年，我们隆重庆祝中国共产党成立100周年。	positive
然而，新的时代绝非在自然演进的逻辑中到来，新的思想也绝非在轻松顺利的条件下创立。	然而，新的时代绝非在自然演进的逻辑中到来，新的思想也绝非在轻松顺利的条件下创立。	positive
《穿过寒冬拥抱你》把握时代的脉动，领悟人民的心声，传递人间的真、善、美，表现出格外温暖的力量和深沉的魅力。	《穿过寒冬拥抱你》把握时代的脉动，领悟人民的心声，传递人间的真、善、美，表现出格外温暖的力量和深沉的魅力。	positive
“一片三坊七巷，半部中国近代史”，作为第44届世界遗产大会重要文化体验项目之一，《寻梦·坊巷》沉浸式演出为夜游三坊七巷的新朋旧友“召唤”出了沈葆桢、王审知、蔡襄、冰心……在亦真亦幻的古厝间，听他们隔空对话，甚至合唱歌曲；飞舞的龙灯鱼灯指引大家穿过风雨廊，涌到街头集市，纸扇、茉莉花茶、寿山石雕等优秀的非遗作品和传统民俗目不暇接；百年榕树下，祈福的鼓声隆隆向天，撑着油纸伞的姑娘在衣锦坊中舞姿妙曼……演出利用声、光、电等多媒体技术，为大家圆了一个相遇的梦，也筑造了一个未来的梦。	“一片三坊七巷，半部中国近代史”，作为第44届世界遗产大会重要文化体验项目之一，《寻梦·坊巷》沉浸式演出为夜游三坊七巷的新朋旧友“召唤”出了沈葆桢、王审知、蔡襄、冰心……在亦真亦幻的古厝间，听他们隔空对话，甚至合唱歌曲；飞舞的龙灯鱼灯指引大家穿过风雨廊，涌到街头集市，纸扇、茉莉花茶、寿山石雕等优秀的非遗作品和传统民俗目不暇接；百年榕树下，祈福的鼓声隆隆向天，撑着油纸伞的姑娘在衣锦坊中舞姿妙曼……演出利用声、光、电等多媒体技术，为大家圆了一个相遇的梦，也铸造了一个未来的梦。	negative
4.某些传染病、热病、昏迷、中风、恶性肿瘤、化脓性疾病患者或身体极度衰竭、形瘦骨立者等忌灸。	4.某些传染病、热病、昏迷、中风、恶性肿瘤、化脓性疾病患者或身体极度衰竭、形销骨立者等忌灸。	negative
晒场为圆形，平坦开阔，村民来到这里晒制食材，制作食物。	晒场为圆形，平坦开阔，村民来到这里晒制食材，制作食物。	positive
吃到八成饱，一碗热气腾腾的阿羹汤端上来，浓香扑面，既滋补又好喝。	吃到八成饱，一碗热气腾腾的阿羹汤端上来，浓香扑面，既滋补又好喝。	positive
关税优惠立即落地，企业得实惠1月1日上午，位于江苏省徐州市的徐工工程机械集团进出口有限公司通过南京海关审核认定，成为RCEP实施后全国首批经核准出口商，并随即为其即将出口泰国的一台混凝土搅拌机开具了全国首份RCEP项下原产地声明。	关税优惠立即落地，企业得实惠1月1日上午，位于江苏省徐州市的徐工工程机械集团进出口有限公司通过南京海关审核认定，成为RCEP实施后全国首批经核准出口商，并随即为其即将出口泰国的一台混凝土搅拌机开具了全国首份RCEP项下原产地声明。	positive
在那期间，又受教于赖少奇、孙其峰、韩美林等绘画前辈，并得到数次现场指教，且收益匪浅，使徐坤的国画、花鸟画有了突飞猛进的提高。	在那期间，又受教于赖少奇、孙其峰、韩美林等绘画前辈，并得到数次现场指教，且受益匪浅，使徐坤的国画、花鸟画有了突飞猛进的提高。	negative
在重重挑战下，上海港集装箱吞吐量实现逆势上扬，为保障全球物流链供应链畅通作出不可替代的贡献。	在重重挑战下，上海港集装箱吞吐量实现逆势上扬，为保障全球物流链供应链畅通作出不可替代的贡献。	positive
1981年，这面旗帜由老一辈电影工作者擎起。	1981年，这面旗帜由老一辈电影工作者擎起。	positive
我们唯有踔厉奋发、笃行不怠，方能不负历史、不负时代、不负人民。	我们唯有踔厉奋发、笃行不怠，方能不负历史、不负时代、不负人民。	positive
最后，祝您在共产主义天堂上安祥永乐、福寿万年！	最后，祝您在共产主义天堂上安详永乐、福寿万年！	negative
为支持全南对接融入粤港澳大湾区，着力建设承接大湾区电子信息产业转移基地、服务大湾区的重要旅游目的地、面向大湾区优质农副产品直供基地，商务部不余遗力。	为支持全南对接融入粤港澳大湾区，着力建设承接大湾区电子信息产业转移基地、服务大湾区的重要旅游目的地、面向大湾区优质农副产品直供基地，商务部不遗余力。	negative
2020年，新疆城镇居民人均可支配收入34838元，是2010年的2.41倍；	2020年，新疆城镇居民人均可支配收入34838元，是2010年的2.41倍；	positive
制定茶产业发展规划，到2025年底，贵州全省茶园面积稳定在750万亩以上、其中投产茶园面积650万亩以上；	制定茶产业发展规划，到2025年底，贵州全省茶园面积稳定在750万亩以上、其中投产茶园面积650万亩以上；	positive
如今有个圆满的结局，沈琼长抒了一口气，如释重负，“终于过去了，可以睡个好觉了。	如今有个圆满的结局，沈琼长舒了一口气，如释重负，“终于过去了，可以睡个好觉了。	negative
中国疾控中心研究员冯子健在7月31日国务院国务院联防联控机制举行的疫情防控和新冠病毒疫苗接种发布会上表示，德尔塔毒株的传播方式并没有发生变化，仍是通过呼吸道飞沫传播，接触污染物传播，空气传播或者叫气溶胶传播。	中国疾控中心研究员冯子健在7月31日国务院联防联控机制举行的疫情防控和新冠病毒疫苗接种发布会上表示，德尔塔毒株的传播方式并没有发生变化，仍是通过呼吸道飞沫传播，接触污染物传播，空气传播或者叫气溶胶传播。	negative
党的伟大不在于不犯错误，而在于从不讳疾忌医，积极开展批评和自我批评，敢于直面问题，勇于自我革命。	党的伟大不在于不犯错误，而在于从不讳疾忌医，积极开展批评和自我批评，敢于直面问题，勇于自我革命。	positive
同时继续加强封闭疫点、集中隔离点规范运行管理和封控区消杀工作，并加快快疫苗接种工作。	同时继续加强封闭疫点、集中隔离点规范运行管理和封控区消杀工作，并加快疫苗接种工作。	negative
抽纱刺绣曾出口欧州多个国家，产品多次参加广交会。	抽纱刺绣曾出口欧洲多个国家，产品多次参加广交会。	negative
其中在高升桥路口、衣冠庙、大学路口等重要节点运用向日葵、一品红、海棠等10余种，共计18万余盆景观花卉，营造喜庆祥和的城市绿化氛围；在一环路、二环路沿线及小区院落、沿街商铺和社区服务中心等区域开展“花惠万家”活动，累积免费为广大市民提供3.1万盆鲜花，让人民群众共享绿色生活福祉；在高升桥路（七道堰至二环路口）分车带、佳灵路（二环路口至中环路口）分车带、航空路与科华中路交叉口绿地、浆洗街分车带等主要出入城通道和路段分车带点位栽植醉蝶花、孔雀草、彩叶草等共计11.2万余盆，营造出绿意盎然的夏日景观。	其中在高升桥路口、衣冠庙、大学路口等重要节点运用向日葵、一品红、海棠等10余种，共计18万余盆景观花卉，营造喜庆祥和的城市绿化氛围；在一环路、二环路沿线及小区院落、沿街商铺和社区服务中心等区域开展“花惠万家”活动，累计免费为广大市民提供3.1万盆鲜花，让人民群众共享绿色生活福祉；在高升桥路（七道堰至二环路口）分车带、佳灵路（二环路口至中环路口）分车带、航空路与科华中路交叉口绿地、浆洗街分车带等主要出入城通道和路段分车带点位栽植醉蝶花、孔雀草、彩叶草等共计11.2万余盆，营造出绿意盎然的夏日景观。	negative
每天早、中、晚定时对市委政府办公大楼等公共区域的公共设施进行清洁和消杀。	每天早、中、晚定时对市委市政府办公大楼等公共区域的公共设施进行清洁和消杀。	negative
谋发展、心系苍生：推动发展是人类社会的永恒追求，安居乐业是各国人民的共同愿望。	谋发展、心系苍生：推动发展是人类社会的永恒追求，安居乐业是各国人民的共同愿望。	positive
江苏省长吴政隆日前到扬州检查指导疫情防控工作，他说这次扬州疫情发生早、发现比较晚，在人员聚集的密闭场所，老年人居多，现在情况尚未见底。	江苏省省长吴政隆日前到扬州检查指导疫情防控工作，他说这次扬州疫情发生早、发现比较晚，在人员聚集的密闭场所，老年人居多，现在情况尚未见底。	negative
在RCEP项下，成员国企业生产使用的其他成员国原产材料，均可视为原产材料累积增加原产价值成分比例，使成员国间出口产品更容易达到享惠门槛。	在RCEP项下，成员国企业生产使用的其他成员国原产材料，均可视为原产材料累积增加原产价值成分比例，使成员国间出口产品更容易达到享惠门槛。	positive
2021年，无论是在中国共产党历史上，还是在中华民族历史上，都是具有里程碑意义的一年。	2021年，无论是在中国共产党历史上，还是在中华民族历史上，都是具有里程碑意义的一年。	positive
广州海关通过线上培训、现场指导等多种形式，为企业提供专业化政策解读。	广州海关通过线上培训、现场指导等多种形式，为企业提供专业化政策解读。	positive
过去几十年，随着经济全球化的深入推进，世界早已成为一个你中有我、我中有你的地球村。	过去几十年，随着经济全球化的深入推进，世界早已成为一个你中有我、我中有你的地球村。	positive
品其味，味醇鲜美、入口滑润、回味甘甜。	品其味，味醇鲜美、入口滑润、回味甘甜。	positive
金鸡奖在电影界所具有的权威性和影响力，与这样的原则分不开。	金鸡奖在电影界所具有的权威性和影响力，与这样的原则分不开。	positive
会上公布了希腊总统卡特里娜·萨克拉罗普卢致《文明》杂志社的贺信。	会上公布了希腊总统卡特里娜·萨克拉罗普卢致《文明》杂志社的贺信。	positive
田铺大塆的乡村旅游日益红火，吸引大批游客来到这里参观体验。	田铺大塆的乡村旅游日益红火，吸引大批游客来到这里参观体验。	positive
发展至今居民尽然还要为吃饭的问题发愁，寻遍管理机关只会踢皮球。	发展至今居民竟然还要为吃饭的问题发愁，寻遍管理机关只会踢皮球。	negative
孙悟空大闹天宫后，他又来到西天路上，壮大自己的实力。	孙悟空大闹天宫后，他又来到西天路上，壮大自己的实力。	positive
我也期待人民日报海外版邀请来自世界各地、各行各业以及各个年龄段的外国友人来讲述他们眼中的中国，通过他们在中国的所见所闻及独特经历，向世界传递更多生动且丰富多彩的中国故事。	我也期待人民日报海外版邀请来自世界各地、各行各业以及各个年龄段的外国友人来讲述他们眼中的中国，通过他们在中国的所见所闻及独特经历，向世界传递更多生动且丰富多彩的中国故事。	positive
85.部分参加残疾人马术盛装舞步比赛的运动员可以使用辅助器材，如无法抓住降生，可以在马鞍前部安装一个柔软的把守。	85.部分参加残疾人马术盛装舞步比赛的运动员可以使用辅助器材，如无法抓住缰绳，可以在马鞍前部安装一个柔软的把守。	negative
近几年，田铺大塆建设现代化的配套设施，硬化道路，构建5G网络，整修河道池塘，种植桂花、紫藤等树种。	近几年，田铺大塆建设现代化的配套设施，硬化道路，构建5G网络，整修河道池塘，种植桂花、紫藤等树种。	positive
我们要绷紧疫情防控这根弦，确保防控不松懈、疫情不反弹。	我们要绷紧疫情防控这根弦，确保防控不松懈、疫情不反弹。	positive
在这个创业的过程当中也是培养学生的过程当中，我们会遇到一些困难，但是我们不怕困难，因为教师圣神的职责使我们必须担负起这个使命和责任，我们一定会乘风破浪，去帮助学生，把每一个学生当成自己的孩子，真正地投入到教育事业中，真正地关心学生，爱护学生。	在这个创业的过程当中也是培养学生的过程当中，我们会遇到一些困难，但是我们不怕困难，因为教师神圣的职责使我们必须担负起这个使命和责任，我们一定会乘风破浪，去帮助学生，把每一个学生当成自己的孩子，真正地投入到教育事业中，真正地关心学生，爱护学生。	negative
专题组织开展“以案为戒、以案示警、以案促改、以案正风”主题党日活动，全面深化“三清”“正风肃纪反腐扬清风凝心聚力奋进新征程”警示教育活动，举办“修身律已、廉洁齐家”警示教育会、巡回宣讲、“廉内助”座谈会，深刻剖析违纪违法党员民警、领导干部和扫黑除恶等工作的反面典型，2.3万余人次接受廉政警示教育，以防“破纪”来防“破法”，增强警示教育效果。	专题组织开展“以案为戒、以案示警、以案促改、以案正风”主题党日活动，全面深化“三清”“正风肃纪反腐扬清风凝心聚力奋进新征程”警示教育活动，举办“修身律己、廉洁齐家”警示教育会、巡回宣讲、“廉内助”座谈会，深刻剖析违纪违法党员民警、领导干部和扫黑除恶等工作的反面典型，2.3万余人次接受廉政警示教育，以防“破纪”来防“破法”，增强警示教育效果。	negative
夏秋之际，天气依然炎热，但又逐渐变得干燥，孩子有时候会感到口感舌燥，就可以用乌梅煎汤作为饮品服用，祛暑解渴。	夏秋之际，天气依然炎热，但又逐渐变得干燥，孩子有时候会感到口干舌燥，就可以用乌梅煎汤作为饮品服用，祛暑解渴。	negative
讲话指出，要坚持自我革命，确保党不变质、不变色、不变味。	讲话指出，要坚持自我革命，确保党不变质、不变色、不变味。	positive
一个人走过了青山绿水，经过了人情冷暖，体味过了五味杂尘，心中便多了一份厚重。	一个人走过了青山绿水，经过了人情冷暖，体味过了五味杂陈，心中便多了一份厚重。	negative
内贸集装箱吞吐量超过630万标准箱，同比增长约2.3%。	内贸集装箱吞吐量超过630万标准箱，同比增长约2.3%。	positive
初衷再“善良”，如果做事不顾手段，甚至突破法律底线，同样要受到制裁。	初衷再“善良”，如果做事不择手段，甚至突破法律底线，同样要受到制裁。	negative
本旬裕民、托里、和布克赛尔各出现一次偏西大风，瞬间极大风速分别为为22.4ms、18.3ms、20.6ms。	本旬裕民、托里、和布克赛尔各出现一次偏西大风，瞬间极大风速分别为22.4ms、18.3ms、20.6ms。	negative
内江市中区、东兴区、隆昌市，	内江市市中区、东兴区、隆昌市，	negative
#醉汉连续3次跳楼累惨消防员#】援引天津消防消息：8月20日，天津北辰，一男子醉酒后一而再再三跑到高处跳“楼”，消防员刚归队又出警，轮番上阵，反复救援其三次。	#醉汉连续3次跳楼累惨消防员#】援引天津消防消息：8月20日，天津北辰，一男子醉酒后一而再再而三跑到高处跳“楼”，消防员刚归队又出警，轮番上阵，反复救援其三次。	negative
以往妇女和小孩子们所遭受的惨痛特甚，日寇在伪满统治时期，实行配给制，有劳动力供日寇奴役的男子所获到的配给粮，不足糊口，妇女和小孩长年忍饥挨饿用豆饼和糠秕充饥，或采野菜山果来饱腹。	以往妇女和小孩子们所遭受的惨痛特甚，日寇在伪满统治时期，实行配给制，有劳动力供日寇奴役的男子所获得的配给粮，不足糊口，妇女和小孩长年忍饥挨饿用豆饼和糠秕充饥，或采野菜山果来饱腹。	negative
人生的道路上，走的远比走的快重要的多，坚持下去，总会绽放晚安\uD83D\uDCA4#晚安#​​	人生的道路上，走的远比走得快重要的多，坚持下去，总会绽放晚安\uD83D\uDCA4#晚安#​​	negative
以茶弘文、以茶兴业、以茶惠民，为茶农谋利、为饮者造福。	以茶弘文、以茶兴业、以茶惠民，为茶农谋利、为饮者造福。	positive
3.请市民非必要不去往中高风险地区，若必需前往，要向所在单位、社区（村屯）做好提前报备，同时做好个人防护。	3.请市民非必要不去往中高风险地区，若必须前往，要向所在单位、社区（村屯）做好提前报备，同时做好个人防护。	negative
冬日的贵州天气寒冷，却又蕴含生机。	冬日的贵州天气寒冷，却又蕴含生机。	positive
天禄、辟邪，是中国古代汉族传说中的神兽，有辟邪、守护、吉祥、平安、高贵、尊严等精神内涵。	天禄、辟邪，是中国古代汉族传说中的神兽，有辟邪、守护、吉祥、平安、高贵、尊严等精神内涵。	positive
作为一部反映抗美援朝战争的影片，《跨过鸭绿江》将重大历史题材与重大历史主题结合在一起，将对抗美援朝的历史叙述和艺术再现建立在正确的历史观和战争观之上。	作为一部反映抗美援朝战争的影片，《跨过鸭绿江》将重大历史题材与重大历史主题结合在一起，将对抗美援朝的历史叙述和艺术再现建立在正确的历史观和战争观之上。	positive
2022年1月1日是新医保目录实施的首日。	2022年1月1日是新医保目录实施的首日。	positive
​教育部副部长、中国联合国教科文组织全国委员会主任、第44届世界遗产大会主席田学军在接受记者採访时表示，世界遗产委员会一致决定将“泉州：宋元中国的世界海洋商贸中心”列入《世界遗产名录》，体现了世界遗产委员会对泉州作为宋元中国杰出的对外经济与文化交流窗口、海上丝绸之路重要节点以及世界海洋贸易中心港口杰出范例所具有的突出普遍价值的高度肯定，也体现了国际社会对泉州项目在推动文明交流互鉴、促进可持续发展、构建人类命运共同体方面具有的现实意义和历史价值的高度认同。	​教育部副部长、中国联合国教科文组织全国委员会主任、第44届世界遗产大会主席田学军在接受记者采访时表示，世界遗产委员会一致决定将“泉州：宋元中国的世界海洋商贸中心”列入《世界遗产名录》，体现了世界遗产委员会对泉州作为宋元中国杰出的对外经济与文化交流窗口、海上丝绸之路重要节点以及世界海洋贸易中心港口杰出范例所具有的突出普遍价值的高度肯定，也体现了国际社会对泉州项目在推动文明交流互鉴、促进可持续发展、构建人类命运共同体方面具有的现实意义和历史价值的高度认同。	negative
女儿的小车，载着城市的寒气，儿子的行李，驮回江南的暖阳。	女儿的小车，载着城市的寒气，儿子的行李，驮回江南的暖阳。	positive
没有中国共产党，就没有新中国，就没有中华民族伟大复兴。	没有中国共产党，就没有新中国，就没有中华民族伟大复兴。	positive
发布《指引》是建立健全中国宏观审慎政策框架的重要举措，有助于构建运行顺畅的宏观审慎治理机制，推动形成统筹协调的系统性金融风险防范化解体系，促进金融体系健康发展。	发布《指引》是建立健全中国宏观审慎政策框架的重要举措，有助于构建运行顺畅的宏观审慎治理机制，推动形成统筹协调的系统性金融风险防范化解体系，促进金融体系健康发展。	positive
2020年3月，宁波舟山港，春寒料峭。	2020年3月，宁波舟山港，春寒料峭。	positive
采购需求：医疗设备一批，具体内容详见招标文件合同履行期限：签订合同后中标单位在20天内供货及安装本项目不接受接受联合体投标。	采购需求：医疗设备一批，具体内容详见招标文件合同履行期限：签订合同后中标单位在20天内供货及安装本项目不接受联合体投标。	negative
实践团成员成员表示将会在未来开展更广泛的科普宣讲活动，让广大人民群众认识到实行垃圾分类的重要性和必要性，让更多人行动起来，培养垃圾分类的好习惯。	实践团成员表示将会在未来开展更广泛的科普宣讲活动，让广大人民群众认识到实行垃圾分类的重要性和必要性，让更多人行动起来，培养垃圾分类的好习惯。	negative
如若存在强奸多人，强奸不满十四周岁幼女，在公共场所当众强奸妇女、奸淫幼女，二人以上轮奸等情形，则可能会被判处处十年以上有期徒刑、无期徒刑或者死刑。	如若存在强奸多人，强奸不满十四周岁幼女，在公共场所当众强奸妇女、奸淫幼女，二人以上轮奸等情形，则可能会被判处十年以上有期徒刑、无期徒刑或者死刑。	negative
我们这样一个有着9500多万党员的大党，必须有一个坚强的领导核心。	我们这样一个有着9500多万党员的大党，必须有一个坚强的领导核心。	positive
夏天入口有丝丝甘甜，冬天品之含微微暖意，冲茶熬汤，提香增味。	夏天入口有丝丝甘甜，冬天品之含微微暖意，冲茶熬汤，提香增味。	positive
受其影响，4日我市阴天有中雨，局地大到暴雨，琼州海峡和本岛东部海面风力风力6级、阵风7级、雷雨时阵风8～9级。	受其影响，4日我市阴天有中雨，局地大到暴雨，琼州海峡和本岛东部海面风力6级、阵风7级、雷雨时阵风8～9级。	negative
元旦当天，培侨中学、香港教育工作者联会黄楚标中学等学校也举行了升旗礼。	元旦当天，培侨中学、香港教育工作者联会黄楚标中学等学校也举行了升旗礼。	positive
新乡市青联医疗志愿服务队为安置点受灾群众提供医疗救治新乡县税务局青年开展“青税最前线”志愿志愿服务活动，为因暴雨受灾企业开辟“复工复产绿色通道”“纳税服务应急窗口”，并全程“陪办”。	新乡市青联医疗志愿服务队为安置点受灾群众提供医疗救治新乡县税务局青年开展“青税最前线”志愿服务活动，为因暴雨受灾企业开辟“复工复产绿色通道”“纳税服务应急窗口”，并全程“陪办”。	negative
中华文化的缔造者伏羲、道家文化的创立者老子、儒家文化的开创者孔子、集儒释道于大成的王阳明等，古圣先贤一脉相承的汉文化在当代的集中表现形式就是汉娃龙子。	中华文化的缔造者伏羲、道家文化的创立者老子、儒家文化的开创者孔子、集儒释道于大成的王阳明等，古圣先贤一脉相承的汉文化在当代的集中表现形式就是汉娃龙子。	positive
在这部英雄的赞歌里，影片主人公都是普普通通的快递员、外卖骑手、钢琴老师、饭店经营者等等，正是发生在这样一群普通人中间的温暖故事，真实温情，充满烟火气，闪烁着人间的真、善、美。	在这部英雄的赞歌里，影片主人公都是普普通通的快递员、外卖骑手、钢琴老师、饭店经营者等等，正是发生在这样一群普通人中间的温暖故事，真实温情，充满烟火气，闪烁着人间的真、善、美。	positive
自我革命，犹如拿起手术刀给自己动手术，刮骨疗毒才能去腐生肌。	自我革命，犹如拿起手术刀给自己动手术，刮骨疗毒才能去腐生肌。	positive
十四运会和残特奥会大幕正在徐徐拉开，广大志愿者即将精彩亮相，越是此时，越要敬终如始，越要防微杜渐。	十四运会和残特奥会大幕正在徐徐拉开，广大志愿者即将精彩亮相，越是此时，越要慎终如始，越要防微杜渐。	negative
有些时候，特别是节假日，当一个人在家，忍受孤独与寂寞的时候;当生病，自己的爱人却不能陷伴在身边的时候;当工作忙碌、家事繁琐，丈夫又不能搭把手的时候;她就要承受这一切的一切，她用自已的实际行动诠释了警嫂的含义，这是一种奉献、一种责任、更是一种品质。	有些时候，特别是节假日，当一个人在家，忍受孤独与寂寞的时候;当生病，自己的爱人却不能陷伴在身边的时候;当工作忙碌、家事繁琐，丈夫又不能搭把手的时候;她就要承受这一切的一切，她用自己的实际行动诠释了警嫂的含义，这是一种奉献、一种责任、更是一种品质。	negative
陈主任讲到，禁渔期时是海渔局抓捕非法补捞最严格的时候，往往采用海陆结合的方式抓起，从源头抓起展开行动，大大加强了对海洋生态和渔业资源的保护和发展。	陈主任讲到，禁渔期时是海渔局抓捕非法捕捞最严格的时候，往往采用海陆结合的方式抓起，从源头抓起展开行动，大大加强了对海洋生态和渔业资源的保护和发展。	negative
指出了河长制工作无专项经费，无专项河道管理人员工资，乡政府及各村的垃圾分类收集站点无专用转运车，乡政府及多利多卡寺目前尚未配备环卫工人，垃圾填埋场垃圾处理周期长相比低温处理站有诸多弊端，卫生院缺乏缺乏专业人员及医护人员流失等问题，并提出了意见建议。	指出了河长制工作无专项经费，无专项河道管理人员工资，乡政府及各村的垃圾分类收集站点无专用转运车，乡政府及多利多卡寺目前尚未配备环卫工人，垃圾填埋场垃圾处理周期长相比低温处理站有诸多弊端，卫生院缺乏专业人员及医护人员流失等问题，并提出了意见建议。	negative
预计：明天夜里到6号白天，多云到阴，部分地区有分散型阵雨或雷雨。	预计：明天夜里到6号白天，多云到阴，部分地区有分散性阵雨或雷雨。	negative
如今，林场新配备了森林防火观测定位仪。	如今，林场新配备了森林防火观测定位仪。	positive
2021年是中国共产党建党100周年。	2021年是中国共产党建党100周年。	positive
2021年1至11月，两岸贸易总额2982.8亿美元，同比增长27.3%。	2021年1至11月，两岸贸易总额2982.8亿美元，同比增长27.3%。	positive
六、温馨提示如对入馆要求有所疑问，请拨打咨询电话电话：0591—83983253。	六、温馨提示如对入馆要求有所疑问，请拨打咨询电话：0591—83983253。	negative
平潭站的夜晚，站内灯火通明，人潮涌动，铁路工作人员有条不絮的引导旅客进出站，确保旅客有序乘降，安全候车！	平潭站的夜晚，站内灯火通明，人潮涌动，铁路工作人员有条不紊的引导旅客进出站，确保旅客有序乘降，安全候车！	negative
联合国秘书长古特雷斯表示，中国是联合国的可靠伙伴和国际合作的中流砥柱，中国对国际多边体系至关重要。	联合国秘书长古特雷斯表示，中国是联合国的可靠伙伴和国际合作的中流砥柱，中国对国际多边体系至关重要。	positive
2020年1月22日，疫魔当前，千钧一发。	2020年1月22日，疫魔当前，千钧一发。	positive
#童年#【消防版“童年”】颜值担当的消防蓝朋友来了来了，他们的叮嘱你记住了吗？	#童年#【消防版“童年”】颜值担当的消防蓝朋友来了，他们的叮嘱你记住了吗？	negative
中国垂范先行、持之以恒，为全球抗疫合作开辟前行之路。	中国垂范先行、持之以恒，为全球抗疫合作开辟前行之路。	positive
消防员对车门进行破拆，并使用使用液压工具进行顶撑，使用牵引绳牵引车头，扩大救援空间，被困者被成功救出。	消防员对车门进行破拆，并使用液压工具进行顶撑，使用牵引绳牵引车头，扩大救援空间，被困者被成功救出。	negative
这让我们能够深入探讨俄中关系的发展。	这让我们能够深入探讨俄中关系的发展。	positive
3.彬州市办公厅发布疫情防控升级紧急通知？	3.彬州市委办公厅发布疫情防控升级紧急通知？	negative
让影像讲好历史故事，成为镌刻中华民族伟大历史的闪光铭文，使我们的后代通过一系列历史题材影片铭记历史。	让影像讲好历史故事，成为镌刻中华民族伟大历史的闪光铭文，使我们的后代通过一系列历史题材影片铭记历史。	positive
如今，47个茶叶主产县茶园均建立了来源清晰、去向可查的可追溯系统。	如今，47个茶叶主产县茶园均建立了来源清晰、去向可查的可追溯系统。	positive
今年的新年戏曲晚会15个戏曲剧种欢聚一堂，以传统艺术的时代诠释和名家新秀的精彩演绎，营造祥和喜庆的节日氛围，展现中国戏曲生机勃勃薪火相传的崭新气象，激发广大人民群众意气风发迈进新征程，奋斗新时代。	今年的新年戏曲晚会15个戏曲剧种欢聚一堂，以传统艺术的时代诠释和名家新秀的精彩演绎，营造祥和喜庆的节日氛围，展现中国戏曲生机勃勃薪火相传的崭新气象，激发广大人民群众意气风发迈进新征程，奋斗新时代。	positive
但要看到，根治畸形“饭圈文化”，决非罚几个人、关几个号那么简单，只要“流量至上”的逻辑不改变，各种博眼球的操作就不会止息。	但要看到，根治畸形“饭圈文化”，绝非罚几个人、关几个号那么简单，只要“流量至上”的逻辑不改变，各种博眼球的操作就不会止息。	negative
党的十八大后，国际格局加速调整演进，世界进入动荡变革期。	党的十八大后，国际格局加速调整演进，世界进入动荡变革期。	positive
届时，中国人在太空迎新年、过春节将成为常态。	届时，中国人在太空迎新年、过春节将成为常态。	positive
#临沂环保在行动#8月4日，市环境综合执法支队对省级环保督察反馈的市经开区永固钢结构有限公司企业主体责任落实清况进行现场督导。	#临沂环保在行动#8月4日，市环境综合执法支队对省级环保督察反馈的市经开区永固钢结构有限公司企业主体责任落实情况进行现场督导。	negative
他说，今天航天员们回答了很多年轻人关心的问题，并提出了针对性的建议，让人受益匪浅。	他说，今天航天员们回答了很多年轻人关心的问题，并提出了针对性的建议，让人受益匪浅。	positive
这群可爱、可敬的中国人形象，让影片有了观赏性。	这群可爱、可敬的中国人形象，让影片有了观赏性。	positive
2021年前三季度，为470.7万特困人员发放救助供养资金347.5亿元；	2021年前三季度，为470.7万特困人员发放救助供养资金347.5亿元；	positive
“很硬核”使垃圾变废为宝　　“看，这个地方会建大件垃圾处理车间，那片儿是可回收物分选车间……明年项目建成后，会有效解决生活垃圾分类终端处理问题，”站在阳曲县转型发展产业园区里，该县公用事业中心副主任李江林激情澎拜，信心满满。	“很硬核”使垃圾变废为宝　　“看，这个地方会建大件垃圾处理车间，那片儿是可回收物分选车间……明年项目建成后，会有效解决生活垃圾分类终端处理问题，”站在阳曲县转型发展产业园区里，该县公用事业中心副主任李江林激情澎湃，信心满满。	negative
秦岭是中国的中央水塔，山离不开水的滋养，水同样离不开山的涵养，雄伟壮阔的秦岭山拥有涛涛不绝的河水。	秦岭是中国的中央水塔，山离不开水的滋养，水同样离不开山的涵养，雄伟壮阔的秦岭山拥有滔滔不绝的河水。	negative
先给自己制定一些小目标，每实现一个，你就会离最终的目标更近一步。	先给自己制定一些小目标，每实现一个，你就会离最终的目标更进一步的。	negative
【学党史 办实事】筑牢防疫阵地 潭头镇召开新冠肺炎疫情疫情防控工作会议	【学党史 办实事】筑牢防疫阵地 潭头镇召开新冠肺炎疫情防控工作会议	negative
对发现的问题要分门归类、建档立卡，按标准限期整改。	对发现的问题要分门别类、建档立卡，按标准限期整改。	negative
村中分布着农家乐，可享信阳特色美食。	村中分布着农家乐，可享信阳特色美食。	positive
为破解农村生活垃圾难题，合旺村在全村范围内实施村组环卫“1+1”工程（即村民每户每月出一个人）维护村里村里的环境卫生，同时聘请保洁员每天清扫。	为破解农村生活垃圾难题，合旺村在全村范围内实施村组环卫“1+1”工程（即村民每户每月出一个人）维护村里的环境卫生，同时聘请保洁员每天清扫。	negative
【#成渝中线高铁可研报告获批#全线设8座车站】日前，国家发展改革官网发布《关于新建成渝中线铁路（含十陵南站）可行性研究报告的批复》。	【#成渝中线高铁可研报告获批#全线设8座车站】日前，国家发展改革委官网发布《关于新建成渝中线铁路（含十陵南站）可行性研究报告的批复》。	negative
新订单指数为49.7%，高于上月0.3个百分点，连续两个月上升，表明制造业市场需求继续改善。	新订单指数为49.7%，高于上月0.3个百分点，连续两个月上升，表明制造业市场需求继续改善。	positive
如今，他对巡护沿线区域生态变化、野生动物分布状况了如指掌。	如今，他对巡护沿线区域生态变化、野生动物分布状况了如指掌。	positive
伴随着铿锵有力的脚步声，96名解放军仪仗队队员组成的护旗编队护卫着五星红旗，跨过长安街。	伴随着铿锵有力的脚步声，96名解放军仪仗队队员组成的护旗编队护卫着五星红旗，跨过长安街。	positive
看稻粒成色、给葡萄疏花序、摘柚子，这些农活儿总书记都很熟悉。	看稻粒成色、给葡萄疏花序、摘柚子，这些农活儿总书记都很熟悉。	positive
世界进入动荡变革期，中国的积极作为弥足珍贵。	世界进入动荡变革期，中国的积极作为弥足珍贵。	positive
几天前，利用集中捡垃圾的机会，发出“我为灾区献爱心”捐款倡仪后，大家纷纷行动，许多人是长辈捐了晚辈也跟着捐。	几天前，利用集中捡垃圾的机会，发出“我为灾区献爱心”捐款倡议后，大家纷纷行动，许多人是长辈捐了晚辈也跟着捐。	negative
在调查的21个行业中，有13个商务活动指数高于临界点，服务业景气面有所扩大。	在调查的21个行业中，有13个商务活动指数高于临界点，服务业景气面有所扩大。	positive
历史和现实都证明，党的团结统一是党和人民前途和命运所系，是全国各族人民根本利益所在，任何时候任何情况下都不能含糊、不能动摇。	历史和现实都证明，党的团结统一是党和人民前途和命运所系，是全国各族人民根本利益所在，任何时候任何情况下都不能含糊、不能动摇。	positive
乡亲们至今还记得，总书记盘腿坐在炕上，拉着他们的手，嘘寒问暖。	乡亲们至今还记得，总书记盘腿坐在炕上，拉着他们的手，嘘寒问暖。	positive
锯齿般灰白色陡峭的山锋映衬着碧绿浓密的树林，在平坦的碧绿原野上，在那连绵的雄伟山脊之中，点缀着一个绝美而原始的意大利式小乡村ValdiFunes。	锯齿般灰白色陡峭的山峰映衬着碧绿浓密的树林，在平坦的碧绿原野上，在那连绵的雄伟山脊之中，点缀着一个绝美而原始的意大利式小乡村ValdiFunes。	negative
而且近年来，中国与美国的平均科学影响力之间的差距已在缩小。	而且近年来，中国与美国的平均科学影响力之间的差距已在缩小。	positive
这一年，还有很多难忘的中国声音、中国瞬间、中国故事。	这一年，还有很多难忘的中国声音、中国瞬间、中国故事。	positive
演出结束，意犹未尽的游客会来到幕布后面摆弄皮影，亲身体验。	演出结束，意犹未尽的游客会来到幕布后面摆弄皮影，亲身体验。	positive
电影艺术家王晓棠两次担任金鸡奖评委会主任委员。	电影艺术家王晓棠两次担任金鸡奖评委会主任委员。	positive
此外，滇东北、滇西、滇南边缘地区地区，雷暴、短时强降水、局地大风等强对流天气还会”常驻”。	此外，滇东北、滇西、滇南边缘地区，雷暴、短时强降水、局地大风等强对流天气还会”常驻”。	negative
清华大学航天航空学院学生谭祖玮说，通过这次对话活动，深刻感受了航天员们对梦想的执着和对航天事业的热爱。	清华大学航天航空学院学生谭祖玮说，通过这次对话活动，深刻感受了航天员们对梦想的执着和对航天事业的热爱。	positive
想想吧，你是更尊重毫无顾忌的大嘴巴小丑，还是更含蓄、得体的朋友呢？	想想吧，你是更尊重毫无顾忌的大嘴巴小丑，还是更含蓄、得体的朋友呢？	positive
我们坚信，在党的领导下，中国的未来必将更加辉煌！	我们坚信，在党的领导下，中国的未来必将更加辉煌！	positive
七月一日，我们隆重庆祝中国共产党成立一百周年。	七月一日，我们隆重庆祝中国共产党成立一百周年。	positive
历史和人民选择了中国共产党，中国共产党也没有辜负历史和人民的选择。	历史和人民选择了中国共产党，中国共产党也没有辜负历史和人民的选择。	positive
六、投标保证金金额及缴纳账户公开招标限额限额以下政府采购项目不收取投标保证金。	六、投标保证金金额及缴纳账户公开招标限额以下政府采购项目不收取投标保证金。	negative
会上，区城管局相关负责同志解读了《东湖区城市管理行政执法大队作风纪律大整顿工作方案》，布置了城市管理行政执法滥用权、不公正、不作为、不规范、不文明共五大作风纪律大整顿行动。	会上，区城管局相关负责同志解读了《东湖区城市管理行政执法大队作风纪律大整顿工作方案》，布置了城市管理行政执法滥用职权、不公正、不作为、不规范、不文明共五大作风纪律大整顿行动。	negative
2.对企业提供的资料及第三方出具的技术服务报告或者结论进行伪造、纂改的。	2.对企业提供的资料及第三方出具的技术服务报告或者结论进行伪造、篡改的。	negative
在此基础上，RCEP成员国将通过10年左右时间基本实现90％的产品享受零关税。	在此基础上，RCEP成员国将通过10年左右时间基本实现90％的产品享受零关税。	positive
今天的我们需要深刻铭记抗美援朝艰苦卓绝的历史，铭记伟大的中国人民志愿军！	今天的我们需要深刻铭记抗美援朝艰苦卓绝的历史，铭记伟大的中国人民志愿军！	positive
队员第一时间向区防汛指挥部和街道汇报情况，同时，在现场拉好警戒线，设置路障，拨打114找到路边停靠的车辆车主，联合消防、市政部门第一时间启动抽水泵进行抽水并将抛瞄车辆推离积水处。	队员第一时间向区防汛指挥部和街道汇报情况，同时，在现场拉好警戒线，设置路障，拨打114找到路边停靠的车辆车主，联合消防、市政部门第一时间启动抽水泵进行抽水并将抛锚车辆推离积水处。	negative
如何确保市场经济条件下党的长期执政？	如何确保市场经济条件下党的长期执政？	positive
自2021年8月1日以来，义马市公布疫情防控的最新要求，千秋路派出所立即对辖区内29家宾馆酒店进行监督检查工作，要求旅客入住宾馆一律量体温、带口罩、出示行程码、健康码、必要时出示48小时内的核酸报告并对中高风险地区返义人员，来义人员立即联系社区民警上报义马市疫情防控指挥部。	自2021年8月1日以来，义马市公布疫情防控的最新要求，千秋路派出所立即对辖区内29家宾馆酒店进行监督检查工作，要求旅客入住宾馆一律量体温、戴口罩、出示行程码、健康码、必要时出示48小时内的核酸报告并对中高风险地区返义人员，来义人员立即联系社区民警上报义马市疫情防控指挥部。	negative
2、重点地区来巴返巴人员管理政策一揽表（20210802-2时）3、建议如下：（1）请广大居民实时关注国内疫情中高风险地区情况，如非必要，不要前往上述疫情风险地区。	2、重点地区来巴返巴人员管理政策一览表（20210802-2时）3、建议如下：（1）请广大居民实时关注国内疫情中高风险地区情况，如非必要，不要前往上述疫情风险地区。	negative
2想法设法逃避监管半月谈记者梳理发现，近几年，国家对App相关技术产业主体收集使用个人信息行为出台了规范文件，提出了具体要求。	2想方设法逃避监管半月谈记者梳理发现，近几年，国家对App相关技术产业主体收集使用个人信息行为出台了规范文件，提出了具体要求。	negative
不像我，每次都要等半个多小时，还不敢打电话催。	不像我，每次都要等半个多小时，还不敢打电话催。	positive
这里有背山面水的庄寨——宁远庄，巍然伫立于虎头山。	这里有背山面水的庄寨——宁远庄，巍然屹立于虎头山。	negative
接受本报记者采访的国际人士表示，过去一百年，中国共产党带领亿万人民取得举世瞩目的成就，新征程上，一个奋发有为的中国必将为世界和平与发展作出更大贡献。	接受本报记者采访的国际人士表示，过去一百年，中国共产党带领亿万人民取得举世瞩目的成就，新征程上，一个奋发有为的中国必将为世界和平与发展作出更大贡献。	positive
来自清华大学、香港大学和澳门大学等高校的青年学生把握住这一千载难逢的机会，踊跃举手提问。	来自清华大学、香港大学和澳门大学等高校的青年学生把握住这一千载难逢的机会，踊跃举手提问。	positive
07月30日上午通过查看时时视频抽查重点企业头盔佩戴率为：美团外卖头盔佩戴率：97%饿了么外卖头盔佩戴率：96%	07月30日上午通过查看实时视频抽查重点企业头盔佩戴率为：美团外卖头盔佩戴率：97%饿了么外卖头盔佩戴率：96%	negative
农村居民人均可支配收入14056元，是2010年的2.82倍。	农村居民人均可支配收入14056元，是2010年的2.82倍。	positive
店主韩光莹是田铺大塆的致富带头人。	店主韩光莹是田铺大塆的致富带头人。	positive
沿着石板路，随处可以找到一家民宿。	沿着石板路，随处可以找到一家民宿。	positive
截止目前没有第三种方法如果您收到以下短信千万不要点击千万不要点击千万不要点击骗子深谙“关心则乱”紧贴国家政策，瞄准民生热点炮制“服务”“提醒”“警示”各类短信短信渐欲迷人眼套路才能骗你钱骗术套路出新招壹身份：掌握特殊渠道的“神秘人”方法：投资生产“新冠疫苗”可赚大钱目的：在虚假平台、APP上投钱图片骗子潜伏在社交软件、网络直播平台等，广撒网私信他人。	截止目前没有第三种方法如果您收到以下短信千万不要点击千万不要点击千万不要点击骗子深谙“关心则乱”紧贴国家政策，瞄准民生热点炮制“服务”“提醒”“警示”各类短信渐欲迷人眼套路才能骗你钱骗术套路出新招壹身份：掌握特殊渠道的“神秘人”方法：投资生产“新冠疫苗”可赚大钱目的：在虚假平台、APP上投钱图片骗子潜伏在社交软件、网络直播平台等，广撒网私信他人。	negative
围绕提升文化品味，结合巴中交通精神传承和大交通丰硕成果，积极策划景观文化小品，形成策划书、施工图，按时报审。	围绕提升文化品位，结合巴中交通精神传承和大交通丰硕成果，积极策划景观文化小品，形成策划书、施工图，按时报审。	negative
『谈天说史8月22日』​​	『谈天说地史8月22日』​​	negative
据介绍，该方案桥梁为主跨180米连续梁桥，桥面设置层次丰富的空间网状构架，造型设计新颖，犹如在时空之隧中穿梭，体现绵阳科技之城不断探求未知世界、永攀科技高峰精神。	据介绍，该方案桥梁为主跨180米连续梁桥，桥面设置层次丰富的空间网状构架，造型设计新颖，犹如在时空之隧中穿梭，体现绵阳科技之城不断探求未知世界、勇攀科技高峰精神。	negative
自炎陵黄桃核心产区开园上市以来，优质的炎陵黄桃在水果市场脱颖而出，持续走俏市场，深受消费者亲睐。	自炎陵黄桃核心产区开园上市以来，优质的炎陵黄桃在水果市场脱颖而出，持续走俏市场，深受消费者青睐。	negative
自新中国恢复在联合国合法席位以来，半世纪光阴荏苒，每到国际合作和全球治理的重大时刻，世界都会将目光投向东方，探求中国方略。	自新中国恢复在联合国合法席位以来，半世纪光阴荏苒，每到国际合作和全球治理的重大时刻，世界都会将目光投向东方，探求中国方略。	positive
《穿过寒冬拥抱你》取材自真实发生的事件。	《穿过寒冬拥抱你》取材自真实发生的事件。	positive
我们应该为子孙后代创造一个什么样的未来？	我们应该为子孙后代创造一个什么样的未来？	positive
下一步，我院将继续拓宽“我为群众办实事”广度，立足法律监督智能，持续推动学习教育成果转化，让司法为民落到实处，真真切切地回应民众诉求。	下一步，我院将继续拓宽“我为群众办实事”广度，立足法律监督职能，持续推动学习教育成果转化，让司法为民落到实处，真真切切地回应民众诉求。	negative
黄土高原，千沟万壑孕育生机活力，生态治理和发展特色产业有机结合，走出一条生态和经济协调发展、人与自然和谐共生之路；	黄土高原，千沟万壑孕育生机活力，生态治理和发展特色产业有机结合，走出一条生态和经济协调发展、人与自然和谐共生之路；	positive
电信广播电视及卫星传输服务、货币金融服务、资本市场服务等行业保持在60%以上高位景气区间，业务总量继续快速增长。	电信广播电视及卫星传输服务、货币金融服务、资本市场服务等行业保持在60%以上高位景气区间，业务总量继续快速增长。	positive
“找重点、突难点、出亮点”——郝庄乡坚决打打赢改厕攻坚战	“找重点、突难点、出亮点”——郝庄乡坚决打赢改厕攻坚战	negative
今天的济宁，访碑活动依旧繁盛，书法篆刻人才辈出，济宁现有中国书协会员120余人，特别是二十一世纪第一个十年里，伴随“济宁西泠六家”的崛起，“济宁印人”已经成为姹紫嫣红的文化新象。	今天的济宁，访碑活动依旧繁盛，书法篆刻人才辈出，济宁现有中国书协会员120余人，特别是二十一世纪第一个十年里，伴随“济宁西泠六家”的崛起，“济宁印人”已经成为姹紫嫣红的文化形象。	negative
预计，“卢碧”将以10公里左右的时速向东北方向移动，强度逐渐加强，最强可达执带风暴级或强热带风暴级9~	预计，“卢碧”将以10公里左右的时速向东北方向移动，强度逐渐加强，最强可达热带风暴级或强热带风暴级9~	negative
#徽州之源自在绩溪[超话]#借一阵东风，赏一城春水，品一阙新词，体味龙川村的古韵古味。	#徽州之源自在绩溪[超话]#借一阵东风，赏一城春水，品一阕新词，体味龙川村的古韵古味。	negative
看见可可西里的那一刻，仿佛看到了世界的原稿，自始自终，从未被修改，从未被扰动。	看见可可西里的那一刻，仿佛看到了世界的原稿，自始至终，从未被修改，从未被扰动。	negative
思想之伟大，正在于应历史之变、解时代之问，指引中国由富向强的关键一跃。	思想之伟大，正在于应历史之变、解时代之问，指引中国由富向强的关键一跃。	positive
北京睿文商道农业科技有限公司到我区考察治谈-http:t.cnA6IwyWrz​​	北京睿文商道农业科技有限公司到我区考察洽谈-http:t.cnA6IwyWrz​​	negative
IV级的HFmrEF患者，新指南建议，对于充血患者应用利尿解缓解症状和体征（I类，C级证据）；可用ACEIARB、β受体阻滞剂、MRA或或沙库巴曲缬沙坦，以降低心衰住院和死亡的风险（IIb类，C级证据）。	IV级的HFmrEF患者，新指南建议，对于充血患者应用利尿解缓解症状和体征（I类，C级证据）；可用ACEIARB、β受体阻滞剂、MRA或者沙库巴曲缬沙坦，以降低心衰住院和死亡的风险（IIb类，C级证据）。	negative
孝昌是著名的革命老区，素有拥军拥属、拥政爱民的光荣传统。	孝昌是著名的革命老区，素有拥军优属、拥政爱民的光荣传统。	negative
大儿子问我还敢去滑雪吗，我说看看膝盖的反应再说吧。	大儿子问我还敢去滑雪吗，我说看看膝盖的反应再说吧。	positive
正如歌词“我知道你无处不在”，河南受灾群众与全国支援者之间的信任与依赖再次应证：人民守望相助，力量生生不息！	正如歌词“我知道你无处不在”，河南受灾群众与全国支援者之间的信任与依赖再次印证：人民守望相助，力量生生不息！	negative
乐平是我省传统“十强县市”，要重塑“全省十强”辉煌，重点在工业、难点在工业、核心也在工业，这是致胜一招、关键一招。	乐平是我省传统“十强县市”，要重塑“全省十强”辉煌，重点在工业、难点在工业、核心也在工业，这是制胜一招、关键一招。	negative
她说：“起起起伏伏的，对自己真是一个磨炼。	她说：“起起伏伏的，对自己真是一个磨炼。	negative
作为一名社区工作者，我的岗位平凡，但事业不平凡。	作为一名社区工作者，我的岗位平凡，但事业不平凡。	positive
在舒适性方面，云南省对路面破损、平整度、车辙三项指标有一项或多项达不到“优”的22条共2940.866公里单幅高速公路进行了集中处治。	在舒适性方面，云南省对路面破损、平整度、车辙三项指标有一项或多项达不到“优”的22条共2940.866公里单幅高速公路进行了集中处置。	negative
#揭阳4岁女孩泳池内意外溺亡#【请无限循环：#防溺水儿童歌曲#】暑期来临，天气炎热之下，小心谨慎防溺水可是各位家长进行家庭教育中的重中之中！	#揭阳4岁女孩泳池内意外溺亡#【请无限循环：#防溺水儿童歌曲#】暑期来临，天气炎热之下，小心谨慎防溺水可是各位家长进行家庭教育中的重中之重！	negative
韩国也已完成核准程序，将于2月1日生效实施，其他成员都在加紧相关核准程序。	韩国也已完成核准程序，将于2月1日生效实施，其他成员都在加紧相关核准程序。	positive
黑风怪稍强些，好歹有了一座黑风洞，还有苍狼精和白蛇精两个朋友。	黑风怪稍强些，好歹有了一座黑风洞，还有苍狼精和白蛇精两个朋友。	positive
茶话会由中共中央政治局常委、全国政协主席汪洋主持。	茶话会由中共中央政治局常委、全国政协主席汪洋主持。	positive
#晚安郑工#宁愿跑起来被拌倒无数次，也不要规规矩矩走一辈子。	#晚安郑工#宁愿跑起来被绊倒无数次，也不要规规矩矩走一辈子。	negative
“虽然相关监管机构对游戏行业的监管制度尚未行成，但很多迹象表明已在酝酿中，”上海申浩律师事务所合伙人白树海对财经网科技指出，结合当前形势，几乎在同一时期越来越多和公民信息保护相关的法律规范出台，在立法层面，国家很可能在为日后监管制度的构建做铺垫，也就是说立法先行。	“虽然相关监管机构对游戏行业的监管制度尚未形成，但很多迹象表明已在酝酿中，”上海申浩律师事务所合伙人白树海对财经网科技指出，结合当前形势，几乎在同一时期越来越多和公民信息保护相关的法律规范出台，在立法层面，国家很可能在为日后监管制度的构建做铺垫，也就是说立法先行。	negative
尽管日子很平淡，却也有闪光的，尽管会有一地鸡毛的琐事，却也会有开心 和快乐，人生不如意事十之八九，如若我们不抱怨，湖涂一些，烦恼 就会少些，日子即便是平庸，但也活得踏实安稳。	尽管日子很平淡，却也有闪光的，尽管会有一地鸡毛的琐事，却也会有开心 和快乐，人生不如意事十之八九，如若我们不抱怨，糊涂一些，烦恼 就会少些，日子即便是平庸，但也活得踏实安稳。	negative
这样才又空间塞燕窝。	这样才有空间塞燕窝。	negative
遇事不钻角尖，人也舒坦，心也舒坦。	遇事不钻牛角尖，人也舒坦，心也舒坦。	negative
她说：“从事院感工作8年来，医院感染零暴发，她的心里满满的成就感。	她说：“从事院感工作8年来，医院感染零爆发，她的心里满满的成就感。	negative
北京市建筑设计研究院有限公司积极相应号召，结合当时学习教育活动，及时安排对各类慰问对象的情况摸排，按要求在"七一"前全部落实好走访慰问工作。	北京市建筑设计研究院有限公司积极响应号召，结合当时学习教育活动，及时安排对各类慰问对象的情况摸排，按要求在"七一"前全部落实好走访慰问工作。	negative
站在新起点，一幅欣欣向荣的新时代画卷正在铺展。	站在新起点，一幅欣欣向荣的新时代画卷正在铺展。	positive
通过“民警学堂”“政治夜校”“重走长征路”教育实践、“平语近人”进警营、“诵训词、唱警歌”等多载体，不断增强学习教育精准性和系统性。	通过“民警学堂”“政治夜校”“重走长征路”教育实践、“平易近人”进警营、“诵训词、唱警歌”等多载体，不断增强学习教育精准性和系统性。	negative
但也有一些人对此或说三倒四，或顾虑重重。在关键时刻，邓小平同志鲜明的表示了自己的态度。	但也有一些人对此或说三道四，或顾虑重重。在关键时刻，邓小平同志鲜明地表示了自己的态度。	negative
截至2021年9月底，各地认定支出型困难人口292万人。	截至2021年9月底，各地认定支出型困难人口292万人。	positive
#我为旅客办实事#【绿色包裹完壁归赵】8月3日12时40分，T8869次列车旅客阿衣某某向甘洛所值班民警电话报警，称其在甘洛站乘车时丢失一个绿色包裹，包内有银行卡2张、化妆品若干及充电器、充电宝等。	#我为旅客办实事#【绿色包裹完璧归赵】8月3日12时40分，T8869次列车旅客阿衣某某向甘洛所值班民警电话报警，称其在甘洛站乘车时丢失一个绿色包裹，包内有银行卡2张、化妆品若干及充电器、充电宝等。	negative
▲调研组到广东从化经济开发区开展座谈现场检查坐谈会结束后，调研组到联合利华、理想电子、旭盛科技等园区内有代表性的企业进行了现场检查，仔细查阅了企业的各项环保手续和日常管理等台账资料，实地检查了企业废水、废气等污染防治设施运行情况，并指出了现场检查存在的相关环境问题。	▲调研组到广东从化经济开发区开展座谈现场检查座谈会结束后，调研组到联合利华、理想电子、旭盛科技等园区内有代表性的企业进行了现场检查，仔细查阅了企业的各项环保手续和日常管理等台账资料，实地检查了企业废水、废气等污染防治设施运行情况，并指出了现场检查存在的相关环境问题。	negative
#宿州乡村振兴#埇桥区巧用“加减乘除”建设美丽乡村7月29日，笔者走进埇桥区朱仙庄镇朱庙村，整齐排列的居民楼、整洁的村内道路，房前屋后绿树成阴，一幅美丽乡村画卷尽收眼底。	#宿州乡村振兴#埇桥区巧用“加减乘除”建设美丽乡村7月29日，笔者走进埇桥区朱仙庄镇朱庙村，整齐排列的居民楼、整洁的村内道路，房前屋后绿树成荫，一幅美丽乡村画卷尽收眼底。	negative
#广西百色4.8级地震#灾难来临我冲锋，使命战胜恐惧感，救民水有我在！	#广西百色4.8级地震#灾难来临我冲锋，使命战胜恐惧感，救民水火有我在！	negative
举办一届彰显友谊与团结精神的奥运盛会，世界对中国充满期待，中国已经做好准备。	举办一届彰显友谊与团结精神的奥运盛会，世界对中国充满期待，中国已经做好准备。	positive
孙院长在党课中与干警深入学习了习近平总书记对伟大建党精神的概括和阐释，并用自己平日扎实学习、博文强识积累的党史知识，带领干警重温了我们党艰辛曲折又波澜壮阔的峥嵘岁月，历经磨难而百折不挠的忠诚信仰，苦苦求索中愈发坚定的光荣梦想，矢志不渝更代代相承的初心使命。	孙院长在党课中与干警深入学习了习近平总书记对伟大建党精神的概括和阐释，并用自己平日扎实学习、博闻强识积累的党史知识，带领干警重温了我们党艰辛曲折又波澜壮阔的峥嵘岁月，历经磨难而百折不挠的忠诚信仰，苦苦求索中愈发坚定的光荣梦想，矢志不渝更代代相承的初心使命。	negative
#郑商专业说#学在郑商你能通过不同专业的交叉学习将知识融汇贯通或丰盈文学想象或塑造科学理性今天郑小商就带大家来了解信工学院的专业[并不简单]​​	#郑商专业说#学在郑商你能通过不同专业的交叉学习将知识融会贯通或丰盈文学想象或塑造科学理性今天郑小商就带大家来了解信工学院的专业[并不简单]​​	negative
正安白茶、石阡苔茶、瀑布毛峰、雷山银球茶、水城春、普安红、开阳富硒茶等各地方茶品牌声名鹊起。	正安白茶、石阡苔茶、瀑布毛峰、雷山银球茶、水城春、普安红、开阳富硒茶等各地方茶品牌声名鹊起。	positive
【广东省长调研铝灰处置环境部开铝灰处置座谈会】广东省今年上半年发生多起危废铝灰非法跨省转移事件。	【广东省省长调研铝灰处置环境部开铝灰处置座谈会】广东省今年上半年发生多起危废铝灰非法跨省转移事件。	negative
全国低收入人口动态监测信息平台基本建立，对困难群众的识别和监测预警更趋精准。	全国低收入人口动态监测信息平台基本建立，对困难群众的识别和监测预警更趋精准。	positive
米尔济约耶夫表示，过去30年是乌中两国人民千百年友好交往史上的亮丽篇章。	米尔济约耶夫表示，过去30年是乌中两国人民千百年友好交往史上的亮丽篇章。	positive
意识到自己被骗了，马上到派出所进行报案，截止案发，共计被骗86万余元。	意识到自己被骗了，马上到派出所进行报案，截止到案发，共计被骗86万余元。	negative
大陆新设台资企业5923个，同比增长34.7%。	大陆新设台资企业5923个，同比增长34.7%。	positive
以咬定青山不放松的执着、行百里者半九十的清醒不懈奋斗，敢于斗争、善于斗争，逢山开道、遇水架桥，中国人民孜孜以求的美好梦想终将成为现实。	以咬定青山不放松的执着、行百里者半九十的清醒不懈奋斗，敢于斗争、善于斗争，逢山开道、遇水架桥，中国人民孜孜以求的美好梦想终将成为现实。	positive
警方供图"警方查货的毒品被包装成方便面。	警方供图"警方查获的毒品被包装成方便面。	negative
2021年12月14日，雪域高原彩旗飘扬。	2021年12月14日，雪域高原彩旗飘扬。	positive
每当读起，那份亲切感总会扑面而来，海外版不愧是与侨胞之间的沟通桥、连心桥。	每当读起，那份亲切感总会扑面而来，海外版不愧是与侨胞之间的沟通桥、连心桥。	positive
从百岁老人到新生婴儿，不放弃每一个生命。	从百岁老人到新生婴儿，不放弃每一个生命。	positive
41次出访，足迹遍及五大洲69国；	41次出访，足迹遍及五大洲69国；	positive
中午短暂修整后，下午大家工作继续。	中午短暂休整后，下午大家工作继续。	negative
回首来时路，2021年注定是不平凡的一年。	回首来时路，2021年注定是不平凡的一年。	positive
生活是就一种积累不无道理。	生活就是一种积累不无道理。	negative
@南京发布经行了解答↓↓http:t.cnA6I7kKqY#南京战疫#​​​http:t.cnA6I7kKqY​​	@南京发布进行了解答↓↓http:t.cnA6I7kKqY#南京战疫#​​​http:t.cnA6I7kKqY​​	negative
三河湖镇乐璇韭菜基地负责人、大营村支部书记刘洪光介绍，乐旋合作社确保韭菜生产质量安全的主要措施是选用抗病品种进行适期播种,生产过程中全部使用生物菌药、人工除草、高温覆膜、色板诱杀和以虫制虫等方法。	三河湖镇乐璇韭菜基地负责人、大营村支部书记刘洪光介绍，乐旋合作社确保韭菜生产质量安全的主要措施是选用抗病品种进行适期播种,生产过程中全部使用生物菌药、人工除草、高温覆膜、色板诱杀和以虫治虫等方法。	negative
所有创新的突破，无不映照精神力量。	所有创新的突破，无不映照精神力量。	positive
8月2日，公安机关依法依规将损失的28万元发还给给黔南州锐丰酒店董事长刘钢锋，为表示感谢，刘钢锋亲自将一面印有“警德高尚，仁心助民”的锦旗送到办案民警手中。	8月2日，公安机关依法依规将损失的28万元发还给黔南州锐丰酒店董事长刘钢锋，为表示感谢，刘钢锋亲自将一面印有“警德高尚，仁心助民”的锦旗送到办案民警手中。	negative
”永安社区的大学生志愿者陈文熙：“参加这次志愿者活动，我切身体会到国家政府对抗击疫情的决心，相关人员至上而下的严格把控，逐个落实，保证绝大部分的人都接种新型冠状病毒的疫苗，同时感受到界头镇人民的一种团结，我相信中国能够战胜疫情。	”永安社区的大学生志愿者陈文熙：“参加这次志愿者活动，我切身体会到国家政府对抗击疫情的决心，相关人员自上而下的严格把控，逐个落实，保证绝大部分的人都接种新型冠状病毒的疫苗，同时感受到界头镇人民的一种团结，我相信中国能够战胜疫情。	negative
孩子们真诚的眼神和那一个个不经意却又温暖人心的细微举动，无时无刻不在在感动着每一位实践队员。	孩子们真诚的眼神和那一个个不经意却又温暖人心的细微举动，无时无刻不在感动着每一位实践队员。	negative
茶叶精制加工中心74个，清洁化自动化生产线1666条；	茶叶精制加工中心74个，清洁化自动化生产线1666条；	positive
本报北京1月1日电外交部发言人赵立坚1日就中国驻尼加拉瓜使馆举行复馆仪式答记者问。	本报北京1月1日电外交部发言人赵立坚1日就中国驻尼加拉瓜使馆举行复馆仪式答记者问。	positive
法院这样判】上班第一天，女下属就遭遇上级骚扰，向主管反应情况后，主管不仅不干预，还对其进行打击报复。	法院这样判】上班第一天，女下属就遭遇上级骚扰，向主管反映情况后，主管不仅不干预，还对其进行打击报复。	negative
鼓励引导更多台商台企增资扩产、扎根发展。	鼓励引导更多台商台企增资扩产、扎根发展。	positive
活动中，孩子们热情洋溢，激情高涨，深情并茂的用朗诵的方式表达自己对中华文化、红色经典的理解，感动着在场的每一个人。	活动中，孩子们热情洋溢，激情高涨，声情并茂的用朗诵的方式表达自己对中华文化、红色经典的理解，感动着在场的每一个人。	negative
“千年传承·匠心之美”湖湘百工微视频资源建设项目，是2017年湖南省文化馆（湖南省非物质文化遗产保护中心）根据文化和旅游部全国公共文化发展中心相关要求，结合湖南地方特色以及本省数字文化馆平台建设，在本馆数字文化馆平台搭建“百工”系列微记录片精品资源。	“千年传承·匠心之美”湖湘百工微视频资源建设项目，是2017年湖南省文化馆（湖南省非物质文化遗产保护中心）根据文化和旅游部全国公共文化发展中心相关要求，结合湖南地方特色以及本省数字文化馆平台建设，在本馆数字文化馆平台搭建“百工”系列微纪录片精品资源。	negative
历史的进程从哪里开始，思想的进程就从哪里开始。	历史的进程从哪里开始，思想的进程就从哪里开始。	positive
省疾控中心传染病防制所副所长刘倜介绍，在乘坐公共交通工具或者进入商场、影院、车间、火车站、机场等公共场所时，应按照疫情防控要求，主动佩戴医用外科口罩或医用防护口罩。	省疾控中心传染病防治所副所长刘倜介绍，在乘坐公共交通工具或者进入商场、影院、车间、火车站、机场等公共场所时，应按照疫情防控要求，主动佩戴医用外科口罩或医用防护口罩。	negative
王勇：中国始终致力于推进新型经济全球化，作出很多具体部署。	王勇：中国始终致力于推进新型经济全球化，作出很多具体部署。	positive
他们不怕苦，不喊累，稚嫩的脸上没有一丝懈怠，头顶烈日汗浃背，磨斗志肯吃苦，从同手同脚到整齐划一，军训中的每一天都能看见他们一点一滴的变化和成长。	他们不怕苦，不喊累，稚嫩的脸上没有一丝懈怠，头顶烈日汗流浃背，磨斗志肯吃苦，从同手同脚到整齐划一，军训中的每一天都能看见他们一点一滴的变化和成长。	negative
之江大地，数字经济和实体经济深度融合，城乡区域差距不断缩小，高质量发展建设共同富裕示范区大潮澎湃；	之江大地，数字经济和实体经济深度融合，城乡区域差距不断缩小，高质量发展建设共同富裕示范区大潮澎湃；	positive
如果你那素未蒙面的男朋友和你谈资金周转的事.......记得和他说.....反正小密觉得警花小姐姐最后那个杏眼圆翻杀伤力挺大的[笑cry]来源:L平安北大荒的微博视频​​​​​​​​http:t.cnA6VG8m6R​​	如果你那素未谋面的男朋友和你谈资金周转的事.......记得和他说.....反正小密觉得警花小姐姐最后那个杏眼圆翻杀伤力挺大的[笑cry]来源:L平安北大荒的微博视频​​​​​​​​http:t.cnA6VG8m6R​​	negative
韩光莹又在民宿旁边新开了一个特产小店，专门经营当地美食，仅2021年4月份的营业额就达6万多元。	韩光莹又在民宿旁边新开了一个特产小店，专门经营当地美食，仅2021年4月份的营业额就达6万多元。	positive
叙利亚执政党阿拉伯复兴社会党中央领导机构成员迈赫迪·达哈勒·阿拉认为，美国借新疆问题抹黑中国，既不符合全人类共同价值，也违背了国际法和国际关系基本准则。	叙利亚执政党阿拉伯复兴社会党中央领导机构成员迈赫迪·达哈勒·阿拉认为，美国借新疆问题抹黑中国，既不符合全人类共同价值，也违背了国际法和国际关系基本准则。	positive
北京人民大会堂金色大厅，各国政党党旗交相辉映，中国共产党与世界政党领导人峰会吸引了全世界目光。	北京人民大会堂金色大厅，各国政党党旗交相辉映，中国共产党与世界政党领导人峰会吸引了全世界目光。	positive
“在诗意的公园城市拼搏，在幸福的产业之城生活。	“在适宜的公园城市拼搏，在幸福的产业之城生活。	negative
接下来，深圳交警将继续开展行动，对不按规定佩戴头盔的予以敬告。	接下来，深圳交警将继续开展行动，对不按规定佩戴头盔的予以警告。	negative
1月1日当天，南京海关所属常州海关、南通海关、苏州工业园区海关等16个隶属海关共签发RCEP项下原产地证书36份，证书金额共计548.35万美元。	1月1日当天，南京海关所属常州海关、南通海关、苏州工业园区海关等16个隶属海关共签发RCEP项下原产地证书36份，证书金额共计548.35万美元。	positive
我们过去没有，今后也不会侵略、欺负他人，不会称王称霸。	我们过去没有，今后也不会侵略、欺负他人，不会称王称霸。	positive
为寻求科技上的自立自强，中国决定在这五年中让全社会研发经费投入年均增长7%以上。	为寻求科技上的自立自强，中国决定在这五年中让全社会研发经费投入年均增长7%以上。	positive
走在田铺大塆的村道上，低头是石板小巷，抬头是黄墙黛瓦，百年风雨的痕迹雕刻在村落的屋檐之上。	走在田铺大塆的村道上，低头是石板小巷，抬头是黄墙黛瓦，百年风雨的痕迹雕刻在村落的屋檐之上。	positive
如果春栽蒺藜，夏不可采其叶，秋只能得其刺啊！	如果春栽蒺藜，夏不可采其叶，秋只能得其刺啊！	positive
调查还发现发现，买家对于未来两年的主要销售国家及地区的业务发展前景，传统市场之中较看好北美洲（41%）、西欧（33%）以及香港（31%），新兴市场则看好中国内地（51%）。	调查还发现，买家对于未来两年的主要销售国家及地区的业务发展前景，传统市场之中较看好北美洲（41%）、西欧（33%）以及香港（31%），新兴市场则看好中国内地（51%）。	negative
取药、室温平衡一系列操作过后，5毫升的诺西那生钠注射液一点点注入果果体内。	取药、室温平衡一系列操作过后，5毫升的诺西那生钠注射液一点点注入果果体内。	positive
制造业PMI连续两个月回升2021年12月份，中国制造业采购经理指数（PMI）为50.3%，比上月上升0.2个百分点，高于临界点，制造业景气水平连续两个月回升。	制造业PMI连续两个月回升2021年12月份，中国制造业采购经理指数（PMI）为50.3%，比上月上升0.2个百分点，高于临界点，制造业景气水平连续两个月回升。	positive
店主韩光军每天一早来到店里，开门营业。	店主韩光军每天一早来到店里，开门营业。	positive
#真正的相濡以沫是怎样的#爱是罗曼蒂克，爱是细水流长，爱也是柴米油盐。	#真正的相濡以沫是怎样的#爱是罗曼蒂克，爱是细水长流长，爱也是柴米油盐。	negative
【停气信息】http:t.cnA6Iw6mcI，姜家湾幼儿园天燃气新管线接驳，同福花园小区停气；http:t.cnA6Iw6mcF、13:30-17:30，对河运新村停气换管，中兴广场、夷陵大道胜利三路至胜利二路周边小区用户停气；http:t.cnA6Iw6mf0，对胜利三路33－1号停气换管，师专宿舍、军干所小区及周边用户停气（遇雨顺延）。	【停气信息】http:t.cnA6Iw6mcI，姜家湾幼儿园天然气新管线接驳，同福花园小区停气；http:t.cnA6Iw6mcF、13:30-17:30，对河运新村停气换管，中兴广场、夷陵大道胜利三路至胜利二路周边小区用户停气；http:t.cnA6Iw6mf0，对胜利三路33－1号停气换管，师专宿舍、军干所小区及周边用户停气（遇雨顺延）。	negative
审理涉黑案件中她遇到了诸多困难——该案件案情复杂，民刑交叉问题较多，参考资料和参考案例较少且社会影响巨大，涉案牧民达一千余人；另一方面，她所在的院审判庭较小，客观条件上无法同时容纳被告人、辩护人、公诉人、翻译人员及法警约百余人；再者，她所在的院当时缺少具有刑事审判经验的法官，刑事审判力量短缺，且该案专业性较强……在诸多困难之下，玉红迎难而上，她加强学习、积极协调、组织联络，针对案件复杂情况，制定相关工作方案，加班加点。	审理涉黑案件中她遇到了诸多困难——该案件案情复杂，民刑交叉问题较多，参考资料和参考案例较少且社会影响巨大，涉案牧民达一千余人；另一方面，她所在的院审判庭较小，客观条件上无法同时容纳被告人、辩护人、公诉人、翻译人员及法警百余人；再者，她所在的院当时缺少具有刑事审判经验的法官，刑事审判力量短缺，且该案专业性较强……在诸多困难之下，玉红迎难而上，她加强学习、积极协调、组织联络，针对案件复杂情况，制定相关工作方案，加班加点。	negative
【8月3日澳门疫情记者会快讯】#澳门多个地点及公共地方加强消毒　供澳鲜活食品数量正常#澳门特区政府市政署表示，该署已因应最新疫情采取以下措施：市政署已对确诊病例的居所及周边街道、大厦公共部份，以及工作场所周边街道进行了重点清洁消毒。	【8月3日澳门疫情记者会快讯】#澳门多个地点及公共地方加强消毒　供澳鲜活食品数量正常#澳门特区政府市政署表示，该署已因应最新疫情采取以下措施：市政署已对确诊病例的居所及周边街道、大厦公共部分，以及工作场所周边街道进行了重点清洁消毒。	negative
在构成制造业PMI的5个分类指数中，生产指数高于临界点。	在构成制造业PMI的5个分类指数中，生产指数高于临界点。	positive
法官镇两岔口村村民杜开梅家遭受山体滑坡灾害。	法官镇两岔口村村民杜开梅家遭受山体滑坡灾害。	positive
提出了实施好宏观审慎政策所需的支持保障和政策协调要求。	提出了实施好宏观审慎政策所需的支持保障和政策协调要求。	positive
在淮海战役烈士纪念塔园林的一条"支前小道"上，王敏试着推起了小推车，带大家一起走近了那段烽火硝烟的岁月。	在淮海战役烈士纪念塔园林的一条"支前小道"上，王敏试着推起了小推车，带大家一起走进了那段烽火硝烟的岁月。	negative
3幼儿组▲常乐幼儿园东京奥运会中国举重队以7金1银收官，他们用实力告诉世界什么是“中国力量”，他们用实力证明了中国的强大，祝福中国举重举重梦之队。	3幼儿组▲常乐幼儿园东京奥运会中国举重队以7金1银收官，他们用实力告诉世界什么是“中国力量”，他们用实力证明了中国的强大，祝福中国举重梦之队。	negative
泰国《曼谷商报》刊文表示，中老铁路将降低物流成本、丰富物流形式、增强泰国东部经济走廊吸引力，给泰国带来巨大机遇。	泰国《曼谷商报》刊文表示，中老铁路将降低物流成本、丰富物流形式、增强泰国东部经济走廊吸引力，给泰国带来巨大机遇。	positive
在此之前，它们始终蜇伏在地图上，如今,它们就要向我花枝招展了。	在此之前，它们始终蛰伏在地图上，如今,它们就要向我花枝招展了。	negative
历史时针指向2022，新年曙光照耀神州大地。	历史时针指向2022，新年曙光照耀神州大地。	positive
在城北恬静苑小区小区，叶骏仔细检查了垃圾桶分类投放质量和分类投放点设置情况。	在城北恬静苑小区，叶骏仔细检查了垃圾桶分类投放质量和分类投放点设置情况。	negative
2021年过去了，2022年已经开启。	2021年过去了，2022年已经开启。	positive
另一种说法是，天禄、辟邪与貔貅是同一种神兽。	另一种说法是，天禄、辟邪与貔貅是同一种神兽。	positive
#每日普法小课堂#【中华人民共和国民法典】第一百九十七条诉讼时效的期间、计算方法以及中止、中断的事由由法律规定，当事人约定无效。	#每日普法小课堂#【中华人民共和国民法典】第一百九十七条诉讼时效的期间、计算方法以及中止、中断的事由法律规定，当事人约定无效。	negative
#悦读麦积##数字阅读推荐#【#麦图讲座#（第399期）|漫谈银幕上的女性党员形象】#读书#从《烈火中永生》的“江姐”到《风声》的“老枪”，百年影史里留下了众多鲜活的女性党员形象，她们大多在花样年华舍身取义，她们拥有爱情、家人、同时也献身革命，在家国叙事中完成了自我成长。	#悦读麦积##数字阅读推荐#【#麦图讲座#（第399期）|漫谈银幕上的女性党员形象】#读书#从《烈火中永生》的“江姐”到《风声》的“老枪”，百年影史里留下了众多鲜活的女性党员形象，她们大多在花样年华舍生取义，她们拥有爱情、家人、同时也献身革命，在家国叙事中完成了自我成长。	negative
用汗水换来收获，以实干开拓进取，不负历史、不负时代、不负人民，我们定能交出高质量发展的精彩答卷，以优异成绩迎接党的二十大胜利召开。	用汗水换来收获，以实干开拓进取，不负历史、不负时代、不负人民，我们定能交出高质量发展的精彩答卷，以优异成绩迎接党的二十大胜利召开。	positive
积极吸纳发展35岁以下积极份子和年轻党员，解决党员老龄化问题。	积极吸纳发展35岁以下积极分子和年轻党员，解决党员老龄化问题。	negative
#夜聊#小豆芽们的期末考试都考的怎么样呢？	#夜聊#小豆芽们的期末考试都考得怎么样呢？	negative
请有关单位和人员作好防...http:t.cnh1ZU5​​	请有关单位和人员做好防...http:t.cnh1ZU5​​	negative
上午8时45分，香港中文大学于校园内举行元旦升旗仪式，国旗、区旗及校旗在国歌中升起，香港中文大学校长段崇智同大学管理层、教职员及学生出席升旗仪式。	上午8时45分，香港中文大学于校园内举行元旦升旗仪式，国旗、区旗及校旗在国歌中升起，香港中文大学校长段崇智同大学管理层、教职员及学生出席升旗仪式。	positive
天禄、辟邪不妨重拾信心，与时俱进，以万变的形态或面貌演绎不变的基本内涵，走入寻常百姓家，与民同乐，实现文化振兴的重要目的。	天禄、辟邪不妨重拾信心，与时俱进，以万变的形态或面貌演绎不变的基本内涵，走入寻常百姓家，与民同乐，实现文化振兴的重要目的。	positive
遍布在世界各地的海外华文媒体的读者群不能小觑，人民日报海外版可以发挥好面向海外的自身优势，更好地加强与海外华文媒体的联动协作，使中国声音准确、快速传达至海外，展示丰富多彩、生动立体的中国形象。	遍布在世界各地的海外华文媒体的读者群不能小觑，人民日报海外版可以发挥好面向海外的自身优势，更好地加强与海外华文媒体的联动协作，使中国声音准确、快速传达至海外，展示丰富多彩、生动立体的中国形象。	positive
1.朝天邑的苍穹岩石2.今天的一杯绿茶洞窟咖啡馆3.静石航空馆附近的森林隧道4.松堂里秘密森林期待疫情早日結束，大家一起加油喔！	1.朝天邑的苍穹岩石2.今天的一杯绿茶洞窟咖啡馆3.静石航空馆附近的森林隧道4.松堂里秘密森林期待疫情早日结束，大家一起加油喔！	negative
伊拉克库尔德斯坦工人和劳动人民党政治局负责人哈瓦卡尔·马哈茂德说，美国不愿看到中国崛起，对中国新疆事务进行虚假指控，妄图以此阻遏中国的发展。	伊拉克库尔德斯坦工人和劳动人民党政治局负责人哈瓦卡尔·马哈茂德说，美国不愿看到中国崛起，对中国新疆事务进行虚假指控，妄图以此阻遏中国的发展。	positive
